# Blender 5.1.2
# www.blender.org
mtllib AvisToucan.mtl
o AvisToucanHouse
v -12.500000 0.000000 0.000000
v -12.500000 2.400000 0.000000
v -12.500000 0.000000 -18.000000
v -12.500000 2.400000 -18.000000
v 12.500000 0.000000 0.000000
v 12.500000 2.400000 0.000000
v 12.500000 0.000000 -18.000000
v 12.500000 2.400000 -18.000000
v -12.775000 0.100000 0.275000
v -12.775000 1.000000 0.275000
v -12.775000 0.100000 -0.875000
v -12.775000 1.000000 -0.875000
v -11.625000 0.100000 0.275000
v -11.625000 1.000000 0.275000
v -11.625000 0.100000 -0.875000
v -11.625000 1.000000 -0.875000
v -12.775000 0.100000 -17.125000
v -12.775000 1.000000 -17.125000
v -12.775000 0.100000 -18.275002
v -12.775000 1.000000 -18.275002
v -11.625000 0.100000 -17.125000
v -11.625000 1.000000 -17.125000
v -11.625000 0.100000 -18.275002
v -11.625000 1.000000 -18.275002
v 11.625000 0.100000 0.275000
v 11.625000 1.000000 0.275000
v 11.625000 0.100000 -0.875000
v 11.625000 1.000000 -0.875000
v 12.775000 0.100000 0.275000
v 12.775000 1.000000 0.275000
v 12.775000 0.100000 -0.875000
v 12.775000 1.000000 -0.875000
v 11.625000 0.100000 -17.125000
v 11.625000 1.000000 -17.125000
v 11.625000 0.100000 -18.275002
v 11.625000 1.000000 -18.275002
v 12.775000 0.100000 -17.125000
v 12.775000 1.000000 -17.125000
v 12.775000 0.100000 -18.275002
v 12.775000 1.000000 -18.275002
v -12.775000 1.300000 0.275000
v -12.775000 2.200000 0.275000
v -12.775000 1.300000 -0.875000
v -12.775000 2.200000 -0.875000
v -11.625000 1.300000 0.275000
v -11.625000 2.200000 0.275000
v -11.625000 1.300000 -0.875000
v -11.625000 2.200000 -0.875000
v -12.775000 1.300000 -17.125000
v -12.775000 2.200000 -17.125000
v -12.775000 1.300000 -18.275002
v -12.775000 2.200000 -18.275002
v -11.625000 1.300000 -17.125000
v -11.625000 2.200000 -17.125000
v -11.625000 1.300000 -18.275002
v -11.625000 2.200000 -18.275002
v 11.625000 1.300000 0.275000
v 11.625000 2.200000 0.275000
v 11.625000 1.300000 -0.875000
v 11.625000 2.200000 -0.875000
v 12.775000 1.300000 0.275000
v 12.775000 2.200000 0.275000
v 12.775000 1.300000 -0.875000
v 12.775000 2.200000 -0.875000
v 11.625000 1.300000 -17.125000
v 11.625000 2.200000 -17.125000
v 11.625000 1.300000 -18.275002
v 11.625000 2.200000 -18.275002
v 12.775000 1.300000 -17.125000
v 12.775000 2.200000 -17.125000
v 12.775000 1.300000 -18.275002
v 12.775000 2.200000 -18.275002
v -12.500000 2.400000 0.000000
v -12.500000 8.200001 0.000000
v -12.500000 2.400000 -18.000000
v -12.500000 8.200001 -18.000000
v 12.500000 2.400000 0.000000
v 12.500000 8.200001 0.000000
v 12.500000 2.400000 -18.000000
v 12.500000 8.200001 -18.000000
v -12.675000 2.295000 0.175000
v -12.675000 2.745000 0.175000
v -12.675000 2.295000 -18.174999
v -12.675000 2.745000 -18.174999
v 12.675000 2.295000 0.175000
v 12.675000 2.745000 0.175000
v 12.675000 2.295000 -18.174999
v 12.675000 2.745000 -18.174999
v -12.675000 7.800000 0.175000
v -12.675000 8.300000 0.175000
v -12.675000 7.800000 -18.174999
v -12.675000 8.300000 -18.174999
v 12.675000 7.800000 0.175000
v 12.675000 8.300000 0.175000
v 12.675000 7.800000 -18.174999
v 12.675000 8.300000 -18.174999
v -12.720000 2.800000 0.320000
v -12.720000 7.800000 0.320000
v -12.720000 2.800000 0.000000
v -12.720000 7.800000 0.000000
v -12.280000 2.800000 0.320000
v -12.280000 7.800000 0.320000
v -12.280000 2.800000 0.000000
v -12.280000 7.800000 0.000000
v -7.720000 2.800000 0.320000
v -7.720000 7.800000 0.320000
v -7.720000 2.800000 0.000000
v -7.720000 7.800000 0.000000
v -7.280000 2.800000 0.320000
v -7.280000 7.800000 0.320000
v -7.280000 2.800000 0.000000
v -7.280000 7.800000 0.000000
v -2.720000 2.800000 0.320000
v -2.720000 7.800000 0.320000
v -2.720000 2.800000 0.000000
v -2.720000 7.800000 0.000000
v -2.280000 2.800000 0.320000
v -2.280000 7.800000 0.320000
v -2.280000 2.800000 0.000000
v -2.280000 7.800000 0.000000
v 2.280000 2.800000 0.320000
v 2.280000 7.800000 0.320000
v 2.280000 2.800000 0.000000
v 2.280000 7.800000 0.000000
v 2.720000 2.800000 0.320000
v 2.720000 7.800000 0.320000
v 2.720000 2.800000 0.000000
v 2.720000 7.800000 0.000000
v 7.280000 2.800000 0.320000
v 7.280000 7.800000 0.320000
v 7.280000 2.800000 0.000000
v 7.280000 7.800000 0.000000
v 7.720000 2.800000 0.320000
v 7.720000 7.800000 0.320000
v 7.720000 2.800000 0.000000
v 7.720000 7.800000 0.000000
v 12.280000 2.800000 0.320000
v 12.280000 7.800000 0.320000
v 12.280000 2.800000 0.000000
v 12.280000 7.800000 0.000000
v 12.720000 2.800000 0.320000
v 12.720000 7.800000 0.320000
v 12.720000 2.800000 0.000000
v 12.720000 7.800000 0.000000
v -12.403521 3.085144 0.320000
v -12.596479 3.314856 0.320000
v -12.403521 3.085144 0.000000
v -12.596479 3.314856 0.000000
v -7.403521 7.285145 0.320000
v -7.596479 7.514856 0.320000
v -7.403521 7.285145 0.000000
v -7.596479 7.514856 0.000000
v -7.403521 3.085144 0.320000
v -7.596479 3.314856 0.320000
v -7.403521 3.085144 0.000000
v -7.596479 3.314856 0.000000
v -2.403521 7.285145 0.320000
v -2.596479 7.514856 0.320000
v -2.403521 7.285145 0.000000
v -2.596479 7.514856 0.000000
v -2.403521 3.085144 0.320000
v -2.596479 3.314856 0.320000
v -2.403521 3.085144 0.000000
v -2.596479 3.314856 0.000000
v 2.596479 7.285145 0.320000
v 2.403521 7.514856 0.320000
v 2.596479 7.285145 0.000000
v 2.403521 7.514856 0.000000
v 2.596479 3.085144 0.320000
v 2.403521 3.314856 0.320000
v 2.596479 3.085144 0.000000
v 2.403521 3.314856 0.000000
v 7.596479 7.285145 0.320000
v 7.403521 7.514856 0.320000
v 7.596479 7.285145 0.000000
v 7.403521 7.514856 0.000000
v 7.596479 3.085144 0.320000
v 7.403521 3.314856 0.320000
v 7.596479 3.085144 0.000000
v 7.403521 3.314856 0.000000
v 12.596479 7.285145 0.320000
v 12.403521 7.514856 0.320000
v 12.596479 7.285145 0.000000
v 12.403521 7.514856 0.000000
v -12.720000 2.800000 -18.000000
v -12.720000 7.800000 -18.000000
v -12.720000 2.800000 -18.320000
v -12.720000 7.800000 -18.320000
v -12.280000 2.800000 -18.000000
v -12.280000 7.800000 -18.000000
v -12.280000 2.800000 -18.320000
v -12.280000 7.800000 -18.320000
v -7.720000 2.800000 -18.000000
v -7.720000 7.800000 -18.000000
v -7.720000 2.800000 -18.320000
v -7.720000 7.800000 -18.320000
v -7.280000 2.800000 -18.000000
v -7.280000 7.800000 -18.000000
v -7.280000 2.800000 -18.320000
v -7.280000 7.800000 -18.320000
v -2.720000 2.800000 -18.000000
v -2.720000 7.800000 -18.000000
v -2.720000 2.800000 -18.320000
v -2.720000 7.800000 -18.320000
v -2.280000 2.800000 -18.000000
v -2.280000 7.800000 -18.000000
v -2.280000 2.800000 -18.320000
v -2.280000 7.800000 -18.320000
v 2.280000 2.800000 -18.000000
v 2.280000 7.800000 -18.000000
v 2.280000 2.800000 -18.320000
v 2.280000 7.800000 -18.320000
v 2.720000 2.800000 -18.000000
v 2.720000 7.800000 -18.000000
v 2.720000 2.800000 -18.320000
v 2.720000 7.800000 -18.320000
v 7.280000 2.800000 -18.000000
v 7.280000 7.800000 -18.000000
v 7.280000 2.800000 -18.320000
v 7.280000 7.800000 -18.320000
v 7.720000 2.800000 -18.000000
v 7.720000 7.800000 -18.000000
v 7.720000 2.800000 -18.320000
v 7.720000 7.800000 -18.320000
v 12.280000 2.800000 -18.000000
v 12.280000 7.800000 -18.000000
v 12.280000 2.800000 -18.320000
v 12.280000 7.800000 -18.320000
v 12.720000 2.800000 -18.000000
v 12.720000 7.800000 -18.000000
v 12.720000 2.800000 -18.320000
v 12.720000 7.800000 -18.320000
v -12.403521 3.085144 -18.000000
v -12.596479 3.314856 -18.000000
v -12.403521 3.085144 -18.320000
v -12.596479 3.314856 -18.320000
v -7.403521 7.285145 -18.000000
v -7.596479 7.514856 -18.000000
v -7.403521 7.285145 -18.320000
v -7.596479 7.514856 -18.320000
v -7.403521 3.085144 -18.000000
v -7.596479 3.314856 -18.000000
v -7.403521 3.085144 -18.320000
v -7.596479 3.314856 -18.320000
v -2.403521 7.285145 -18.000000
v -2.596479 7.514856 -18.000000
v -2.403521 7.285145 -18.320000
v -2.596479 7.514856 -18.320000
v -2.403521 3.085144 -18.000000
v -2.596479 3.314856 -18.000000
v -2.403521 3.085144 -18.320000
v -2.596479 3.314856 -18.320000
v 2.596479 7.285145 -18.000000
v 2.403521 7.514856 -18.000000
v 2.596479 7.285145 -18.320000
v 2.403521 7.514856 -18.320000
v 2.596479 3.085144 -18.000000
v 2.403521 3.314856 -18.000000
v 2.596479 3.085144 -18.320000
v 2.403521 3.314856 -18.320000
v 7.596479 7.285145 -18.000000
v 7.403521 7.514856 -18.000000
v 7.596479 7.285145 -18.320000
v 7.403521 7.514856 -18.320000
v 7.596479 3.085144 -18.000000
v 7.403521 3.314856 -18.000000
v 7.596479 3.085144 -18.320000
v 7.403521 3.314856 -18.320000
v 12.596479 7.285145 -18.000000
v 12.403521 7.514856 -18.000000
v 12.596479 7.285145 -18.320000
v 12.403521 7.514856 -18.320000
v -12.820000 2.800000 0.220000
v -12.820000 7.800000 0.220000
v -12.820000 2.800000 -0.220000
v -12.820000 7.800000 -0.220000
v -12.500000 2.800000 0.220000
v -12.500000 7.800000 0.220000
v -12.500000 2.800000 -0.220000
v -12.500000 7.800000 -0.220000
v -12.820000 2.800000 -4.280000
v -12.820000 7.800000 -4.280000
v -12.820000 2.800000 -4.720000
v -12.820000 7.800000 -4.720000
v -12.500000 2.800000 -4.280000
v -12.500000 7.800000 -4.280000
v -12.500000 2.800000 -4.720000
v -12.500000 7.800000 -4.720000
v -12.820000 2.800000 -8.780000
v -12.820000 7.800000 -8.780000
v -12.820000 2.800000 -9.220000
v -12.820000 7.800000 -9.220000
v -12.500000 2.800000 -8.780000
v -12.500000 7.800000 -8.780000
v -12.500000 2.800000 -9.220000
v -12.500000 7.800000 -9.220000
v -12.820000 2.800000 -13.280000
v -12.820000 7.800000 -13.280000
v -12.820000 2.800000 -13.720000
v -12.820000 7.800000 -13.720000
v -12.500000 2.800000 -13.280000
v -12.500000 7.800000 -13.280000
v -12.500000 2.800000 -13.720000
v -12.500000 7.800000 -13.720000
v -12.820000 2.800000 -17.780001
v -12.820000 7.800000 -17.780001
v -12.820000 2.800000 -18.219999
v -12.820000 7.800000 -18.219999
v -12.500000 2.800000 -17.780001
v -12.500000 7.800000 -17.780001
v -12.500000 2.800000 -18.219999
v -12.500000 7.800000 -18.219999
v -12.820000 3.090342 -0.102348
v -12.820000 3.309659 0.102348
v -12.820000 7.290342 -4.602348
v -12.820000 7.509658 -4.397652
v -12.500000 3.090342 -0.102348
v -12.500000 3.309659 0.102348
v -12.500000 7.290342 -4.602348
v -12.500000 7.509658 -4.397652
v -12.820000 3.090342 -4.602348
v -12.820000 3.309659 -4.397652
v -12.820000 7.290342 -9.102348
v -12.820000 7.509658 -8.897652
v -12.500000 3.090342 -4.602348
v -12.500000 3.309659 -4.397652
v -12.500000 7.290342 -9.102348
v -12.500000 7.509658 -8.897652
v -12.820000 3.090342 -9.102348
v -12.820000 3.309659 -8.897652
v -12.820000 7.290342 -13.602348
v -12.820000 7.509658 -13.397652
v -12.500000 3.090342 -9.102348
v -12.500000 3.309659 -8.897652
v -12.500000 7.290342 -13.602348
v -12.500000 7.509658 -13.397652
v -12.820000 3.090342 -13.602348
v -12.820000 3.309659 -13.397652
v -12.820000 7.290342 -18.102348
v -12.820000 7.509658 -17.897652
v -12.500000 3.090342 -13.602348
v -12.500000 3.309659 -13.397652
v -12.500000 7.290342 -18.102348
v -12.500000 7.509658 -17.897652
v 12.500000 2.800000 0.220000
v 12.500000 7.800000 0.220000
v 12.500000 2.800000 -0.220000
v 12.500000 7.800000 -0.220000
v 12.820000 2.800000 0.220000
v 12.820000 7.800000 0.220000
v 12.820000 2.800000 -0.220000
v 12.820000 7.800000 -0.220000
v 12.500000 2.800000 -4.280000
v 12.500000 7.800000 -4.280000
v 12.500000 2.800000 -4.720000
v 12.500000 7.800000 -4.720000
v 12.820000 2.800000 -4.280000
v 12.820000 7.800000 -4.280000
v 12.820000 2.800000 -4.720000
v 12.820000 7.800000 -4.720000
v 12.500000 2.800000 -8.780000
v 12.500000 7.800000 -8.780000
v 12.500000 2.800000 -9.220000
v 12.500000 7.800000 -9.220000
v 12.820000 2.800000 -8.780000
v 12.820000 7.800000 -8.780000
v 12.820000 2.800000 -9.220000
v 12.820000 7.800000 -9.220000
v 12.500000 2.800000 -13.280000
v 12.500000 7.800000 -13.280000
v 12.500000 2.800000 -13.720000
v 12.500000 7.800000 -13.720000
v 12.820000 2.800000 -13.280000
v 12.820000 7.800000 -13.280000
v 12.820000 2.800000 -13.720000
v 12.820000 7.800000 -13.720000
v 12.500000 2.800000 -17.780001
v 12.500000 7.800000 -17.780001
v 12.500000 2.800000 -18.219999
v 12.500000 7.800000 -18.219999
v 12.820000 2.800000 -17.780001
v 12.820000 7.800000 -17.780001
v 12.820000 2.800000 -18.219999
v 12.820000 7.800000 -18.219999
v 12.500000 3.090342 -0.102348
v 12.500000 3.309659 0.102348
v 12.500000 7.290342 -4.602348
v 12.500000 7.509658 -4.397652
v 12.820000 3.090342 -0.102348
v 12.820000 3.309659 0.102348
v 12.820000 7.290342 -4.602348
v 12.820000 7.509658 -4.397652
v 12.500000 3.090342 -4.602348
v 12.500000 3.309659 -4.397652
v 12.500000 7.290342 -9.102348
v 12.500000 7.509658 -8.897652
v 12.820000 3.090342 -4.602348
v 12.820000 3.309659 -4.397652
v 12.820000 7.290342 -9.102348
v 12.820000 7.509658 -8.897652
v 12.500000 3.090342 -9.102348
v 12.500000 3.309659 -8.897652
v 12.500000 7.290342 -13.602348
v 12.500000 7.509658 -13.397652
v 12.820000 3.090342 -9.102348
v 12.820000 3.309659 -8.897652
v 12.820000 7.290342 -13.602348
v 12.820000 7.509658 -13.397652
v 12.500000 3.090342 -13.602348
v 12.500000 3.309659 -13.397652
v 12.500000 7.290342 -18.102348
v 12.500000 7.509658 -17.897652
v 12.820000 3.090342 -13.602348
v 12.820000 3.309659 -13.397652
v 12.820000 7.290342 -18.102348
v 12.820000 7.509658 -17.897652
v -13.973178 7.984556 1.950000
v -14.226822 8.415444 1.950000
v -13.973178 7.984556 1.610000
v -14.226822 8.415444 1.610000
v 0.126822 16.284555 1.950000
v -0.126822 16.715445 1.950000
v 0.126822 16.284555 1.610000
v -0.126822 16.715445 1.610000
v -10.917720 12.472487 1.870000
v -10.733423 12.827501 1.870000
v -10.917720 12.472487 1.570000
v -10.733423 12.827501 1.570000
v -3.366577 8.552498 1.870000
v -3.182280 8.907512 1.870000
v -3.366577 8.552498 1.570000
v -3.182280 8.907512 1.570000
v -0.126822 16.284555 1.950000
v 0.126822 16.715445 1.950000
v -0.126822 16.284555 1.610000
v 0.126822 16.715445 1.610000
v 13.973178 7.984556 1.950000
v 14.226822 8.415444 1.950000
v 13.973178 7.984556 1.610000
v 14.226822 8.415444 1.610000
v 3.366577 8.552498 1.870000
v 3.182280 8.907512 1.870000
v 3.366577 8.552498 1.570000
v 3.182280 8.907512 1.570000
v 10.917720 12.472487 1.870000
v 10.733423 12.827501 1.870000
v 10.917720 12.472487 1.570000
v 10.733423 12.827501 1.570000
v -14.100000 8.200000 1.950000
v -14.100000 8.700000 1.950000
v -14.100000 8.200000 1.610000
v -14.100000 8.700000 1.610000
v 14.100000 8.200000 1.950000
v 14.100000 8.700000 1.950000
v 14.100000 8.200000 1.610000
v 14.100000 8.700000 1.610000
v -0.250000 8.200001 1.950000
v -0.250000 16.500000 1.950000
v -0.250000 8.200001 1.610000
v -0.250000 16.500000 1.610000
v 0.250000 8.200001 1.950000
v 0.250000 16.500000 1.950000
v 0.250000 8.200001 1.610000
v 0.250000 16.500000 1.610000
v -14.100000 8.200000 1.600000
v 14.100000 8.200000 1.600000
v 14.100000 8.200000 -19.600000
v -14.100000 8.200000 -19.600000
v 0.000000 16.500000 1.600000
v 0.000000 16.500000 -19.600000
v -14.300000 7.950000 1.810000
v -14.300000 8.450000 1.810000
v -14.300000 7.950000 1.390000
v -14.300000 8.450000 1.390000
v 14.300000 7.950000 1.810000
v 14.300000 8.450000 1.810000
v 14.300000 7.950000 1.390000
v 14.300000 8.450000 1.390000
v -14.300000 7.950000 -19.390001
v -14.300000 8.450000 -19.390001
v -14.300000 7.950000 -19.809999
v -14.300000 8.450000 -19.809999
v 14.300000 7.950000 -19.390001
v 14.300000 8.450000 -19.390001
v 14.300000 7.950000 -19.809999
v 14.300000 8.450000 -19.809999
v -0.350000 16.150000 1.800000
v -0.350000 16.850000 1.800000
v -0.350000 16.150000 -19.799999
v -0.350000 16.850000 -19.799999
v 0.350000 16.150000 1.800000
v 0.350000 16.850000 1.800000
v 0.350000 16.150000 -19.799999
v 0.350000 16.850000 -19.799999
v -9.000000 4.100000 0.250000
v -9.000000 6.700000 0.250000
v -9.000000 4.100000 -0.250000
v -9.000000 6.700000 -0.250000
v -6.200000 4.100000 0.250000
v -6.200000 6.700000 0.250000
v -6.200000 4.100000 -0.250000
v -6.200000 6.700000 -0.250000
v -9.280000 6.560000 0.300000
v -9.280000 6.840000 0.300000
v -9.280000 6.560000 -0.300000
v -9.280000 6.840000 -0.300000
v -5.920000 6.560000 0.300000
v -5.920000 6.840000 0.300000
v -5.920000 6.560000 -0.300000
v -5.920000 6.840000 -0.300000
v -9.280000 3.960000 0.300000
v -9.280000 4.240000 0.300000
v -9.280000 3.960000 -0.300000
v -9.280000 4.240000 -0.300000
v -5.920000 3.960000 0.300000
v -5.920000 4.240000 0.300000
v -5.920000 3.960000 -0.300000
v -5.920000 4.240000 -0.300000
v -9.140000 4.100000 0.300000
v -9.140000 6.700000 0.300000
v -9.140000 4.100000 -0.300000
v -9.140000 6.700000 -0.300000
v -8.860000 4.100000 0.300000
v -8.860000 6.700000 0.300000
v -8.860000 4.100000 -0.300000
v -8.860000 6.700000 -0.300000
v -6.340000 4.100000 0.300000
v -6.340000 6.700000 0.300000
v -6.340000 4.100000 -0.300000
v -6.340000 6.700000 -0.300000
v -6.060000 4.100000 0.300000
v -6.060000 6.700000 0.300000
v -6.060000 4.100000 -0.300000
v -6.060000 6.700000 -0.300000
v -7.670000 4.100000 0.325000
v -7.670000 6.700000 0.325000
v -7.670000 4.100000 -0.325000
v -7.670000 6.700000 -0.325000
v -7.530000 4.100000 0.325000
v -7.530000 6.700000 0.325000
v -7.530000 4.100000 -0.325000
v -7.530000 6.700000 -0.325000
v -9.000000 5.330000 0.325000
v -9.000000 5.470000 0.325000
v -9.000000 5.330000 -0.325000
v -9.000000 5.470000 -0.325000
v -6.200000 5.330000 0.325000
v -6.200000 5.470000 0.325000
v -6.200000 5.330000 -0.325000
v -6.200000 5.470000 -0.325000
v -10.455999 4.035000 0.440000
v -10.455999 6.765000 0.440000
v -10.455999 4.035000 0.240000
v -10.455999 6.765000 0.240000
v -9.000000 4.035000 0.440000
v -9.000000 6.765000 0.440000
v -9.000000 4.035000 0.240000
v -9.000000 6.765000 0.240000
v -6.200000 4.035000 0.440000
v -6.200000 6.765000 0.440000
v -6.200000 4.035000 0.240000
v -6.200000 6.765000 0.240000
v -4.744000 4.035000 0.440000
v -4.744000 6.765000 0.440000
v -4.744000 4.035000 0.240000
v -4.744000 6.765000 0.240000
v -9.210000 3.400000 0.825000
v -9.210000 3.900000 0.825000
v -9.210000 3.400000 0.075000
v -9.210000 3.900000 0.075000
v -5.990000 3.400000 0.825000
v -5.990000 3.900000 0.825000
v -5.990000 3.400000 0.075000
v -5.990000 3.900000 0.075000
v -8.200000 4.160000 0.600000
v -8.200000 4.114164 0.458932
v -7.500249 3.725836 0.699750
v -7.600000 3.680000 0.600000
v -8.200000 3.725836 0.458932
v -8.200000 3.680000 0.600000
v -6.900249 3.725836 0.699750
v -8.100249 4.114164 0.500250
v -8.038600 3.994164 0.438600
v -8.038600 3.845836 0.438600
v -8.100249 3.725836 0.500250
v -7.458931 3.725836 0.600000
v -7.371747 3.845836 0.600000
v -8.058931 4.114164 0.600000
v -7.971746 3.994164 0.600000
v -7.971746 3.845836 0.600000
v -8.058931 3.725836 0.600000
v -7.371747 3.994164 0.600000
v -7.458931 4.114164 0.600000
v -8.100249 4.114164 0.699750
v -8.038600 3.994164 0.761400
v -8.038600 3.845836 0.761400
v -8.100249 3.725836 0.699750
v -7.600000 4.160000 0.600000
v -7.000000 3.680000 0.600000
v -8.200000 4.114164 0.741068
v -8.200000 3.994164 0.828254
v -8.200000 3.845836 0.828254
v -8.200000 3.725836 0.741068
v -7.500249 4.114164 0.500250
v -7.438600 3.994164 0.438600
v -8.299750 4.114164 0.699750
v -8.361400 3.994164 0.761400
v -8.361400 3.845836 0.761400
v -8.299750 3.725836 0.699750
v -7.438600 3.845836 0.438600
v -7.500249 3.725836 0.500250
v -8.341068 4.114164 0.600000
v -8.428253 3.994164 0.600000
v -8.428253 3.845836 0.600000
v -8.341068 3.725836 0.600000
v 5.920000 4.240000 -0.300000
v -6.858932 3.725836 0.600000
v -8.299750 4.114164 0.500250
v -8.361400 3.994164 0.438600
v -8.361400 3.845836 0.438600
v -8.299750 3.725836 0.500250
v -7.600000 3.725836 0.458932
v -6.771747 3.845836 0.600000
v -6.771747 3.994164 0.600000
v -8.200000 3.994164 0.371746
v -8.200000 3.845836 0.371746
v -7.600000 4.114164 0.458932
v -6.858932 4.114164 0.600000
v -7.438600 3.845836 0.761400
v -7.438600 3.994164 0.761400
v -7.500249 4.114164 0.699750
v -7.000000 4.160000 0.600000
v -7.600000 3.725836 0.741068
v 5.920000 3.960000 -0.300000
v -7.600000 3.845836 0.828254
v -7.600000 3.994164 0.828254
v -7.600000 4.114164 0.741068
v -6.900249 4.114164 0.500250
v -7.699750 3.725836 0.699750
v -6.838600 3.994164 0.438600
v -7.761400 3.845836 0.761400
v -7.761400 3.994164 0.761400
v -7.699750 4.114164 0.699750
v -6.838600 3.845836 0.438600
v -7.741068 3.725836 0.600000
v -6.900249 3.725836 0.500250
v -7.828253 3.845836 0.600000
v -7.828253 3.994164 0.600000
v -7.741068 4.114164 0.600000
v 5.920000 4.240000 0.300000
v -7.699750 3.725836 0.500250
v 5.920000 3.960000 0.300000
v -7.761400 3.845836 0.438600
v -7.761400 3.994164 0.438600
v -7.699750 4.114164 0.500250
v -7.000000 3.725836 0.458932
v 9.280000 6.840000 -0.300000
v 9.280000 6.560000 -0.300000
v -7.600000 3.845836 0.371746
v -7.600000 3.994164 0.371746
v -7.000000 4.114164 0.458932
v 9.280000 6.840000 0.300000
v -6.838600 3.845836 0.761400
v -6.838600 3.994164 0.761400
v -6.900249 4.114164 0.699750
v 9.280000 6.560000 0.300000
v -7.000000 3.725836 0.741068
v 5.920000 6.840000 -0.300000
v -7.000000 3.845836 0.828254
v -7.000000 3.994164 0.828254
v -7.000000 4.114164 0.741068
v 5.920000 6.560000 -0.300000
v -7.099751 3.725836 0.699750
v 5.920000 6.840000 0.300000
v -7.161400 3.845836 0.761400
v -7.161400 3.994164 0.761400
v -7.099751 4.114164 0.699750
v 5.920000 6.560000 0.300000
v -7.141068 3.725836 0.600000
v 9.000000 6.700000 -0.250000
v -7.228253 3.845836 0.600000
v -7.228253 3.994164 0.600000
v -7.141068 4.114164 0.600000
v 9.000000 4.100000 -0.250000
v -7.099751 3.725836 0.500250
v 9.000000 6.700000 0.250000
v -7.161400 3.845836 0.438600
v -7.161400 3.994164 0.438600
v -7.099751 4.114164 0.500250
v 9.000000 4.100000 0.250000
v 6.200000 6.700000 -0.250000
v 6.200000 4.100000 -0.250000
v -7.000000 3.845836 0.371746
v -7.000000 3.994164 0.371746
v 6.200000 6.700000 0.250000
v 6.200000 4.100000 0.250000
v 9.280000 3.960000 0.300000
v 9.280000 4.240000 0.300000
v 9.280000 3.960000 -0.300000
v 9.280000 4.240000 -0.300000
v 6.060000 4.100000 0.300000
v 6.060000 6.700000 0.300000
v 6.060000 4.100000 -0.300000
v 6.060000 6.700000 -0.300000
v 6.340000 4.100000 0.300000
v 6.340000 6.700000 0.300000
v 6.340000 4.100000 -0.300000
v 6.340000 6.700000 -0.300000
v 8.860000 4.100000 0.300000
v 8.860000 6.700000 0.300000
v 8.860000 4.100000 -0.300000
v 8.860000 6.700000 -0.300000
v 9.140000 4.100000 0.300000
v 9.140000 6.700000 0.300000
v 9.140000 4.100000 -0.300000
v 9.140000 6.700000 -0.300000
v 7.530000 4.100000 0.325000
v 7.530000 6.700000 0.325000
v 7.530000 4.100000 -0.325000
v 7.530000 6.700000 -0.325000
v 7.670000 4.100000 0.325000
v 7.670000 6.700000 0.325000
v 7.670000 4.100000 -0.325000
v 7.670000 6.700000 -0.325000
v 6.200000 5.330000 0.325000
v 6.200000 5.470000 0.325000
v 6.200000 5.330000 -0.325000
v 6.200000 5.470000 -0.325000
v 9.000000 5.330000 0.325000
v 9.000000 5.470000 0.325000
v 9.000000 5.330000 -0.325000
v 9.000000 5.470000 -0.325000
v 4.744000 4.035000 0.440000
v 4.744000 6.765000 0.440000
v 4.744000 4.035000 0.240000
v 4.744000 6.765000 0.240000
v 6.200000 4.035000 0.440000
v 6.200000 6.765000 0.440000
v 6.200000 4.035000 0.240000
v 6.200000 6.765000 0.240000
v 9.000000 4.035000 0.440000
v 9.000000 6.765000 0.440000
v 9.000000 4.035000 0.240000
v 9.000000 6.765000 0.240000
v 10.455999 4.035000 0.440000
v 10.455999 6.765000 0.440000
v 10.455999 4.035000 0.240000
v 10.455999 6.765000 0.240000
v 5.990000 3.400000 0.825000
v 5.990000 3.900000 0.825000
v 5.990000 3.400000 0.075000
v 5.990000 3.900000 0.075000
v 9.210000 3.400000 0.825000
v 9.210000 3.900000 0.825000
v 9.210000 3.400000 0.075000
v 9.210000 3.900000 0.075000
v 7.000000 4.160000 0.600000
v 7.000000 4.114164 0.458932
v 7.699750 3.725836 0.699750
v 7.600000 3.680000 0.600000
v 7.000000 3.725836 0.458932
v 7.000000 3.680000 0.600000
v 8.299750 3.725836 0.699750
v 7.099751 4.114164 0.500250
v 7.161400 3.994164 0.438600
v 7.161400 3.845836 0.438600
v 7.099751 3.725836 0.500250
v 7.741068 3.725836 0.600000
v 7.828253 3.845836 0.600000
v 7.141068 4.114164 0.600000
v 7.228253 3.994164 0.600000
v 7.228253 3.845836 0.600000
v 7.141068 3.725836 0.600000
v 7.828253 3.994164 0.600000
v 7.741068 4.114164 0.600000
v 7.099751 4.114164 0.699750
v 7.161400 3.994164 0.761400
v 7.161400 3.845836 0.761400
v 7.099751 3.725836 0.699750
v 7.600000 4.160000 0.600000
v 8.200000 3.680000 0.600000
v 7.000000 4.114164 0.741068
v 7.000000 3.994164 0.828254
v 7.000000 3.845836 0.828254
v 7.000000 3.725836 0.741068
v 7.699750 4.114164 0.500250
v 7.761400 3.994164 0.438600
v 6.900249 4.114164 0.699750
v 6.838600 3.994164 0.761400
v 6.838600 3.845836 0.761400
v 6.900249 3.725836 0.699750
v 7.761400 3.845836 0.438600
v 7.699750 3.725836 0.500250
v 6.858932 4.114164 0.600000
v 6.771747 3.994164 0.600000
v 6.771747 3.845836 0.600000
v 6.858932 3.725836 0.600000
v -1.780000 4.240000 -18.299999
v 8.341068 3.725836 0.600000
v 6.900249 4.114164 0.500250
v 6.838600 3.994164 0.438600
v 6.838600 3.845836 0.438600
v 6.900249 3.725836 0.500250
v 7.600000 3.725836 0.458932
v 8.428253 3.845836 0.600000
v 8.428253 3.994164 0.600000
v 7.000000 3.994164 0.371746
v 7.000000 3.845836 0.371746
v 7.600000 4.114164 0.458932
v 8.341068 4.114164 0.600000
v 7.761400 3.845836 0.761400
v 7.761400 3.994164 0.761400
v 7.699750 4.114164 0.699750
v 8.200000 4.160000 0.600000
v 7.600000 3.725836 0.741068
v -1.780000 3.960000 -18.299999
v 7.600000 3.845836 0.828254
v 7.600000 3.994164 0.828254
v 7.600000 4.114164 0.741068
v 8.299750 4.114164 0.500250
v 7.500249 3.725836 0.699750
v 8.361400 3.994164 0.438600
v 7.438600 3.845836 0.761400
v 7.438600 3.994164 0.761400
v 7.500249 4.114164 0.699750
v 8.361400 3.845836 0.438600
v 7.458931 3.725836 0.600000
v 8.299750 3.725836 0.500250
v 7.371747 3.845836 0.600000
v 7.371747 3.994164 0.600000
v 7.458931 4.114164 0.600000
v -1.780000 4.240000 -17.700001
v 7.500249 3.725836 0.500250
v -1.780000 3.960000 -17.700001
v 7.438600 3.845836 0.438600
v 7.438600 3.994164 0.438600
v 7.500249 4.114164 0.500250
v 8.200000 3.725836 0.458932
v 1.780000 6.840000 -18.299999
v 1.780000 6.560000 -18.299999
v 7.600000 3.845836 0.371746
v 7.600000 3.994164 0.371746
v 8.200000 4.114164 0.458932
v 1.780000 6.840000 -17.700001
v 8.361400 3.845836 0.761400
v 8.361400 3.994164 0.761400
v 8.299750 4.114164 0.699750
v 1.780000 6.560000 -17.700001
v 8.200000 3.725836 0.741068
v -1.780000 6.840000 -18.299999
v 8.200000 3.845836 0.828254
v 8.200000 3.994164 0.828254
v 8.200000 4.114164 0.741068
v -1.780000 6.560000 -18.299999
v 8.100249 3.725836 0.699750
v -1.780000 6.840000 -17.700001
v 8.038600 3.845836 0.761400
v 8.038600 3.994164 0.761400
v 8.100249 4.114164 0.699750
v -1.780000 6.560000 -17.700001
v 8.058931 3.725836 0.600000
v 1.500000 6.700000 -18.250000
v 7.971746 3.845836 0.600000
v 7.971746 3.994164 0.600000
v 8.058931 4.114164 0.600000
v 1.500000 4.100000 -18.250000
v 8.100249 3.725836 0.500250
v 1.500000 6.700000 -17.750000
v 8.038600 3.845836 0.438600
v 8.038600 3.994164 0.438600
v 8.100249 4.114164 0.500250
v 1.500000 4.100000 -17.750000
v -1.500000 6.700000 -18.250000
v -1.500000 4.100000 -18.250000
v 8.200000 3.845836 0.371746
v 8.200000 3.994164 0.371746
v -1.500000 6.700000 -17.750000
v -1.500000 4.100000 -17.750000
v 1.780000 3.960000 -17.700001
v 1.780000 4.240000 -17.700001
v 1.780000 3.960000 -18.299999
v 1.780000 4.240000 -18.299999
v -1.640000 4.100000 -17.700001
v -1.640000 6.700000 -17.700001
v -1.640000 4.100000 -18.299999
v -1.640000 6.700000 -18.299999
v -1.360000 4.100000 -17.700001
v -1.360000 6.700000 -17.700001
v -1.360000 4.100000 -18.299999
v -1.360000 6.700000 -18.299999
v 1.360000 4.100000 -17.700001
v 1.360000 6.700000 -17.700001
v 1.360000 4.100000 -18.299999
v 1.360000 6.700000 -18.299999
v 1.640000 4.100000 -17.700001
v 1.640000 6.700000 -17.700001
v 1.640000 4.100000 -18.299999
v 1.640000 6.700000 -18.299999
v -0.070000 4.100000 -17.674999
v -0.070000 6.700000 -17.674999
v -0.070000 4.100000 -18.325001
v -0.070000 6.700000 -18.325001
v 0.070000 4.100000 -17.674999
v 0.070000 6.700000 -17.674999
v 0.070000 4.100000 -18.325001
v 0.070000 6.700000 -18.325001
v -1.500000 5.330000 -17.674999
v -1.500000 5.470000 -17.674999
v -1.500000 5.330000 -18.325001
v -1.500000 5.470000 -18.325001
v 1.500000 5.330000 -17.674999
v 1.500000 5.470000 -17.674999
v 1.500000 5.330000 -18.325001
v 1.500000 5.470000 -18.325001
v -3.060000 4.035000 -18.240000
v -3.060000 6.765000 -18.240000
v -3.060000 4.035000 -18.440001
v -3.060000 6.765000 -18.440001
v -1.500000 4.035000 -18.240000
v -1.500000 6.765000 -18.240000
v -1.500000 4.035000 -18.440001
v -1.500000 6.765000 -18.440001
v 1.500000 4.035000 -18.240000
v 1.500000 6.765000 -18.240000
v 1.500000 4.035000 -18.440001
v 1.500000 6.765000 -18.440001
v 3.060000 4.035000 -18.240000
v 3.060000 6.765000 -18.240000
v 3.060000 4.035000 -18.440001
v 3.060000 6.765000 -18.440001
v -1.725000 3.400000 -18.075001
v -1.725000 3.900000 -18.075001
v -1.725000 3.400000 -18.825001
v -1.725000 3.900000 -18.825001
v 1.725000 3.400000 -18.075001
v 1.725000 3.900000 -18.075001
v 1.725000 3.400000 -18.825001
v 1.725000 3.900000 -18.825001
v -0.600000 4.160000 -18.600000
v -0.600000 4.114164 -18.741070
v 0.099750 3.725836 -18.500250
v 0.000000 3.680000 -18.600000
v -0.600000 3.725836 -18.741070
v -0.600000 3.680000 -18.600000
v 0.699750 3.725836 -18.500250
v -0.500250 4.114164 -18.699751
v -0.438600 3.994164 -18.761400
v -0.438600 3.845836 -18.761400
v -0.500250 3.725836 -18.699751
v 0.141068 3.725836 -18.600000
v 0.228254 3.845836 -18.600000
v -0.458932 4.114164 -18.600000
v -0.371746 3.994164 -18.600000
v -0.371746 3.845836 -18.600000
v -0.458932 3.725836 -18.600000
v 0.228254 3.994164 -18.600000
v 0.141068 4.114164 -18.600000
v -0.500250 4.114164 -18.500250
v -0.438600 3.994164 -18.438601
v -0.438600 3.845836 -18.438601
v -0.500250 3.725836 -18.500250
v 0.000000 4.160000 -18.600000
v 0.600000 3.680000 -18.600000
v -0.600000 4.114164 -18.458933
v -0.600000 3.994164 -18.371746
v -0.600000 3.845836 -18.371746
v -0.600000 3.725836 -18.458933
v 0.099750 4.114164 -18.699751
v 0.161400 3.994164 -18.761400
v -0.699750 4.114164 -18.500250
v -0.761400 3.994164 -18.438601
v -0.761400 3.845836 -18.438601
v -0.699750 3.725836 -18.500250
v 0.161400 3.845836 -18.761400
v 0.099750 3.725836 -18.699751
v -0.741068 4.114164 -18.600000
v -0.828254 3.994164 -18.600000
v -0.828254 3.845836 -18.600000
v -0.741068 3.725836 -18.600000
v -12.800000 4.240000 -5.680000
v 0.741068 3.725836 -18.600000
v -0.699750 4.114164 -18.699751
v -0.761400 3.994164 -18.761400
v -0.761400 3.845836 -18.761400
v -0.699750 3.725836 -18.699751
v 0.000000 3.725836 -18.741070
v 0.828254 3.845836 -18.600000
v 0.828254 3.994164 -18.600000
v -0.600000 3.994164 -18.828255
v -0.600000 3.845836 -18.828255
v 0.000000 4.114164 -18.741070
v 0.741068 4.114164 -18.600000
v 0.161400 3.845836 -18.438601
v 0.161400 3.994164 -18.438601
v 0.099750 4.114164 -18.500250
v 0.600000 4.160000 -18.600000
v 0.000000 3.725836 -18.458933
v -12.800000 3.960000 -5.680000
v 0.000000 3.845836 -18.371746
v 0.000000 3.994164 -18.371746
v 0.000000 4.114164 -18.458933
v 0.699750 4.114164 -18.699751
v -0.099750 3.725836 -18.500250
v 0.761400 3.994164 -18.761400
v -0.161400 3.845836 -18.438601
v -0.161400 3.994164 -18.438601
v -0.099750 4.114164 -18.500250
v 0.761400 3.845836 -18.761400
v -0.141068 3.725836 -18.600000
v 0.699750 3.725836 -18.699751
v -0.228254 3.845836 -18.600000
v -0.228254 3.994164 -18.600000
v -0.141068 4.114164 -18.600000
v -12.800000 4.240000 -2.320000
v -0.099750 3.725836 -18.699751
v -12.800000 3.960000 -2.320000
v -0.161400 3.845836 -18.761400
v -0.161400 3.994164 -18.761400
v -0.099750 4.114164 -18.699751
v 0.600000 3.725836 -18.741070
v -12.200000 6.840000 -5.680000
v -12.200000 6.560000 -5.680000
v 0.000000 3.845836 -18.828255
v 0.000000 3.994164 -18.828255
v 0.600000 4.114164 -18.741070
v -12.200000 6.840000 -2.320000
v 0.761400 3.845836 -18.438601
v 0.761400 3.994164 -18.438601
v 0.699750 4.114164 -18.500250
v -12.200000 6.560000 -2.320000
v 0.600000 3.725836 -18.458933
v -12.800000 6.840000 -5.680000
v 0.600000 3.845836 -18.371746
v 0.600000 3.994164 -18.371746
v 0.600000 4.114164 -18.458933
v -12.800000 6.560000 -5.680000
v 0.500250 3.725836 -18.500250
v -12.800000 6.840000 -2.320000
v 0.438600 3.845836 -18.438601
v 0.438600 3.994164 -18.438601
v 0.500250 4.114164 -18.500250
v -12.800000 6.560000 -2.320000
v 0.458932 3.725836 -18.600000
v -12.250000 6.700000 -5.400000
v 0.371746 3.845836 -18.600000
v 0.371746 3.994164 -18.600000
v 0.458932 4.114164 -18.600000
v -12.250000 4.100000 -5.400000
v 0.500250 3.725836 -18.699751
v -12.250000 6.700000 -2.600000
v 0.438600 3.845836 -18.761400
v 0.438600 3.994164 -18.761400
v 0.500250 4.114164 -18.699751
v -12.250000 4.100000 -2.600000
v -12.750000 6.700000 -5.400000
v -12.750000 4.100000 -5.400000
v 0.600000 3.845836 -18.828255
v 0.600000 3.994164 -18.828255
v -12.750000 6.700000 -2.600000
v -12.750000 4.100000 -2.600000
v -12.200000 3.960000 -2.320000
v -12.200000 4.240000 -2.320000
v -12.200000 3.960000 -5.680000
v -12.200000 4.240000 -5.680000
v -12.800000 4.100000 -2.460000
v -12.800000 6.700000 -2.460000
v -12.800000 4.100000 -2.740000
v -12.800000 6.700000 -2.740000
v -12.200000 4.100000 -2.460000
v -12.200000 6.700000 -2.460000
v -12.200000 4.100000 -2.740000
v -12.200000 6.700000 -2.740000
v -12.800000 4.100000 -5.260000
v -12.800000 6.700000 -5.260000
v -12.800000 4.100000 -5.540000
v -12.800000 6.700000 -5.540000
v -12.200000 4.100000 -5.260000
v -12.200000 6.700000 -5.260000
v -12.200000 4.100000 -5.540000
v -12.200000 6.700000 -5.540000
v -12.825000 4.100000 -3.930000
v -12.825000 6.700000 -3.930000
v -12.825000 4.100000 -4.070000
v -12.825000 6.700000 -4.070000
v -12.175000 4.100000 -3.930000
v -12.175000 6.700000 -3.930000
v -12.175000 4.100000 -4.070000
v -12.175000 6.700000 -4.070000
v -12.825000 5.330000 -2.600000
v -12.825000 5.470000 -2.600000
v -12.825000 5.330000 -5.400000
v -12.825000 5.470000 -5.400000
v -12.175000 5.330000 -2.600000
v -12.175000 5.470000 -2.600000
v -12.175000 5.330000 -5.400000
v -12.175000 5.470000 -5.400000
v -12.940001 4.035000 -1.144000
v -12.940001 6.765000 -1.144000
v -12.940001 4.035000 -2.600000
v -12.940001 6.765000 -2.600000
v -12.740000 4.035000 -1.144000
v -12.740000 6.765000 -1.144000
v -12.740000 4.035000 -2.600000
v -12.740000 6.765000 -2.600000
v -12.940001 4.035000 -5.400000
v -12.940001 6.765000 -5.400000
v -12.940001 4.035000 -6.856000
v -12.940001 6.765000 -6.856000
v -12.740000 4.035000 -5.400000
v -12.740000 6.765000 -5.400000
v -12.740000 4.035000 -6.856000
v -12.740000 6.765000 -6.856000
v -13.325000 3.400000 -2.390000
v -13.325000 3.900000 -2.390000
v -13.325000 3.400000 -5.610000
v -13.325000 3.900000 -5.610000
v -12.575000 3.400000 -2.390000
v -12.575000 3.900000 -2.390000
v -12.575000 3.400000 -5.610000
v -12.575000 3.900000 -5.610000
v 12.250000 4.100000 -2.600000
v 12.250000 6.700000 -2.600000
v 12.250000 4.100000 -5.400000
v 12.250000 6.700000 -5.400000
v 12.750000 4.100000 -2.600000
v 12.750000 6.700000 -2.600000
v 12.750000 4.100000 -5.400000
v 12.750000 6.700000 -5.400000
v 12.200000 6.560000 -2.320000
v 12.200000 6.840000 -2.320000
v 12.200000 6.560000 -5.680000
v 12.200000 6.840000 -5.680000
v 12.800000 6.560000 -2.320000
v 12.800000 6.840000 -2.320000
v 12.800000 6.560000 -5.680000
v 12.800000 6.840000 -5.680000
v 12.200000 3.960000 -2.320000
v 12.200000 4.240000 -2.320000
v 12.200000 3.960000 -5.680000
v 12.200000 4.240000 -5.680000
v 12.800000 3.960000 -2.320000
v 12.800000 4.240000 -2.320000
v 12.800000 3.960000 -5.680000
v 12.800000 4.240000 -5.680000
v 12.200000 4.100000 -2.460000
v 12.200000 6.700000 -2.460000
v 12.200000 4.100000 -2.740000
v 12.200000 6.700000 -2.740000
v 12.800000 4.100000 -2.460000
v 12.800000 6.700000 -2.460000
v 12.800000 4.100000 -2.740000
v 12.800000 6.700000 -2.740000
v 12.200000 4.100000 -5.260000
v 12.200000 6.700000 -5.260000
v 12.200000 4.100000 -5.540000
v 12.200000 6.700000 -5.540000
v 12.800000 4.100000 -5.260000
v 12.800000 6.700000 -5.260000
v 12.800000 4.100000 -5.540000
v 12.800000 6.700000 -5.540000
v 12.175000 4.100000 -3.930000
v 12.175000 6.700000 -3.930000
v 12.175000 4.100000 -4.070000
v 12.175000 6.700000 -4.070000
v 12.825000 4.100000 -3.930000
v 12.825000 6.700000 -3.930000
v 12.825000 4.100000 -4.070000
v 12.825000 6.700000 -4.070000
v 12.175000 5.330000 -2.600000
v 12.175000 5.470000 -2.600000
v 12.175000 5.330000 -5.400000
v 12.175000 5.470000 -5.400000
v 12.825000 5.330000 -2.600000
v 12.825000 5.470000 -2.600000
v 12.825000 5.330000 -5.400000
v 12.825000 5.470000 -5.400000
v 12.740000 4.035000 -1.144000
v 12.740000 6.765000 -1.144000
v 12.740000 4.035000 -2.600000
v 12.740000 6.765000 -2.600000
v 12.940001 4.035000 -1.144000
v 12.940001 6.765000 -1.144000
v 12.940001 4.035000 -2.600000
v 12.940001 6.765000 -2.600000
v 12.740000 4.035000 -5.400000
v 12.740000 6.765000 -5.400000
v 12.740000 4.035000 -6.856000
v 12.740000 6.765000 -6.856000
v 12.940001 4.035000 -5.400000
v 12.940001 6.765000 -5.400000
v 12.940001 4.035000 -6.856000
v 12.940001 6.765000 -6.856000
v 12.575000 3.400000 -2.390000
v 12.575000 3.900000 -2.390000
v 12.575000 3.400000 -5.610000
v 12.575000 3.900000 -5.610000
v 13.325000 3.400000 -2.390000
v 13.325000 3.900000 -2.390000
v 13.325000 3.400000 -5.610000
v 13.325000 3.900000 -5.610000
v -12.750000 4.100000 -8.600000
v -12.750000 6.700000 -8.600000
v -12.750000 4.100000 -11.400000
v -12.750000 6.700000 -11.400000
v -12.250000 4.100000 -8.600000
v -12.250000 6.700000 -8.600000
v -12.250000 4.100000 -11.400000
v -12.250000 6.700000 -11.400000
v -12.800000 6.560000 -8.320000
v -12.800000 6.840000 -8.320000
v -12.800000 6.560000 -11.680000
v -12.800000 6.840000 -11.680000
v -12.200000 6.560000 -8.320000
v -12.200000 6.840000 -8.320000
v -12.200000 6.560000 -11.680000
v -12.200000 6.840000 -11.680000
v -12.800000 3.960000 -8.320000
v -12.800000 4.240000 -8.320000
v -12.800000 3.960000 -11.680000
v -12.800000 4.240000 -11.680000
v -12.200000 3.960000 -8.320000
v -12.200000 4.240000 -8.320000
v -12.200000 3.960000 -11.680000
v -12.200000 4.240000 -11.680000
v -12.800000 4.100000 -8.460000
v -12.800000 6.700000 -8.460000
v -12.800000 4.100000 -8.740001
v -12.800000 6.700000 -8.740001
v -12.200000 4.100000 -8.460000
v -12.200000 6.700000 -8.460000
v -12.200000 4.100000 -8.740001
v -12.200000 6.700000 -8.740001
v -12.800000 4.100000 -11.259999
v -12.800000 6.700000 -11.259999
v -12.800000 4.100000 -11.540000
v -12.800000 6.700000 -11.540000
v -12.200000 4.100000 -11.259999
v -12.200000 6.700000 -11.259999
v -12.200000 4.100000 -11.540000
v -12.200000 6.700000 -11.540000
v -12.825000 4.100000 -9.930000
v -12.825000 6.700000 -9.930000
v -12.825000 4.100000 -10.070000
v -12.825000 6.700000 -10.070000
v -12.175000 4.100000 -9.930000
v -12.175000 6.700000 -9.930000
v -12.175000 4.100000 -10.070000
v -12.175000 6.700000 -10.070000
v -12.825000 5.330000 -8.600000
v -12.825000 5.470000 -8.600000
v -12.825000 5.330000 -11.400000
v -12.825000 5.470000 -11.400000
v -12.175000 5.330000 -8.600000
v -12.175000 5.470000 -8.600000
v -12.175000 5.330000 -11.400000
v -12.175000 5.470000 -11.400000
v -12.940001 4.035000 -7.144000
v -12.940001 6.765000 -7.144000
v -12.940001 4.035000 -8.600000
v -12.940001 6.765000 -8.600000
v -12.740000 4.035000 -7.144000
v -12.740000 6.765000 -7.144000
v -12.740000 4.035000 -8.600000
v -12.740000 6.765000 -8.600000
v -12.940001 4.035000 -11.400001
v -12.940001 6.765000 -11.400001
v -12.940001 4.035000 -12.856000
v -12.940001 6.765000 -12.856000
v -12.740000 4.035000 -11.400001
v -12.740000 6.765000 -11.400001
v -12.740000 4.035000 -12.856000
v -12.740000 6.765000 -12.856000
v -13.325000 3.400000 -8.390000
v -13.325000 3.900000 -8.390000
v -13.325000 3.400000 -11.610000
v -13.325000 3.900000 -11.610000
v -12.575000 3.400000 -8.390000
v -12.575000 3.900000 -8.390000
v -12.575000 3.400000 -11.610000
v -12.575000 3.900000 -11.610000
v 12.250000 4.100000 -8.600000
v 12.250000 6.700000 -8.600000
v 12.250000 4.100000 -11.400000
v 12.250000 6.700000 -11.400000
v 12.750000 4.100000 -8.600000
v 12.750000 6.700000 -8.600000
v 12.750000 4.100000 -11.400000
v 12.750000 6.700000 -11.400000
v 12.200000 6.560000 -8.320000
v 12.200000 6.840000 -8.320000
v 12.200000 6.560000 -11.680000
v 12.200000 6.840000 -11.680000
v 12.800000 6.560000 -8.320000
v 12.800000 6.840000 -8.320000
v 12.800000 6.560000 -11.680000
v 12.800000 6.840000 -11.680000
v 12.200000 3.960000 -8.320000
v 12.200000 4.240000 -8.320000
v 12.200000 3.960000 -11.680000
v 12.200000 4.240000 -11.680000
v 12.800000 3.960000 -8.320000
v 12.800000 4.240000 -8.320000
v 12.800000 3.960000 -11.680000
v 12.800000 4.240000 -11.680000
v 12.200000 4.100000 -8.460000
v 12.200000 6.700000 -8.460000
v 12.200000 4.100000 -8.740001
v 12.200000 6.700000 -8.740001
v 12.800000 4.100000 -8.460000
v 12.800000 6.700000 -8.460000
v 12.800000 4.100000 -8.740001
v 12.800000 6.700000 -8.740001
v 12.200000 4.100000 -11.259999
v 12.200000 6.700000 -11.259999
v 12.200000 4.100000 -11.540000
v 12.200000 6.700000 -11.540000
v 12.800000 4.100000 -11.259999
v 12.800000 6.700000 -11.259999
v 12.800000 4.100000 -11.540000
v 12.800000 6.700000 -11.540000
v 12.175000 4.100000 -9.930000
v 12.175000 6.700000 -9.930000
v 12.175000 4.100000 -10.070000
v 12.175000 6.700000 -10.070000
v 12.825000 4.100000 -9.930000
v 12.825000 6.700000 -9.930000
v 12.825000 4.100000 -10.070000
v 12.825000 6.700000 -10.070000
v 12.175000 5.330000 -8.600000
v 12.175000 5.470000 -8.600000
v 12.175000 5.330000 -11.400000
v 12.175000 5.470000 -11.400000
v 12.825000 5.330000 -8.600000
v 12.825000 5.470000 -8.600000
v 12.825000 5.330000 -11.400000
v 12.825000 5.470000 -11.400000
v 12.740000 4.035000 -7.144000
v 12.740000 6.765000 -7.144000
v 12.740000 4.035000 -8.600000
v 12.740000 6.765000 -8.600000
v 12.940001 4.035000 -7.144000
v 12.940001 6.765000 -7.144000
v 12.940001 4.035000 -8.600000
v 12.940001 6.765000 -8.600000
v 12.740000 4.035000 -11.400001
v 12.740000 6.765000 -11.400001
v 12.740000 4.035000 -12.856000
v 12.740000 6.765000 -12.856000
v 12.940001 4.035000 -11.400001
v 12.940001 6.765000 -11.400001
v 12.940001 4.035000 -12.856000
v 12.940001 6.765000 -12.856000
v 12.575000 3.400000 -8.390000
v 12.575000 3.900000 -8.390000
v 12.575000 3.400000 -11.610000
v 12.575000 3.900000 -11.610000
v 13.325000 3.400000 -8.390000
v 13.325000 3.900000 -8.390000
v 13.325000 3.400000 -11.610000
v 13.325000 3.900000 -11.610000
v -12.750000 4.100000 -13.600000
v -12.750000 6.700000 -13.600000
v -12.750000 4.100000 -16.400000
v -12.750000 6.700000 -16.400000
v -12.250000 4.100000 -13.600000
v -12.250000 6.700000 -13.600000
v -12.250000 4.100000 -16.400000
v -12.250000 6.700000 -16.400000
v -12.800000 6.560000 -13.320000
v -12.800000 6.840000 -13.320000
v -12.800000 6.560000 -16.680000
v -12.800000 6.840000 -16.680000
v -12.200000 6.560000 -13.320000
v -12.200000 6.840000 -13.320000
v -12.200000 6.560000 -16.680000
v -12.200000 6.840000 -16.680000
v -12.800000 3.960000 -13.320000
v -12.800000 4.240000 -13.320000
v -12.800000 3.960000 -16.680000
v -12.800000 4.240000 -16.680000
v -12.200000 3.960000 -13.320000
v -12.200000 4.240000 -13.320000
v -12.200000 3.960000 -16.680000
v -12.200000 4.240000 -16.680000
v -12.800000 4.100000 -13.460000
v -12.800000 6.700000 -13.460000
v -12.800000 4.100000 -13.740001
v -12.800000 6.700000 -13.740001
v -12.200000 4.100000 -13.460000
v -12.200000 6.700000 -13.460000
v -12.200000 4.100000 -13.740001
v -12.200000 6.700000 -13.740001
v -12.800000 4.100000 -16.260000
v -12.800000 6.700000 -16.260000
v -12.800000 4.100000 -16.539999
v -12.800000 6.700000 -16.539999
v -12.200000 4.100000 -16.260000
v -12.200000 6.700000 -16.260000
v -12.200000 4.100000 -16.539999
v -12.200000 6.700000 -16.539999
v -12.825000 4.100000 -14.930000
v -12.825000 6.700000 -14.930000
v -12.825000 4.100000 -15.070000
v -12.825000 6.700000 -15.070000
v -12.175000 4.100000 -14.930000
v -12.175000 6.700000 -14.930000
v -12.175000 4.100000 -15.070000
v -12.175000 6.700000 -15.070000
v -12.825000 5.330000 -13.600000
v -12.825000 5.470000 -13.600000
v -12.825000 5.330000 -16.400000
v -12.825000 5.470000 -16.400000
v -12.175000 5.330000 -13.600000
v -12.175000 5.470000 -13.600000
v -12.175000 5.330000 -16.400000
v -12.175000 5.470000 -16.400000
v -12.940001 4.035000 -12.144000
v -12.940001 6.765000 -12.144000
v -12.940001 4.035000 -13.599999
v -12.940001 6.765000 -13.599999
v -12.740000 4.035000 -12.144000
v -12.740000 6.765000 -12.144000
v -12.740000 4.035000 -13.599999
v -12.740000 6.765000 -13.599999
v -12.940001 4.035000 -16.400000
v -12.940001 6.765000 -16.400000
v -12.940001 4.035000 -17.856001
v -12.940001 6.765000 -17.856001
v -12.740000 4.035000 -16.400000
v -12.740000 6.765000 -16.400000
v -12.740000 4.035000 -17.856001
v -12.740000 6.765000 -17.856001
v -13.325000 3.400000 -13.390000
v -13.325000 3.900000 -13.390000
v -13.325000 3.400000 -16.610001
v -13.325000 3.900000 -16.610001
v -12.575000 3.400000 -13.390000
v -12.575000 3.900000 -13.390000
v -12.575000 3.400000 -16.610001
v -12.575000 3.900000 -16.610001
v 12.250000 4.100000 -13.600000
v 12.250000 6.700000 -13.600000
v 12.250000 4.100000 -16.400000
v 12.250000 6.700000 -16.400000
v 12.750000 4.100000 -13.600000
v 12.750000 6.700000 -13.600000
v 12.750000 4.100000 -16.400000
v 12.750000 6.700000 -16.400000
v 12.200000 6.560000 -13.320000
v 12.200000 6.840000 -13.320000
v 12.200000 6.560000 -16.680000
v 12.200000 6.840000 -16.680000
v 12.800000 6.560000 -13.320000
v 12.800000 6.840000 -13.320000
v 12.800000 6.560000 -16.680000
v 12.800000 6.840000 -16.680000
v 12.200000 3.960000 -13.320000
v 12.200000 4.240000 -13.320000
v 12.200000 3.960000 -16.680000
v 12.200000 4.240000 -16.680000
v 12.800000 3.960000 -13.320000
v 12.800000 4.240000 -13.320000
v 12.800000 3.960000 -16.680000
v 12.800000 4.240000 -16.680000
v 12.200000 4.100000 -13.460000
v 12.200000 6.700000 -13.460000
v 12.200000 4.100000 -13.740001
v 12.200000 6.700000 -13.740001
v 12.800000 4.100000 -13.460000
v 12.800000 6.700000 -13.460000
v 12.800000 4.100000 -13.740001
v 12.800000 6.700000 -13.740001
v 12.200000 4.100000 -16.260000
v 12.200000 6.700000 -16.260000
v 12.200000 4.100000 -16.539999
v 12.200000 6.700000 -16.539999
v 12.800000 4.100000 -16.260000
v 12.800000 6.700000 -16.260000
v 12.800000 4.100000 -16.539999
v 12.800000 6.700000 -16.539999
v 12.175000 4.100000 -14.930000
v 12.175000 6.700000 -14.930000
v 12.175000 4.100000 -15.070000
v 12.175000 6.700000 -15.070000
v 12.825000 4.100000 -14.930000
v 12.825000 6.700000 -14.930000
v 12.825000 4.100000 -15.070000
v 12.825000 6.700000 -15.070000
v 12.175000 5.330000 -13.600000
v 12.175000 5.470000 -13.600000
v 12.175000 5.330000 -16.400000
v 12.175000 5.470000 -16.400000
v 12.825000 5.330000 -13.600000
v 12.825000 5.470000 -13.600000
v 12.825000 5.330000 -16.400000
v 12.825000 5.470000 -16.400000
v 12.740000 4.035000 -12.144000
v 12.740000 6.765000 -12.144000
v 12.740000 4.035000 -13.599999
v 12.740000 6.765000 -13.599999
v 12.940001 4.035000 -12.144000
v 12.940001 6.765000 -12.144000
v 12.940001 4.035000 -13.599999
v 12.940001 6.765000 -13.599999
v 12.740000 4.035000 -16.400000
v 12.740000 6.765000 -16.400000
v 12.740000 4.035000 -17.856001
v 12.740000 6.765000 -17.856001
v 12.940001 4.035000 -16.400000
v 12.940001 6.765000 -16.400000
v 12.940001 4.035000 -17.856001
v 12.940001 6.765000 -17.856001
v 12.575000 3.400000 -13.390000
v 12.575000 3.900000 -13.390000
v 12.575000 3.400000 -16.610001
v 12.575000 3.900000 -16.610001
v 13.325000 3.400000 -13.390000
v 13.325000 3.900000 -13.390000
v 13.325000 3.400000 -16.610001
v 13.325000 3.900000 -16.610001
v -1.800000 11.700001 2.225000
v -1.800000 11.500000 2.225000
v 0.000000 13.100000 1.600000
v 0.000000 13.100000 2.100000
v 0.650826 12.951454 1.600000
v 0.650826 12.951454 2.100000
v 1.172747 12.535235 1.600000
v 1.172747 12.535235 2.100000
v 1.462392 11.933782 1.600000
v 1.462392 11.933782 2.100000
v 1.462392 11.266219 1.600000
v 1.462392 11.266219 2.100000
v 1.172747 10.664765 1.600000
v 1.172747 10.664765 2.100000
v 0.650826 10.248547 1.600000
v 0.650826 10.248547 2.100000
v 0.000000 10.100000 1.600000
v 0.000000 10.100000 2.100000
v -0.650826 10.248547 1.600000
v -0.650826 10.248547 2.100000
v -1.172747 10.664765 1.600000
v -1.172747 10.664765 2.100000
v -1.462392 11.266219 1.600000
v -1.462392 11.266219 2.100000
v -1.462392 11.933782 1.600000
v -1.462392 11.933782 2.100000
v -1.172747 12.535235 1.600000
v -1.172747 12.535235 2.100000
v -0.650826 12.951454 1.600000
v -0.650826 12.951454 2.100000
v 0.000000 13.500000 1.790000
v 0.000000 13.500000 2.210000
v 0.824379 13.311841 1.790000
v 0.824379 13.311841 2.210000
v 1.485480 12.784631 1.790000
v 1.485480 12.784631 2.210000
v 1.852363 12.022790 1.790000
v 1.852363 12.022790 2.210000
v 1.852363 11.177211 1.790000
v 1.852363 11.177211 2.210000
v 1.485480 10.415370 1.790000
v 1.485480 10.415370 2.210000
v 0.824379 9.888160 1.790000
v 0.824379 9.888160 2.210000
v 0.000000 9.700001 1.790000
v 0.000000 9.700001 2.210000
v -0.824379 9.888160 1.790000
v -0.824379 9.888160 2.210000
v -1.485480 10.415370 1.790000
v -1.485480 10.415370 2.210000
v -1.852363 11.177211 1.790000
v -1.852363 11.177211 2.210000
v -1.852363 12.022790 1.790000
v -1.852363 12.022790 2.210000
v -1.485480 12.784631 1.790000
v -1.485480 12.784631 2.210000
v -0.824379 13.311841 1.790000
v -0.824379 13.311841 2.210000
v -1.800000 11.500000 1.975000
v -1.800000 11.700001 1.975000
v 1.800000 11.500000 2.225000
v 1.800000 11.700001 2.225000
v 1.800000 11.500000 1.975000
v 1.800000 11.700001 1.975000
v -1.343503 12.802082 2.225000
v -1.202081 12.943503 2.225000
v -1.343503 12.802082 1.975000
v -1.202081 12.943503 1.975000
v 1.202081 10.256497 2.225000
v 1.343503 10.397919 2.225000
v 1.202081 10.256497 1.975000
v 1.343503 10.397919 1.975000
v -0.100000 13.400001 2.225000
v 0.100000 13.400001 2.225000
v -0.100000 13.400001 1.975000
v 0.100000 13.400001 1.975000
v -0.100000 9.800000 2.225000
v 0.100000 9.800000 2.225000
v -0.100000 9.800000 1.975000
v 0.100000 9.800000 1.975000
v 1.202081 12.943503 2.225000
v 1.343503 12.802082 2.225000
v 1.202081 12.943503 1.975000
v 1.343503 12.802082 1.975000
v -1.343503 10.397919 2.225000
v -1.202081 10.256497 2.225000
v -1.343503 10.397919 1.975000
v -1.202081 10.256497 1.975000
v -2.700000 0.000000 0.550000
v -2.700000 5.200000 0.550000
v -2.700000 0.000000 -0.250000
v -2.700000 5.200000 -0.250000
v 2.700000 0.000000 0.550000
v 2.700000 5.200000 0.550000
v 2.700000 0.000000 -0.250000
v 2.700000 5.200000 -0.250000
v -2.200000 4.600000 0.695000
v -2.200000 0.000000 0.695000
v 0.000000 7.900000 -0.250000
v 0.000000 7.900000 0.550000
v 1.171486 7.632616 -0.250000
v 1.171486 7.632616 0.550000
v 2.110945 6.883422 -0.250000
v 2.110945 6.883422 0.550000
v 2.632305 5.800807 -0.250000
v 2.632305 5.800807 0.550000
v 2.632305 4.599193 -0.250000
v 2.632305 4.599193 0.550000
v 2.110945 3.516577 -0.250000
v 2.110945 3.516577 0.550000
v 1.171486 2.767384 -0.250000
v 1.171486 2.767384 0.550000
v 0.000000 2.500000 -0.250000
v 0.000000 2.500000 0.550000
v -1.171486 2.767384 -0.250000
v -1.171486 2.767384 0.550000
v -2.110945 3.516577 -0.250000
v -2.110945 3.516577 0.550000
v -2.632305 4.599193 -0.250000
v -2.632305 4.599193 0.550000
v -2.632305 5.800807 -0.250000
v -2.632305 5.800807 0.550000
v -2.110945 6.883422 -0.250000
v -2.110945 6.883422 0.550000
v -1.171486 7.632616 -0.250000
v -1.171486 7.632616 0.550000
v -2.200000 0.000000 0.145000
v -2.200000 4.600000 0.145000
v 2.200000 0.000000 0.695000
v 2.200000 4.600000 0.695000
v 2.200000 0.000000 0.145000
v 2.200000 4.600000 0.145000
v -1.510000 0.000000 0.810000
v -1.510000 4.400000 0.810000
v 0.000000 7.100000 0.145000
v 0.000000 7.100000 0.695000
v 0.954544 6.882132 0.145000
v 0.954544 6.882132 0.695000
v 1.720029 6.271678 0.145000
v 1.720029 6.271678 0.695000
v 2.144841 5.389546 0.145000
v 2.144841 5.389546 0.695000
v 2.144841 4.410454 0.145000
v 2.144841 4.410454 0.695000
v 1.720029 3.528322 0.145000
v 1.720029 3.528322 0.695000
v 0.954544 2.917869 0.145000
v 0.954544 2.917869 0.695000
v 0.000000 2.700000 0.145000
v 0.000000 2.700000 0.695000
v -0.954544 2.917869 0.145000
v -0.954544 2.917869 0.695000
v -1.720029 3.528322 0.145000
v -1.720029 3.528322 0.695000
v -2.144841 4.410454 0.145000
v -2.144841 4.410454 0.695000
v -2.144841 5.389546 0.145000
v -2.144841 5.389546 0.695000
v -1.720029 6.271678 0.145000
v -1.720029 6.271678 0.695000
v -0.954544 6.882132 0.145000
v -0.954544 6.882132 0.695000
v -1.510000 0.000000 0.190000
v -1.510000 4.400000 0.190000
v -1.290000 0.000000 0.810000
v -1.290000 4.400000 0.810000
v -1.290000 0.000000 0.190000
v -1.290000 4.400000 0.190000
v -0.110000 0.000000 0.810000
v -0.110000 4.400000 0.810000
v -0.110000 0.000000 0.190000
v -0.110000 4.400000 0.190000
v 0.110000 0.000000 0.810000
v 0.110000 4.400000 0.810000
v 0.110000 0.000000 0.190000
v 0.110000 4.400000 0.190000
v 1.290000 0.000000 0.810000
v 1.290000 4.400000 0.810000
v 1.290000 0.000000 0.190000
v 1.290000 4.400000 0.190000
v 1.510000 0.000000 0.810000
v 1.510000 4.400000 0.810000
v 1.510000 0.000000 0.190000
v 1.510000 4.400000 0.190000
v -2.300000 4.050000 0.700000
v -2.300000 4.350000 0.700000
v -2.300000 4.050000 0.400000
v -2.300000 4.350000 0.400000
v 2.300000 4.050000 0.700000
v 2.300000 4.350000 0.700000
v 2.300000 4.050000 0.400000
v 2.300000 4.350000 0.400000
v 1.500000 2.860000 0.620000
v 1.500000 2.810344 0.467176
v 1.500000 2.680344 0.372725
v 1.500000 2.519655 0.372725
v 1.500000 2.389656 0.467176
v 1.500000 2.340000 0.620000
v -3.900000 6.790000 0.270000
v 1.608063 2.810344 0.511937
v 1.674850 2.680344 0.445150
v 1.674850 2.519655 0.445150
v 1.608063 2.389656 0.511937
v -3.900000 6.510000 0.270000
v -3.900000 6.790000 0.890000
v 1.652824 2.810344 0.620000
v 1.747275 2.680344 0.620000
v 1.747275 2.519655 0.620000
v 1.652824 2.389656 0.620000
v -3.900000 6.510000 0.890000
v 3.900000 8.090000 0.270000
v 1.608063 2.810344 0.728063
v 1.674850 2.680344 0.794850
v 1.674850 2.519655 0.794850
v 1.608063 2.389656 0.728063
v 3.900000 7.810000 0.270000
v 3.900000 8.090000 0.890000
v 1.500000 2.810344 0.772824
v 1.500000 2.680344 0.867275
v 1.500000 2.519655 0.867275
v 1.500000 2.389656 0.772824
v 3.900000 7.810000 0.890000
v -3.900000 8.090000 0.270000
v 1.391937 2.810344 0.728063
v 1.325150 2.680344 0.794850
v 1.325150 2.519655 0.794850
v 1.391937 2.389656 0.728063
v -3.900000 7.810000 0.270000
v -3.900000 8.090000 0.890000
v 1.347176 2.810344 0.620000
v 1.252725 2.680344 0.620000
v 1.252725 2.519655 0.620000
v 1.347176 2.389656 0.620000
v -3.900000 7.810000 0.890000
v 3.700000 7.950000 0.300000
v 1.391937 2.810344 0.511937
v 1.325150 2.680344 0.445150
v 1.325150 2.519655 0.445150
v 1.391937 2.389656 0.511937
v 3.700000 6.650000 0.300000
v 3.700000 7.950000 0.800000
v 3.700000 6.650000 0.800000
v -3.700000 7.950000 0.300000
v -3.700000 6.650000 0.300000
v -3.700000 7.950000 0.800000
v -3.700000 6.650000 0.800000
v 3.900000 6.510000 0.890000
v 3.900000 6.790000 0.890000
v 3.900000 6.510000 0.270000
v 3.900000 6.790000 0.270000
v -6.450000 0.000000 6.650000
v -6.450000 6.400000 6.650000
v -6.450000 0.000000 6.150000
v -6.450000 6.400000 6.150000
v -5.950000 0.000000 6.650000
v -5.950000 6.400000 6.650000
v -5.950000 0.000000 6.150000
v -5.950000 6.400000 6.150000
v 5.950000 0.000000 6.650000
v 5.950000 6.400000 6.650000
v 5.950000 0.000000 6.150000
v 5.950000 6.400000 6.150000
v 6.450000 0.000000 6.650000
v 6.450000 6.400000 6.650000
v 6.450000 0.000000 6.150000
v 6.450000 6.400000 6.150000
v -13.000000 6.520528 6.388039
v -13.000000 6.675751 6.426845
v -13.000000 8.024249 0.373156
v -13.000000 8.179472 0.411961
v -11.000000 6.520528 6.388039
v -11.000000 6.675751 6.426845
v -11.000000 8.024249 0.373156
v -11.000000 8.179472 0.411961
v -11.000000 6.520528 6.388039
v -11.000000 6.675751 6.426845
v -11.000000 8.024249 0.373156
v -11.000000 8.179472 0.411961
v -9.000000 6.520528 6.388039
v -9.000000 6.675751 6.426845
v -9.000000 8.024249 0.373156
v -9.000000 8.179472 0.411961
v -9.000000 6.520528 6.388039
v -9.000000 6.675751 6.426845
v -9.000000 8.024249 0.373156
v -9.000000 8.179472 0.411961
v -7.000000 6.520528 6.388039
v -7.000000 6.675751 6.426845
v -7.000000 8.024249 0.373156
v -7.000000 8.179472 0.411961
v -7.000000 6.520528 6.388039
v -7.000000 6.675751 6.426845
v -7.000000 8.024249 0.373156
v -7.000000 8.179472 0.411961
v -5.000000 6.520528 6.388039
v -5.000000 6.675751 6.426845
v -5.000000 8.024249 0.373156
v -5.000000 8.179472 0.411961
v -5.000000 6.520528 6.388039
v -5.000000 6.675751 6.426845
v -5.000000 8.024249 0.373156
v -5.000000 8.179472 0.411961
v -3.000000 6.520528 6.388039
v -3.000000 6.675751 6.426845
v -3.000000 8.024249 0.373156
v -3.000000 8.179472 0.411961
v -3.000000 6.520528 6.388039
v -3.000000 6.675751 6.426845
v -3.000000 8.024249 0.373156
v -3.000000 8.179472 0.411961
v -1.000000 6.520528 6.388039
v -1.000000 6.675751 6.426845
v -1.000000 8.024249 0.373156
v -1.000000 8.179472 0.411961
v -1.000000 6.520528 6.388039
v -1.000000 6.675751 6.426845
v -1.000000 8.024249 0.373156
v -1.000000 8.179472 0.411961
v 1.000000 6.520528 6.388039
v 1.000000 6.675751 6.426845
v 1.000000 8.024249 0.373156
v 1.000000 8.179472 0.411961
v 1.000000 6.520528 6.388039
v 1.000000 6.675751 6.426845
v 1.000000 8.024249 0.373156
v 1.000000 8.179472 0.411961
v 3.000000 6.520528 6.388039
v 3.000000 6.675751 6.426845
v 3.000000 8.024249 0.373156
v 3.000000 8.179472 0.411961
v 3.000000 6.520528 6.388039
v 3.000000 6.675751 6.426845
v 3.000000 8.024249 0.373156
v 3.000000 8.179472 0.411961
v 5.000000 6.520528 6.388039
v 5.000000 6.675751 6.426845
v 5.000000 8.024249 0.373156
v 5.000000 8.179472 0.411961
v 5.000000 6.520528 6.388039
v 5.000000 6.675751 6.426845
v 5.000000 8.024249 0.373156
v 5.000000 8.179472 0.411961
v 7.000000 6.520528 6.388039
v 7.000000 6.675751 6.426845
v 7.000000 8.024249 0.373156
v 7.000000 8.179472 0.411961
v 7.000000 6.520528 6.388039
v 7.000000 6.675751 6.426845
v 7.000000 8.024249 0.373156
v 7.000000 8.179472 0.411961
v 9.000000 6.520528 6.388039
v 9.000000 6.675751 6.426845
v 9.000000 8.024249 0.373156
v 9.000000 8.179472 0.411961
v 9.000000 6.520528 6.388039
v 9.000000 6.675751 6.426845
v 9.000000 8.024249 0.373156
v 9.000000 8.179472 0.411961
v 11.000000 6.520528 6.388039
v 11.000000 6.675751 6.426845
v 11.000000 8.024249 0.373156
v 11.000000 8.179472 0.411961
v 11.000000 6.520528 6.388039
v 11.000000 6.675751 6.426845
v 11.000000 8.024249 0.373156
v 11.000000 8.179472 0.411961
v 13.000000 6.520528 6.388039
v 13.000000 6.675751 6.426845
v 13.000000 8.024249 0.373156
v 13.000000 8.179472 0.411961
v -13.200000 6.250000 6.675000
v -13.200000 6.850000 6.675000
v -13.200000 6.250000 6.225000
v -13.200000 6.850000 6.225000
v 13.200000 6.250000 6.675000
v 13.200000 6.850000 6.675000
v 13.200000 6.250000 6.225000
v 13.200000 6.850000 6.225000
v -12.000000 6.340000 6.450000
v -12.000000 6.275066 6.250153
v -12.000000 6.105066 6.126641
v -12.000000 5.894934 6.126641
v -12.000000 5.724934 6.250153
v -12.000000 5.660000 6.450000
v -10.000000 6.340000 6.450000
v -11.858686 6.275066 6.308687
v -11.771351 6.105066 6.221350
v -11.771351 5.894934 6.221350
v -11.858686 5.724934 6.308687
v -9.858686 6.275066 6.308687
v -9.771351 6.105066 6.221350
v -11.800153 6.275066 6.450000
v -11.676641 6.105066 6.450000
v -11.676641 5.894934 6.450000
v -11.800153 5.724934 6.450000
v -9.771351 5.894934 6.221350
v -9.858686 5.724934 6.308687
v -11.858686 6.275066 6.591313
v -11.771351 6.105066 6.678649
v -11.771351 5.894934 6.678649
v -11.858686 5.724934 6.591313
v -10.000000 5.660000 6.450000
v -8.000000 6.340000 6.450000
v -12.000000 6.275066 6.649847
v -12.000000 6.105066 6.773359
v -12.000000 5.894934 6.773359
v -12.000000 5.724934 6.649847
v -10.000000 5.724934 6.250153
v -10.000000 5.894934 6.126641
v -12.141314 6.275066 6.591313
v -12.228649 6.105066 6.678649
v -12.228649 5.894934 6.678649
v -12.141314 5.724934 6.591313
v -10.000000 6.105066 6.126641
v -10.000000 6.275066 6.250153
v -12.199847 6.275066 6.450000
v -12.323359 6.105066 6.450000
v -12.323359 5.894934 6.450000
v -12.199847 5.724934 6.450000
v -7.858687 6.275066 6.308687
v -11.970000 6.600000 6.420000
v -12.141314 6.275066 6.308687
v -12.228649 6.105066 6.221350
v -12.228649 5.894934 6.221350
v -12.141314 5.724934 6.308687
v -11.970000 6.100000 6.420000
v -11.970000 6.600000 6.480000
v -11.970000 6.100000 6.480000
v -12.030000 6.600000 6.420000
v -12.030000 6.100000 6.420000
v -12.030000 6.600000 6.480000
v -12.030000 6.100000 6.480000
v -7.771350 6.105066 6.221350
v -9.800153 6.275066 6.450000
v -9.676641 6.105066 6.450000
v -9.676641 5.894934 6.450000
v -9.800153 5.724934 6.450000
v -7.771350 5.894934 6.221350
v -7.858687 5.724934 6.308687
v -9.858686 6.275066 6.591313
v -9.771351 6.105066 6.678649
v -9.771351 5.894934 6.678649
v -9.858686 5.724934 6.591313
v -8.000000 5.660000 6.450000
v -6.000000 6.340000 6.450000
v -10.000000 6.275066 6.649847
v -10.000000 6.105066 6.773359
v -10.000000 5.894934 6.773359
v -10.000000 5.724934 6.649847
v -8.000000 5.724934 6.250153
v -8.000000 5.894934 6.126641
v -10.141314 6.275066 6.591313
v -10.228649 6.105066 6.678649
v -10.228649 5.894934 6.678649
v -10.141314 5.724934 6.591313
v -8.000000 6.105066 6.126641
v -8.000000 6.275066 6.250153
v -10.199847 6.275066 6.450000
v -10.323359 6.105066 6.450000
v -10.323359 5.894934 6.450000
v -10.199847 5.724934 6.450000
v -5.858687 6.275066 6.308687
v -9.970000 6.600000 6.420000
v -10.141314 6.275066 6.308687
v -10.228649 6.105066 6.221350
v -10.228649 5.894934 6.221350
v -10.141314 5.724934 6.308687
v -9.970000 6.100000 6.420000
v -9.970000 6.600000 6.480000
v -9.970000 6.100000 6.480000
v -10.030000 6.600000 6.420000
v -10.030000 6.100000 6.420000
v -10.030000 6.600000 6.480000
v -10.030000 6.100000 6.480000
v -5.771350 6.105066 6.221350
v -7.800153 6.275066 6.450000
v -7.676641 6.105066 6.450000
v -7.676641 5.894934 6.450000
v -7.800153 5.724934 6.450000
v -5.771350 5.894934 6.221350
v -5.858687 5.724934 6.308687
v -7.858687 6.275066 6.591313
v -7.771350 6.105066 6.678649
v -7.771350 5.894934 6.678649
v -7.858687 5.724934 6.591313
v -6.000000 5.660000 6.450000
v -4.000000 6.340000 6.450000
v -8.000000 6.275066 6.649847
v -8.000000 6.105066 6.773359
v -8.000000 5.894934 6.773359
v -8.000000 5.724934 6.649847
v -6.000000 5.724934 6.250153
v -6.000000 5.894934 6.126641
v -8.141314 6.275066 6.591313
v -8.228649 6.105066 6.678649
v -8.228649 5.894934 6.678649
v -8.141314 5.724934 6.591313
v -6.000000 6.105066 6.126641
v -6.000000 6.275066 6.250153
v -8.199847 6.275066 6.450000
v -8.323359 6.105066 6.450000
v -8.323359 5.894934 6.450000
v -8.199847 5.724934 6.450000
v -3.858687 6.275066 6.308687
v -7.970000 6.600000 6.420000
v -8.141314 6.275066 6.308687
v -8.228649 6.105066 6.221350
v -8.228649 5.894934 6.221350
v -8.141314 5.724934 6.308687
v -7.970000 6.100000 6.420000
v -7.970000 6.600000 6.480000
v -7.970000 6.100000 6.480000
v -8.030000 6.600000 6.420000
v -8.030000 6.100000 6.420000
v -8.030000 6.600000 6.480000
v -8.030000 6.100000 6.480000
v -3.771350 6.105066 6.221350
v -5.800153 6.275066 6.450000
v -5.676641 6.105066 6.450000
v -5.676641 5.894934 6.450000
v -5.800153 5.724934 6.450000
v -3.771350 5.894934 6.221350
v -3.858687 5.724934 6.308687
v -5.858687 6.275066 6.591313
v -5.771350 6.105066 6.678649
v -5.771350 5.894934 6.678649
v -5.858687 5.724934 6.591313
v -4.000000 5.660000 6.450000
v -2.000000 6.340000 6.450000
v -6.000000 6.275066 6.649847
v -6.000000 6.105066 6.773359
v -6.000000 5.894934 6.773359
v -6.000000 5.724934 6.649847
v -4.000000 5.724934 6.250153
v -4.000000 5.894934 6.126641
v -6.141313 6.275066 6.591313
v -6.228650 6.105066 6.678649
v -6.228650 5.894934 6.678649
v -6.141313 5.724934 6.591313
v -4.000000 6.105066 6.126641
v -4.000000 6.275066 6.250153
v -6.199847 6.275066 6.450000
v -6.323359 6.105066 6.450000
v -6.323359 5.894934 6.450000
v -6.199847 5.724934 6.450000
v -1.858687 6.275066 6.308687
v -5.970000 6.600000 6.420000
v -6.141313 6.275066 6.308687
v -6.228650 6.105066 6.221350
v -6.228650 5.894934 6.221350
v -6.141313 5.724934 6.308687
v -5.970000 6.100000 6.420000
v -5.970000 6.600000 6.480000
v -5.970000 6.100000 6.480000
v -6.030000 6.600000 6.420000
v -6.030000 6.100000 6.420000
v -6.030000 6.600000 6.480000
v -6.030000 6.100000 6.480000
v -1.771351 6.105066 6.221350
v -3.800153 6.275066 6.450000
v -3.676641 6.105066 6.450000
v -3.676641 5.894934 6.450000
v -3.800153 5.724934 6.450000
v -1.771351 5.894934 6.221350
v -1.858687 5.724934 6.308687
v -3.858687 6.275066 6.591313
v -3.771350 6.105066 6.678649
v -3.771350 5.894934 6.678649
v -3.858687 5.724934 6.591313
v -2.000000 5.660000 6.450000
v 0.000000 6.340000 6.450000
v -4.000000 6.275066 6.649847
v -4.000000 6.105066 6.773359
v -4.000000 5.894934 6.773359
v -4.000000 5.724934 6.649847
v -2.000000 5.724934 6.250153
v -2.000000 5.894934 6.126641
v -4.141313 6.275066 6.591313
v -4.228650 6.105066 6.678649
v -4.228650 5.894934 6.678649
v -4.141313 5.724934 6.591313
v -2.000000 6.105066 6.126641
v -2.000000 6.275066 6.250153
v -4.199847 6.275066 6.450000
v -4.323359 6.105066 6.450000
v -4.323359 5.894934 6.450000
v -4.199847 5.724934 6.450000
v 0.141313 6.275066 6.308687
v -3.970000 6.600000 6.420000
v -4.141313 6.275066 6.308687
v -4.228650 6.105066 6.221350
v -4.228650 5.894934 6.221350
v -4.141313 5.724934 6.308687
v -3.970000 6.100000 6.420000
v -3.970000 6.600000 6.480000
v -3.970000 6.100000 6.480000
v -4.030000 6.600000 6.420000
v -4.030000 6.100000 6.420000
v -4.030000 6.600000 6.480000
v -4.030000 6.100000 6.480000
v 0.228649 6.105066 6.221350
v -1.800153 6.275066 6.450000
v -1.676641 6.105066 6.450000
v -1.676641 5.894934 6.450000
v -1.800153 5.724934 6.450000
v 0.228649 5.894934 6.221350
v 0.141313 5.724934 6.308687
v -1.858687 6.275066 6.591313
v -1.771351 6.105066 6.678649
v -1.771351 5.894934 6.678649
v -1.858687 5.724934 6.591313
v 0.000000 5.660000 6.450000
v 2.000000 6.340000 6.450000
v -2.000000 6.275066 6.649847
v -2.000000 6.105066 6.773359
v -2.000000 5.894934 6.773359
v -2.000000 5.724934 6.649847
v 0.000000 5.724934 6.250153
v 0.000000 5.894934 6.126641
v -2.141313 6.275066 6.591313
v -2.228650 6.105066 6.678649
v -2.228650 5.894934 6.678649
v -2.141313 5.724934 6.591313
v 0.000000 6.105066 6.126641
v 0.000000 6.275066 6.250153
v -2.199847 6.275066 6.450000
v -2.323359 6.105066 6.450000
v -2.323359 5.894934 6.450000
v -2.199847 5.724934 6.450000
v 2.141313 6.275066 6.308687
v -1.970000 6.600000 6.420000
v -2.141313 6.275066 6.308687
v -2.228650 6.105066 6.221350
v -2.228650 5.894934 6.221350
v -2.141313 5.724934 6.308687
v -1.970000 6.100000 6.420000
v -1.970000 6.600000 6.480000
v -1.970000 6.100000 6.480000
v -2.030000 6.600000 6.420000
v -2.030000 6.100000 6.420000
v -2.030000 6.600000 6.480000
v -2.030000 6.100000 6.480000
v 2.228650 6.105066 6.221350
v 0.199847 6.275066 6.450000
v 0.323359 6.105066 6.450000
v 0.323359 5.894934 6.450000
v 0.199847 5.724934 6.450000
v 2.228650 5.894934 6.221350
v 2.141313 5.724934 6.308687
v 0.141313 6.275066 6.591313
v 0.228649 6.105066 6.678649
v 0.228649 5.894934 6.678649
v 0.141313 5.724934 6.591313
v 2.000000 5.660000 6.450000
v 4.000000 6.340000 6.450000
v 0.000000 6.275066 6.649847
v 0.000000 6.105066 6.773359
v 0.000000 5.894934 6.773359
v 0.000000 5.724934 6.649847
v 2.000000 5.724934 6.250153
v 2.000000 5.894934 6.126641
v -0.141313 6.275066 6.591313
v -0.228649 6.105066 6.678649
v -0.228649 5.894934 6.678649
v -0.141313 5.724934 6.591313
v 2.000000 6.105066 6.126641
v 2.000000 6.275066 6.250153
v -0.199847 6.275066 6.450000
v -0.323359 6.105066 6.450000
v -0.323359 5.894934 6.450000
v -0.199847 5.724934 6.450000
v 4.141313 6.275066 6.308687
v 0.030000 6.600000 6.420000
v -0.141313 6.275066 6.308687
v -0.228649 6.105066 6.221350
v -0.228649 5.894934 6.221350
v -0.141313 5.724934 6.308687
v 0.030000 6.100000 6.420000
v 0.030000 6.600000 6.480000
v 0.030000 6.100000 6.480000
v -0.030000 6.600000 6.420000
v -0.030000 6.100000 6.420000
v -0.030000 6.600000 6.480000
v -0.030000 6.100000 6.480000
v 4.228650 6.105066 6.221350
v 2.199847 6.275066 6.450000
v 2.323359 6.105066 6.450000
v 2.323359 5.894934 6.450000
v 2.199847 5.724934 6.450000
v 4.228650 5.894934 6.221350
v 4.141313 5.724934 6.308687
v 2.141313 6.275066 6.591313
v 2.228650 6.105066 6.678649
v 2.228650 5.894934 6.678649
v 2.141313 5.724934 6.591313
v 4.000000 5.660000 6.450000
v 6.000000 6.340000 6.450000
v 2.000000 6.275066 6.649847
v 2.000000 6.105066 6.773359
v 2.000000 5.894934 6.773359
v 2.000000 5.724934 6.649847
v 4.000000 5.724934 6.250153
v 4.000000 5.894934 6.126641
v 1.858687 6.275066 6.591313
v 1.771351 6.105066 6.678649
v 1.771351 5.894934 6.678649
v 1.858687 5.724934 6.591313
v 4.000000 6.105066 6.126641
v 4.000000 6.275066 6.250153
v 1.800153 6.275066 6.450000
v 1.676641 6.105066 6.450000
v 1.676641 5.894934 6.450000
v 1.800153 5.724934 6.450000
v 6.141313 6.275066 6.308687
v 2.030000 6.600000 6.420000
v 1.858687 6.275066 6.308687
v 1.771351 6.105066 6.221350
v 1.771351 5.894934 6.221350
v 1.858687 5.724934 6.308687
v 2.030000 6.100000 6.420000
v 2.030000 6.600000 6.480000
v 2.030000 6.100000 6.480000
v 1.970000 6.600000 6.420000
v 1.970000 6.100000 6.420000
v 1.970000 6.600000 6.480000
v 1.970000 6.100000 6.480000
v 6.228650 6.105066 6.221350
v 4.199847 6.275066 6.450000
v 4.323359 6.105066 6.450000
v 4.323359 5.894934 6.450000
v 4.199847 5.724934 6.450000
v 6.228650 5.894934 6.221350
v 6.141313 5.724934 6.308687
v 4.141313 6.275066 6.591313
v 4.228650 6.105066 6.678649
v 4.228650 5.894934 6.678649
v 4.141313 5.724934 6.591313
v 6.000000 5.660000 6.450000
v 8.000000 6.340000 6.450000
v 4.000000 6.275066 6.649847
v 4.000000 6.105066 6.773359
v 4.000000 5.894934 6.773359
v 4.000000 5.724934 6.649847
v 6.000000 5.724934 6.250153
v 6.000000 5.894934 6.126641
v 3.858687 6.275066 6.591313
v 3.771350 6.105066 6.678649
v 3.771350 5.894934 6.678649
v 3.858687 5.724934 6.591313
v 6.000000 6.105066 6.126641
v 6.000000 6.275066 6.250153
v 3.800153 6.275066 6.450000
v 3.676641 6.105066 6.450000
v 3.676641 5.894934 6.450000
v 3.800153 5.724934 6.450000
v 8.141314 6.275066 6.308687
v 4.030000 6.600000 6.420000
v 3.858687 6.275066 6.308687
v 3.771350 6.105066 6.221350
v 3.771350 5.894934 6.221350
v 3.858687 5.724934 6.308687
v 4.030000 6.100000 6.420000
v 4.030000 6.600000 6.480000
v 4.030000 6.100000 6.480000
v 3.970000 6.600000 6.420000
v 3.970000 6.100000 6.420000
v 3.970000 6.600000 6.480000
v 3.970000 6.100000 6.480000
v 8.228649 6.105066 6.221350
v 6.199847 6.275066 6.450000
v 6.323359 6.105066 6.450000
v 6.323359 5.894934 6.450000
v 6.199847 5.724934 6.450000
v 8.228649 5.894934 6.221350
v 8.141314 5.724934 6.308687
v 6.141313 6.275066 6.591313
v 6.228650 6.105066 6.678649
v 6.228650 5.894934 6.678649
v 6.141313 5.724934 6.591313
v 8.000000 5.660000 6.450000
v 10.000000 6.340000 6.450000
v 6.000000 6.275066 6.649847
v 6.000000 6.105066 6.773359
v 6.000000 5.894934 6.773359
v 6.000000 5.724934 6.649847
v 8.000000 5.724934 6.250153
v 8.000000 5.894934 6.126641
v 5.858687 6.275066 6.591313
v 5.771350 6.105066 6.678649
v 5.771350 5.894934 6.678649
v 5.858687 5.724934 6.591313
v 8.000000 6.105066 6.126641
v 8.000000 6.275066 6.250153
v 5.800153 6.275066 6.450000
v 5.676641 6.105066 6.450000
v 5.676641 5.894934 6.450000
v 5.800153 5.724934 6.450000
v 10.141314 6.275066 6.308687
v 6.030000 6.600000 6.420000
v 5.858687 6.275066 6.308687
v 5.771350 6.105066 6.221350
v 5.771350 5.894934 6.221350
v 5.858687 5.724934 6.308687
v 6.030000 6.100000 6.420000
v 6.030000 6.600000 6.480000
v 6.030000 6.100000 6.480000
v 5.970000 6.600000 6.420000
v 5.970000 6.100000 6.420000
v 5.970000 6.600000 6.480000
v 5.970000 6.100000 6.480000
v 10.228649 6.105066 6.221350
v 8.199847 6.275066 6.450000
v 8.323359 6.105066 6.450000
v 8.323359 5.894934 6.450000
v 8.199847 5.724934 6.450000
v 10.228649 5.894934 6.221350
v 10.141314 5.724934 6.308687
v 8.141314 6.275066 6.591313
v 8.228649 6.105066 6.678649
v 8.228649 5.894934 6.678649
v 8.141314 5.724934 6.591313
v 10.000000 5.660000 6.450000
v 12.000000 6.340000 6.450000
v 8.000000 6.275066 6.649847
v 8.000000 6.105066 6.773359
v 8.000000 5.894934 6.773359
v 8.000000 5.724934 6.649847
v 10.000000 5.724934 6.250153
v 10.000000 5.894934 6.126641
v 7.858687 6.275066 6.591313
v 7.771350 6.105066 6.678649
v 7.771350 5.894934 6.678649
v 7.858687 5.724934 6.591313
v 10.000000 6.105066 6.126641
v 10.000000 6.275066 6.250153
v 7.800153 6.275066 6.450000
v 7.676641 6.105066 6.450000
v 7.676641 5.894934 6.450000
v 7.800153 5.724934 6.450000
v 12.141314 6.275066 6.308687
v 8.030000 6.600000 6.420000
v 7.858687 6.275066 6.308687
v 7.771350 6.105066 6.221350
v 7.771350 5.894934 6.221350
v 7.858687 5.724934 6.308687
v 8.030000 6.100000 6.420000
v 8.030000 6.600000 6.480000
v 8.030000 6.100000 6.480000
v 7.970000 6.600000 6.420000
v 7.970000 6.100000 6.420000
v 7.970000 6.600000 6.480000
v 7.970000 6.100000 6.480000
v 12.228649 6.105066 6.221350
v 10.199847 6.275066 6.450000
v 10.323359 6.105066 6.450000
v 10.323359 5.894934 6.450000
v 10.199847 5.724934 6.450000
v 12.228649 5.894934 6.221350
v 12.141314 5.724934 6.308687
v 10.141314 6.275066 6.591313
v 10.228649 6.105066 6.678649
v 10.228649 5.894934 6.678649
v 10.141314 5.724934 6.591313
v 12.000000 5.660000 6.450000
v 0.761519 20.920000 -2.767248
v 10.000000 6.275066 6.649847
v 10.000000 6.105066 6.773359
v 10.000000 5.894934 6.773359
v 10.000000 5.724934 6.649847
v 12.000000 5.724934 6.250153
v 12.000000 5.894934 6.126641
v 9.858686 6.275066 6.591313
v 9.771351 6.105066 6.678649
v 9.771351 5.894934 6.678649
v 9.858686 5.724934 6.591313
v 12.000000 6.105066 6.126641
v 12.000000 6.275066 6.250153
v 9.800153 6.275066 6.450000
v 9.676641 6.105066 6.450000
v 9.676641 5.894934 6.450000
v 9.800153 5.724934 6.450000
v 0.879327 19.900000 -2.947822
v 10.030000 6.600000 6.420000
v 9.858686 6.275066 6.308687
v 9.771351 6.105066 6.221350
v 9.771351 5.894934 6.221350
v 9.858686 5.724934 6.308687
v 10.030000 6.100000 6.420000
v 10.030000 6.600000 6.480000
v 10.030000 6.100000 6.480000
v 9.970000 6.600000 6.420000
v 9.970000 6.100000 6.420000
v 9.970000 6.600000 6.480000
v 9.970000 6.100000 6.480000
v 0.761519 18.879999 -2.767248
v 12.199847 6.275066 6.450000
v 12.323359 6.105066 6.450000
v 12.323359 5.894934 6.450000
v 12.199847 5.724934 6.450000
v 0.439663 18.133308 -2.273911
v 0.000000 17.859999 -1.600000
v 12.141314 6.275066 6.591313
v 12.228649 6.105066 6.678649
v 12.228649 5.894934 6.678649
v 12.141314 5.724934 6.591313
v 1.034750 19.730000 -0.421816
v 0.896119 19.049999 -0.461229
v 12.000000 6.275066 6.649847
v 12.000000 6.105066 6.773359
v 12.000000 5.894934 6.773359
v 12.000000 5.724934 6.649847
v 0.517375 18.552204 -0.568908
v 0.000000 18.369999 -0.716000
v 11.858686 6.275066 6.591313
v 11.771351 6.105066 6.678649
v 11.771351 5.894934 6.678649
v 11.858686 5.724934 6.591313
v 1.002414 22.110001 -0.764296
v 0.517375 18.552204 -0.863092
v 11.800153 6.275066 6.450000
v 11.676641 6.105066 6.450000
v 11.676641 5.894934 6.450000
v 11.800153 5.724934 6.450000
v 0.000000 21.940001 -1.600000
v 12.030000 6.600000 6.420000
v 11.858686 6.275066 6.308687
v 11.771351 6.105066 6.221350
v 11.771351 5.894934 6.221350
v 11.858686 5.724934 6.308687
v 12.030000 6.100000 6.420000
v 12.030000 6.600000 6.480000
v 12.030000 6.100000 6.480000
v 11.970000 6.600000 6.420000
v 11.970000 6.100000 6.420000
v 11.970000 6.600000 6.480000
v 11.970000 6.100000 6.480000
v 0.439663 21.666691 -2.273911
v 0.896119 19.049999 -0.970771
v 1.232164 20.920000 -2.045849
v 1.422781 19.900000 -2.114822
v 1.232164 18.879999 -2.045849
v 0.711390 18.133308 -1.857411
v 1.034750 19.730000 -1.010184
v 0.711390 21.666691 -1.857411
v 0.896119 20.410000 -0.970771
v 1.232164 20.920000 -1.154151
v 1.422781 19.900000 -1.085178
v 1.232164 18.879999 -1.154151
v 0.711390 18.133308 -1.342589
v 0.517375 20.907795 -0.863092
v 0.711390 21.666691 -1.342589
v 0.000000 21.090000 -0.716000
v 0.761519 20.920000 -0.432752
v 0.879327 19.900000 -0.252178
v 0.761519 18.879999 -0.432752
v 0.439663 18.133308 -0.926089
v 0.868116 21.583000 -0.807932
v 0.439663 21.666691 -0.926089
v 0.319755 20.907795 -1.101092
v 0.000000 20.920000 -0.157202
v 0.000000 19.900000 0.066000
v 0.000000 18.879999 -0.157202
v 0.000000 18.133308 -0.767000
v 0.553832 20.410000 -1.382999
v 0.000000 21.666691 -0.767000
v 0.639510 19.730000 -1.486184
v -0.761519 20.920000 -0.432752
v -0.879327 19.900000 -0.252178
v -0.761519 18.879999 -0.432752
v -0.439663 18.133308 -0.926089
v 0.553832 19.049999 -1.382999
v -0.439663 21.666691 -0.926089
v 0.319755 18.552204 -1.101092
v -1.232164 20.920000 -1.154151
v -1.422781 19.900000 -1.085177
v -1.232164 18.879999 -1.154151
v -0.711390 18.133308 -1.342589
v 0.501207 21.197210 -0.927148
v -0.711390 21.666691 -1.342589
v 0.000000 21.056000 -1.090000
v -1.232164 20.920000 -2.045849
v -1.422781 19.900000 -2.114822
v -1.232164 18.879999 -2.045849
v -0.711390 18.133308 -1.857411
v 0.419679 22.598606 -1.071094
v -0.711390 21.666691 -1.857411
v 0.501207 21.197210 -1.252852
v -0.761519 20.920000 -2.767248
v -0.879327 19.900000 -2.947822
v -0.761519 18.879999 -2.767248
v -0.439664 18.133308 -2.273911
v 0.868116 21.583000 -1.372068
v -0.439664 21.666691 -2.273911
v 1.002414 22.110001 -1.415704
v -0.000000 20.920000 -3.042798
v -0.000000 19.900000 -3.266000
v -0.000000 18.879999 -3.042798
v -0.000000 18.133308 -2.433000
v 0.868116 22.637001 -1.372068
v -0.000000 21.666691 -2.433000
v 0.501207 23.022791 -1.252852
v 0.896119 20.410000 -0.461229
v 0.517375 20.907795 -0.568908
v 0.000000 23.164001 -1.090000
v 0.639511 19.730000 0.054184
v 0.553832 19.049999 -0.049001
v 0.319755 18.552204 -0.330908
v 0.000000 22.920132 -0.253706
v 0.553832 20.410000 -0.049001
v 0.319755 20.907795 -0.330908
v 0.309763 23.022791 -1.516352
v 0.000000 19.730000 0.236000
v 0.000000 19.049999 0.108456
v 0.000000 18.552204 -0.240000
v 0.536525 22.637001 -1.828463
v 0.000000 20.410000 0.108456
v 0.000000 20.907795 -0.240000
v 0.619526 22.110001 -1.942704
v -0.639510 19.730000 0.054184
v -0.553832 19.049999 -0.049001
v -0.319755 18.552204 -0.330908
v 0.536525 21.583000 -1.828463
v -0.553832 20.410000 -0.049001
v -0.319755 20.907795 -0.330908
v 0.309763 21.197210 -1.516352
v -1.034750 19.730000 -0.421816
v -0.896119 19.049999 -0.461229
v -0.517375 18.552204 -0.568908
v 0.000000 22.733988 -1.087418
v -0.896119 20.410000 -0.461229
v -0.517375 20.907795 -0.568908
v -0.069946 22.249268 2.574638
v -1.034750 19.730000 -1.010184
v -0.896120 19.049999 -0.970771
v -0.517375 18.552204 -0.863092
v 0.000000 21.197210 -1.617000
v -0.896120 20.410000 -0.970771
v -0.517375 20.907795 -0.863092
v -0.459648 22.354416 -1.033899
v -0.639511 19.730000 -1.486184
v -0.553832 19.049999 -1.382999
v -0.319755 18.552204 -1.101092
v 0.000000 22.110001 -2.144000
v -0.553832 20.410000 -1.382999
v -0.319755 20.907795 -1.101092
v -0.113176 22.190195 2.581761
v -0.000000 19.730000 -1.668000
v -0.000000 19.049999 -1.540456
v -0.000000 18.552204 -1.192000
v 0.000000 23.022791 -1.617000
v -0.000000 20.410000 -1.540456
v -0.000000 20.907795 -1.192000
v -0.743726 21.966228 -0.987092
v 0.868116 22.637001 -0.807932
v 0.501207 23.022791 -0.927148
v -0.113176 22.117178 2.590566
v 0.619526 22.110001 -0.237296
v 0.536525 21.583000 -0.351537
v 0.309763 21.197210 -0.663648
v -0.743726 21.486401 -0.929235
v 0.536525 22.637001 -0.351537
v 0.309763 23.022791 -0.663648
v -0.069946 22.058105 2.597688
v 0.000000 22.110001 -0.036000
v 0.000000 21.583000 -0.177209
v 0.000000 21.197210 -0.563000
v -0.459648 21.098213 -0.882427
v 0.000000 22.637001 -0.177209
v 0.000000 23.022791 -0.563000
v 0.000000 22.035543 2.600409
v -0.619526 22.110001 -0.237296
v -0.536525 21.583000 -0.351537
v -0.309763 21.197210 -0.663648
v 0.000000 20.949938 -0.864548
v -0.536525 22.637001 -0.351537
v -0.309763 23.022791 -0.663648
v 0.069946 22.058105 2.597688
v -1.002414 22.110001 -0.764296
v -0.868116 21.583000 -0.807932
v -0.501207 21.197210 -0.927148
v 0.459648 21.098213 -0.882427
v -0.868116 22.637001 -0.807932
v -0.501207 23.022791 -0.927148
v 0.113176 22.117178 2.590566
v -1.002414 22.110001 -1.415704
v -0.868116 21.583000 -1.372068
v -0.501207 21.197210 -1.252852
v 0.743726 21.486401 -0.929235
v -0.868116 22.637001 -1.372068
v -0.501207 23.022791 -1.252852
v 0.113176 22.190195 2.581761
v -0.619526 22.110001 -1.942704
v -0.536525 21.583000 -1.828463
v -0.309763 21.197210 -1.516352
v 0.743726 21.966228 -0.987092
v -0.536525 22.637001 -1.828463
v -0.309763 23.022791 -1.516352
v 0.069946 22.249268 2.574638
v 0.459648 22.354416 -1.033899
v -0.000000 21.583000 -2.002791
v 0.000000 22.271832 2.571918
v 0.000000 22.502691 -1.051778
v -0.000000 22.637001 -2.002791
v -0.612000 22.823999 -0.580000
v -0.680000 22.679501 -0.376000
v 0.469640 22.768635 -0.235439
v 0.679054 22.244173 -1.028357
v 0.759894 22.372007 -0.187614
v 0.679054 21.806070 -0.975531
v 0.759894 21.881748 -0.128499
v 0.419679 21.451639 -0.932793
v 0.469640 21.485123 -0.080674
v 0.000000 21.316257 -0.916469
v 0.000000 21.333624 -0.062406
v -0.419679 21.451639 -0.932793
v -0.469640 21.485123 -0.080674
v -0.679054 21.806070 -0.975531
v -0.759894 21.881748 -0.128499
v -0.679054 22.244173 -1.028357
v -0.759894 22.372007 -0.187614
v -0.419679 22.598606 -1.071094
v -0.469640 22.768635 -0.235439
v 0.000000 21.904043 1.853459
v 0.000000 21.803267 2.721768
v 0.204354 21.820005 1.863593
v 0.060104 21.778549 2.724748
v 0.289000 21.617121 1.888056
v 0.085000 21.718878 2.731944
v 0.204354 21.414238 1.912520
v 0.060104 21.659204 2.739139
v 0.000000 21.330200 1.922653
v 0.000000 21.634489 2.742119
v -0.204354 21.414238 1.912520
v -0.060104 21.659204 2.739139
v -0.289000 21.617121 1.888056
v -0.085000 21.718878 2.731944
v -0.204354 21.820005 1.863593
v -0.060104 21.778549 2.724748
v -0.680000 22.632198 -0.261802
v -0.680000 22.518000 -0.214500
v -0.680000 22.403801 -0.261802
v -0.612000 22.212000 -0.580000
v -0.680000 22.356499 -0.376000
v -0.484818 22.765558 -0.707182
v -0.406215 22.612558 -0.785784
v -0.406215 22.423441 -0.785784
v -0.484818 22.270441 -0.707182
v -1.360000 21.056000 -1.685000
v -0.581102 22.403801 -0.318901
v -0.432138 22.765558 -0.580000
v -0.320977 22.612558 -0.580000
v -0.320977 22.423441 -0.580000
v -0.432138 22.270441 -0.580000
v -0.540137 22.518000 -0.295250
v -0.581102 22.632198 -0.318901
v -0.484818 22.765558 -0.452818
v -0.406215 22.612558 -0.374215
v -0.406215 22.423441 -0.374215
v -0.484818 22.270441 -0.452818
v -0.686669 16.686998 -1.311000
v -1.258078 20.912514 -2.035709
v -0.612000 22.765558 -0.400138
v -0.612000 22.612558 -0.288977
v -0.612000 22.423441 -0.288977
v -0.612000 22.270441 -0.400138
v -0.581102 22.632198 -0.433099
v -0.540137 22.518000 -0.456750
v -0.739182 22.765558 -0.452818
v -0.817784 22.612558 -0.374215
v -0.817784 22.423441 -0.374215
v -0.739182 22.270441 -0.452818
v -0.581102 22.403801 -0.433099
v -1.183466 20.520500 -2.292446
v -0.791862 22.765558 -0.580000
v -0.903023 22.612558 -0.580000
v -0.903023 22.423441 -0.580000
v -0.791862 22.270441 -0.580000
v -1.156156 19.985001 -2.386418
v -0.680000 22.403801 -0.490198
v -0.739182 22.765558 -0.707182
v -0.817784 22.612558 -0.785784
v -0.817784 22.423441 -0.785784
v -0.739182 22.270441 -0.707182
v -0.680000 22.518000 -0.537500
v -0.680000 22.632198 -0.490198
v -0.612000 22.765558 -0.759862
v -0.612000 22.612558 -0.871023
v -0.612000 22.423441 -0.871023
v -0.612000 22.270441 -0.759862
v -1.183466 19.449501 -2.292446
v -1.258078 19.057487 -2.035709
v -0.778898 22.632198 -0.318901
v -0.819863 22.518000 -0.295250
v -0.778898 22.403801 -0.318901
v -1.360000 18.914001 -1.685000
v -0.686669 16.483000 -0.801000
v -0.778898 22.632198 -0.433099
v -0.819863 22.518000 -0.456750
v -0.778898 22.403801 -0.433099
v -1.360000 19.057487 -2.118500
v -0.686669 16.483000 -1.311000
v -1.360000 19.985001 -2.552000
v -0.510000 16.380999 -0.801000
v -1.360000 20.912514 -2.118500
v -0.510000 16.380999 -1.311000
v -1.195087 20.912514 -1.818959
v -1.074362 20.520500 -1.917024
v -1.030174 19.985001 -1.952918
v -1.074362 19.449501 -1.917024
v -1.195087 19.057487 -1.818959
v -0.333331 16.483000 -0.801000
v -0.333331 16.483000 -1.311000
v -1.195087 20.912514 -1.551041
v -1.074362 20.520500 -1.452976
v -1.030174 19.985001 -1.417082
v -1.074362 19.449501 -1.452976
v -1.195087 19.057487 -1.551041
v -0.333331 16.686998 -0.801000
v -0.333331 16.686998 -1.311000
v -1.258078 20.912514 -1.334291
v -1.183466 20.520500 -1.077554
v -1.156156 19.985001 -0.983582
v -1.183466 19.449501 -1.077554
v -1.258078 19.057487 -1.334291
v -0.510000 16.789000 -0.801000
v -0.510000 16.789000 -1.311000
v -1.360000 20.912514 -1.251500
v -1.360000 20.520500 -0.934156
v -1.360000 19.985001 -0.818000
v -1.360000 19.449501 -0.934156
v -1.360000 19.057487 -1.251500
v -0.671947 17.987499 -1.438500
v -0.671947 16.542500 -1.438500
v -1.461922 20.912514 -1.334291
v -1.536534 20.520500 -1.077554
v -1.563844 19.985001 -0.983582
v -1.536534 19.449501 -1.077554
v -1.461922 19.057487 -1.334291
v -0.671947 17.987499 -1.251500
v -0.671947 16.542500 -1.251500
v -1.524913 20.912514 -1.551041
v -1.645638 20.520500 -1.452976
v -1.689826 19.985001 -1.417082
v -1.645638 19.449501 -1.452976
v -1.524913 19.057487 -1.551041
v -0.510000 17.987499 -1.158000
v -0.510000 16.542500 -1.158000
v -1.524913 20.912514 -1.818959
v -1.645638 20.520500 -1.917023
v -1.689826 19.985001 -1.952918
v -1.645638 19.449501 -1.917023
v -1.524913 19.057487 -1.818959
v -0.348053 17.987499 -1.251500
v -0.348053 16.542500 -1.251500
v -1.461922 20.912514 -2.035709
v -1.536534 20.520500 -2.292445
v -1.563844 19.985001 -2.386418
v -1.536534 19.449501 -2.292445
v -1.461922 19.057487 -2.035709
v -0.348053 17.987499 -1.438500
v -0.348053 16.542500 -1.438500
v -0.510000 17.987499 -1.532000
v -1.360000 20.520500 -2.435844
v -0.510000 16.542500 -1.532000
v -1.360000 19.449501 -2.435844
v 0.680000 22.679501 -0.376000
v 0.612000 22.823999 -0.580000
v -0.686669 16.686998 -0.801000
v 0.680000 22.632198 -0.261802
v 0.680000 22.518000 -0.214500
v 0.680000 22.403801 -0.261802
v 0.612000 22.212000 -0.580000
v 0.739182 22.765558 -0.707182
v 0.680000 22.356499 -0.376000
v 0.817785 22.612558 -0.785784
v 0.817785 22.423441 -0.785784
v 0.739182 22.270441 -0.707182
v 1.360000 21.056000 -1.685000
v 0.791862 22.765558 -0.580000
v 0.778898 22.403801 -0.318901
v 0.903023 22.612558 -0.580000
v 0.903023 22.423441 -0.580000
v 0.791862 22.270441 -0.580000
v 0.819863 22.518000 -0.295250
v 0.739182 22.765558 -0.452818
v 0.778898 22.632198 -0.318901
v 0.817784 22.612558 -0.374215
v 0.817784 22.423441 -0.374215
v 0.739182 22.270441 -0.452818
v 0.333331 16.686998 -1.311000
v 0.612000 22.765558 -0.400138
v 1.461922 20.912514 -2.035709
v 0.612000 22.612558 -0.288977
v 0.612000 22.423441 -0.288977
v 0.612000 22.270441 -0.400138
v 0.778898 22.632198 -0.433099
v 0.484818 22.765558 -0.452818
v 0.819863 22.518000 -0.456750
v 0.406215 22.612558 -0.374215
v 0.406215 22.423441 -0.374215
v 0.484818 22.270441 -0.452818
v 0.778898 22.403801 -0.433099
v 0.432138 22.765558 -0.580000
v 1.536534 20.520500 -2.292446
v 0.320977 22.612558 -0.580000
v 0.320977 22.423441 -0.580000
v 0.432138 22.270441 -0.580000
v 1.563844 19.985001 -2.386418
v 0.484818 22.765558 -0.707182
v 0.680000 22.403801 -0.490198
v 0.406215 22.612558 -0.785784
v 0.406215 22.423441 -0.785784
v 0.484818 22.270441 -0.707182
v 0.680000 22.518000 -0.537500
v 0.612000 22.765558 -0.759862
v 0.680000 22.632198 -0.490198
v 0.612000 22.612558 -0.871023
v 0.612000 22.423441 -0.871023
v 0.612000 22.270441 -0.759862
v 1.536534 19.449501 -2.292446
v 1.461922 19.057487 -2.035709
v 0.581102 22.632198 -0.318901
v 0.540137 22.518000 -0.295250
v 0.581102 22.403801 -0.318901
v 1.360000 18.914001 -1.685000
v 0.333331 16.483000 -0.801000
v 0.581102 22.632198 -0.433099
v 0.540137 22.518000 -0.456750
v 0.581102 22.403801 -0.433099
v 1.360000 19.057487 -2.118500
v 0.333331 16.483000 -1.311000
v 1.360000 19.985001 -2.552000
v 0.510000 16.380999 -0.801000
v 1.360000 20.912514 -2.118500
v 0.510000 16.380999 -1.311000
v 1.524913 20.912514 -1.818959
v 1.645638 20.520500 -1.917024
v 1.689826 19.985001 -1.952918
v 1.645638 19.449501 -1.917024
v 1.524913 19.057487 -1.818959
v 0.686669 16.483000 -0.801000
v 0.686669 16.483000 -1.311000
v 1.524913 20.912514 -1.551041
v 1.645638 20.520500 -1.452976
v 1.689826 19.985001 -1.417082
v 1.645638 19.449501 -1.452976
v 1.524913 19.057487 -1.551041
v 0.686669 16.686998 -0.801000
v 0.686669 16.686998 -1.311000
v 1.461922 20.912514 -1.334291
v 1.536534 20.520500 -1.077554
v 1.563844 19.985001 -0.983582
v 1.536534 19.449501 -1.077554
v 1.461922 19.057487 -1.334291
v 0.510000 16.789000 -0.801000
v 0.510000 16.789000 -1.311000
v 1.360000 20.912514 -1.251500
v 1.360000 20.520500 -0.934156
v 1.360000 19.985001 -0.818000
v 1.360000 19.449501 -0.934156
v 1.360000 19.057487 -1.251500
v 0.348053 17.987499 -1.438500
v 0.348053 16.542500 -1.438500
v 1.258078 20.912514 -1.334291
v 1.183466 20.520500 -1.077554
v 1.156156 19.985001 -0.983582
v 1.183466 19.449501 -1.077554
v 1.258078 19.057487 -1.334291
v 0.348053 17.987499 -1.251500
v 0.348053 16.542500 -1.251500
v 1.195087 20.912514 -1.551041
v 1.074362 20.520500 -1.452976
v 1.030174 19.985001 -1.417082
v 1.074362 19.449501 -1.452976
v 1.195087 19.057487 -1.551041
v 0.510000 17.987499 -1.158000
v 0.510000 16.542500 -1.158000
v 1.195087 20.912514 -1.818959
v 1.074362 20.520500 -1.917023
v 1.030174 19.985001 -1.952918
v 1.074362 19.449501 -1.917023
v 1.195087 19.057487 -1.818959
v 0.671947 17.987499 -1.251500
v 0.671947 16.542500 -1.251500
v 1.258078 20.912514 -2.035709
v 1.183466 20.520500 -2.292445
v 1.156156 19.985001 -2.386418
v 1.183466 19.449501 -2.292445
v 1.258078 19.057487 -2.035709
v 0.671947 17.987499 -1.438500
v 0.671947 16.542500 -1.438500
v 0.510000 17.987499 -1.532000
v 1.360000 20.520500 -2.435844
v 0.510000 16.542500 -1.532000
v 1.360000 19.449501 -2.435844
v -0.722500 21.718819 -2.771317
v -0.722500 21.284031 -2.504746
v 0.333331 16.686998 -0.801000
v -0.722500 19.951180 -4.678683
v -0.722500 20.385967 -4.945254
v 0.722500 21.284031 -2.504746
v 0.722500 21.718819 -2.771317
v 0.722500 19.951180 -4.678683
v 0.722500 20.385967 -4.945254
v -0.467500 21.666576 -4.310005
v -0.467500 21.985420 -4.505490
v -0.467500 21.044579 -5.324510
v -0.467500 21.363422 -5.519995
v 0.467500 21.666576 -4.310005
v 0.467500 21.985420 -4.505490
v 0.467500 21.044579 -5.324510
v 0.467500 21.363422 -5.519995
v -10.600000 9.820001 8.400000
v -10.082625 8.715000 8.989092
v -10.151940 8.375000 8.969385
v -10.341313 8.126102 8.915546
v -10.600000 8.035000 8.842000
v -10.098794 9.905000 8.817852
v -10.600000 7.780000 8.400000
v -10.341313 8.126102 8.768454
v -10.380169 9.683346 8.063044
v -10.219241 9.310000 7.816375
v -10.160337 8.800000 7.726089
v -10.219241 8.290000 7.816375
v -10.380169 7.916654 8.063044
v -10.151940 8.375000 8.714615
v -10.082625 8.715000 8.694908
v -10.244306 9.683346 8.271294
v -9.983918 9.310000 8.177075
v -9.888610 8.800000 8.142589
v -9.983918 8.290000 8.177075
v -10.244306 7.916654 8.271294
v -10.151940 9.055000 8.714615
v -10.341313 9.303898 8.768454
v -10.244306 9.683346 8.528706
v -9.983918 9.310000 8.622924
v -9.888610 8.800000 8.657411
v -9.983918 8.290000 8.622924
v -10.244306 7.916654 8.528706
v -10.600000 9.395000 8.842000
v -10.165942 9.641500 8.796034
v -10.380169 9.683346 8.736956
v -10.219241 9.310000 8.983624
v -10.160337 8.800000 9.073911
v -10.219241 8.290000 8.983624
v -10.380169 7.916654 8.736956
v -10.440123 9.303898 8.649454
v -10.323084 9.055000 8.508500
v -10.600000 9.683346 8.816500
v -10.600000 9.310000 9.121399
v -10.600000 8.800000 9.233000
v -10.600000 8.290000 9.121399
v -10.600000 7.916654 8.816500
v -10.280245 8.715000 8.456908
v -10.323084 8.375000 8.508500
v -10.819832 9.683346 8.736956
v -10.980760 9.310000 8.983624
v -11.039663 8.800000 9.073911
v -10.980760 8.290000 8.983624
v -10.819832 7.916654 8.736956
v -10.440123 8.126102 8.649454
v -10.349397 9.448605 8.736425
v -10.955695 9.683346 8.528706
v -11.216083 9.310000 8.622924
v -11.311391 8.800000 8.657411
v -11.216083 8.290000 8.622924
v -10.955695 7.916654 8.528706
v -10.600000 9.377999 8.655000
v -10.390162 10.149302 8.664453
v -10.955695 9.683346 8.271294
v -11.216083 9.310000 8.177075
v -11.311391 8.800000 8.142589
v -11.216083 8.290000 8.177075
v -10.955695 7.916654 8.271294
v -10.349397 9.448605 8.573574
v -10.165942 9.641500 8.513966
v -10.819832 9.683346 8.063044
v -10.980760 9.310000 7.816376
v -11.039664 8.800000 7.726089
v -10.980760 8.290000 7.816376
v -10.819832 7.916654 8.063044
v -10.098794 9.905000 8.492147
v -10.165942 10.168500 8.513966
v -10.600000 9.683346 7.983500
v -10.600000 9.310000 7.678601
v -10.600000 8.800000 7.566999
v -10.600000 8.290000 7.678601
v -10.600000 7.916654 7.983500
v -10.349397 10.361395 8.573574
v -10.151940 9.055000 8.969385
v -10.341313 9.303898 8.915546
v -10.600000 10.432000 8.655000
v -10.280245 8.715000 9.227092
v -10.323084 8.375000 9.175500
v -10.440123 8.126102 9.034546
v -10.600000 10.310065 9.073147
v -10.323084 9.055000 9.175500
v -10.440123 9.303898 9.034546
v -10.445119 10.361395 8.441824
v -10.600000 8.715000 9.318000
v -10.600000 8.375000 9.254229
v -10.600000 8.126102 9.080000
v -10.331738 10.168500 8.285769
v -10.600000 9.055000 9.254229
v -10.600000 9.303898 9.080000
v -10.290237 9.905000 8.228648
v -10.919756 8.715000 9.227092
v -10.876917 8.375000 9.175500
v -10.759878 8.126102 9.034546
v -10.331738 9.641500 8.285769
v -10.876917 9.055000 9.175500
v -10.759878 9.303898 9.034546
v -10.445119 9.448605 8.441824
v -11.117375 8.715000 8.989092
v -11.048060 8.375000 8.969385
v -10.858687 8.126102 8.915546
v -10.600000 10.216993 8.656291
v -11.048060 9.055000 8.969385
v -10.858687 9.303898 8.915546
v -10.634974 9.974633 10.487320
v -11.117375 8.715000 8.694908
v -11.048060 8.375000 8.714615
v -10.858687 8.126102 8.768454
v -10.600000 9.448605 8.391500
v -11.048060 9.055000 8.714615
v -10.858687 9.303898 8.768454
v -10.829824 10.027207 8.683050
v -10.919756 8.715000 8.456908
v -10.876917 8.375000 8.508500
v -10.759878 8.126102 8.649454
v -10.600000 9.905000 8.127999
v -10.876917 9.055000 8.508500
v -10.759878 9.303898 8.649454
v -10.656589 9.945097 10.490881
v -10.600000 8.715000 8.366000
v -10.600000 8.375000 8.429771
v -10.600000 8.126102 8.604000
v -10.600000 10.361395 8.391500
v -10.600000 9.055000 8.429771
v -10.600000 9.303898 8.604000
v -10.971864 9.833114 8.706454
v -10.165942 10.168500 8.796034
v -10.349397 10.361395 8.736425
v -10.656589 9.908588 10.495283
v -10.290237 9.905000 9.081351
v -10.331738 9.641500 9.024231
v -10.445119 9.448605 8.868176
v -10.971864 9.593200 8.735383
v -10.331738 10.168500 9.024231
v -10.445119 10.361395 8.868176
v -10.634974 9.879052 10.498844
v -10.600000 9.905000 9.182000
v -10.600000 9.641500 9.111395
v -10.600000 9.448605 8.918500
v -10.829824 9.399106 8.758787
v -10.600000 10.168500 9.111395
v -10.600000 10.361395 8.918500
v -10.600000 9.867771 10.500205
v -10.909763 9.905000 9.081351
v -10.868263 9.641500 9.024231
v -10.754882 9.448605 8.868176
v -10.600000 9.324968 8.767726
v -10.868263 10.168500 9.024231
v -10.754882 10.361395 8.868176
v -10.565027 9.879052 10.498844
v -11.101207 9.905000 8.817852
v -11.034059 9.641500 8.796034
v -10.850604 9.448605 8.736425
v -10.370176 9.399106 8.758787
v -11.034059 10.168500 8.796034
v -10.850604 10.361395 8.736425
v -10.543412 9.908588 10.495283
v -11.101207 9.905000 8.492147
v -11.034059 9.641500 8.513966
v -10.850604 9.448605 8.573574
v -10.228137 9.593200 8.735383
v -11.034059 10.168500 8.513966
v -10.850604 10.361395 8.573574
v -10.543412 9.945097 10.490881
v -10.909763 9.905000 8.228648
v -10.868263 9.641500 8.285769
v -10.754882 9.448605 8.441824
v -10.228137 9.833114 8.706454
v -10.868263 10.168500 8.285769
v -10.754882 10.361395 8.441824
v -10.565027 9.974633 10.487320
v -10.370176 10.027207 8.683050
v -10.600000 9.641500 8.198605
v -10.600000 9.985915 10.485959
v -10.600000 10.101345 8.674111
v -10.600000 10.168500 8.198605
v -10.906000 10.262000 8.910000
v -10.940000 10.189751 9.012000
v -10.365180 10.234317 9.082280
v -10.260473 9.972086 8.685822
v -10.220054 10.036003 9.106193
v -10.260473 9.753035 8.712234
v -10.220054 9.790874 9.135751
v -10.390162 9.575819 8.733603
v -10.365180 9.592561 9.159663
v -10.600000 9.508128 8.741765
v -10.600000 9.516811 9.168797
v -10.809839 9.575819 8.733603
v -10.834821 9.592561 9.159663
v -10.939528 9.753035 8.712234
v -10.979947 9.790874 9.135751
v -10.939528 9.972086 8.685822
v -10.979947 10.036003 9.106193
v -10.809839 10.149302 8.664453
v -10.834821 10.234317 9.082280
v -10.600000 9.802022 10.126729
v -10.600000 9.751634 10.560884
v -10.497824 9.760003 10.131796
v -10.569948 9.739275 10.562374
v -10.455501 9.658561 10.144028
v -10.557501 9.709439 10.565971
v -10.497824 9.557119 10.156260
v -10.569948 9.679603 10.569569
v -10.600000 9.515100 10.161326
v -10.600000 9.667245 10.571059
v -10.702177 9.557119 10.156260
v -10.630053 9.679603 10.569569
v -10.744500 9.658561 10.144028
v -10.642500 9.709439 10.565971
v -10.702177 9.760003 10.131796
v -10.630053 9.739275 10.562374
v -10.940000 10.166100 9.069099
v -10.940000 10.109000 9.092751
v -10.940000 10.051901 9.069099
v -10.906000 9.956000 8.910000
v -10.940000 10.028250 9.012000
v -10.842409 10.232780 8.846409
v -10.803108 10.156280 8.807108
v -10.803108 10.061721 8.807108
v -10.842409 9.985221 8.846409
v -11.280000 9.377999 8.357500
v -10.890551 10.051901 9.040549
v -10.816069 10.232780 8.910000
v -10.760489 10.156280 8.910000
v -10.760489 10.061721 8.910000
v -10.816069 9.985221 8.910000
v -10.870068 10.109000 9.052375
v -10.890551 10.166100 9.040549
v -10.842409 10.232780 8.973591
v -10.803108 10.156280 9.012892
v -10.803108 10.061721 9.012892
v -10.842409 9.985221 8.973591
v -10.943335 7.193500 8.544500
v -11.229039 9.306256 8.182146
v -10.906000 10.232780 8.999931
v -10.906000 10.156280 9.055511
v -10.906000 10.061721 9.055511
v -10.906000 9.985221 8.999931
v -10.890551 10.166100 8.983451
v -10.870068 10.109000 8.971625
v -10.969591 10.232780 8.973591
v -11.008892 10.156280 9.012892
v -11.008892 10.061721 9.012892
v -10.969591 9.985221 8.973591
v -10.890551 10.051901 8.983451
v -11.191732 9.110250 8.053778
v -10.995932 10.232780 8.910000
v -11.051512 10.156280 8.910000
v -11.051512 10.061721 8.910000
v -10.995932 9.985221 8.910000
v -11.178078 8.842500 8.006791
v -10.940000 10.051901 8.954901
v -10.969591 10.232780 8.846409
v -11.008892 10.156280 8.807108
v -11.008892 10.061721 8.807108
v -10.969591 9.985221 8.846409
v -10.940000 10.109000 8.931250
v -10.940000 10.166100 8.954901
v -10.906000 10.232780 8.820068
v -10.906000 10.156280 8.764488
v -10.906000 10.061721 8.764488
v -10.906000 9.985221 8.820068
v -11.191732 8.574750 8.053778
v -11.229039 8.378743 8.182146
v -10.989449 10.166100 9.040549
v -11.009932 10.109000 9.052375
v -10.989449 10.051901 9.040549
v -11.280000 8.307000 8.357500
v -10.943335 7.091500 8.799500
v -10.989449 10.166100 8.983451
v -11.009932 10.109000 8.971625
v -10.989449 10.051901 8.983451
v -11.280000 8.378743 8.140750
v -10.943335 7.091500 8.544500
v -11.280000 8.842500 7.924000
v -10.855000 7.040500 8.799500
v -11.280000 9.306256 8.140750
v -10.855000 7.040500 8.544500
v -11.197543 9.306256 8.290521
v -11.137180 9.110250 8.241488
v -11.115087 8.842500 8.223541
v -11.137180 8.574750 8.241488
v -11.197543 8.378743 8.290521
v -10.766665 7.091500 8.799500
v -10.766665 7.091500 8.544500
v -11.197543 9.306256 8.424479
v -11.137180 9.110250 8.473512
v -11.115087 8.842500 8.491459
v -11.137180 8.574750 8.473512
v -11.197543 8.378743 8.424479
v -10.766665 7.193500 8.799500
v -10.766665 7.193500 8.544500
v -11.229039 9.306256 8.532854
v -11.191732 9.110250 8.661222
v -11.178078 8.842500 8.708209
v -11.191732 8.574750 8.661222
v -11.229039 8.378743 8.532854
v -10.855000 7.244500 8.799500
v -10.855000 7.244500 8.544500
v -11.280000 9.306256 8.574250
v -11.280000 9.110250 8.732922
v -11.280000 8.842500 8.791000
v -11.280000 8.574750 8.732922
v -11.280000 8.378743 8.574250
v -10.935973 7.843750 8.480750
v -10.935973 7.121250 8.480750
v -11.330960 9.306256 8.532854
v -11.368267 9.110250 8.661222
v -11.381922 8.842500 8.708209
v -11.368267 8.574750 8.661222
v -11.330960 8.378743 8.532854
v -10.935973 7.843750 8.574250
v -10.935973 7.121250 8.574250
v -11.362456 9.306256 8.424479
v -11.422819 9.110250 8.473512
v -11.444913 8.842500 8.491459
v -11.422819 8.574750 8.473512
v -11.362456 8.378743 8.424479
v -10.855000 7.843750 8.621000
v -10.855000 7.121250 8.621000
v -11.362456 9.306256 8.290521
v -11.422819 9.110250 8.241488
v -11.444913 8.842500 8.223541
v -11.422819 8.574750 8.241488
v -11.362456 8.378743 8.290521
v -10.774026 7.843750 8.574250
v -10.774026 7.121250 8.574250
v -11.330960 9.306256 8.182146
v -11.368267 9.110250 8.053778
v -11.381922 8.842500 8.006791
v -11.368267 8.574750 8.053778
v -11.330960 8.378743 8.182146
v -10.774026 7.843750 8.480750
v -10.774026 7.121250 8.480750
v -10.855000 7.843750 8.434000
v -11.280000 9.110250 7.982078
v -10.855000 7.121250 8.434000
v -11.280000 8.574750 7.982078
v -10.260000 10.189751 9.012000
v -10.294000 10.262000 8.910000
v -10.943335 7.193500 8.799500
v -10.260000 10.166100 9.069099
v -10.260000 10.109000 9.092751
v -10.260000 10.051901 9.069099
v -10.294000 9.956000 8.910000
v -10.230409 10.232780 8.846409
v -10.260000 10.028250 9.012000
v -10.191108 10.156280 8.807108
v -10.191108 10.061721 8.807108
v -10.230409 9.985221 8.846409
v -9.920000 9.377999 8.357500
v -10.204068 10.232780 8.910000
v -10.210551 10.051901 9.040549
v -10.148488 10.156280 8.910000
v -10.148488 10.061721 8.910000
v -10.204068 9.985221 8.910000
v -10.190068 10.109000 9.052375
v -10.230409 10.232780 8.973591
v -10.210551 10.166100 9.040549
v -10.191108 10.156280 9.012892
v -10.191108 10.061721 9.012892
v -10.230409 9.985221 8.973591
v -10.433335 7.193500 8.544500
v -10.294000 10.232780 8.999931
v -9.869040 9.306256 8.182146
v -10.294000 10.156280 9.055511
v -10.294000 10.061721 9.055511
v -10.294000 9.985221 8.999931
v -10.210551 10.166100 8.983451
v -10.357591 10.232780 8.973591
v -10.190068 10.109000 8.971625
v -10.396892 10.156280 9.012892
v -10.396892 10.061721 9.012892
v -10.357591 9.985221 8.973591
v -10.210551 10.051901 8.983451
v -10.383931 10.232780 8.910000
v -9.831733 9.110250 8.053778
v -10.439511 10.156280 8.910000
v -10.439511 10.061721 8.910000
v -10.383931 9.985221 8.910000
v -9.818078 8.842500 8.006791
v -10.357591 10.232780 8.846409
v -10.260000 10.051901 8.954901
v -10.396892 10.156280 8.807108
v -10.396892 10.061721 8.807108
v -10.357591 9.985221 8.846409
v -10.260000 10.109000 8.931250
v -10.294000 10.232780 8.820068
v -10.260000 10.166100 8.954901
v -10.294000 10.156280 8.764488
v -10.294000 10.061721 8.764488
v -10.294000 9.985221 8.820068
v -9.831733 8.574750 8.053778
v -9.869040 8.378743 8.182146
v -10.309449 10.166100 9.040549
v -10.329932 10.109000 9.052375
v -10.309449 10.051901 9.040549
v -9.920000 8.307000 8.357500
v -10.433335 7.091500 8.799500
v -10.309449 10.166100 8.983451
v -10.329932 10.109000 8.971625
v -10.309449 10.051901 8.983451
v -9.920000 8.378743 8.140750
v -10.433335 7.091500 8.544500
v -9.920000 8.842500 7.924000
v -10.345000 7.040500 8.799500
v -9.920000 9.306256 8.140750
v -10.345000 7.040500 8.544500
v -9.837543 9.306256 8.290521
v -9.777181 9.110250 8.241488
v -9.755087 8.842500 8.223541
v -9.777181 8.574750 8.241488
v -9.837543 8.378743 8.290521
v -10.256665 7.091500 8.799500
v -10.256665 7.091500 8.544500
v -9.837543 9.306256 8.424479
v -9.777181 9.110250 8.473512
v -9.755087 8.842500 8.491459
v -9.777181 8.574750 8.473512
v -9.837543 8.378743 8.424479
v -10.256665 7.193500 8.799500
v -10.256665 7.193500 8.544500
v -9.869040 9.306256 8.532854
v -9.831733 9.110250 8.661222
v -9.818078 8.842500 8.708209
v -9.831733 8.574750 8.661222
v -9.869040 8.378743 8.532854
v -10.345000 7.244500 8.799500
v -10.345000 7.244500 8.544500
v -9.920000 9.306256 8.574250
v -9.920000 9.110250 8.732922
v -9.920000 8.842500 8.791000
v -9.920000 8.574750 8.732922
v -9.920000 8.378743 8.574250
v -10.425974 7.843750 8.480750
v -10.425974 7.121250 8.480750
v -9.970961 9.306256 8.532854
v -10.008267 9.110250 8.661222
v -10.021922 8.842500 8.708209
v -10.008267 8.574750 8.661222
v -9.970961 8.378743 8.532854
v -10.425974 7.843750 8.574250
v -10.425974 7.121250 8.574250
v -10.002457 9.306256 8.424479
v -10.062819 9.110250 8.473512
v -10.084913 8.842500 8.491459
v -10.062819 8.574750 8.473512
v -10.002457 8.378743 8.424479
v -10.345000 7.843750 8.621000
v -10.345000 7.121250 8.621000
v -10.002457 9.306256 8.290521
v -10.062819 9.110250 8.241488
v -10.084913 8.842500 8.223541
v -10.062819 8.574750 8.241488
v -10.002457 8.378743 8.290521
v -10.264027 7.843750 8.574250
v -10.264027 7.121250 8.574250
v -9.970961 9.306256 8.182146
v -10.008267 9.110250 8.053778
v -10.021922 8.842500 8.006791
v -10.008267 8.574750 8.053778
v -9.970961 8.378743 8.182146
v -10.264027 7.843750 8.480750
v -10.264027 7.121250 8.480750
v -10.345000 7.843750 8.434000
v -9.920000 9.110250 7.982078
v -10.345000 7.121250 8.434000
v -9.920000 8.574750 7.982078
v -10.961250 9.709410 7.814342
v -10.961250 9.492016 7.947627
v -10.433335 7.193500 8.799500
v -10.961250 8.825590 6.860658
v -10.961250 9.042984 6.727373
v -10.238750 9.492016 7.947627
v -10.238750 9.709410 7.814342
v -10.238750 8.825590 6.860658
v -10.238750 9.042984 6.727373
v -10.833751 9.683289 7.044997
v -10.833751 9.842710 6.947255
v -10.833751 9.372290 6.537745
v -10.833751 9.531712 6.440002
v -10.366250 9.683289 7.044997
v -10.366250 9.842710 6.947255
v -10.366250 9.372290 6.537745
v -10.366250 9.531712 6.440002
v -11.900001 7.300000 8.599999
v -11.900001 6.900000 8.599999
v -10.600000 0.000000 8.059999
v -10.600000 7.200000 8.059999
v -10.359584 0.000000 8.159583
v -10.359584 7.200000 8.159583
v -10.260000 0.000000 8.400000
v -10.260000 7.200000 8.400000
v -10.359584 0.000000 8.640416
v -10.359584 7.200000 8.640416
v -10.600000 0.000000 8.740000
v -10.600000 7.200000 8.740000
v -10.840417 0.000000 8.640416
v -10.840417 7.200000 8.640416
v -10.940001 0.000000 8.400000
v -10.940001 7.200000 8.400000
v -10.840417 0.000000 8.159583
v -10.840417 7.200000 8.159583
v -11.900001 6.900000 8.200000
v -11.900001 7.300000 8.200000
v -9.300000 6.900000 8.599999
v -9.300000 7.300000 8.599999
v -9.300000 6.900000 8.200000
v -9.300000 7.300000 8.200000
v -16.293659 0.000000 15.337948
v -16.293659 1.540000 15.337948
v -16.837948 0.000000 13.206341
v -16.837948 1.540000 13.206341
v -14.162052 0.000000 14.793659
v -14.162052 1.540000 14.793659
v -14.706341 0.000000 12.662052
v -14.706341 1.540000 12.662052
v -16.325405 0.252000 15.391466
v -16.325405 0.452000 15.391466
v -16.891466 0.252000 13.174594
v -16.891466 0.452000 13.174594
v -14.108534 0.252000 14.825406
v -14.108534 0.452000 14.825406
v -14.674594 0.252000 12.608534
v -14.674594 0.452000 12.608534
v -16.325405 1.176000 15.391466
v -16.325405 1.376000 15.391466
v -16.891466 1.176000 13.174594
v -16.891466 1.376000 13.174594
v -14.108534 1.176000 14.825406
v -14.108534 1.376000 14.825406
v -14.674594 1.176000 12.608534
v -14.674594 1.376000 12.608534
v -16.115999 2.260000 14.616000
v -16.115999 2.179787 14.369130
v -16.115999 1.969787 14.216557
v -16.115999 1.710213 14.216557
v -16.115999 1.500213 14.369130
v -16.115999 1.420000 14.616000
v -14.709436 1.500213 14.713563
v -15.941436 2.179787 14.441437
v -15.833549 1.969787 14.333550
v -15.833549 1.710213 14.333550
v -15.941436 1.500213 14.441437
v -14.884000 1.420000 14.539000
v -15.864436 1.500213 13.558563
v -15.869129 2.179787 14.616000
v -15.716556 1.969787 14.616000
v -15.716556 1.710213 14.616000
v -15.869129 1.500213 14.616000
v -14.637130 1.500213 14.539000
v -14.484556 1.710213 14.539000
v -15.941436 2.179787 14.790564
v -15.833549 1.969787 14.898450
v -15.833549 1.710213 14.898450
v -15.941436 1.500213 14.790564
v -14.484556 1.969787 14.539000
v -14.637130 2.179787 14.539000
v -16.115999 2.179787 14.862870
v -16.115999 1.969787 15.015444
v -16.115999 1.710213 15.015444
v -16.115999 1.500213 14.862870
v -14.884000 2.260000 14.539000
v -16.039000 1.420000 13.384000
v -16.290562 2.179787 14.790564
v -16.398449 1.969787 14.898450
v -16.398449 1.710213 14.898450
v -16.290562 1.500213 14.790564
v -14.709436 2.179787 14.364436
v -14.601550 1.969787 14.256550
v -16.362869 2.179787 14.616000
v -16.515444 1.969787 14.616000
v -16.515444 1.710213 14.616000
v -16.362869 1.500213 14.616000
v -14.601550 1.710213 14.256550
v -14.709436 1.500213 14.364436
v -16.290562 2.179787 14.441437
v -16.398449 1.969787 14.333550
v -16.398449 1.710213 14.333550
v -16.290562 1.500213 14.441437
v -14.678637 1.500213 13.527763
v -15.792130 1.500213 13.384000
v -14.884000 1.500213 14.292130
v -14.884000 1.710213 14.139556
v -14.884000 1.969787 14.139556
v -14.884000 2.179787 14.292130
v -15.639556 1.710213 13.384000
v -14.601550 1.710213 14.821449
v -14.601550 1.969787 14.821449
v -14.709436 2.179787 14.713563
v -15.639556 1.969787 13.384000
v -14.884000 1.500213 14.785870
v -15.792130 2.179787 13.384000
v -14.884000 1.710213 14.938443
v -14.884000 1.969787 14.938443
v -14.884000 2.179787 14.785870
v -16.039000 2.260000 13.384000
v -15.058563 1.500213 14.713563
v -14.853200 1.420000 13.353200
v -15.166450 1.710213 14.821449
v -15.166450 1.969787 14.821449
v -15.058563 2.179787 14.713563
v -15.864436 2.179787 13.209436
v -15.130870 1.500213 14.539000
v -15.756550 1.969787 13.101550
v -15.283443 1.710213 14.539000
v -15.283443 1.969787 14.539000
v -15.130870 2.179787 14.539000
v -15.756550 1.710213 13.101550
v -15.058563 1.500213 14.364436
v -15.864436 1.500213 13.209436
v -15.166450 1.710213 14.256550
v -15.166450 1.969787 14.256550
v -15.058563 2.179787 14.364436
v -15.325437 1.500213 14.174563
v -14.606330 1.500213 13.353200
v -16.039000 1.500213 13.137130
v -16.039000 1.710213 12.984556
v -16.039000 1.969787 12.984556
v -16.039000 2.179787 13.137130
v -14.453756 1.710213 13.353200
v -15.756550 1.710213 13.666450
v -15.756550 1.969787 13.666450
v -15.864436 2.179787 13.558563
v -14.453756 1.969787 13.353200
v -16.039000 1.500213 13.630870
v -14.606330 2.179787 13.353200
v -16.039000 1.710213 13.783443
v -16.039000 1.969787 13.783443
v -16.039000 2.179787 13.630870
v -14.853200 2.260000 13.353200
v -16.213562 1.500213 13.558563
v -15.500000 1.420000 14.000000
v -16.321449 1.710213 13.666450
v -16.321449 1.969787 13.666450
v -16.213562 2.179787 13.558563
v -14.678637 2.179787 13.178637
v -16.285870 1.500213 13.384000
v -14.570750 1.969787 13.070750
v -16.438444 1.710213 13.384000
v -16.438444 1.969787 13.384000
v -16.285870 2.179787 13.384000
v -14.570750 1.710213 13.070750
v -16.213562 1.500213 13.209436
v -14.678637 1.500213 13.178637
v -16.321449 1.710213 13.101550
v -16.321449 1.969787 13.101550
v -16.213562 2.179787 13.209436
v -13.497618 1.144000 16.373392
v -15.253130 1.500213 14.000000
v -14.853200 1.500213 13.106330
v -14.853200 1.710213 12.953756
v -14.853200 1.969787 12.953756
v -14.853200 2.179787 13.106330
v -15.100556 1.710213 14.000000
v -14.570750 1.710213 13.635650
v -14.570750 1.969787 13.635650
v -14.678637 2.179787 13.527763
v -15.100556 1.969787 14.000000
v -14.853200 1.500213 13.600070
v -15.253130 2.179787 14.000000
v -14.853200 1.710213 13.752644
v -14.853200 1.969787 13.752644
v -14.853200 2.179787 13.600070
v -15.500000 2.260000 14.000000
v -15.027763 1.500213 13.527763
v -13.497618 0.944000 16.373392
v -15.135650 1.710213 13.635650
v -15.135650 1.969787 13.635650
v -15.027763 2.179787 13.527763
v -15.325437 2.179787 13.825437
v -15.100070 1.500213 13.353200
v -15.217550 1.969787 13.717550
v -15.252644 1.710213 13.353200
v -15.252644 1.969787 13.353200
v -15.100070 2.179787 13.353200
v -15.217550 1.710213 13.717550
v -15.027763 1.500213 13.178637
v -15.325437 1.500213 13.825437
v -15.135650 1.710213 13.070750
v -15.135650 1.969787 13.070750
v -15.027763 2.179787 13.178637
v -14.226608 1.144000 18.097618
v -14.226608 0.944000 18.097618
v -15.500000 1.500213 13.753130
v -15.500000 1.710213 13.600556
v -15.500000 1.969787 13.600556
v -15.500000 2.179787 13.753130
v -11.773392 0.388000 17.102383
v -15.217550 1.710213 14.282450
v -15.217550 1.969787 14.282450
v -15.325437 2.179787 14.174563
v -11.773392 0.188000 17.102383
v -15.500000 1.500213 14.246870
v -12.502382 0.388000 18.826609
v -15.500000 1.710213 14.399444
v -15.500000 1.969787 14.399444
v -15.500000 2.179787 14.246870
v -12.502382 0.188000 18.826609
v -15.674563 1.500213 14.174563
v -13.497618 0.388000 16.373392
v -15.782450 1.710213 14.282450
v -15.782450 1.969787 14.282450
v -15.674563 2.179787 14.174563
v -13.497618 0.188000 16.373392
v -15.746870 1.500213 14.000000
v -14.226608 0.388000 18.097618
v -15.899444 1.710213 14.000000
v -15.899444 1.969787 14.000000
v -15.746870 2.179787 14.000000
v -14.226608 0.188000 18.097618
v -15.674563 1.500213 13.825437
v -11.820568 1.260000 17.121523
v -15.782450 1.710213 13.717550
v -15.782450 1.969787 13.717550
v -15.674563 2.179787 13.825437
v -11.820568 0.000000 17.121523
v -12.521522 1.260000 18.779432
v -12.521522 0.000000 18.779432
v -13.478478 1.260000 16.420568
v -13.478478 0.000000 16.420568
v -14.179432 1.260000 18.078478
v -14.179432 0.000000 18.078478
v -12.502382 0.944000 18.826609
v -12.502382 1.144000 18.826609
v -11.773392 0.944000 17.102383
v -11.773392 1.144000 17.102383
v -13.504000 1.980000 18.104000
v -13.504000 1.899787 17.857130
v -13.504000 1.689787 17.704556
v -13.504000 1.430213 17.704556
v -13.504000 1.220213 17.857130
v -13.504000 1.140000 18.104000
v -12.321437 1.220213 18.215563
v -13.329436 1.899787 17.929438
v -13.221550 1.689787 17.821550
v -13.221550 1.430213 17.821550
v -13.329436 1.220213 17.929438
v -12.496000 1.140000 18.041000
v -13.266437 1.220213 17.270563
v -13.257130 1.899787 18.104000
v -13.104556 1.689787 18.104000
v -13.104556 1.430213 18.104000
v -13.257130 1.220213 18.104000
v -12.249130 1.220213 18.041000
v -12.096557 1.430213 18.041000
v -13.329436 1.899787 18.278563
v -13.221550 1.689787 18.386450
v -13.221550 1.430213 18.386450
v -13.329436 1.220213 18.278563
v -12.096557 1.689787 18.041000
v -12.249130 1.899787 18.041000
v -13.504000 1.899787 18.350870
v -13.504000 1.689787 18.503445
v -13.504000 1.430213 18.503445
v -13.504000 1.220213 18.350870
v -12.496000 1.980000 18.041000
v -13.441000 1.140000 17.096001
v -13.678563 1.899787 18.278563
v -13.786449 1.689787 18.386450
v -13.786449 1.430213 18.386450
v -13.678563 1.220213 18.278563
v -12.321437 1.899787 17.866438
v -12.213551 1.689787 17.758551
v -13.750870 1.899787 18.104000
v -13.903443 1.689787 18.104000
v -13.903443 1.430213 18.104000
v -13.750870 1.220213 18.104000
v -12.213551 1.430213 17.758551
v -12.321437 1.220213 17.866438
v -13.678563 1.899787 17.929438
v -13.786449 1.689787 17.821550
v -13.786449 1.430213 17.821550
v -13.678563 1.220213 17.929438
v -12.296237 1.220213 17.245363
v -13.194130 1.220213 17.096001
v -12.496000 1.220213 17.794130
v -12.496000 1.430213 17.641556
v -12.496000 1.689787 17.641556
v -12.496000 1.899787 17.794130
v -13.041556 1.430213 17.096001
v -12.213551 1.430213 18.323450
v -12.213551 1.689787 18.323450
v -12.321437 1.899787 18.215563
v -13.041556 1.689787 17.096001
v -12.496000 1.220213 18.287870
v -13.194130 1.899787 17.096001
v -12.496000 1.430213 18.440445
v -12.496000 1.689787 18.440445
v -12.496000 1.899787 18.287870
v -13.441000 1.980000 17.096001
v -12.670564 1.220213 18.215563
v -12.470800 1.140000 17.070801
v -12.778450 1.430213 18.323450
v -12.778450 1.689787 18.323450
v -12.670564 1.899787 18.215563
v -13.266437 1.899787 16.921438
v -12.742870 1.220213 18.041000
v -13.158550 1.689787 16.813551
v -12.895444 1.430213 18.041000
v -12.895444 1.689787 18.041000
v -12.742870 1.899787 18.041000
v -13.158550 1.430213 16.813551
v -12.670564 1.220213 17.866438
v -13.266437 1.220213 16.921438
v -12.778450 1.430213 17.758551
v -12.778450 1.689787 17.758551
v -12.670564 1.899787 17.866438
v -12.825437 1.220213 17.774563
v -12.223930 1.220213 17.070801
v -13.441000 1.220213 16.849131
v -13.441000 1.430213 16.696556
v -13.441000 1.689787 16.696556
v -13.441000 1.899787 16.849131
v -12.071357 1.430213 17.070801
v -13.158550 1.430213 17.378450
v -13.158550 1.689787 17.378450
v -13.266437 1.899787 17.270563
v -12.071357 1.689787 17.070801
v -13.441000 1.220213 17.342871
v -12.223930 1.899787 17.070801
v -13.441000 1.430213 17.495445
v -13.441000 1.689787 17.495445
v -13.441000 1.899787 17.342871
v -12.470800 1.980000 17.070801
v -13.615563 1.220213 17.270563
v -13.000000 1.140000 17.600000
v -13.723450 1.430213 17.378450
v -13.723450 1.689787 17.378450
v -13.615563 1.899787 17.270563
v -12.296237 1.899787 16.896238
v -13.687870 1.220213 17.096001
v -12.188351 1.689787 16.788351
v -13.840444 1.430213 17.096001
v -13.840444 1.689787 17.096001
v -13.687870 1.899787 17.096001
v -12.188351 1.430213 16.788351
v -13.615563 1.220213 16.921438
v -12.296237 1.220213 16.896238
v -13.723450 1.430213 16.813551
v -13.723450 1.689787 16.813551
v -13.615563 1.899787 16.921438
v 14.106081 1.376000 12.051525
v -12.753130 1.220213 17.600000
v -12.470800 1.220213 16.823931
v -12.470800 1.430213 16.671356
v -12.470800 1.689787 16.671356
v -12.470800 1.899787 16.823931
v -12.600556 1.430213 17.600000
v -12.188351 1.430213 17.353251
v -12.188351 1.689787 17.353251
v -12.296237 1.899787 17.245363
v -12.600556 1.689787 17.600000
v -12.470800 1.220213 17.317671
v -12.753130 1.899787 17.600000
v -12.470800 1.430213 17.470245
v -12.470800 1.689787 17.470245
v -12.470800 1.899787 17.317671
v -13.000000 1.980000 17.600000
v -12.645364 1.220213 17.245363
v 14.106081 1.176000 12.051525
v -12.753250 1.430213 17.353251
v -12.753250 1.689787 17.353251
v -12.645364 1.899787 17.245363
v -12.825437 1.899787 17.425438
v -12.717670 1.220213 17.070801
v -12.717550 1.689787 17.317551
v -12.870244 1.430213 17.070801
v -12.870244 1.689787 17.070801
v -12.717670 1.899787 17.070801
v -12.717550 1.430213 17.317551
v -12.645364 1.220213 16.896238
v -12.825437 1.220213 17.425438
v -12.753250 1.430213 16.788351
v -12.753250 1.689787 16.788351
v -12.645364 1.899787 16.896238
v 13.651525 1.376000 14.293919
v 13.651525 1.176000 14.293919
v -13.000000 1.220213 17.353130
v -13.000000 1.430213 17.200556
v -13.000000 1.689787 17.200556
v -13.000000 1.899787 17.353130
v 16.348475 0.452000 12.506081
v -12.717550 1.430213 17.882450
v -12.717550 1.689787 17.882450
v -12.825437 1.899787 17.774563
v 16.348475 0.252000 12.506081
v -13.000000 1.220213 17.846870
v 15.893919 0.452000 14.748474
v -13.000000 1.430213 17.999445
v -13.000000 1.689787 17.999445
v -13.000000 1.899787 17.846870
v 15.893919 0.252000 14.748474
v -13.174563 1.220213 17.774563
v 14.106081 0.452000 12.051525
v -13.282450 1.430213 17.882450
v -13.282450 1.689787 17.882450
v -13.174563 1.899787 17.774563
v 14.106081 0.252000 12.051525
v -13.246870 1.220213 17.600000
v 13.651525 0.452000 14.293919
v -13.399444 1.430213 17.600000
v -13.399444 1.689787 17.600000
v -13.246870 1.899787 17.600000
v 13.651525 0.252000 14.293919
v -13.174563 1.220213 17.425438
v 16.296610 1.540000 12.540462
v -13.282450 1.430213 17.317551
v -13.282450 1.689787 17.317551
v -13.174563 1.899787 17.425438
v 16.296610 0.000000 12.540462
v 15.859537 1.540000 14.696609
v 15.859537 0.000000 14.696609
v 14.140463 1.540000 12.103390
v 14.140463 0.000000 12.103390
v 13.703390 1.540000 14.259537
v 13.703390 0.000000 14.259537
v 15.893919 1.176000 14.748474
v 15.893919 1.376000 14.748474
v 16.348475 1.176000 12.506081
v 16.348475 1.376000 12.506081
v 14.384000 2.260000 14.016000
v 14.384000 2.179787 13.769130
v 14.384000 1.969787 13.616556
v 14.384000 1.710213 13.616556
v 14.384000 1.500213 13.769130
v 14.384000 1.420000 14.016000
v 15.790564 1.500213 14.113564
v 14.558563 2.179787 13.841436
v 14.666450 1.969787 13.733550
v 14.666450 1.710213 13.733550
v 14.558563 1.500213 13.841436
v 15.616000 1.420000 13.939000
v 14.635564 1.500213 12.958564
v 14.630870 2.179787 14.016000
v 14.783443 1.969787 14.016000
v 14.783443 1.710213 14.016000
v 14.630870 1.500213 14.016000
v 15.862870 1.500213 13.939000
v 16.015444 1.710213 13.939000
v 14.558563 2.179787 14.190563
v 14.666450 1.969787 14.298450
v 14.666450 1.710213 14.298450
v 14.558563 1.500213 14.190563
v 16.015444 1.969787 13.939000
v 15.862870 2.179787 13.939000
v 14.384000 2.179787 14.262870
v 14.384000 1.969787 14.415443
v 14.384000 1.710213 14.415443
v 14.384000 1.500213 14.262870
v 15.616000 2.260000 13.939000
v 14.461000 1.420000 12.784000
v 14.209436 2.179787 14.190563
v 14.101550 1.969787 14.298450
v 14.101550 1.710213 14.298450
v 14.209436 1.500213 14.190563
v 15.790564 2.179787 13.764437
v 15.898450 1.969787 13.656550
v 14.137130 2.179787 14.016000
v 13.984556 1.969787 14.016000
v 13.984556 1.710213 14.016000
v 14.137130 1.500213 14.016000
v 15.898450 1.710213 13.656550
v 15.790564 1.500213 13.764437
v 14.209436 2.179787 13.841436
v 14.101550 1.969787 13.733550
v 14.101550 1.710213 13.733550
v 14.209436 1.500213 13.841436
v 15.821363 1.500213 12.927763
v 14.707870 1.500213 12.784000
v 15.616000 1.500213 13.692130
v 15.616000 1.710213 13.539557
v 15.616000 1.969787 13.539557
v 15.616000 2.179787 13.692130
v 14.860444 1.710213 12.784000
v 15.898450 1.710213 14.221450
v 15.898450 1.969787 14.221450
v 15.790564 2.179787 14.113564
v 14.860444 1.969787 12.784000
v 15.616000 1.500213 14.185870
v 14.707870 2.179787 12.784000
v 15.616000 1.710213 14.338444
v 15.616000 1.969787 14.338444
v 15.616000 2.179787 14.185870
v 14.461000 2.260000 12.784000
v 15.441437 1.500213 14.113564
v 15.646800 1.420000 12.753200
v 15.333550 1.710213 14.221450
v 15.333550 1.969787 14.221450
v 15.441437 2.179787 14.113564
v 14.635564 2.179787 12.609437
v 15.369130 1.500213 13.939000
v 14.743450 1.969787 12.501551
v 15.216557 1.710213 13.939000
v 15.216557 1.969787 13.939000
v 15.369130 2.179787 13.939000
v 14.743450 1.710213 12.501551
v 15.441437 1.500213 13.764437
v 14.635564 1.500213 12.609437
v 15.333550 1.710213 13.656550
v 15.333550 1.969787 13.656550
v 15.441437 2.179787 13.764437
v 15.174563 1.500213 13.574563
v 15.893670 1.500213 12.753200
v 14.461000 1.500213 12.537130
v 14.461000 1.710213 12.384557
v 14.461000 1.969787 12.384557
v 14.461000 2.179787 12.537130
v 16.046244 1.710213 12.753200
v 14.743450 1.710213 13.066450
v 14.743450 1.969787 13.066450
v 14.635564 2.179787 12.958564
v 16.046244 1.969787 12.753200
v 14.461000 1.500213 13.030870
v 15.893670 2.179787 12.753200
v 14.461000 1.710213 13.183444
v 14.461000 1.969787 13.183444
v 14.461000 2.179787 13.030870
v 15.646800 2.260000 12.753200
v 14.286437 1.500213 12.958564
v 15.000000 1.420000 13.400000
v 14.178551 1.710213 13.066450
v 14.178551 1.969787 13.066450
v 14.286437 2.179787 12.958564
v 15.821363 2.179787 12.578636
v 14.214130 1.500213 12.784000
v 15.929250 1.969787 12.470750
v 14.061557 1.710213 12.784000
v 14.061557 1.969787 12.784000
v 14.214130 2.179787 12.784000
v 15.929250 1.710213 12.470750
v 14.286437 1.500213 12.609437
v 15.821363 1.500213 12.578636
v 14.178551 1.710213 12.501551
v 14.178551 1.969787 12.501551
v 14.286437 2.179787 12.609437
v 15.929841 1.144000 17.027325
v 15.246870 1.500213 13.400000
v 15.646800 1.500213 12.506330
v 15.646800 1.710213 12.353756
v 15.646800 1.969787 12.353756
v 15.646800 2.179787 12.506330
v 15.399444 1.710213 13.400000
v 15.929250 1.710213 13.035649
v 15.929250 1.969787 13.035649
v 15.821363 2.179787 12.927763
v 15.399444 1.969787 13.400000
v 15.646800 1.500213 13.000070
v 15.246870 2.179787 13.400000
v 15.646800 1.710213 13.152643
v 15.646800 1.969787 13.152643
v 15.646800 2.179787 13.000070
v 15.000000 2.260000 13.400000
v 15.472237 1.500213 12.927763
v 15.929841 0.944000 17.027325
v 15.364350 1.710213 13.035649
v 15.364350 1.969787 13.035649
v 15.472237 2.179787 12.927763
v 15.174563 2.179787 13.225436
v 15.399930 1.500213 12.753200
v 15.282450 1.969787 13.117550
v 15.247356 1.710213 12.753200
v 15.247356 1.969787 12.753200
v 15.399930 2.179787 12.753200
v 15.282450 1.710213 13.117550
v 15.472237 1.500213 12.578636
v 15.174563 1.500213 13.225436
v 15.364350 1.710213 12.470750
v 15.364350 1.969787 12.470750
v 15.472237 2.179787 12.578636
v 16.827326 1.144000 18.670158
v 16.827326 0.944000 18.670158
v 15.000000 1.500213 13.153130
v 15.000000 1.710213 13.000556
v 15.000000 1.969787 13.000556
v 15.000000 2.179787 13.153130
v 17.572676 0.388000 16.129841
v 15.282450 1.710213 13.682449
v 15.282450 1.969787 13.682449
v 15.174563 2.179787 13.574563
v 17.572676 0.188000 16.129841
v 15.000000 1.500213 13.646870
v 18.470160 0.388000 17.772675
v 15.000000 1.710213 13.799443
v 15.000000 1.969787 13.799443
v 15.000000 2.179787 13.646870
v 18.470160 0.188000 17.772675
v 14.825437 1.500213 13.574563
v 15.929841 0.388000 17.027325
v 14.717550 1.710213 13.682449
v 14.717550 1.969787 13.682449
v 14.825437 2.179787 13.574563
v 15.929841 0.188000 17.027325
v 14.753130 1.500213 13.400000
v 16.827326 0.388000 18.670158
v 14.600556 1.710213 13.400000
v 14.600556 1.969787 13.400000
v 14.753130 2.179787 13.400000
v 16.827326 0.188000 18.670158
v 14.825437 1.500213 13.225436
v 17.558342 1.260000 16.178692
v 14.717550 1.710213 13.117550
v 14.717550 1.969787 13.117550
v 14.825437 2.179787 13.225436
v 17.558342 0.000000 16.178692
v 18.421309 1.260000 17.758341
v 18.421309 0.000000 17.758341
v 15.978693 1.260000 17.041658
v 15.978693 0.000000 17.041658
v 16.841660 1.260000 18.621307
v 16.841660 0.000000 18.621307
v 18.470160 0.944000 17.772675
v 18.470160 1.144000 17.772675
v 17.572676 0.944000 16.129841
v 17.572676 1.144000 16.129841
v 16.695999 1.980000 17.903999
v 16.695999 1.899787 17.657129
v 16.695999 1.689787 17.504555
v 16.695999 1.430213 17.504555
v 16.695999 1.220213 17.657129
v 16.695999 1.140000 17.903999
v 17.878563 1.220213 18.015562
v 16.870562 1.899787 17.729437
v 16.978449 1.689787 17.621550
v 16.978449 1.430213 17.621550
v 16.870562 1.220213 17.729437
v 17.704000 1.140000 17.841000
v 16.933563 1.220213 17.070562
v 16.942869 1.899787 17.903999
v 17.095444 1.689787 17.903999
v 17.095444 1.430213 17.903999
v 16.942869 1.220213 17.903999
v 17.950871 1.220213 17.841000
v 18.103445 1.430213 17.841000
v 16.870562 1.899787 18.078562
v 16.978449 1.689787 18.186449
v 16.978449 1.430213 18.186449
v 16.870562 1.220213 18.078562
v 18.103445 1.689787 17.841000
v 17.950871 1.899787 17.841000
v 16.695999 1.899787 18.150869
v 16.695999 1.689787 18.303444
v 16.695999 1.430213 18.303444
v 16.695999 1.220213 18.150869
v 17.704000 1.980000 17.841000
v 16.759001 1.140000 16.896000
v 16.521437 1.899787 18.078562
v 16.413549 1.689787 18.186449
v 16.413549 1.430213 18.186449
v 16.521437 1.220213 18.078562
v 17.878563 1.899787 17.666437
v 17.986450 1.689787 17.558550
v 16.449129 1.899787 17.903999
v 16.296555 1.689787 17.903999
v 16.296555 1.430213 17.903999
v 16.449129 1.220213 17.903999
v 17.986450 1.430213 17.558550
v 17.878563 1.220213 17.666437
v 16.521437 1.899787 17.729437
v 16.413549 1.689787 17.621550
v 16.413549 1.430213 17.621550
v 16.521437 1.220213 17.729437
v 17.903763 1.220213 17.045362
v 17.005871 1.220213 16.896000
v 17.704000 1.220213 17.594130
v 17.704000 1.430213 17.441555
v 17.704000 1.689787 17.441555
v 17.704000 1.899787 17.594130
v 17.158445 1.430213 16.896000
v 17.986450 1.430213 18.123449
v 17.986450 1.689787 18.123449
v 17.878563 1.899787 18.015562
v 17.158445 1.689787 16.896000
v 17.704000 1.220213 18.087870
v 17.005871 1.899787 16.896000
v 17.704000 1.430213 18.240444
v 17.704000 1.689787 18.240444
v 17.704000 1.899787 18.087870
v 16.759001 1.980000 16.896000
v 17.529438 1.220213 18.015562
v 17.729200 1.140000 16.870800
v 17.421551 1.430213 18.123449
v 17.421551 1.689787 18.123449
v 17.529438 1.899787 18.015562
v 16.933563 1.899787 16.721437
v 17.457130 1.220213 17.841000
v 17.041451 1.689787 16.613550
v 17.304556 1.430213 17.841000
v 17.304556 1.689787 17.841000
v 17.457130 1.899787 17.841000
v 17.041451 1.430213 16.613550
v 17.529438 1.220213 17.666437
v 16.933563 1.220213 16.721437
v 17.421551 1.430213 17.558550
v 17.421551 1.689787 17.558550
v 17.529438 1.899787 17.666437
v 17.374563 1.220213 17.574562
v 17.976070 1.220213 16.870800
v 16.759001 1.220213 16.649130
v 16.759001 1.430213 16.496555
v 16.759001 1.689787 16.496555
v 16.759001 1.899787 16.649130
v 18.128645 1.430213 16.870800
v 17.041451 1.430213 17.178450
v 17.041451 1.689787 17.178450
v 16.933563 1.899787 17.070562
v 18.128645 1.689787 16.870800
v 16.759001 1.220213 17.142870
v 17.976070 1.899787 16.870800
v 16.759001 1.430213 17.295444
v 16.759001 1.689787 17.295444
v 16.759001 1.899787 17.142870
v 17.729200 1.980000 16.870800
v 16.584438 1.220213 17.070562
v 17.200001 1.140000 17.400000
v 16.476551 1.430213 17.178450
v 16.476551 1.689787 17.178450
v 16.584438 1.899787 17.070562
v 17.903763 1.899787 16.696238
v 16.512131 1.220213 16.896000
v 18.011650 1.689787 16.588350
v 16.359556 1.430213 16.896000
v 16.359556 1.689787 16.896000
v 16.512131 1.899787 16.896000
v 18.011650 1.430213 16.588350
v 16.584438 1.220213 16.721437
v 17.903763 1.220213 16.696238
v 16.476551 1.430213 16.613550
v 16.476551 1.689787 16.613550
v 16.584438 1.899787 16.721437
v -17.865421 1.260000 21.074551
v 17.446871 1.220213 17.400000
v 17.729200 1.220213 16.623930
v 17.729200 1.430213 16.471355
v 17.729200 1.689787 16.471355
v 17.729200 1.899787 16.623930
v 17.599445 1.430213 17.400000
v 18.011650 1.430213 17.153250
v 18.011650 1.689787 17.153250
v 17.903763 1.899787 17.045362
v 17.599445 1.689787 17.400000
v 17.729200 1.220213 17.117670
v 17.446871 1.899787 17.400000
v 17.729200 1.430213 17.270245
v 17.729200 1.689787 17.270245
v 17.729200 1.899787 17.117670
v 17.200001 1.980000 17.400000
v 17.554638 1.220213 17.045362
v -17.865421 1.060000 21.074551
v 17.446751 1.430213 17.153250
v 17.446751 1.689787 17.153250
v 17.554638 1.899787 17.045362
v 17.374563 1.899787 17.225437
v 17.482330 1.220213 16.870800
v 17.482450 1.689787 17.117550
v 17.329756 1.430213 16.870800
v 17.329756 1.689787 16.870800
v 17.482330 1.899787 16.870800
v 17.482450 1.430213 17.117550
v 17.554638 1.220213 16.696238
v 17.374563 1.220213 17.225437
v 17.446751 1.430213 16.588350
v 17.446751 1.689787 16.588350
v 17.554638 1.899787 16.696238
v -16.525450 1.260000 22.665422
v -16.525450 1.060000 22.665422
v 17.200001 1.220213 17.153130
v 17.200001 1.430213 17.000555
v 17.200001 1.689787 17.000555
v 17.200001 1.899787 17.153130
v -16.274549 0.420000 19.734579
v 17.482450 1.430213 17.682449
v 17.482450 1.689787 17.682449
v 17.374563 1.899787 17.574562
v -16.274549 0.220000 19.734579
v 17.200001 1.220213 17.646870
v -14.934578 0.420000 21.325451
v 17.200001 1.430213 17.799444
v 17.200001 1.689787 17.799444
v 17.200001 1.899787 17.646870
v -14.934578 0.220000 21.325451
v 17.025438 1.220213 17.574562
v -17.865421 0.420000 21.074551
v 16.917551 1.430213 17.682449
v 16.917551 1.689787 17.682449
v 17.025438 1.899787 17.574562
v -17.865421 0.220000 21.074551
v 16.953131 1.220213 17.400000
v -16.525450 0.420000 22.665422
v 16.800556 1.430213 17.400000
v 16.800556 1.689787 17.400000
v 16.953131 1.899787 17.400000
v -16.525450 0.220000 22.665422
v 17.025438 1.220213 17.225437
v -16.279375 1.400000 19.790941
v 16.917551 1.430213 17.117550
v 16.917551 1.689787 17.117550
v 17.025438 1.899787 17.225437
v -16.279375 0.000000 19.790941
v -14.990940 1.400000 21.320625
v -14.990940 0.000000 21.320625
v -17.809059 1.400000 21.079376
v -17.809059 0.000000 21.079376
v -16.520624 1.400000 22.609060
v -16.520624 0.000000 22.609060
v -14.934578 1.060000 21.325451
v -14.934578 1.260000 21.325451
v -16.274549 1.060000 19.734579
v -16.274549 1.260000 19.734579
v -16.959999 2.120000 21.760000
v -16.959999 2.039787 21.513130
v -16.959999 1.829787 21.360556
v -16.959999 1.570213 21.360556
v -16.959999 1.360213 21.513130
v -16.959999 1.280000 21.760000
v -15.665437 1.360213 21.864563
v -16.785437 2.039787 21.585438
v -16.677549 1.829787 21.477551
v -16.677549 1.570213 21.477551
v -16.785437 1.360213 21.585438
v -15.840000 1.280000 21.690001
v -16.715437 1.360213 20.814562
v -16.713129 2.039787 21.760000
v -16.560555 1.829787 21.760000
v -16.560555 1.570213 21.760000
v -16.713129 1.360213 21.760000
v -15.593130 1.360213 21.690001
v -15.440557 1.570213 21.690001
v -16.785437 2.039787 21.934563
v -16.677549 1.829787 22.042450
v -16.677549 1.570213 22.042450
v -16.785437 1.360213 21.934563
v -15.440557 1.829787 21.690001
v -15.593130 2.039787 21.690001
v -16.959999 2.039787 22.006870
v -16.959999 1.829787 22.159445
v -16.959999 1.570213 22.159445
v -16.959999 1.360213 22.006870
v -15.840000 2.120000 21.690001
v -16.889999 1.280000 20.639999
v -17.134562 2.039787 21.934563
v -17.242449 1.829787 22.042450
v -17.242449 1.570213 22.042450
v -17.134562 1.360213 21.934563
v -15.665437 2.039787 21.515438
v -15.557550 1.829787 21.407551
v -17.206869 2.039787 21.760000
v -17.359444 1.829787 21.760000
v -17.359444 1.570213 21.760000
v -17.206869 1.360213 21.760000
v -15.557550 1.570213 21.407551
v -15.665437 1.360213 21.515438
v -17.134562 2.039787 21.585438
v -17.242449 1.829787 21.477551
v -17.242449 1.570213 21.477551
v -17.134562 1.360213 21.585438
v -15.637437 1.360213 20.786562
v -16.643129 1.360213 20.639999
v -15.840000 1.360213 21.443130
v -15.840000 1.570213 21.290556
v -15.840000 1.829787 21.290556
v -15.840000 2.039787 21.443130
v -16.490555 1.570213 20.639999
v -15.557550 1.570213 21.972450
v -15.557550 1.829787 21.972450
v -15.665437 2.039787 21.864563
v -16.490555 1.829787 20.639999
v -15.840000 1.360213 21.936871
v -16.643129 2.039787 20.639999
v -15.840000 1.570213 22.089445
v -15.840000 1.829787 22.089445
v -15.840000 2.039787 21.936871
v -16.889999 2.120000 20.639999
v -16.014563 1.360213 21.864563
v -15.812000 1.280000 20.612000
v -16.122450 1.570213 21.972450
v -16.122450 1.829787 21.972450
v -16.014563 2.039787 21.864563
v -16.715437 2.039787 20.465437
v -16.086870 1.360213 21.690001
v -16.607550 1.829787 20.357550
v -16.239445 1.570213 21.690001
v -16.239445 1.829787 21.690001
v -16.086870 2.039787 21.690001
v -16.607550 1.570213 20.357550
v -16.014563 1.360213 21.515438
v -16.715437 1.360213 20.465437
v -16.122450 1.570213 21.407551
v -16.122450 1.829787 21.407551
v -16.014563 2.039787 21.515438
v -16.225437 1.360213 21.374563
v -15.565130 1.360213 20.612000
v -16.889999 1.360213 20.393129
v -16.889999 1.570213 20.240555
v -16.889999 1.829787 20.240555
v -16.889999 2.039787 20.393129
v -15.412557 1.570213 20.612000
v -16.607550 1.570213 20.922449
v -16.607550 1.829787 20.922449
v -16.715437 2.039787 20.814562
v -15.412557 1.829787 20.612000
v -16.889999 1.360213 20.886869
v -15.565130 2.039787 20.612000
v -16.889999 1.570213 21.039444
v -16.889999 1.829787 21.039444
v -16.889999 2.039787 20.886869
v -15.812000 2.120000 20.612000
v -17.064562 1.360213 20.814562
v -16.400000 1.280000 21.200001
v -17.172449 1.570213 20.922449
v -17.172449 1.829787 20.922449
v -17.064562 2.039787 20.814562
v -15.637437 2.039787 20.437437
v -17.136869 1.360213 20.639999
v -15.529551 1.829787 20.329550
v -17.289444 1.570213 20.639999
v -17.289444 1.829787 20.639999
v -17.136869 2.039787 20.639999
v -15.529551 1.570213 20.329550
v -17.064562 1.360213 20.465437
v -15.637437 1.360213 20.437437
v -17.172449 1.570213 20.357550
v -17.172449 1.829787 20.357550
v -17.064562 2.039787 20.465437
v 12.430866 2.700000 21.474998
v -16.153130 1.360213 21.200001
v -15.812000 1.360213 20.365129
v -15.812000 1.570213 20.212555
v -15.812000 1.829787 20.212555
v -15.812000 2.039787 20.365129
v -16.000555 1.570213 21.200001
v -15.529551 1.570213 20.894449
v -15.529551 1.829787 20.894449
v -15.637437 2.039787 20.786562
v -16.000555 1.829787 21.200001
v -15.812000 1.360213 20.858870
v -16.153130 2.039787 21.200001
v -15.812000 1.570213 21.011444
v -15.812000 1.829787 21.011444
v -15.812000 2.039787 20.858870
v -16.400000 2.120000 21.200001
v -15.986564 1.360213 20.786562
v 12.430866 0.000000 21.474998
v -16.094450 1.570213 20.894449
v -16.094450 1.829787 20.894449
v -15.986564 2.039787 20.786562
v -16.225437 2.039787 21.025438
v -16.058870 1.360213 20.612000
v -16.117550 1.829787 20.917551
v -16.211445 1.570213 20.612000
v -16.211445 1.829787 20.612000
v -16.058870 2.039787 20.612000
v -16.117550 1.570213 20.917551
v -15.986564 1.360213 20.437437
v -16.225437 1.360213 21.025438
v -16.094450 1.570213 20.329550
v -16.094450 1.829787 20.329550
v -15.986564 2.039787 20.437437
v 12.925000 2.700000 21.969133
v 12.925000 0.000000 21.969133
v -16.400000 1.360213 20.953131
v -16.400000 1.570213 20.800556
v -16.400000 1.829787 20.800556
v -16.400000 2.039787 20.953131
v 13.600000 2.700000 22.150000
v -16.117550 1.570213 21.482450
v -16.117550 1.829787 21.482450
v -16.225437 2.039787 21.374563
v 13.600000 0.000000 22.150000
v -16.400000 1.360213 21.446871
v 14.275001 2.700000 21.969133
v -16.400000 1.570213 21.599445
v -16.400000 1.829787 21.599445
v -16.400000 2.039787 21.446871
v 14.275001 0.000000 21.969133
v -16.574562 1.360213 21.374563
v 14.769135 2.700000 21.474998
v -16.682449 1.570213 21.482450
v -16.682449 1.829787 21.482450
v -16.574562 2.039787 21.374563
v 14.769135 0.000000 21.474998
v -16.646870 1.360213 21.200001
v 14.950001 2.700000 20.799999
v -16.799444 1.570213 21.200001
v -16.799444 1.829787 21.200001
v -16.646870 2.039787 21.200001
v 14.950001 0.000000 20.799999
v -16.574562 1.360213 21.025438
v 14.769135 2.700000 20.125000
v -16.682449 1.570213 20.917551
v -16.682449 1.829787 20.917551
v -16.574562 2.039787 21.025438
v 14.769135 0.000000 20.125000
v 14.275001 2.700000 19.630865
v 14.275001 0.000000 19.630865
v 13.600000 2.700000 19.449999
v 13.600000 0.000000 19.449999
v 16.125410 5.432829 20.165918
v 16.093040 5.383810 20.061279
v 12.250000 0.000000 20.799999
v 12.250000 2.700000 20.799999
v 12.430866 0.000000 20.125000
v 12.430866 2.700000 20.125000
v 12.925000 0.000000 19.630865
v 12.925000 2.700000 19.630865
v 13.600000 0.600000 19.379999
v 13.600000 0.800000 19.379999
v 14.310000 0.600000 19.570244
v 14.310000 0.800000 19.570244
v 14.829757 0.600000 20.090000
v 14.829757 0.800000 20.090000
v 15.020000 0.600000 20.799999
v 15.020000 0.800000 20.799999
v 14.829757 0.600000 21.509998
v 14.829757 0.800000 21.509998
v 14.310000 0.600000 22.029755
v 14.310000 0.800000 22.029755
v 13.600000 0.600000 22.219999
v 13.600000 0.800000 22.219999
v 12.890000 0.600000 22.029755
v 12.890000 0.800000 22.029755
v 12.370244 0.600000 21.509998
v 12.370244 0.800000 21.509998
v 12.180000 0.600000 20.799999
v 12.180000 0.800000 20.799999
v 12.370244 0.600000 20.090000
v 12.370244 0.800000 20.090000
v 12.890000 0.600000 19.570244
v 12.890000 0.800000 19.570244
v 13.600000 1.900000 19.379999
v 13.600000 2.100000 19.379999
v 14.310000 1.900000 19.570244
v 14.310000 2.100000 19.570244
v 14.829757 1.900000 20.090000
v 14.829757 2.100000 20.090000
v 15.020000 1.900000 20.799999
v 15.020000 2.100000 20.799999
v 14.829757 1.900000 21.509998
v 14.829757 2.100000 21.509998
v 14.310000 1.900000 22.029755
v 14.310000 2.100000 22.029755
v 13.600000 1.900000 22.219999
v 13.600000 2.100000 22.219999
v 12.890000 1.900000 22.029755
v 12.890000 2.100000 22.029755
v 12.370244 1.900000 21.509998
v 12.370244 2.100000 21.509998
v 12.180000 1.900000 20.799999
v 12.180000 2.100000 20.799999
v 12.370244 1.900000 20.090000
v 12.370244 2.100000 20.090000
v 12.890000 1.900000 19.570244
v 12.890000 2.100000 19.570244
v 13.600000 2.700000 20.539999
v 13.600000 4.900000 20.539999
v 13.825167 2.700000 20.670000
v 13.825167 4.900000 20.670000
v 13.825167 2.700000 20.929998
v 13.825167 4.900000 20.929998
v 13.600000 2.700000 21.059999
v 13.600000 4.900000 21.059999
v 13.374834 2.700000 20.929998
v 13.374834 4.900000 20.929998
v 13.374834 2.700000 20.670000
v 13.374834 4.900000 20.670000
v 13.035965 5.383810 21.006945
v 13.068334 5.432829 21.111584
v 16.042341 5.767171 19.897377
v 16.074709 5.816190 20.002016
v 12.985264 5.767171 20.843042
v 13.017632 5.816190 20.947681
v 13.667827 5.383810 18.200701
v 13.777347 5.432829 18.202251
v 13.622518 5.383810 21.400379
v 13.732038 5.432829 21.401930
v 13.496279 5.767171 18.198271
v 13.605800 5.816190 18.199821
v 13.450971 5.767171 21.397949
v 13.560491 5.816190 21.399500
v 11.148878 5.383810 19.932266
v 11.184196 5.432829 19.828585
v 14.177953 5.383810 20.964111
v 14.213271 5.432829 20.860430
v 11.093556 5.767171 20.094667
v 11.128875 5.816190 19.990986
v 14.122631 5.767171 21.126513
v 14.157949 5.816190 21.022831
v 12.017298 5.383810 22.863010
v 11.929605 5.432829 22.797380
v 13.934677 5.383810 20.301046
v 13.846984 5.432829 20.235416
v 12.154655 5.767171 22.965809
v 12.066961 5.816190 22.900179
v 14.072034 5.767171 20.403845
v 13.984341 5.816190 20.338215
v 15.072958 5.383810 22.942745
v 14.983442 5.432829 23.005865
v 13.228889 5.383810 20.327518
v 13.139373 5.432829 20.390638
v 15.213170 5.767171 22.843878
v 15.123654 5.816190 22.906998
v 13.369101 5.767171 20.228651
v 13.279585 5.816190 20.291771
v -6.506959 5.383810 20.861279
v -6.474590 5.432829 20.965918
v -9.000000 0.000000 20.250000
v -9.000000 2.700000 20.250000
v -8.325000 0.000000 20.430866
v -8.325000 2.700000 20.430866
v -7.830866 0.000000 20.925001
v -7.830866 2.700000 20.925001
v -7.650000 0.000000 21.600000
v -7.650000 2.700000 21.600000
v -7.830866 0.000000 22.275000
v -7.830866 2.700000 22.275000
v -8.325000 0.000000 22.769135
v -8.325000 2.700000 22.769135
v -9.000000 0.000000 22.950001
v -9.000000 2.700000 22.950001
v -9.675000 0.000000 22.769135
v -9.675000 2.700000 22.769135
v -10.169134 0.000000 22.275000
v -10.169134 2.700000 22.275000
v -10.350000 0.000000 21.600000
v -10.350000 2.700000 21.600000
v -10.169134 0.000000 20.925001
v -10.169134 2.700000 20.925001
v -9.675000 0.000000 20.430866
v -9.675000 2.700000 20.430866
v -9.000000 0.600000 20.180000
v -9.000000 0.800000 20.180000
v -8.290000 0.600000 20.370245
v -8.290000 0.800000 20.370245
v -7.770244 0.600000 20.890001
v -7.770244 0.800000 20.890001
v -7.580000 0.600000 21.600000
v -7.580000 0.800000 21.600000
v -7.770244 0.600000 22.309999
v -7.770244 0.800000 22.309999
v -8.290000 0.600000 22.829756
v -8.290000 0.800000 22.829756
v -9.000000 0.600000 23.020000
v -9.000000 0.800000 23.020000
v -9.710000 0.600000 22.829756
v -9.710000 0.800000 22.829756
v -10.229756 0.600000 22.309999
v -10.229756 0.800000 22.309999
v -10.420000 0.600000 21.600000
v -10.420000 0.800000 21.600000
v -10.229756 0.600000 20.890001
v -10.229756 0.800000 20.890001
v -9.710000 0.600000 20.370245
v -9.710000 0.800000 20.370245
v -9.000000 1.900000 20.180000
v -9.000000 2.100000 20.180000
v -8.290000 1.900000 20.370245
v -8.290000 2.100000 20.370245
v -7.770244 1.900000 20.890001
v -7.770244 2.100000 20.890001
v -7.580000 1.900000 21.600000
v -7.580000 2.100000 21.600000
v -7.770244 1.900000 22.309999
v -7.770244 2.100000 22.309999
v -8.290000 1.900000 22.829756
v -8.290000 2.100000 22.829756
v -9.000000 1.900000 23.020000
v -9.000000 2.100000 23.020000
v -9.710000 1.900000 22.829756
v -9.710000 2.100000 22.829756
v -10.229756 1.900000 22.309999
v -10.229756 2.100000 22.309999
v -10.420000 1.900000 21.600000
v -10.420000 2.100000 21.600000
v -10.229756 1.900000 20.890001
v -10.229756 2.100000 20.890001
v -9.710000 1.900000 20.370245
v -9.710000 2.100000 20.370245
v -9.000000 2.700000 21.340000
v -9.000000 4.900000 21.340000
v -8.774834 2.700000 21.470001
v -8.774834 4.900000 21.470001
v -8.774834 2.700000 21.730000
v -8.774834 4.900000 21.730000
v -9.000000 2.700000 21.860001
v -9.000000 4.900000 21.860001
v -9.225166 2.700000 21.730000
v -9.225166 4.900000 21.730000
v -9.225166 2.700000 21.470001
v -9.225166 4.900000 21.470001
v -9.564035 5.383810 21.806944
v -9.531667 5.432829 21.911583
v -6.557660 5.767171 20.697376
v -6.525291 5.816190 20.802015
v -9.614737 5.767171 21.643042
v -9.582368 5.816190 21.747681
v -8.932173 5.383810 19.000700
v -8.822653 5.432829 19.002251
v -8.977482 5.383810 22.200378
v -8.867961 5.432829 22.201929
v -9.103721 5.767171 18.998270
v -8.994200 5.816190 18.999821
v -9.149029 5.767171 22.197948
v -9.039509 5.816190 22.199499
v -11.451121 5.383810 20.732265
v -11.415803 5.432829 20.628584
v -8.422047 5.383810 21.764111
v -8.386728 5.432829 21.660429
v -11.506443 5.767171 20.894667
v -11.471125 5.816190 20.790985
v -8.477368 5.767171 21.926512
v -8.442050 5.816190 21.822830
v -10.582703 5.383810 23.663012
v -10.670396 5.432829 23.597382
v -8.665323 5.383810 21.101048
v -8.753016 5.432829 21.035418
v -10.445346 5.767171 23.765810
v -10.533039 5.816190 23.700180
v -8.527966 5.767171 21.203846
v -8.615660 5.816190 21.138216
v -7.527042 5.383810 23.742744
v -7.616558 5.432829 23.805864
v -9.371111 5.383810 21.127518
v -9.460627 5.432829 21.190638
v -7.386829 5.767171 23.643877
v -7.476345 5.816190 23.706997
v -9.230899 5.767171 21.028650
v -9.320415 5.816190 21.091770
v -18.475000 7.375000 9.475000
v -18.475000 6.225000 9.475000
v -18.000000 0.000000 8.800000
v -18.000000 6.200000 8.800000
v -17.858578 0.000000 8.858579
v -17.858578 6.200000 8.858579
v -17.799999 0.000000 9.000000
v -17.799999 6.200000 9.000000
v -17.858578 0.000000 9.141421
v -17.858578 6.200000 9.141421
v -18.000000 0.000000 9.200000
v -18.000000 6.200000 9.200000
v -18.141422 0.000000 9.141421
v -18.141422 6.200000 9.141421
v -18.200001 0.000000 9.000000
v -18.200001 6.200000 9.000000
v -18.141422 0.000000 8.858579
v -18.141422 6.200000 8.858579
v -18.475000 6.225000 8.525000
v -18.475000 7.375000 8.525000
v -17.525000 6.225000 9.475000
v -17.525000 7.375000 9.475000
v -17.525000 6.225000 8.525000
v -17.525000 7.375000 8.525000
v -18.575001 7.340000 9.575000
v -18.575001 7.560000 9.575000
v -18.575001 7.340000 8.425000
v -18.575001 7.560000 8.425000
v -17.424999 7.340000 9.575000
v -17.424999 7.560000 9.575000
v -17.424999 7.340000 8.425000
v -17.424999 7.560000 8.425000
v -18.000000 7.960000 9.000000
v -18.000000 7.910344 8.847176
v -18.000000 7.780344 8.752726
v -18.000000 7.619656 8.752726
v -18.000000 7.489655 8.847176
v -18.000000 7.440000 9.000000
v 17.525000 7.375000 8.525000
v -17.891937 7.910344 8.891937
v -17.825150 7.780344 8.825150
v -17.825150 7.619656 8.825150
v -17.891937 7.489655 8.891937
v 17.525000 6.225000 8.525000
v 17.858578 6.200000 8.858579
v -17.847176 7.910344 9.000000
v -17.752726 7.780344 9.000000
v -17.752726 7.619656 9.000000
v -17.847176 7.489655 9.000000
v 17.858578 0.000000 8.858579
v 17.799999 6.200000 9.000000
v -17.891937 7.910344 9.108063
v -17.825150 7.780344 9.174850
v -17.825150 7.619656 9.174850
v -17.891937 7.489655 9.108063
v 17.799999 0.000000 9.000000
v 17.858578 6.200000 9.141421
v -18.000000 7.910344 9.152824
v -18.000000 7.780344 9.247274
v -18.000000 7.619656 9.247274
v -18.000000 7.489655 9.152824
v 17.858578 0.000000 9.141421
v 18.000000 6.200000 9.200000
v -18.108063 7.910344 9.108063
v -18.174850 7.780344 9.174850
v -18.174850 7.619656 9.174850
v -18.108063 7.489655 9.108063
v 18.000000 0.000000 9.200000
v 18.141422 6.200000 9.141421
v -18.152824 7.910344 9.000000
v -18.247274 7.780344 9.000000
v -18.247274 7.619656 9.000000
v -18.152824 7.489655 9.000000
v 18.141422 0.000000 9.141421
v 18.200001 6.200000 9.000000
v -18.108063 7.910344 8.891937
v -18.174850 7.780344 8.825150
v -18.174850 7.619656 8.825150
v -18.108063 7.489655 8.891937
v 18.200001 0.000000 9.000000
v 18.141422 6.200000 8.858579
v 18.141422 0.000000 8.858579
v 18.000000 6.200000 8.800000
v 18.000000 0.000000 8.800000
v 17.525000 6.225000 9.475000
v 17.525000 7.375000 9.475000
v 18.475000 6.225000 9.475000
v 18.475000 7.375000 9.475000
v 18.475000 6.225000 8.525000
v 18.475000 7.375000 8.525000
v 17.424999 7.340000 9.575000
v 17.424999 7.560000 9.575000
v 17.424999 7.340000 8.425000
v 17.424999 7.560000 8.425000
v 18.575001 7.340000 9.575000
v 18.575001 7.560000 9.575000
v 18.575001 7.340000 8.425000
v 18.575001 7.560000 8.425000
v 18.000000 7.960000 9.000000
v 18.000000 7.910344 8.847176
v 18.000000 7.780344 8.752726
v 18.000000 7.619656 8.752726
v 18.000000 7.489655 8.847176
v 18.000000 7.440000 9.000000
v 18.108063 7.910344 8.891937
v 18.174850 7.780344 8.825150
v 18.174850 7.619656 8.825150
v 18.108063 7.489655 8.891937
v 18.152824 7.910344 9.000000
v 18.247274 7.780344 9.000000
v 18.247274 7.619656 9.000000
v 18.152824 7.489655 9.000000
v 18.108063 7.910344 9.108063
v 18.174850 7.780344 9.174850
v 18.174850 7.619656 9.174850
v 18.108063 7.489655 9.108063
v 18.000000 7.910344 9.152824
v 18.000000 7.780344 9.247274
v 18.000000 7.619656 9.247274
v 18.000000 7.489655 9.152824
v 17.891937 7.910344 9.108063
v 17.825150 7.780344 9.174850
v 17.825150 7.619656 9.174850
v 17.891937 7.489655 9.108063
v 17.847176 7.910344 9.000000
v 17.752726 7.780344 9.000000
v 17.752726 7.619656 9.000000
v 17.847176 7.489655 9.000000
v 17.891937 7.910344 8.891937
v 17.825150 7.780344 8.825150
v 17.825150 7.619656 8.825150
v 17.891937 7.489655 8.891937
vn -1.0000 -0.0000 -0.0000
vn -0.0000 -0.0000 -1.0000
vn 1.0000 -0.0000 -0.0000
vn -0.0000 -0.0000 1.0000
vn -0.0000 -1.0000 -0.0000
vn -0.0000 1.0000 -0.0000
vn -0.7657 -0.6432 -0.0000
vn 0.7657 0.6432 -0.0000
vn 0.6432 -0.7657 -0.0000
vn -0.6432 0.7657 -0.0000
vn -0.0000 0.6823 -0.7311
vn -0.0000 -0.6823 0.7311
vn -0.0000 -0.7311 -0.6823
vn -0.0000 0.7311 0.6823
vn -0.8618 -0.5073 -0.0000
vn 0.8618 0.5073 -0.0000
vn 0.5073 -0.8618 -0.0000
vn -0.5073 0.8618 -0.0000
vn -0.8875 0.4607 -0.0000
vn 0.8875 -0.4607 -0.0000
vn -0.4607 -0.8875 -0.0000
vn 0.4607 0.8875 -0.0000
vn -0.8618 0.5073 -0.0000
vn 0.8618 -0.5073 -0.0000
vn -0.5073 -0.8618 -0.0000
vn 0.5073 0.8618 -0.0000
vn -0.8875 -0.4607 -0.0000
vn 0.8875 0.4607 -0.0000
vn 0.4607 -0.8875 -0.0000
vn -0.4607 0.8875 -0.0000
vn -0.0000 -0.9511 -0.3090
vn 0.2185 -0.9511 -0.2185
vn 0.3686 -0.2685 -0.8899
vn 0.3686 0.2685 -0.8899
vn -0.0000 0.9511 -0.3090
vn 0.2185 0.9511 -0.2185
vn 0.3177 -0.5573 -0.7671
vn 0.3177 0.5573 -0.7671
vn 0.8899 0.2685 -0.3686
vn 0.7671 0.5573 -0.3177
vn 0.3090 -0.9511 -0.0000
vn 0.8899 -0.2685 -0.3686
vn 0.3090 0.9511 -0.0000
vn 0.7671 -0.5573 -0.3177
vn 0.8899 0.2685 0.3686
vn 0.7671 0.5573 0.3177
vn 0.2185 -0.9511 0.2185
vn 0.8899 -0.2685 0.3686
vn 0.2185 0.9511 0.2185
vn 0.7671 -0.5573 0.3177
vn 0.3686 0.2685 0.8899
vn 0.3177 0.5573 0.7671
vn -0.0000 -0.9511 0.3090
vn 0.3686 -0.2685 0.8899
vn -0.0000 0.9511 0.3090
vn 0.3177 -0.5573 0.7671
vn -0.3686 0.2685 0.8899
vn -0.3177 0.5573 0.7671
vn -0.2185 -0.9511 0.2185
vn -0.3686 -0.2685 0.8899
vn -0.2185 0.9511 0.2185
vn -0.3177 -0.5573 0.7671
vn -0.8899 0.2685 0.3686
vn -0.7671 0.5573 0.3177
vn -0.3090 -0.9511 -0.0000
vn -0.8899 -0.2685 0.3686
vn -0.3090 0.9511 -0.0000
vn -0.7671 -0.5573 0.3177
vn -0.8899 0.2685 -0.3686
vn -0.7671 0.5573 -0.3177
vn -0.2185 -0.9511 -0.2185
vn -0.8899 -0.2685 -0.3686
vn -0.2185 0.9511 -0.2185
vn -0.7671 -0.5573 -0.3177
vn -0.3686 0.2685 -0.8899
vn -0.3177 0.5573 -0.7671
vn -0.3686 -0.2685 -0.8899
vn -0.3177 -0.5573 -0.7671
vn 0.7071 -0.7071 -0.0000
vn 0.4339 0.9010 -0.0000
vn -0.4339 -0.9010 -0.0000
vn -0.7818 -0.6235 -0.0000
vn 0.9749 0.2225 -0.0000
vn 0.9749 -0.2225 -0.0000
vn 0.7818 0.6235 -0.0000
vn -0.7071 0.7071 -0.0000
vn 0.7071 0.7071 -0.0000
vn 0.7818 -0.6235 -0.0000
vn 0.4339 -0.9010 -0.0000
vn -0.7071 -0.7071 -0.0000
vn -0.9749 -0.2225 -0.0000
vn -0.9749 0.2225 -0.0000
vn -0.7818 0.6235 -0.0000
vn -0.4339 0.9010 -0.0000
vn -0.0000 0.2425 -0.9701
vn -0.0000 -0.2425 0.9701
vn -0.0000 -0.9701 -0.2425
vn -0.0000 0.9701 0.2425
vn -0.0000 0.7963 -0.6050
vn 0.3854 0.7887 -0.4789
vn -0.0000 -0.7963 -0.6050
vn -0.0000 -0.4164 -0.9092
vn 0.5663 -0.4064 -0.7171
vn 0.3854 -0.7887 -0.4789
vn 0.3403 -0.0000 -0.9403
vn -0.0000 0.4164 -0.9092
vn 0.5663 0.4064 -0.7171
vn 0.8375 -0.0000 -0.5464
vn 0.9580 -0.0000 -0.2869
vn 0.8821 -0.3907 -0.2633
vn 0.6040 -0.7770 -0.1772
vn 0.6040 0.7770 -0.1772
vn 0.8821 0.3907 -0.2633
vn 0.8821 -0.3907 0.2633
vn 0.6040 -0.7770 0.1772
vn 0.8821 0.3907 0.2633
vn 0.9580 -0.0000 0.2869
vn 0.6040 0.7770 0.1772
vn 0.3854 0.7887 0.4789
vn 0.5663 0.4064 0.7171
vn 0.8375 -0.0000 0.5464
vn 0.5663 -0.4064 0.7171
vn 0.3854 -0.7887 0.4789
vn -0.0000 0.7963 0.6050
vn -0.0000 0.4164 0.9092
vn 0.3403 -0.0000 0.9403
vn -0.0000 -0.4164 0.9092
vn -0.0000 -0.7963 0.6050
vn -0.3854 0.7887 0.4789
vn -0.5663 0.4064 0.7171
vn -0.3403 -0.0000 0.9403
vn -0.5663 -0.4064 0.7171
vn -0.3854 -0.7887 0.4789
vn -0.8375 -0.0000 0.5464
vn -0.9580 -0.0000 0.2869
vn -0.8821 -0.3907 0.2633
vn -0.6040 -0.7770 0.1772
vn -0.6040 0.7770 0.1772
vn -0.8821 0.3907 0.2633
vn -0.6040 -0.7770 -0.1772
vn -0.6040 0.7770 -0.1772
vn -0.8821 0.3907 -0.2633
vn -0.9580 -0.0000 -0.2869
vn -0.8821 -0.3907 -0.2633
vn -0.3854 0.7887 -0.4789
vn -0.5663 0.4064 -0.7171
vn -0.8375 -0.0000 -0.5464
vn -0.5663 -0.4064 -0.7171
vn -0.3854 -0.7887 -0.4789
vn -0.3403 -0.0000 -0.9403
vn -0.0000 -0.9339 -0.3575
vn 0.3423 -0.7728 -0.5344
vn -0.0000 0.3751 -0.9270
vn 0.5050 0.3867 -0.7717
vn 0.5492 -0.0000 -0.8357
vn -0.0000 0.9339 -0.3575
vn 0.3423 0.7728 -0.5344
vn -0.0000 -0.5735 -0.8192
vn -0.0000 -0.3751 -0.9270
vn 0.5050 -0.3867 -0.7717
vn -0.0000 0.5735 -0.8192
vn 0.7694 -0.0000 -0.6388
vn 0.8597 -0.4065 -0.3093
vn 0.5778 -0.7880 -0.2128
vn 0.5778 0.7880 -0.2128
vn 0.8597 0.4065 -0.3093
vn 0.5778 0.7880 0.2128
vn 0.8597 -0.4065 0.3093
vn 0.5778 -0.7880 0.2128
vn 0.8597 0.4065 0.3093
vn 0.5050 -0.3867 0.7717
vn 0.3423 -0.7728 0.5344
vn 0.7694 -0.0000 0.6388
vn 0.5492 -0.0000 0.8357
vn 0.3423 0.7728 0.5344
vn 0.5050 0.3867 0.7717
vn -0.0000 -0.3751 0.9270
vn -0.0000 -0.5735 0.8192
vn -0.0000 -0.9339 0.3575
vn -0.0000 0.9339 0.3575
vn -0.0000 0.5735 0.8192
vn -0.0000 0.3751 0.9270
vn -0.3423 0.7728 0.5344
vn -0.5050 0.3867 0.7717
vn -0.5492 -0.0000 0.8357
vn -0.5050 -0.3867 0.7717
vn -0.3423 -0.7728 0.5344
vn -0.8597 0.4065 0.3093
vn -0.7694 -0.0000 0.6388
vn -0.8597 -0.4065 0.3093
vn -0.5778 -0.7880 0.2128
vn -0.5778 0.7880 0.2128
vn -0.8597 -0.4065 -0.3093
vn -0.5778 -0.7880 -0.2128
vn -0.5778 0.7880 -0.2128
vn -0.8597 0.4065 -0.3093
vn -0.3423 -0.7728 -0.5344
vn -0.3423 0.7728 -0.5344
vn -0.5050 0.3867 -0.7717
vn -0.7694 -0.0000 -0.6388
vn -0.5492 -0.0000 -0.8357
vn -0.5050 -0.3867 -0.7717
vn 0.3090 -0.0000 -0.9511
vn -0.0000 0.4791 -0.8778
vn 0.5159 0.4791 -0.7101
vn -0.0000 0.8438 -0.5367
vn 0.3155 0.8438 -0.4342
vn -0.0000 -0.8438 -0.5367
vn -0.0000 -0.4791 -0.8778
vn 0.5159 -0.4791 -0.7101
vn 0.3155 -0.8438 -0.4342
vn 0.5104 -0.8438 -0.1659
vn 0.5104 0.8438 -0.1659
vn 0.8348 0.4791 -0.2712
vn 0.8090 -0.0000 -0.5878
vn 0.8348 -0.4791 -0.2712
vn 0.8348 -0.4791 0.2712
vn 0.5104 -0.8438 0.1659
vn 0.5104 0.8438 0.1659
vn 0.8348 0.4791 0.2712
vn 0.3155 -0.8438 0.4342
vn 0.8090 -0.0000 0.5878
vn 0.5159 0.4791 0.7101
vn 0.5159 -0.4791 0.7101
vn 0.3155 0.8438 0.4342
vn -0.0000 -0.4791 0.8778
vn -0.0000 -0.8438 0.5367
vn 0.3090 -0.0000 0.9511
vn -0.0000 0.4791 0.8778
vn -0.0000 0.8438 0.5367
vn -0.5159 -0.4791 0.7101
vn -0.3155 -0.8438 0.4342
vn -0.3155 0.8438 0.4342
vn -0.5159 0.4791 0.7101
vn -0.3090 -0.0000 0.9511
vn -0.5104 0.8438 0.1659
vn -0.8348 0.4791 0.2712
vn -0.8090 -0.0000 0.5878
vn -0.8348 -0.4791 0.2712
vn -0.5104 -0.8438 0.1659
vn -0.8348 -0.4791 -0.2712
vn -0.5104 -0.8438 -0.1659
vn -0.5104 0.8438 -0.1659
vn -0.8348 0.4791 -0.2712
vn -0.3155 -0.8438 -0.4342
vn -0.3155 0.8438 -0.4342
vn -0.8090 -0.0000 -0.5878
vn -0.5159 0.4791 -0.7101
vn -0.5159 -0.4791 -0.7101
vn -0.3090 -0.0000 -0.9511
vn -0.3076 -0.9513 0.0193
vn 0.9955 -0.0113 -0.0940
vn 0.3043 0.9506 0.0606
vn 0.3736 -0.8696 0.3229
vn 0.7967 0.5955 0.1034
vn 0.9848 0.0208 0.1727
vn 0.3076 -0.9513 0.0193
vn 0.8054 0.5696 -0.1640
vn 0.7967 -0.5538 0.2420
vn 0.3043 -0.9090 0.2848
vn -0.0000 0.1197 0.9928
vn -0.3043 -0.9090 0.2848
vn 0.8054 -0.5923 -0.0239
vn 0.3076 0.9286 -0.2073
vn -0.7967 -0.5538 0.2420
vn 0.9020 0.3968 0.1702
vn 0.9020 -0.3450 0.2596
vn -0.9848 0.0208 0.1727
vn -0.9020 -0.3450 0.2596
vn -0.7967 0.5955 0.1034
vn -0.3736 -0.8696 0.3229
vn -0.3043 0.9506 0.0606
vn -0.0000 -0.1197 -0.9928
vn 0.3736 0.9214 0.1069
vn -0.8054 -0.5923 -0.0239
vn -0.9955 -0.0113 -0.0940
vn -0.8054 0.5696 -0.1640
vn -0.3076 0.9286 -0.2073
vn -0.9020 0.3968 0.1702
vn -0.3736 0.9214 0.1069
vn -0.0000 -0.9239 -0.3827
vn 0.3314 -0.9239 -0.1913
vn 0.4706 0.3377 -0.8152
vn 0.4706 -0.3376 -0.8152
vn -0.0000 0.9239 -0.3827
vn 0.3314 0.9239 -0.1913
vn 0.3314 0.9239 0.1913
vn 0.9413 -0.3376 -0.0000
vn 0.9413 0.3376 -0.0000
vn 0.3314 -0.9239 0.1913
vn 0.4706 -0.3376 0.8152
vn -0.0000 0.9239 0.3827
vn 0.4706 0.3377 0.8152
vn -0.0000 -0.9239 0.3827
vn -0.4706 -0.3377 0.8152
vn -0.3314 0.9239 0.1913
vn -0.3314 -0.9239 0.1913
vn -0.4706 0.3376 0.8152
vn -0.9413 -0.3376 -0.0000
vn -0.3314 0.9239 -0.1913
vn -0.9413 0.3376 -0.0000
vn -0.3314 -0.9239 -0.1913
vn -0.4706 -0.3376 -0.8152
vn -0.4706 0.3376 -0.8152
vn 0.5973 0.3204 -0.7353
vn 0.5339 0.5320 -0.6572
vn 0.6238 0.6796 -0.3859
vn 0.7861 0.3035 -0.5385
vn 0.5973 -0.3204 -0.7353
vn 0.6305 -0.0000 -0.7762
vn 0.7861 -0.3035 -0.5385
vn -0.0000 -0.9493 -0.3142
vn 0.6238 -0.6796 -0.3859
vn -0.0000 0.9493 -0.3142
vn 0.5339 -0.5320 -0.6572
vn 0.9603 -0.0000 -0.2791
vn 0.9893 -0.0000 -0.1457
vn 0.9678 -0.2070 -0.1430
vn 0.8143 0.5684 -0.1176
vn 0.9678 0.2070 -0.1430
vn 0.8143 -0.5684 -0.1176
vn 0.8143 -0.5684 0.1176
vn 0.9678 0.2070 0.1430
vn 0.9893 -0.0000 0.1457
vn 0.8143 0.5684 0.1176
vn 0.9678 -0.2070 0.1430
vn 0.6239 0.6796 0.3859
vn 0.7861 0.3035 0.5385
vn 0.9603 -0.0000 0.2791
vn 0.7861 -0.3035 0.5385
vn 0.6238 -0.6796 0.3859
vn 0.5339 0.5320 0.6572
vn 0.5973 0.3204 0.7353
vn 0.6305 -0.0000 0.7762
vn 0.5973 -0.3204 0.7353
vn -0.0000 -0.9493 0.3142
vn -0.0000 0.9493 0.3142
vn 0.5339 -0.5320 0.6572
vn -0.5973 0.3204 0.7353
vn -0.5339 0.5320 0.6572
vn -0.6238 0.6796 0.3859
vn -0.7861 0.3035 0.5385
vn -0.5973 -0.3204 0.7353
vn -0.6305 -0.0000 0.7762
vn -0.7861 -0.3035 0.5385
vn -0.6238 -0.6796 0.3859
vn -0.5339 -0.5320 0.6572
vn -0.9603 -0.0000 0.2791
vn -0.9893 -0.0000 0.1457
vn -0.9678 -0.2070 0.1430
vn -0.8143 -0.5684 0.1176
vn -0.8143 0.5684 0.1176
vn -0.9678 0.2070 0.1430
vn -0.8143 -0.5684 -0.1176
vn -0.8143 0.5684 -0.1176
vn -0.9678 0.2070 -0.1430
vn -0.9893 -0.0000 -0.1457
vn -0.9678 -0.2070 -0.1430
vn -0.6238 0.6796 -0.3859
vn -0.7861 0.3035 -0.5385
vn -0.9603 -0.0000 -0.2791
vn -0.7861 -0.3035 -0.5385
vn -0.6238 -0.6796 -0.3859
vn -0.6305 -0.0000 -0.7762
vn -0.5973 0.3204 -0.7353
vn -0.5973 -0.3204 -0.7353
vn -0.5339 -0.5320 -0.6572
vn -0.5339 0.5320 -0.6572
vn 0.5000 -0.0000 -0.8660
vn 0.5000 0.8660 -0.0000
vn 0.5000 -0.0000 0.8660
vn -0.5000 -0.0000 0.8660
vn 0.5000 -0.8660 -0.0000
vn -0.5000 -0.0000 -0.8660
vn -0.5000 -0.8660 -0.0000
vn -0.5000 0.8660 -0.0000
vn -0.0000 0.5227 0.8525
vn -0.0000 -0.5227 -0.8525
vn -0.0000 -0.8525 0.5227
vn -0.0000 0.8525 -0.5227
vn 0.9413 0.3377 -0.0000
vn 0.9413 -0.3377 -0.0000
vn 0.4706 -0.3377 0.8152
vn -0.4707 -0.3377 0.8152
vn -0.4706 0.3377 0.8152
vn -0.9413 -0.3377 -0.0000
vn -0.9413 0.3377 -0.0000
vn -0.4706 0.3377 -0.8152
vn -0.4707 -0.3376 -0.8152
vn 0.6238 0.6796 0.3859
vn -0.2474 -0.0000 -0.9689
vn -0.9689 -0.0000 0.2474
vn 0.3827 -0.0000 -0.9239
vn 0.9689 -0.0000 -0.2474
vn 0.9239 -0.0000 -0.3827
vn 0.9239 -0.0000 0.3827
vn 0.3827 -0.0000 0.9239
vn 0.2474 -0.0000 0.9689
vn -0.3827 -0.0000 0.9239
vn -0.9239 -0.0000 0.3827
vn -0.9239 -0.0000 -0.3827
vn -0.3827 -0.0000 -0.9239
vn -0.9211 -0.0000 -0.3894
vn 0.3894 -0.0000 -0.9211
vn 0.9211 -0.0000 0.3894
vn -0.3894 -0.0000 0.9211
vn -0.9801 -0.0000 -0.1987
vn 0.1987 -0.0000 -0.9801
vn 0.9801 -0.0000 0.1987
vn -0.1987 -0.0000 0.9801
vn -0.8776 -0.0000 0.4794
vn -0.4794 -0.0000 -0.8776
vn 0.8776 -0.0000 -0.4794
vn 0.4794 -0.0000 0.8776
vn -0.7648 -0.0000 0.6442
vn -0.6442 -0.0000 -0.7648
vn 0.7648 -0.0000 -0.6442
vn 0.6442 -0.0000 0.7648
vn 0.8660 -0.0000 0.5000
vn 0.9127 0.4085 0.0129
vn -0.4084 0.9128 -0.0058
vn 0.8660 -0.0000 -0.5000
vn 0.1317 -0.9128 -0.3867
vn 0.9553 -0.0000 -0.2955
vn -0.9127 -0.4085 -0.0129
vn -0.0142 -0.0000 0.9999
vn -0.8660 -0.0000 0.5000
vn -0.8660 -0.0000 -0.5000
vn 0.2697 0.4085 0.8720
vn -0.1207 0.9128 -0.3902
vn 0.9466 -0.0000 0.3225
vn 0.4084 -0.9128 0.0058
vn 0.0142 -0.0000 -0.9999
vn 0.1207 -0.9128 0.3902
vn -0.2697 -0.4085 -0.8720
vn -0.9553 -0.0000 0.2955
vn -0.1317 0.9128 0.3867
vn -0.9466 -0.0000 -0.3225
vn -0.2943 -0.4085 0.8640
vn 0.2943 0.4085 -0.8640
vn -0.3270 -0.9128 -0.2448
vn 0.5992 -0.0000 -0.8006
vn 0.3270 0.9128 0.2448
vn -0.5992 -0.0000 0.8006
vn 0.7308 -0.4085 0.5469
vn -0.7308 0.4085 -0.5469
vn -0.3338 -0.9128 0.2354
vn -0.5763 -0.0000 -0.8173
vn 0.3338 0.9128 -0.2354
vn 0.5763 -0.0000 0.8173
vn 0.7460 -0.4085 -0.5260
vn -0.7460 0.4085 0.5260
vn 0.9466 -0.0000 0.3224
vt 0.506939 0.271019
vt 0.492743 0.271018
vt 0.492743 0.165214
vt 0.506939 0.165214
vt 0.481336 0.152962
vt 0.467141 0.152962
vt 0.467141 0.005091
vt 0.481336 0.005091
vt 0.491518 0.005091
vt 0.505714 0.005091
vt 0.505714 0.111558
vt 0.491518 0.111558
vt 0.094067 0.342194
vt 0.108263 0.342194
vt 0.108263 0.490065
vt 0.094067 0.490065
vt 0.140727 0.473207
vt 0.140727 0.325337
vt 0.247193 0.325337
vt 0.247193 0.473207
vt 0.365912 0.323267
vt 0.365912 0.471137
vt 0.259446 0.471137
vt 0.259446 0.323267
vt 0.331069 0.902162
vt 0.325745 0.902162
vt 0.325745 0.895403
vt 0.331069 0.895403
vt 0.630373 0.895023
vt 0.625049 0.895023
vt 0.625049 0.888221
vt 0.630373 0.888221
vt 0.489175 0.887240
vt 0.494498 0.887240
vt 0.494498 0.894042
vt 0.489175 0.894042
vt 0.569806 0.888366
vt 0.575129 0.888366
vt 0.575129 0.895168
vt 0.569806 0.895168
vt 0.777078 0.877628
vt 0.777078 0.870826
vt 0.783880 0.870826
vt 0.783880 0.877628
vt 0.707888 0.868203
vt 0.707888 0.875005
vt 0.701086 0.875005
vt 0.701086 0.868203
vt 0.903153 0.526416
vt 0.897830 0.526416
vt 0.897830 0.519656
vt 0.903153 0.519656
vt 0.895288 0.312209
vt 0.889964 0.312209
vt 0.889964 0.305407
vt 0.895288 0.305407
vt 0.884461 0.217575
vt 0.889784 0.217575
vt 0.889784 0.224377
vt 0.884461 0.224377
vt 0.466870 0.888895
vt 0.472193 0.888895
vt 0.472193 0.895697
vt 0.466870 0.895697
vt 0.837364 0.637248
vt 0.837364 0.630446
vt 0.844166 0.630446
vt 0.844166 0.637248
vt 0.688694 0.423810
vt 0.688694 0.430612
vt 0.681892 0.430612
vt 0.681892 0.423810
vt 0.309170 0.900587
vt 0.303847 0.900587
vt 0.303847 0.893827
vt 0.309170 0.893828
vt 0.107123 0.895778
vt 0.101800 0.895778
vt 0.101800 0.888976
vt 0.107123 0.888976
vt 0.531404 0.889594
vt 0.536727 0.889594
vt 0.536727 0.896396
vt 0.531404 0.896396
vt 0.609541 0.889826
vt 0.614864 0.889826
vt 0.614864 0.896628
vt 0.609541 0.896628
vt 0.511493 0.877744
vt 0.511493 0.870942
vt 0.518295 0.870942
vt 0.518295 0.877744
vt 0.741711 0.868322
vt 0.741711 0.875125
vt 0.734909 0.875125
vt 0.734909 0.868322
vt 0.799972 0.900133
vt 0.794649 0.900133
vt 0.794649 0.893373
vt 0.799972 0.893374
vt 0.897197 0.638786
vt 0.891874 0.638786
vt 0.891874 0.631984
vt 0.897197 0.631984
vt 0.701086 0.885188
vt 0.706410 0.885188
vt 0.706410 0.891990
vt 0.701086 0.891990
vt 0.893406 0.875440
vt 0.898729 0.875440
vt 0.898729 0.882242
vt 0.893406 0.882242
vt 0.848145 0.477529
vt 0.848145 0.470727
vt 0.854947 0.470727
vt 0.854947 0.477529
vt 0.703094 0.084604
vt 0.703094 0.091406
vt 0.696292 0.091406
vt 0.696292 0.084604
vt 0.206413 0.900811
vt 0.201089 0.900811
vt 0.201089 0.894051
vt 0.206413 0.894051
vt 0.899197 0.159058
vt 0.893874 0.159058
vt 0.893874 0.152256
vt 0.899197 0.152256
vt 0.894058 0.762550
vt 0.899381 0.762550
vt 0.899381 0.769352
vt 0.894058 0.769352
vt 0.893874 0.169240
vt 0.899197 0.169240
vt 0.899197 0.176042
vt 0.893874 0.176042
vt 0.625049 0.878039
vt 0.625049 0.871237
vt 0.631851 0.871237
vt 0.631851 0.878039
vt 0.596904 0.868590
vt 0.596904 0.875392
vt 0.590102 0.875392
vt 0.590102 0.868590
vt 0.076314 0.900886
vt 0.070991 0.900885
vt 0.070991 0.894126
vt 0.076314 0.894126
vt 0.782402 0.894612
vt 0.777078 0.894612
vt 0.777078 0.887810
vt 0.782402 0.887810
vt 0.894227 0.408673
vt 0.899550 0.408673
vt 0.899550 0.415475
vt 0.894227 0.415475
vt 0.590102 0.885575
vt 0.595425 0.885574
vt 0.595425 0.892377
vt 0.590102 0.892377
vt 0.853647 0.272030
vt 0.853647 0.265228
vt 0.860449 0.265228
vt 0.860449 0.272030
vt 0.720078 0.084604
vt 0.720078 0.091406
vt 0.713276 0.091406
vt 0.713276 0.084604
vt 0.901564 0.799840
vt 0.896241 0.799840
vt 0.896241 0.793080
vt 0.901564 0.793080
vt 0.454574 0.892581
vt 0.449250 0.892581
vt 0.449250 0.885779
vt 0.454574 0.885779
vt 0.894685 0.068078
vt 0.900008 0.068078
vt 0.900008 0.074880
vt 0.894685 0.074880
vt 0.893406 0.892424
vt 0.898729 0.892424
vt 0.898729 0.899226
vt 0.893406 0.899226
vt 0.569806 0.878184
vt 0.569806 0.871382
vt 0.576608 0.871382
vt 0.576608 0.878184
vt 0.877434 0.265228
vt 0.877434 0.272030
vt 0.870632 0.272030
vt 0.870632 0.265228
vt 0.666269 0.902240
vt 0.660946 0.902240
vt 0.660946 0.895480
vt 0.666269 0.895481
vt 0.516817 0.894728
vt 0.511493 0.894728
vt 0.511493 0.887926
vt 0.516817 0.887926
vt 0.734909 0.885307
vt 0.740233 0.885307
vt 0.740233 0.892109
vt 0.734909 0.892109
vt 0.122855 0.887178
vt 0.128179 0.887178
vt 0.128179 0.893981
vt 0.122855 0.893981
vt 0.854348 0.637248
vt 0.854348 0.630446
vt 0.861150 0.630446
vt 0.861150 0.637248
vt 0.747404 0.084610
vt 0.747404 0.091412
vt 0.740602 0.091412
vt 0.740602 0.084610
vt 0.083885 0.447999
vt 0.049579 0.447998
vt 0.049579 0.342194
vt 0.083885 0.342195
vt 0.412470 0.152962
vt 0.378165 0.152962
vt 0.378164 0.005091
vt 0.412470 0.005091
vt 0.005091 0.342194
vt 0.039397 0.342194
vt 0.039397 0.448661
vt 0.005091 0.448661
vt 0.422653 0.005091
vt 0.456959 0.005091
vt 0.456959 0.152962
vt 0.422653 0.152962
vt 0.376094 0.313084
vt 0.376094 0.165214
vt 0.482561 0.165214
vt 0.482561 0.313084
vt 0.365912 0.165214
vt 0.365912 0.313084
vt 0.259446 0.313085
vt 0.259446 0.165214
vt 0.238110 0.591251
vt 0.235449 0.591251
vt 0.235449 0.483389
vt 0.238110 0.483390
vt 0.065085 0.608122
vt 0.062423 0.608122
vt 0.062423 0.458182
vt 0.065085 0.458182
vt 0.222605 0.483390
vt 0.225267 0.483389
vt 0.225267 0.591926
vt 0.222605 0.591926
vt 0.049579 0.458182
vt 0.052241 0.458182
vt 0.052241 0.608122
vt 0.049579 0.608122
vt 0.005091 0.332012
vt 0.005091 0.182071
vt 0.113628 0.182071
vt 0.113628 0.332012
vt 0.249263 0.005091
vt 0.249263 0.155032
vt 0.140727 0.155032
vt 0.140727 0.005091
vt 0.358185 0.589181
vt 0.355228 0.589181
vt 0.355228 0.481319
vt 0.358185 0.481319
vt 0.597319 0.251795
vt 0.594361 0.251795
vt 0.594361 0.101855
vt 0.597318 0.101855
vt 0.342088 0.481319
vt 0.345046 0.481319
vt 0.345046 0.589856
vt 0.342088 0.589856
vt 0.598164 0.323267
vt 0.601121 0.323267
vt 0.601121 0.473207
vt 0.598164 0.473207
vt 0.259446 0.155032
vt 0.259446 0.005091
vt 0.367982 0.005091
vt 0.367982 0.155032
vt 0.249263 0.165214
vt 0.249263 0.315155
vt 0.140727 0.315155
vt 0.140727 0.165214
vt 0.395825 0.762820
vt 0.395825 0.733246
vt 0.397706 0.733245
vt 0.397706 0.762820
vt 0.450516 0.690183
vt 0.450516 0.660609
vt 0.453119 0.660609
vt 0.453119 0.690183
vt 0.516657 0.758699
vt 0.516657 0.729125
vt 0.518549 0.729125
vt 0.518549 0.758699
vt 0.696292 0.034665
vt 0.696292 0.005091
vt 0.698895 0.005091
vt 0.698895 0.034665
vt 0.967880 0.296409
vt 0.967880 0.293806
vt 0.969772 0.293806
vt 0.969772 0.296409
vt 0.969772 0.165960
vt 0.969772 0.168562
vt 0.967880 0.168562
vt 0.967880 0.165960
vt 0.140727 0.763142
vt 0.140727 0.733568
vt 0.142608 0.733568
vt 0.142608 0.763142
vt 0.704894 0.519174
vt 0.704894 0.489600
vt 0.707496 0.489600
vt 0.707496 0.519174
vt 0.751420 0.758223
vt 0.751420 0.728649
vt 0.753313 0.728649
vt 0.753313 0.758223
vt 0.704791 0.185381
vt 0.704791 0.155807
vt 0.707394 0.155807
vt 0.707394 0.185381
vt 0.967880 0.373116
vt 0.967880 0.370514
vt 0.969772 0.370514
vt 0.969772 0.373116
vt 0.969772 0.383299
vt 0.969772 0.385901
vt 0.967880 0.385901
vt 0.967880 0.383299
vt 0.152790 0.763142
vt 0.152790 0.733568
vt 0.154671 0.733568
vt 0.154671 0.763142
vt 0.122855 0.703613
vt 0.122855 0.674039
vt 0.125458 0.674039
vt 0.125458 0.703613
vt 0.739345 0.758226
vt 0.739345 0.728652
vt 0.741238 0.728652
vt 0.741238 0.758226
vt 0.697931 0.131429
vt 0.697931 0.101855
vt 0.700533 0.101855
vt 0.700533 0.131429
vt 0.967880 0.398686
vt 0.967880 0.396083
vt 0.969772 0.396083
vt 0.969772 0.398686
vt 0.969773 0.306591
vt 0.969773 0.309193
vt 0.967880 0.309193
vt 0.967880 0.306591
vt 0.164853 0.763142
vt 0.164853 0.733568
vt 0.166734 0.733568
vt 0.166734 0.763142
vt 0.049579 0.700673
vt 0.049579 0.671099
vt 0.052182 0.671099
vt 0.052182 0.700673
vt 0.756913 0.181830
vt 0.756913 0.152256
vt 0.758805 0.152256
vt 0.758805 0.181830
vt 0.246557 0.704944
vt 0.246557 0.675370
vt 0.249159 0.675370
vt 0.249159 0.704944
vt 0.967880 0.411470
vt 0.967880 0.408868
vt 0.969772 0.408868
vt 0.969772 0.411470
vt 0.969772 0.319375
vt 0.969772 0.321978
vt 0.967880 0.321978
vt 0.967880 0.319375
vt 0.412302 0.763155
vt 0.412302 0.733581
vt 0.414183 0.733581
vt 0.414183 0.763155
vt 0.342088 0.707789
vt 0.342088 0.678215
vt 0.344691 0.678215
vt 0.344691 0.707789
vt 0.756780 0.579679
vt 0.756780 0.550105
vt 0.758672 0.550105
vt 0.758672 0.579679
vt 0.354873 0.707789
vt 0.354873 0.678215
vt 0.357475 0.678215
vt 0.357475 0.707789
vt 0.967880 0.424255
vt 0.967880 0.421653
vt 0.969772 0.421653
vt 0.969772 0.424255
vt 0.969772 0.434437
vt 0.969772 0.437040
vt 0.967880 0.437040
vt 0.967880 0.434437
vt 0.424365 0.763155
vt 0.424365 0.733581
vt 0.426246 0.733581
vt 0.426246 0.763155
vt 0.696292 0.074421
vt 0.696292 0.044847
vt 0.698895 0.044847
vt 0.698895 0.074421
vt 0.033736 0.757582
vt 0.033736 0.728008
vt 0.035629 0.728008
vt 0.035629 0.757582
vt 0.140727 0.697056
vt 0.140727 0.667482
vt 0.143329 0.667482
vt 0.143329 0.697056
vt 0.967880 0.334763
vt 0.967880 0.332160
vt 0.969772 0.332160
vt 0.969772 0.334763
vt 0.969772 0.178744
vt 0.969772 0.181347
vt 0.967880 0.181347
vt 0.967880 0.178744
vt 0.854879 0.980761
vt 0.853520 0.980634
vt 0.853520 0.978753
vt 0.854879 0.978880
vt 0.659573 0.194430
vt 0.657799 0.194430
vt 0.657799 0.155807
vt 0.659573 0.155807
vt 0.980248 0.076205
vt 0.981609 0.076207
vt 0.981609 0.078100
vt 0.980248 0.078098
vt 0.650017 0.323267
vt 0.651792 0.323267
vt 0.651792 0.361890
vt 0.650017 0.361890
vt 0.737343 0.265147
vt 0.737343 0.235573
vt 0.739236 0.235570
vt 0.739236 0.265144
vt 0.744117 0.101855
vt 0.744117 0.131429
vt 0.742224 0.131431
vt 0.742224 0.101857
vt 0.866419 0.980761
vt 0.865061 0.980634
vt 0.865061 0.978753
vt 0.866419 0.978880
vt 0.660642 0.274193
vt 0.658868 0.274193
vt 0.658868 0.235570
vt 0.660642 0.235570
vt 0.980248 0.088282
vt 0.981609 0.088284
vt 0.981609 0.090177
vt 0.980248 0.090175
vt 0.663701 0.376036
vt 0.665476 0.376036
vt 0.665476 0.414659
vt 0.663701 0.414659
vt 0.556548 0.726038
vt 0.556548 0.696464
vt 0.558441 0.696461
vt 0.558441 0.726035
vt 0.744929 0.376036
vt 0.744929 0.405610
vt 0.743036 0.405612
vt 0.743036 0.376038
vt 0.877960 0.980761
vt 0.876601 0.980634
vt 0.876601 0.978753
vt 0.877960 0.978880
vt 0.671373 0.588729
vt 0.669599 0.588729
vt 0.669599 0.550105
vt 0.671373 0.550105
vt 0.980248 0.100359
vt 0.981609 0.100361
vt 0.981609 0.102253
vt 0.980248 0.102251
vt 0.466870 0.634993
vt 0.468644 0.634993
vt 0.468644 0.673617
vt 0.466870 0.673617
vt 0.736473 0.519177
vt 0.736473 0.489603
vt 0.738365 0.489600
vt 0.738365 0.519174
vt 0.745370 0.192014
vt 0.745370 0.221588
vt 0.743477 0.221590
vt 0.743477 0.192016
vt 0.889500 0.980761
vt 0.888142 0.980634
vt 0.888142 0.978753
vt 0.889500 0.978880
vt 0.662721 0.648004
vt 0.660946 0.648004
vt 0.660946 0.609380
vt 0.662721 0.609380
vt 0.980248 0.112435
vt 0.981609 0.112437
vt 0.981609 0.114330
vt 0.980248 0.114328
vt 0.669755 0.155807
vt 0.671530 0.155807
vt 0.671530 0.194430
vt 0.669755 0.194430
vt 0.731402 0.221591
vt 0.731402 0.192017
vt 0.733295 0.192014
vt 0.733295 0.221588
vt 0.745454 0.440795
vt 0.745454 0.470369
vt 0.743561 0.470371
vt 0.743561 0.440796
vt 0.901041 0.980761
vt 0.899682 0.980634
vt 0.899682 0.978753
vt 0.901041 0.978880
vt 0.663025 0.043715
vt 0.661250 0.043715
vt 0.661250 0.005091
vt 0.663025 0.005091
vt 0.980248 0.124512
vt 0.981609 0.124514
vt 0.981609 0.126407
vt 0.980248 0.126405
vt 0.661974 0.323267
vt 0.663748 0.323267
vt 0.663748 0.361890
vt 0.661974 0.361890
vt 0.731486 0.470372
vt 0.731486 0.440798
vt 0.733379 0.440795
vt 0.733379 0.470369
vt 0.261338 0.719775
vt 0.261338 0.749349
vt 0.259446 0.749351
vt 0.259446 0.719777
vt 0.684859 0.758992
vt 0.684859 0.729418
vt 0.686740 0.729418
vt 0.686740 0.758992
vt 0.153511 0.697056
vt 0.153511 0.667482
vt 0.156114 0.667482
vt 0.156114 0.697056
vt 0.755552 0.221588
vt 0.755552 0.192014
vt 0.757445 0.192014
vt 0.757445 0.221588
vt 0.166296 0.697056
vt 0.166296 0.667482
vt 0.168898 0.667482
vt 0.168898 0.697056
vt 0.967880 0.194131
vt 0.967880 0.191529
vt 0.969772 0.191529
vt 0.969772 0.194131
vt 0.969772 0.204313
vt 0.969772 0.206916
vt 0.967880 0.206916
vt 0.967880 0.204313
vt 0.660946 0.760732
vt 0.660946 0.731158
vt 0.662827 0.731158
vt 0.662827 0.760732
vt 0.705764 0.265144
vt 0.705764 0.235570
vt 0.708367 0.235570
vt 0.708367 0.265144
vt 0.075267 0.756424
vt 0.075267 0.726850
vt 0.077159 0.726850
vt 0.077159 0.756424
vt 0.704791 0.225137
vt 0.704791 0.195563
vt 0.707394 0.195563
vt 0.707394 0.225137
vt 0.967880 0.449824
vt 0.967880 0.447222
vt 0.969772 0.447222
vt 0.969772 0.449824
vt 0.969772 0.460007
vt 0.969772 0.462609
vt 0.967880 0.462609
vt 0.967880 0.460007
vt 0.184182 0.761692
vt 0.184182 0.732117
vt 0.186063 0.732117
vt 0.186063 0.761691
vt 0.062364 0.700673
vt 0.062364 0.671099
vt 0.064966 0.671099
vt 0.064966 0.700673
vt 0.501250 0.757527
vt 0.501250 0.727953
vt 0.503142 0.727953
vt 0.503142 0.757527
vt 0.222605 0.706893
vt 0.222605 0.677319
vt 0.225208 0.677319
vt 0.225208 0.706893
vt 0.967880 0.091854
vt 0.967880 0.089252
vt 0.969773 0.089252
vt 0.969773 0.091854
vt 0.969772 0.344945
vt 0.969772 0.347547
vt 0.967880 0.347547
vt 0.967880 0.344945
vt 0.760622 0.519174
vt 0.760622 0.489600
vt 0.762503 0.489600
vt 0.762503 0.519174
vt 0.698743 0.405610
vt 0.698743 0.376036
vt 0.701345 0.376036
vt 0.701345 0.405610
vt 0.755636 0.470369
vt 0.755636 0.440795
vt 0.757529 0.440795
vt 0.757529 0.470369
vt 0.704635 0.579680
vt 0.704635 0.550105
vt 0.707238 0.550105
vt 0.707238 0.579680
vt 0.967880 0.104639
vt 0.967880 0.102036
vt 0.969772 0.102036
vt 0.969772 0.104639
vt 0.969772 0.357729
vt 0.969772 0.360332
vt 0.967880 0.360332
vt 0.967880 0.357729
vt 0.371698 0.762820
vt 0.371698 0.733245
vt 0.373579 0.733245
vt 0.373579 0.762820
vt 0.259446 0.709593
vt 0.259446 0.680018
vt 0.262048 0.680018
vt 0.262048 0.709593
vt 0.755111 0.405610
vt 0.755111 0.376036
vt 0.757004 0.376036
vt 0.757004 0.405610
vt 0.704875 0.470369
vt 0.704875 0.440794
vt 0.707478 0.440794
vt 0.707478 0.470369
vt 0.967880 0.475394
vt 0.967880 0.472791
vt 0.969772 0.472791
vt 0.969772 0.475394
vt 0.969772 0.485576
vt 0.969772 0.488178
vt 0.967880 0.488178
vt 0.967880 0.485576
vt 0.383762 0.762820
vt 0.383762 0.733245
vt 0.385642 0.733245
vt 0.385642 0.762820
vt 0.697015 0.352841
vt 0.697015 0.323267
vt 0.699618 0.323267
vt 0.699618 0.352841
vt 0.489175 0.757527
vt 0.489175 0.727953
vt 0.491068 0.727953
vt 0.491068 0.757527
vt 0.694636 0.311786
vt 0.694636 0.282212
vt 0.697239 0.282212
vt 0.697239 0.311786
vt 0.967880 0.219701
vt 0.967880 0.217098
vt 0.969772 0.217098
vt 0.969772 0.219701
vt 0.969772 0.229883
vt 0.969772 0.232485
vt 0.967880 0.232485
vt 0.967880 0.229883
vt 0.947203 0.980761
vt 0.945844 0.980634
vt 0.945844 0.978753
vt 0.947203 0.978880
vt 0.652707 0.140478
vt 0.650933 0.140478
vt 0.650933 0.101855
vt 0.652707 0.101855
vt 0.980248 0.136589
vt 0.981609 0.136591
vt 0.981609 0.138483
vt 0.980248 0.138482
vt 0.657642 0.550105
vt 0.659417 0.550105
vt 0.659417 0.588729
vt 0.657642 0.588729
vt 0.738999 0.311789
vt 0.738999 0.282215
vt 0.740892 0.282212
vt 0.740892 0.311786
vt 0.743218 0.323267
vt 0.743218 0.352841
vt 0.741325 0.352843
vt 0.741325 0.323269
vt 0.912581 0.980761
vt 0.911223 0.980634
vt 0.911223 0.978753
vt 0.912581 0.978880
vt 0.671710 0.479418
vt 0.669936 0.479418
vt 0.669936 0.440794
vt 0.671710 0.440794
vt 0.980248 0.148666
vt 0.981609 0.148667
vt 0.981609 0.150560
vt 0.980248 0.150558
vt 0.669954 0.489600
vt 0.671728 0.489600
vt 0.671728 0.528223
vt 0.669954 0.528223
vt 0.738695 0.638958
vt 0.738695 0.609384
vt 0.740587 0.609380
vt 0.740587 0.638955
vt 0.746597 0.550105
vt 0.746597 0.579680
vt 0.744705 0.579682
vt 0.744705 0.550107
vt 0.958743 0.980761
vt 0.957385 0.980634
vt 0.957385 0.978753
vt 0.958743 0.978880
vt 0.124630 0.663857
vt 0.122855 0.663857
vt 0.122855 0.625233
vt 0.124630 0.625233
vt 0.980248 0.160742
vt 0.981609 0.160744
vt 0.981609 0.162637
vt 0.980248 0.162635
vt 0.670824 0.235570
vt 0.672599 0.235570
vt 0.672599 0.274193
vt 0.670824 0.274193
vt 0.739345 0.718470
vt 0.739345 0.688896
vt 0.741238 0.688893
vt 0.741238 0.718467
vt 0.224498 0.717075
vt 0.224498 0.746649
vt 0.222605 0.746651
vt 0.222605 0.717077
vt 0.924122 0.980761
vt 0.922763 0.980634
vt 0.922763 0.978753
vt 0.924122 0.978880
vt 0.659772 0.528223
vt 0.657997 0.528223
vt 0.657997 0.489600
vt 0.659772 0.489600
vt 0.980248 0.172819
vt 0.981609 0.172821
vt 0.981609 0.174714
vt 0.980248 0.174712
vt 0.206762 0.634600
vt 0.208536 0.634600
vt 0.208536 0.673223
vt 0.206762 0.673223
vt 0.740602 0.074428
vt 0.740602 0.044854
vt 0.742495 0.044850
vt 0.742495 0.074425
vt 0.746730 0.152256
vt 0.746730 0.181830
vt 0.744838 0.181832
vt 0.744838 0.152258
vt 0.935662 0.980761
vt 0.934304 0.980634
vt 0.934304 0.978753
vt 0.935662 0.978880
vt 0.664664 0.140478
vt 0.662889 0.140478
vt 0.662889 0.101855
vt 0.664664 0.101855
vt 0.980248 0.184896
vt 0.981609 0.184898
vt 0.981609 0.186790
vt 0.980248 0.186788
vt 0.657979 0.440794
vt 0.659753 0.440794
vt 0.659753 0.479418
vt 0.657979 0.479418
vt 0.740602 0.034668
vt 0.740602 0.005094
vt 0.742495 0.005091
vt 0.742495 0.034665
vt 0.273413 0.719775
vt 0.273413 0.749349
vt 0.271520 0.749351
vt 0.271520 0.719777
vt 0.466870 0.713373
vt 0.466870 0.683799
vt 0.469456 0.683799
vt 0.469456 0.713373
vt 0.750769 0.638955
vt 0.750769 0.609380
vt 0.752662 0.609380
vt 0.752662 0.638955
vt 0.709077 0.034665
vt 0.709077 0.005091
vt 0.711679 0.005091
vt 0.711679 0.034665
vt 0.206762 0.752735
vt 0.206762 0.723161
vt 0.208655 0.723161
vt 0.208655 0.752735
vt 0.969772 0.577671
vt 0.967880 0.577671
vt 0.967880 0.575068
vt 0.969772 0.575068
vt 0.967880 0.498361
vt 0.969772 0.498361
vt 0.969772 0.500963
vt 0.967880 0.500963
vt 0.646025 0.716231
vt 0.646025 0.686657
vt 0.648611 0.686657
vt 0.648611 0.716231
vt 0.751074 0.311786
vt 0.751074 0.282212
vt 0.752967 0.282212
vt 0.752967 0.311786
vt 0.094067 0.711989
vt 0.094067 0.682415
vt 0.096670 0.682415
vt 0.096670 0.711989
vt 0.748547 0.519174
vt 0.748547 0.489600
vt 0.750440 0.489600
vt 0.750440 0.519174
vt 0.969772 0.513748
vt 0.967880 0.513748
vt 0.967880 0.511145
vt 0.969772 0.511145
vt 0.967880 0.523930
vt 0.969772 0.523930
vt 0.969772 0.526532
vt 0.967880 0.526532
vt 0.609541 0.712506
vt 0.609541 0.682932
vt 0.612127 0.682932
vt 0.612127 0.712506
vt 0.749418 0.265144
vt 0.749418 0.235570
vt 0.751311 0.235570
vt 0.751311 0.265144
vt 0.272230 0.709593
vt 0.272230 0.680019
vt 0.274833 0.680019
vt 0.274833 0.709593
vt 0.466870 0.753129
vt 0.466870 0.723555
vt 0.468762 0.723555
vt 0.468762 0.753129
vt 0.969772 0.117423
vt 0.967880 0.117423
vt 0.967880 0.114821
vt 0.969772 0.114821
vt 0.967880 0.242667
vt 0.969772 0.242667
vt 0.969772 0.245270
vt 0.967880 0.245270
vt 0.622309 0.712506
vt 0.622309 0.682932
vt 0.624896 0.682932
vt 0.624896 0.712506
vt 0.094067 0.751745
vt 0.094067 0.722171
vt 0.095960 0.722171
vt 0.095960 0.751745
vt 0.707116 0.678711
vt 0.707116 0.649137
vt 0.709718 0.649137
vt 0.709718 0.678711
vt 0.751420 0.718467
vt 0.751420 0.688893
vt 0.753313 0.688893
vt 0.753313 0.718467
vt 0.969772 0.130208
vt 0.967880 0.130208
vt 0.967880 0.127606
vt 0.969772 0.127606
vt 0.967880 0.255452
vt 0.969772 0.255452
vt 0.969772 0.258055
vt 0.967880 0.258055
vt 0.489175 0.717771
vt 0.489175 0.688197
vt 0.491761 0.688196
vt 0.491761 0.717771
vt 0.016936 0.754318
vt 0.016936 0.724744
vt 0.018828 0.724744
vt 0.018828 0.754318
vt 0.709800 0.352841
vt 0.709800 0.323267
vt 0.712403 0.323267
vt 0.712403 0.352841
vt 0.106142 0.751745
vt 0.106142 0.722171
vt 0.108035 0.722171
vt 0.108035 0.751745
vt 0.969772 0.603240
vt 0.967880 0.603240
vt 0.967880 0.600638
vt 0.969772 0.600638
vt 0.967880 0.613422
vt 0.969772 0.613422
vt 0.969772 0.616025
vt 0.967880 0.616025
vt 0.683481 0.192106
vt 0.681712 0.192095
vt 0.681712 0.155806
vt 0.683481 0.155818
vt 0.981546 0.307549
vt 0.980248 0.307550
vt 0.980248 0.305657
vt 0.981546 0.305656
vt 0.675658 0.376036
vt 0.677432 0.376036
vt 0.677432 0.412445
vt 0.675658 0.412445
vt 0.980248 0.221124
vt 0.981546 0.221125
vt 0.981546 0.223018
vt 0.980248 0.223017
vt 0.776694 0.635949
vt 0.774801 0.635949
vt 0.774801 0.609380
vt 0.776694 0.609380
vt 0.764752 0.041920
vt 0.766644 0.041920
vt 0.766644 0.068567
vt 0.764752 0.068567
vt 0.330822 0.682335
vt 0.329053 0.682324
vt 0.329053 0.646035
vt 0.330822 0.646046
vt 0.981546 0.319625
vt 0.980248 0.319626
vt 0.980248 0.317733
vt 0.981546 0.317732
vt 0.674846 0.101855
vt 0.676620 0.101855
vt 0.676620 0.138263
vt 0.674846 0.138263
vt 0.980248 0.281504
vt 0.981546 0.281505
vt 0.981546 0.283398
vt 0.980248 0.283397
vt 0.769604 0.467363
vt 0.767711 0.467363
vt 0.767711 0.440795
vt 0.769604 0.440795
vt 0.357316 0.739983
vt 0.359209 0.739983
vt 0.359209 0.766630
vt 0.357316 0.766630
vt 0.077036 0.680460
vt 0.075267 0.680449
vt 0.075267 0.644161
vt 0.077036 0.644172
vt 0.981546 0.343777
vt 0.980248 0.343778
vt 0.980248 0.341885
vt 0.981546 0.341884
vt 0.673930 0.323267
vt 0.675705 0.323267
vt 0.675705 0.359675
vt 0.673930 0.359675
vt 0.980248 0.196972
vt 0.981546 0.196974
vt 0.981546 0.198866
vt 0.980248 0.198865
vt 0.770747 0.576674
vt 0.768854 0.576674
vt 0.768854 0.550105
vt 0.770747 0.550105
vt 0.763495 0.688893
vt 0.765388 0.688893
vt 0.765388 0.715540
vt 0.763495 0.715540
vt 0.318870 0.682335
vt 0.317101 0.682324
vt 0.317101 0.646035
vt 0.318870 0.646046
vt 0.981546 0.367929
vt 0.980248 0.367930
vt 0.980248 0.366037
vt 0.981546 0.366036
vt 0.672903 0.609380
vt 0.674677 0.609380
vt 0.674677 0.645789
vt 0.672903 0.645789
vt 0.980248 0.293580
vt 0.981546 0.293581
vt 0.981546 0.295474
vt 0.980248 0.295473
vt 0.777463 0.715461
vt 0.775570 0.715461
vt 0.775570 0.688893
vt 0.777463 0.688893
vt 0.765475 0.323267
vt 0.767368 0.323267
vt 0.767368 0.349913
vt 0.765475 0.349913
vt 0.711528 0.405610
vt 0.711528 0.376036
vt 0.714114 0.376036
vt 0.714114 0.405610
vt 0.752677 0.034665
vt 0.752677 0.005091
vt 0.754570 0.005091
vt 0.754570 0.034665
vt 0.709077 0.074421
vt 0.709077 0.044847
vt 0.711679 0.044847
vt 0.711679 0.074421
vt 0.752677 0.074425
vt 0.752677 0.044850
vt 0.754569 0.044850
vt 0.754569 0.074425
vt 0.969772 0.590456
vt 0.967880 0.590456
vt 0.967880 0.587853
vt 0.969772 0.587853
vt 0.967880 0.536714
vt 0.969772 0.536714
vt 0.969772 0.539317
vt 0.967880 0.539317
vt 0.016936 0.714562
vt 0.016936 0.684988
vt 0.019522 0.684988
vt 0.019522 0.714562
vt 0.596756 0.752262
vt 0.596756 0.722688
vt 0.598649 0.722688
vt 0.598649 0.752262
vt 0.106852 0.711989
vt 0.106852 0.682415
vt 0.109454 0.682415
vt 0.109454 0.711989
vt 0.609541 0.752262
vt 0.609541 0.722688
vt 0.611434 0.722688
vt 0.611434 0.752262
vt 0.969772 0.552102
vt 0.967880 0.552102
vt 0.967880 0.549499
vt 0.969772 0.549499
vt 0.967880 0.562284
vt 0.969772 0.562284
vt 0.969772 0.564886
vt 0.967880 0.564886
vt 0.206762 0.712979
vt 0.206762 0.683405
vt 0.209348 0.683405
vt 0.209348 0.712979
vt 0.621616 0.752262
vt 0.621616 0.722688
vt 0.623509 0.722688
vt 0.623509 0.752262
vt 0.707116 0.638955
vt 0.707116 0.609380
vt 0.709718 0.609380
vt 0.709718 0.638955
vt 0.753400 0.352841
vt 0.753400 0.323267
vt 0.755293 0.323267
vt 0.755293 0.352841
vt 0.969772 0.142993
vt 0.967880 0.142993
vt 0.967880 0.140390
vt 0.969772 0.140390
vt 0.967880 0.268237
vt 0.969772 0.268237
vt 0.969772 0.270839
vt 0.967880 0.270839
vt 0.710716 0.131429
vt 0.710716 0.101855
vt 0.713302 0.101855
vt 0.713302 0.131429
vt 0.707116 0.755857
vt 0.707116 0.726283
vt 0.709009 0.726283
vt 0.709009 0.755857
vt 0.707421 0.311786
vt 0.707421 0.282212
vt 0.710023 0.282212
vt 0.710023 0.311786
vt 0.646025 0.755987
vt 0.646025 0.726413
vt 0.647918 0.726413
vt 0.647918 0.755987
vt 0.969772 0.155777
vt 0.967880 0.155777
vt 0.967880 0.153175
vt 0.969772 0.153175
vt 0.967880 0.281021
vt 0.969772 0.281021
vt 0.969772 0.283624
vt 0.967880 0.283624
vt 0.501943 0.717771
vt 0.501943 0.688197
vt 0.504530 0.688196
vt 0.504530 0.717771
vt 0.754299 0.131429
vt 0.754299 0.101855
vt 0.756192 0.101855
vt 0.756192 0.131429
vt 0.596756 0.712506
vt 0.596756 0.682932
vt 0.599359 0.682932
vt 0.599359 0.712506
vt 0.633691 0.752262
vt 0.633691 0.722688
vt 0.635583 0.722688
vt 0.635583 0.752262
vt 0.969772 0.628810
vt 0.967880 0.628810
vt 0.967880 0.626207
vt 0.969772 0.626207
vt 0.967880 0.638992
vt 0.969772 0.638992
vt 0.969772 0.641594
vt 0.967880 0.641594
vt 0.683325 0.586405
vt 0.681556 0.586394
vt 0.681556 0.550105
vt 0.683325 0.550116
vt 0.981546 0.235093
vt 0.980248 0.235094
vt 0.980248 0.233201
vt 0.981546 0.233200
vt 0.033736 0.644027
vt 0.035510 0.644027
vt 0.035510 0.680436
vt 0.033736 0.680436
vt 0.980248 0.245276
vt 0.981546 0.245277
vt 0.981546 0.247170
vt 0.980248 0.247169
vt 0.776999 0.308781
vt 0.775106 0.308781
vt 0.775106 0.282212
vt 0.776999 0.282212
vt 0.766374 0.101855
vt 0.768267 0.101855
vt 0.768267 0.128501
vt 0.766374 0.128501
vt 0.583527 0.681249
vt 0.581757 0.681238
vt 0.581757 0.644949
vt 0.583527 0.644960
vt 0.981546 0.331701
vt 0.980248 0.331702
vt 0.980248 0.329809
vt 0.981546 0.329808
vt 0.673207 0.005091
vt 0.674981 0.005091
vt 0.674981 0.041500
vt 0.673207 0.041500
vt 0.980248 0.257352
vt 0.981546 0.257353
vt 0.981546 0.259246
vt 0.980248 0.259245
vt 0.769520 0.218583
vt 0.767627 0.218583
vt 0.767627 0.192014
vt 0.769520 0.192014
vt 0.764752 0.005091
vt 0.766645 0.005091
vt 0.766645 0.031738
vt 0.764752 0.031738
vt 0.571575 0.681249
vt 0.569806 0.681238
vt 0.569806 0.644949
vt 0.571575 0.644960
vt 0.981546 0.380005
vt 0.980248 0.380006
vt 0.980248 0.378113
vt 0.981546 0.378112
vt 0.673207 0.051682
vt 0.674981 0.051682
vt 0.674981 0.088090
vt 0.673207 0.088090
vt 0.980248 0.209048
vt 0.981546 0.209050
vt 0.981546 0.210942
vt 0.980248 0.210941
vt 0.770880 0.178824
vt 0.768987 0.178824
vt 0.768987 0.152256
vt 0.770880 0.152256
vt 0.763495 0.725722
vt 0.765388 0.725722
vt 0.765388 0.752368
vt 0.763495 0.752368
vt 0.518426 0.682736
vt 0.516656 0.682725
vt 0.516656 0.646436
vt 0.518426 0.646447
vt 0.981546 0.355853
vt 0.980248 0.355854
vt 0.980248 0.353961
vt 0.981546 0.353960
vt 0.661250 0.053897
vt 0.663025 0.053897
vt 0.663025 0.090305
vt 0.661250 0.090305
vt 0.980248 0.269428
vt 0.981546 0.269429
vt 0.981546 0.271322
vt 0.980248 0.271321
vt 0.774578 0.516169
vt 0.772685 0.516169
vt 0.772685 0.489600
vt 0.774578 0.489600
vt 0.767186 0.376036
vt 0.769079 0.376036
vt 0.769079 0.402683
vt 0.767186 0.402683
vt 0.372040 0.966982
vt 0.372040 0.964428
vt 0.374034 0.964297
vt 0.374034 0.966851
vt 0.537021 0.586376
vt 0.534063 0.586376
vt 0.534063 0.489600
vt 0.537021 0.489600
vt 0.384217 0.966851
vt 0.384217 0.964299
vt 0.386228 0.964297
vt 0.386228 0.966849
vt 0.585320 0.489600
vt 0.588278 0.489600
vt 0.588278 0.586376
vt 0.585320 0.586376
vt 0.528089 0.088492
vt 0.528089 0.005093
vt 0.530100 0.005091
vt 0.530100 0.088490
vt 0.554487 0.005091
vt 0.554487 0.088490
vt 0.552476 0.088492
vt 0.552476 0.005092
vt 0.620786 0.980857
vt 0.620786 0.978753
vt 0.622546 0.978855
vt 0.622546 0.980958
vt 0.611303 0.383772
vt 0.613669 0.383772
vt 0.613669 0.434095
vt 0.611303 0.434095
vt 0.705219 0.980850
vt 0.705219 0.978753
vt 0.706994 0.978754
vt 0.706994 0.980852
vt 0.613669 0.373590
vt 0.611303 0.373590
vt 0.611303 0.323267
vt 0.613669 0.323267
vt 0.518431 0.591591
vt 0.518431 0.636254
vt 0.516656 0.636252
vt 0.516656 0.591589
vt 0.398106 0.638618
vt 0.398106 0.593955
vt 0.399881 0.593956
vt 0.399881 0.638620
vt 0.359864 0.966852
vt 0.359864 0.964297
vt 0.361858 0.964428
vt 0.361858 0.966982
vt 0.107207 0.500247
vt 0.110164 0.500247
vt 0.110164 0.597022
vt 0.107207 0.597022
vt 0.506665 0.966842
vt 0.506665 0.964297
vt 0.508676 0.964299
vt 0.508676 0.966844
vt 0.097025 0.597022
vt 0.094067 0.597022
vt 0.094067 0.500247
vt 0.097025 0.500247
vt 0.517907 0.005093
vt 0.517907 0.088492
vt 0.515896 0.088490
vt 0.515896 0.005091
vt 0.540282 0.088490
vt 0.540282 0.005091
vt 0.542293 0.005092
vt 0.542293 0.088491
vt 0.632729 0.980958
vt 0.632729 0.978855
vt 0.634489 0.978753
vt 0.634489 0.980856
vt 0.622837 0.539923
vt 0.620471 0.539923
vt 0.620471 0.489600
vt 0.622837 0.489600
vt 0.693263 0.980857
vt 0.693263 0.978754
vt 0.695037 0.978753
vt 0.695037 0.980855
vt 0.608692 0.005091
vt 0.611058 0.005091
vt 0.611058 0.055414
vt 0.608692 0.055414
vt 0.634380 0.049757
vt 0.634380 0.005093
vt 0.636154 0.005091
vt 0.636154 0.049755
vt 0.638634 0.376036
vt 0.638634 0.420700
vt 0.636860 0.420701
vt 0.636860 0.376037
vt 0.253702 0.967254
vt 0.253702 0.964297
vt 0.255700 0.964297
vt 0.255700 0.967254
vt 0.523881 0.490065
vt 0.520924 0.490065
vt 0.520924 0.323267
vt 0.523881 0.323267
vt 0.229315 0.967254
vt 0.229315 0.964297
vt 0.231326 0.964297
vt 0.231326 0.967254
vt 0.123810 0.361417
vt 0.126767 0.361417
vt 0.126767 0.528215
vt 0.123810 0.528215
vt 0.569324 0.268653
vt 0.569324 0.101855
vt 0.571335 0.101855
vt 0.571335 0.268653
vt 0.575138 0.323267
vt 0.575138 0.490065
vt 0.573127 0.490065
vt 0.573127 0.323267
vt 0.620640 0.204900
vt 0.620640 0.155807
vt 0.622639 0.155807
vt 0.622639 0.204900
vt 0.569806 0.608023
vt 0.569806 0.558930
vt 0.572764 0.558930
vt 0.572764 0.608023
vt 0.620471 0.599198
vt 0.620471 0.550105
vt 0.622483 0.550105
vt 0.622483 0.599198
vt 0.607501 0.204900
vt 0.607501 0.155807
vt 0.610458 0.155807
vt 0.610458 0.204900
vt 0.241508 0.967254
vt 0.241508 0.964297
vt 0.243519 0.964297
vt 0.243519 0.967254
vt 0.219133 0.964297
vt 0.219133 0.967254
vt 0.217122 0.967254
vt 0.217122 0.964297
vt 0.005091 0.171889
vt 0.005150 0.088490
vt 0.130544 0.088490
vt 0.130485 0.171889
vt 0.005091 0.005091
vt 0.130485 0.005091
vt 0.376095 0.490065
vt 0.376094 0.323267
vt 0.425188 0.406666
vt 0.484463 0.490065
vt 0.435370 0.406666
vt 0.484463 0.323267
vt 0.186000 0.952798
vt 0.186000 0.949841
vt 0.188469 0.949841
vt 0.188469 0.952798
vt 0.126767 0.351235
vt 0.123810 0.351235
vt 0.123810 0.182071
vt 0.126767 0.182071
vt 0.160667 0.952798
vt 0.160667 0.949841
vt 0.163151 0.949841
vt 0.163151 0.952798
vt 0.517121 0.101855
vt 0.520078 0.101855
vt 0.520078 0.271019
vt 0.517121 0.271019
vt 0.543991 0.271019
vt 0.543991 0.101855
vt 0.546476 0.101855
vt 0.546476 0.271019
vt 0.550279 0.323267
vt 0.550279 0.492431
vt 0.547794 0.492431
vt 0.547794 0.323267
vt 0.198651 0.952798
vt 0.198651 0.949841
vt 0.201119 0.949841
vt 0.201119 0.952798
vt 0.497602 0.492430
vt 0.494645 0.492430
vt 0.494645 0.323267
vt 0.497602 0.323267
vt 0.173333 0.952798
vt 0.173333 0.949841
vt 0.175818 0.949841
vt 0.175818 0.952798
vt 0.507784 0.323267
vt 0.510742 0.323267
vt 0.510742 0.492430
vt 0.507784 0.492430
vt 0.560461 0.492431
vt 0.560461 0.323267
vt 0.562945 0.323267
vt 0.562945 0.492431
vt 0.559142 0.101855
vt 0.559142 0.271019
vt 0.556658 0.271019
vt 0.556658 0.101855
vt 0.037876 0.585808
vt 0.033736 0.585808
vt 0.033736 0.458843
vt 0.037876 0.458843
vt 0.913336 0.890312
vt 0.913336 0.886172
vt 0.917476 0.886172
vt 0.917476 0.890312
vt 0.005091 0.458843
vt 0.009231 0.458843
vt 0.009231 0.586603
vt 0.005091 0.586603
vt 0.913335 0.904635
vt 0.913335 0.900494
vt 0.917476 0.900494
vt 0.917476 0.904635
vt 0.023554 0.586603
vt 0.019414 0.586603
vt 0.019414 0.458843
vt 0.023554 0.458843
vt 0.075267 0.458182
vt 0.079407 0.458182
vt 0.079407 0.585942
vt 0.075267 0.585942
vt 0.609541 0.856448
vt 0.609541 0.841070
vt 0.612480 0.841070
vt 0.612480 0.856448
vt 0.626682 0.460839
vt 0.611303 0.460839
vt 0.611303 0.444277
vt 0.626682 0.444277
vt 0.851095 0.620264
vt 0.851095 0.604885
vt 0.854052 0.604885
vt 0.854052 0.620264
vt 0.608692 0.065597
vt 0.624071 0.065596
vt 0.624071 0.082158
vt 0.608692 0.082158
vt 0.511493 0.835199
vt 0.511493 0.818638
vt 0.514451 0.818638
vt 0.514451 0.835199
vt 0.785182 0.818522
vt 0.785182 0.835083
vt 0.782224 0.835083
vt 0.782224 0.818522
vt 0.054100 0.967824
vt 0.052444 0.967824
vt 0.052444 0.964297
vt 0.054100 0.964297
vt 0.387381 0.822931
vt 0.385725 0.822931
vt 0.385725 0.803058
vt 0.387381 0.803058
vt 0.955124 0.771673
vt 0.956780 0.771673
vt 0.956780 0.775222
vt 0.955124 0.775222
vt 0.818315 0.005091
vt 0.819971 0.005091
vt 0.819971 0.024965
vt 0.818315 0.024965
vt 0.168189 0.793198
vt 0.168189 0.773324
vt 0.171738 0.773324
vt 0.171738 0.793198
vt 0.345637 0.770080
vt 0.345637 0.789954
vt 0.342088 0.789954
vt 0.342088 0.770080
vt 0.065939 0.967824
vt 0.064282 0.967824
vt 0.064282 0.964297
vt 0.065939 0.964297
vt 0.414843 0.823464
vt 0.413187 0.823464
vt 0.413187 0.803590
vt 0.414843 0.803590
vt 0.955124 0.840328
vt 0.956780 0.840328
vt 0.956780 0.843877
vt 0.955124 0.843877
vt 0.820825 0.101855
vt 0.822481 0.101855
vt 0.822481 0.121729
vt 0.820825 0.121729
vt 0.412302 0.793211
vt 0.412302 0.773338
vt 0.415851 0.773338
vt 0.415851 0.793211
vt 0.790730 0.282212
vt 0.790730 0.302086
vt 0.787181 0.302086
vt 0.787181 0.282212
vt 0.843129 0.338645
vt 0.843129 0.323267
vt 0.846656 0.323267
vt 0.846656 0.338645
vt 0.796842 0.861946
vt 0.796842 0.846567
vt 0.798499 0.846567
vt 0.798499 0.861946
vt 0.425169 0.844865
vt 0.425169 0.829487
vt 0.428718 0.829487
vt 0.428718 0.844865
vt 0.782224 0.860644
vt 0.782224 0.845265
vt 0.783880 0.845265
vt 0.783880 0.860644
vt 0.956780 0.747760
vt 0.955124 0.747760
vt 0.955124 0.744211
vt 0.956780 0.744211
vt 0.955124 0.551977
vt 0.956780 0.551977
vt 0.956780 0.555526
vt 0.955124 0.555526
vt 0.843129 0.364206
vt 0.843129 0.348828
vt 0.846656 0.348827
vt 0.846656 0.364206
vt 0.646025 0.862745
vt 0.646025 0.847366
vt 0.647681 0.847366
vt 0.647681 0.862745
vt 0.841992 0.020470
vt 0.841992 0.005091
vt 0.845541 0.005091
vt 0.845541 0.020470
vt 0.016936 0.862594
vt 0.016936 0.847216
vt 0.018592 0.847216
vt 0.018592 0.862594
vt 0.956780 0.912532
vt 0.955124 0.912532
vt 0.955124 0.908983
vt 0.956780 0.908983
vt 0.955124 0.854059
vt 0.956780 0.854059
vt 0.956780 0.857608
vt 0.955124 0.857608
vt 0.439388 0.819211
vt 0.439388 0.803833
vt 0.443209 0.803832
vt 0.443209 0.819211
vt 0.303847 0.883645
vt 0.303847 0.868267
vt 0.304675 0.868267
vt 0.304675 0.883645
vt 0.399160 0.818968
vt 0.399160 0.803590
vt 0.403005 0.803590
vt 0.403005 0.818969
vt 0.883675 0.083457
vt 0.883675 0.068078
vt 0.884503 0.068078
vt 0.884503 0.083457
vt 0.946251 0.968142
vt 0.945423 0.968142
vt 0.945423 0.964297
vt 0.946251 0.964297
vt 0.846331 0.964297
vt 0.847159 0.964297
vt 0.847159 0.968142
vt 0.846331 0.968142
vt 0.968708 0.669600
vt 0.967880 0.669600
vt 0.967880 0.665779
vt 0.968708 0.665779
vt 0.880216 0.457356
vt 0.879388 0.457356
vt 0.879388 0.440795
vt 0.880216 0.440795
vt 0.923402 0.964297
vt 0.924230 0.964297
vt 0.924230 0.968142
vt 0.923402 0.968142
vt 0.879949 0.036330
vt 0.880777 0.036330
vt 0.880777 0.052891
vt 0.879949 0.052891
vt 0.222605 0.804634
vt 0.222605 0.788072
vt 0.226450 0.788072
vt 0.226450 0.804634
vt 0.470714 0.787427
vt 0.470714 0.803988
vt 0.466870 0.803988
vt 0.466870 0.787427
vt 0.878819 0.251717
vt 0.878819 0.235570
vt 0.879995 0.235570
vt 0.879995 0.251717
vt 0.390492 0.723063
vt 0.390492 0.706916
vt 0.399104 0.706916
vt 0.399104 0.723063
vt 0.489175 0.877058
vt 0.489175 0.860910
vt 0.490358 0.860910
vt 0.490358 0.877058
vt 0.159521 0.723386
vt 0.159521 0.707238
vt 0.168133 0.707238
vt 0.168133 0.723386
vt 0.913335 0.506553
vt 0.913335 0.497941
vt 0.914518 0.497941
vt 0.914518 0.506553
vt 0.914518 0.441559
vt 0.914518 0.450171
vt 0.913336 0.450171
vt 0.913336 0.441559
vt 0.878997 0.705040
vt 0.878997 0.688893
vt 0.880172 0.688893
vt 0.880172 0.705040
vt 0.184182 0.721935
vt 0.184182 0.705788
vt 0.192794 0.705788
vt 0.192794 0.721935
vt 0.876073 0.595472
vt 0.876073 0.579325
vt 0.877256 0.579325
vt 0.877256 0.595472
vt 0.684859 0.719236
vt 0.684859 0.703088
vt 0.693471 0.703088
vt 0.693471 0.719236
vt 0.913336 0.374994
vt 0.913336 0.366382
vt 0.914518 0.366382
vt 0.914518 0.374994
vt 0.914518 0.159647
vt 0.914518 0.168259
vt 0.913335 0.168259
vt 0.913335 0.159647
vt 0.873026 0.939037
vt 0.870069 0.939037
vt 0.870069 0.934628
vt 0.873026 0.934628
vt 0.801317 0.628426
vt 0.798359 0.628426
vt 0.798359 0.609380
vt 0.801317 0.609380
vt 0.927905 0.389378
vt 0.930863 0.389378
vt 0.930863 0.393814
vt 0.927905 0.393814
vt 0.797774 0.071627
vt 0.800731 0.071627
vt 0.800731 0.090673
vt 0.797774 0.090673
vt 0.016936 0.783546
vt 0.016936 0.764501
vt 0.021372 0.764501
vt 0.021372 0.783546
vt 0.781263 0.036330
vt 0.781263 0.055376
vt 0.776827 0.055376
vt 0.776827 0.036330
vt 0.305651 0.992723
vt 0.304881 0.993042
vt 0.304881 0.992403
vt 0.213524 0.980341
vt 0.213524 0.979463
vt 0.214479 0.979463
vt 0.214479 0.980340
vt 0.259075 0.991952
vt 0.258756 0.992722
vt 0.258437 0.991952
vt 0.213524 0.981050
vt 0.214114 0.981050
vt 0.213524 0.978753
vt 0.214114 0.978753
vt 0.152112 0.979463
vt 0.152477 0.978753
vt 0.153067 0.978753
vt 0.153066 0.979464
vt 0.305333 0.991951
vt 0.152112 0.980341
vt 0.153066 0.980342
vt 0.257985 0.992403
vt 0.152477 0.981050
vt 0.153067 0.981050
vt 0.153657 0.978753
vt 0.154021 0.979463
vt 0.305971 0.991951
vt 0.154021 0.980341
vt 0.257985 0.993042
vt 0.153657 0.981050
vt 0.224661 0.979463
vt 0.225025 0.978753
vt 0.225615 0.978753
vt 0.225616 0.979462
vt 0.306423 0.992403
vt 0.224661 0.980340
vt 0.225616 0.980339
vt 0.258437 0.993493
vt 0.225025 0.981050
vt 0.225615 0.981050
vt 0.226205 0.978753
vt 0.226570 0.979463
vt 0.306423 0.993042
vt 0.226570 0.980340
vt 0.259075 0.993493
vt 0.226205 0.981050
vt 0.478521 0.979463
vt 0.478843 0.978753
vt 0.479457 0.978753
vt 0.479514 0.979463
vt 0.305971 0.993493
vt 0.478521 0.980340
vt 0.479514 0.980340
vt 0.259527 0.993042
vt 0.478843 0.981050
vt 0.479457 0.981050
vt 0.480016 0.978753
vt 0.480419 0.979463
vt 0.305333 0.993493
vt 0.480419 0.980340
vt 0.259527 0.992403
vt 0.480016 0.981050
vt 0.212569 0.979463
vt 0.212934 0.978753
vt 0.212569 0.980340
vt 0.212934 0.981050
vt 0.269709 0.992403
vt 0.270480 0.992722
vt 0.269709 0.993042
vt 0.237707 0.979463
vt 0.237707 0.978753
vt 0.238296 0.978753
vt 0.238661 0.979463
vt 0.237707 0.981050
vt 0.237707 0.980341
vt 0.238661 0.980340
vt 0.238296 0.981050
vt 0.364271 0.992722
vt 0.363500 0.993042
vt 0.363500 0.992403
vt 0.116203 0.981050
vt 0.115838 0.980341
vt 0.116792 0.980342
vt 0.116793 0.981050
vt 0.115838 0.979463
vt 0.116203 0.978753
vt 0.116793 0.978753
vt 0.116792 0.979464
vt 0.270161 0.993493
vt 0.363952 0.991951
vt 0.270799 0.993493
vt 0.364591 0.991951
vt 0.117747 0.979463
vt 0.117747 0.980341
vt 0.117383 0.981050
vt 0.117383 0.978753
vt 0.200842 0.981050
vt 0.200478 0.980340
vt 0.201433 0.980339
vt 0.201432 0.981050
vt 0.200478 0.979463
vt 0.200842 0.978753
vt 0.201432 0.978753
vt 0.201433 0.979462
vt 0.365042 0.992403
vt 0.271251 0.993042
vt 0.365042 0.993042
vt 0.202022 0.978753
vt 0.202387 0.979463
vt 0.271251 0.992403
vt 0.202387 0.980340
vt 0.202022 0.981050
vt 0.364591 0.993493
vt 0.270799 0.991951
vt 0.490601 0.980340
vt 0.490601 0.979463
vt 0.491594 0.979463
vt 0.491594 0.980340
vt 0.490923 0.981050
vt 0.491536 0.981050
vt 0.490923 0.978753
vt 0.491536 0.978753
vt 0.363952 0.993493
vt 0.270161 0.991951
vt 0.492498 0.979463
vt 0.492498 0.980340
vt 0.492095 0.981050
vt 0.492095 0.978753
vt 0.236752 0.980340
vt 0.236752 0.979463
vt 0.237116 0.981050
vt 0.237116 0.978753
vt 0.249799 0.980341
vt 0.249799 0.979463
vt 0.250753 0.979463
vt 0.250753 0.980340
vt 0.329100 0.992723
vt 0.329870 0.993042
vt 0.329419 0.993493
vt 0.249798 0.978753
vt 0.250388 0.978753
vt 0.249798 0.981050
vt 0.250388 0.981050
vt 0.281433 0.992403
vt 0.282204 0.992722
vt 0.281433 0.993042
vt 0.164569 0.981050
vt 0.164204 0.980341
vt 0.165158 0.980342
vt 0.165158 0.981050
vt 0.281885 0.993493
vt 0.328780 0.993493
vt 0.164204 0.979463
vt 0.165158 0.979464
vt 0.164569 0.978753
vt 0.165158 0.978753
vt 0.166113 0.979463
vt 0.166113 0.980341
vt 0.165749 0.981050
vt 0.282523 0.993493
vt 0.165749 0.978753
vt 0.328329 0.993042
vt 0.282975 0.993042
vt 0.328329 0.992403
vt 0.260935 0.979462
vt 0.261299 0.978753
vt 0.261889 0.978753
vt 0.261890 0.979462
vt 0.260935 0.980340
vt 0.261890 0.980339
vt 0.261299 0.981050
vt 0.261889 0.981050
vt 0.282975 0.992403
vt 0.262844 0.980340
vt 0.262479 0.981050
vt 0.262844 0.979462
vt 0.262479 0.978753
vt 0.328780 0.991951
vt 0.454362 0.980340
vt 0.454362 0.979463
vt 0.455355 0.979463
vt 0.455355 0.980340
vt 0.454684 0.981050
vt 0.455297 0.981050
vt 0.454684 0.978753
vt 0.455297 0.978753
vt 0.329419 0.991951
vt 0.282523 0.991951
vt 0.456260 0.979463
vt 0.456260 0.980340
vt 0.455857 0.981050
vt 0.455857 0.978753
vt 0.329870 0.992403
vt 0.281885 0.991951
vt 0.248844 0.980340
vt 0.248844 0.979463
vt 0.249208 0.981050
vt 0.249208 0.978753
vt 0.853647 0.297591
vt 0.853647 0.282212
vt 0.856586 0.282212
vt 0.856586 0.297591
vt 0.504553 0.625529
vt 0.489175 0.625529
vt 0.489175 0.608967
vt 0.504553 0.608967
vt 0.316801 0.854430
vt 0.316801 0.839051
vt 0.319759 0.839051
vt 0.319759 0.854430
vt 0.371698 0.609815
vt 0.387077 0.609815
vt 0.387077 0.626376
vt 0.371698 0.626376
vt 0.832331 0.665701
vt 0.832331 0.649140
vt 0.835288 0.649140
vt 0.835288 0.665701
vt 0.742303 0.816018
vt 0.742303 0.832580
vt 0.739345 0.832580
vt 0.739345 0.816018
vt 0.077777 0.967824
vt 0.076121 0.967824
vt 0.076121 0.964297
vt 0.077777 0.964297
vt 0.822149 0.669014
vt 0.820493 0.669014
vt 0.820493 0.649140
vt 0.822149 0.649140
vt 0.955124 0.785404
vt 0.956780 0.785404
vt 0.956780 0.788953
vt 0.955124 0.788953
vt 0.821626 0.488180
vt 0.823282 0.488180
vt 0.823282 0.508054
vt 0.821626 0.508054
vt 0.789842 0.255444
vt 0.789842 0.235570
vt 0.793391 0.235570
vt 0.793391 0.255444
vt 0.664495 0.770914
vt 0.664495 0.790788
vt 0.660946 0.790788
vt 0.660946 0.770914
vt 0.089615 0.967824
vt 0.087959 0.967824
vt 0.087959 0.964297
vt 0.089615 0.964297
vt 0.822596 0.568560
vt 0.820939 0.568560
vt 0.820939 0.548686
vt 0.822596 0.548686
vt 0.955124 0.799135
vt 0.956780 0.799135
vt 0.956780 0.802684
vt 0.955124 0.802684
vt 0.453391 0.803832
vt 0.455047 0.803832
vt 0.455047 0.823706
vt 0.453391 0.823706
vt 0.790558 0.024965
vt 0.790558 0.005091
vt 0.794107 0.005091
vt 0.794107 0.024965
vt 0.791194 0.688893
vt 0.791194 0.708767
vt 0.787645 0.708767
vt 0.787645 0.688893
vt 0.238087 0.847380
vt 0.238087 0.832001
vt 0.241614 0.832001
vt 0.241614 0.847380
vt 0.862027 0.808458
vt 0.862027 0.793080
vt 0.863684 0.793080
vt 0.863684 0.808458
vt 0.842406 0.051708
vt 0.842406 0.036330
vt 0.845955 0.036330
vt 0.845955 0.051708
vt 0.823318 0.864075
vt 0.823318 0.848696
vt 0.824975 0.848696
vt 0.824975 0.864075
vt 0.956780 0.926263
vt 0.955124 0.926263
vt 0.955124 0.922714
vt 0.956780 0.922714
vt 0.955124 0.867790
vt 0.956780 0.867790
vt 0.956780 0.871339
vt 0.955124 0.871339
vt 0.845470 0.664518
vt 0.845470 0.649140
vt 0.848997 0.649140
vt 0.848997 0.664518
vt 0.511493 0.860760
vt 0.511493 0.845382
vt 0.513150 0.845382
vt 0.513150 0.860760
vt 0.842652 0.391414
vt 0.842652 0.376036
vt 0.846201 0.376036
vt 0.846201 0.391414
vt 0.681079 0.862333
vt 0.681079 0.846955
vt 0.682736 0.846955
vt 0.682736 0.862333
vt 0.956780 0.761491
vt 0.955124 0.761491
vt 0.955124 0.757942
vt 0.956780 0.757942
vt 0.955124 0.565708
vt 0.956780 0.565708
vt 0.956780 0.569257
vt 0.955124 0.569257
vt 0.425169 0.819304
vt 0.425169 0.803926
vt 0.428990 0.803926
vt 0.428990 0.819304
vt 0.330241 0.885220
vt 0.330241 0.869842
vt 0.331069 0.869842
vt 0.331069 0.885220
vt 0.259446 0.819137
vt 0.259446 0.803758
vt 0.263290 0.803758
vt 0.263290 0.819137
vt 0.883217 0.424051
vt 0.883217 0.408673
vt 0.884045 0.408673
vt 0.884045 0.424051
vt 0.957261 0.968142
vt 0.956433 0.968142
vt 0.956433 0.964297
vt 0.957261 0.964297
vt 0.857341 0.964297
vt 0.858169 0.964297
vt 0.858169 0.968142
vt 0.857341 0.968142
vt 0.968708 0.683603
vt 0.967880 0.683603
vt 0.967880 0.679782
vt 0.968708 0.679782
vt 0.880826 0.021653
vt 0.879998 0.021653
vt 0.879998 0.005091
vt 0.880826 0.005091
vt 0.934413 0.964297
vt 0.935241 0.964297
vt 0.935241 0.968142
vt 0.934413 0.968142
vt 0.879496 0.323267
vt 0.880324 0.323267
vt 0.880324 0.339828
vt 0.879496 0.339828
vt 0.739345 0.805836
vt 0.739345 0.789275
vt 0.743190 0.789275
vt 0.743190 0.805836
vt 0.204934 0.787033
vt 0.204934 0.803595
vt 0.201089 0.803595
vt 0.201089 0.787033
vt 0.879052 0.392184
vt 0.879052 0.376036
vt 0.880227 0.376036
vt 0.880227 0.392183
vt 0.371698 0.723063
vt 0.371698 0.706916
vt 0.380310 0.706916
vt 0.380310 0.723063
vt 0.876073 0.621802
vt 0.876073 0.605654
vt 0.877256 0.605654
vt 0.877256 0.621802
vt 0.660946 0.720976
vt 0.660946 0.704828
vt 0.669558 0.704828
vt 0.669558 0.720976
vt 0.913336 0.393788
vt 0.913336 0.385176
vt 0.914518 0.385176
vt 0.914518 0.393788
vt 0.914518 0.310000
vt 0.914518 0.318612
vt 0.913336 0.318612
vt 0.913336 0.310000
vt 0.879020 0.741791
vt 0.879020 0.725644
vt 0.880195 0.725643
vt 0.880195 0.741791
vt 0.140727 0.723386
vt 0.140727 0.707238
vt 0.149339 0.707238
vt 0.149339 0.723386
vt 0.357316 0.878632
vt 0.357316 0.862484
vt 0.358499 0.862484
vt 0.358499 0.878632
vt 0.412302 0.723399
vt 0.412302 0.707252
vt 0.420914 0.707252
vt 0.420914 0.723399
vt 0.913336 0.525347
vt 0.913336 0.516735
vt 0.914518 0.516735
vt 0.914518 0.525347
vt 0.914518 0.460353
vt 0.914518 0.468965
vt 0.913335 0.468965
vt 0.913335 0.460353
vt 0.886166 0.939037
vt 0.883208 0.939037
vt 0.883208 0.934628
vt 0.886166 0.934629
vt 0.537021 0.802087
vt 0.534063 0.802087
vt 0.534063 0.783041
vt 0.537021 0.783041
vt 0.927905 0.403997
vt 0.930863 0.403997
vt 0.930863 0.408433
vt 0.927905 0.408433
vt 0.797313 0.408673
vt 0.800270 0.408673
vt 0.800270 0.427719
vt 0.797313 0.427719
vt 0.779261 0.395082
vt 0.779261 0.376036
vt 0.783697 0.376036
vt 0.783697 0.395082
vt 0.634806 0.762444
vt 0.634806 0.781490
vt 0.630370 0.781490
vt 0.630370 0.762444
vt 0.318147 0.992403
vt 0.317376 0.992722
vt 0.317695 0.991951
vt 0.273981 0.981050
vt 0.273981 0.980341
vt 0.274936 0.980340
vt 0.274571 0.981050
vt 0.273981 0.979463
vt 0.273981 0.978753
vt 0.274571 0.978753
vt 0.274936 0.979463
vt 0.340823 0.992723
vt 0.340053 0.993042
vt 0.340053 0.992403
vt 0.340504 0.991951
vt 0.176295 0.980341
vt 0.176295 0.979463
vt 0.177249 0.979464
vt 0.177249 0.980342
vt 0.317056 0.991951
vt 0.176660 0.981050
vt 0.177250 0.981050
vt 0.176660 0.978753
vt 0.177250 0.978753
vt 0.341143 0.991951
vt 0.178204 0.979463
vt 0.178204 0.980341
vt 0.316605 0.992403
vt 0.177840 0.981050
vt 0.177840 0.978753
vt 0.341594 0.992403
vt 0.285118 0.980340
vt 0.285118 0.979463
vt 0.286073 0.979462
vt 0.286073 0.980339
vt 0.316605 0.993042
vt 0.285482 0.981050
vt 0.286072 0.981050
vt 0.285482 0.978753
vt 0.286072 0.978753
vt 0.341594 0.993042
vt 0.287027 0.979463
vt 0.287027 0.980340
vt 0.317056 0.993493
vt 0.286662 0.981050
vt 0.286662 0.978753
vt 0.341143 0.993493
vt 0.502680 0.980340
vt 0.502680 0.979463
vt 0.503673 0.979463
vt 0.503673 0.980340
vt 0.317695 0.993493
vt 0.503002 0.981050
vt 0.503616 0.981050
vt 0.503002 0.978753
vt 0.503616 0.978753
vt 0.340504 0.993493
vt 0.504578 0.979463
vt 0.504578 0.980340
vt 0.318147 0.993042
vt 0.504175 0.981050
vt 0.504175 0.978753
vt 0.273026 0.980340
vt 0.273026 0.979463
vt 0.273391 0.981050
vt 0.273391 0.978753
vt 0.298164 0.980341
vt 0.298164 0.979463
vt 0.299119 0.979463
vt 0.299119 0.980340
vt 0.375995 0.992723
vt 0.376314 0.993493
vt 0.375676 0.993493
vt 0.298164 0.978753
vt 0.298754 0.978753
vt 0.298164 0.981050
vt 0.298754 0.981050
vt 0.247803 0.992403
vt 0.247033 0.992722
vt 0.247352 0.991951
vt 0.127929 0.980341
vt 0.127929 0.979463
vt 0.128883 0.979464
vt 0.128883 0.980342
vt 0.246713 0.991951
vt 0.375224 0.993042
vt 0.128295 0.981050
vt 0.128884 0.981050
vt 0.128295 0.978753
vt 0.128884 0.978753
vt 0.129839 0.979463
vt 0.129839 0.980341
vt 0.129475 0.981050
vt 0.129475 0.978753
vt 0.246261 0.992403
vt 0.375224 0.992403
vt 0.309301 0.979463
vt 0.309665 0.978753
vt 0.310255 0.978753
vt 0.310256 0.979462
vt 0.375676 0.991951
vt 0.246261 0.993042
vt 0.309301 0.980340
vt 0.310256 0.980339
vt 0.309665 0.981050
vt 0.310255 0.981050
vt 0.246713 0.993493
vt 0.311210 0.980340
vt 0.310845 0.981050
vt 0.311210 0.979463
vt 0.376314 0.991951
vt 0.310845 0.978753
vt 0.514760 0.980340
vt 0.514760 0.979463
vt 0.515753 0.979463
vt 0.515753 0.980340
vt 0.515082 0.981050
vt 0.515695 0.981050
vt 0.515082 0.978753
vt 0.515695 0.978753
vt 0.376766 0.992403
vt 0.247352 0.993493
vt 0.516657 0.979463
vt 0.516657 0.980340
vt 0.516254 0.981050
vt 0.516254 0.978753
vt 0.376766 0.993042
vt 0.247803 0.993042
vt 0.297209 0.980340
vt 0.297209 0.979463
vt 0.297574 0.981050
vt 0.297574 0.978753
vt 0.322347 0.979463
vt 0.322347 0.978753
vt 0.322936 0.978753
vt 0.323301 0.979463
vt 0.322347 0.981050
vt 0.322347 0.980341
vt 0.323301 0.980340
vt 0.322936 0.981050
vt 0.294699 0.992403
vt 0.293928 0.992722
vt 0.294247 0.991951
vt 0.352547 0.992723
vt 0.351776 0.993042
vt 0.351776 0.992403
vt 0.293609 0.991951
vt 0.352228 0.991951
vt 0.188386 0.980341
vt 0.188386 0.979463
vt 0.189340 0.979464
vt 0.189340 0.980342
vt 0.188752 0.978753
vt 0.189341 0.978753
vt 0.188752 0.981050
vt 0.189341 0.981050
vt 0.352867 0.991951
vt 0.293157 0.992403
vt 0.189932 0.978753
vt 0.190296 0.979463
vt 0.190296 0.980341
vt 0.189932 0.981050
vt 0.353318 0.992403
vt 0.333483 0.979462
vt 0.333848 0.978753
vt 0.334438 0.978753
vt 0.334439 0.979462
vt 0.293157 0.993042
vt 0.333483 0.980340
vt 0.334439 0.980339
vt 0.333848 0.981050
vt 0.334438 0.981050
vt 0.293609 0.993493
vt 0.335393 0.980340
vt 0.335028 0.981050
vt 0.335028 0.978753
vt 0.335393 0.979462
vt 0.353318 0.993042
vt 0.466763 0.981050
vt 0.466442 0.980340
vt 0.467434 0.980340
vt 0.467377 0.981050
vt 0.466442 0.979463
vt 0.466763 0.978753
vt 0.467377 0.978753
vt 0.467434 0.979463
vt 0.352867 0.993493
vt 0.294247 0.993493
vt 0.468339 0.980340
vt 0.467936 0.981050
vt 0.467936 0.978753
vt 0.468339 0.979463
vt 0.352228 0.993493
vt 0.294699 0.993042
vt 0.321756 0.981050
vt 0.321392 0.980340
vt 0.321392 0.979463
vt 0.321756 0.978753
vt 0.534063 0.856217
vt 0.534063 0.840838
vt 0.537002 0.840838
vt 0.537002 0.856216
vt 0.506897 0.139484
vt 0.491518 0.139484
vt 0.491518 0.121740
vt 0.506897 0.121740
vt 0.851095 0.594703
vt 0.851095 0.579325
vt 0.854052 0.579325
vt 0.854052 0.594703
vt 0.412302 0.582224
vt 0.427680 0.582224
vt 0.427680 0.599968
vt 0.412302 0.599968
vt 0.809412 0.170000
vt 0.809412 0.152256
vt 0.812369 0.152256
vt 0.812369 0.170000
vt 0.812532 0.580161
vt 0.812532 0.597906
vt 0.809574 0.597906
vt 0.809574 0.580161
vt 0.113292 0.967824
vt 0.111635 0.967824
vt 0.111635 0.964297
vt 0.113292 0.964297
vt 0.006747 0.790160
vt 0.005091 0.790160
vt 0.005091 0.769103
vt 0.006747 0.769103
vt 0.005091 0.964297
vt 0.006747 0.964297
vt 0.006747 0.967846
vt 0.005091 0.967846
vt 0.330241 0.783415
vt 0.331897 0.783415
vt 0.331897 0.804472
vt 0.330241 0.804472
vt 0.222605 0.777890
vt 0.222605 0.756833
vt 0.226154 0.756833
vt 0.226154 0.777890
vt 0.779119 0.725643
vt 0.779119 0.746700
vt 0.775570 0.746700
vt 0.775570 0.725643
vt 0.101453 0.967824
vt 0.099797 0.967824
vt 0.099797 0.964297
vt 0.101453 0.964297
vt 0.306336 0.805658
vt 0.304680 0.805658
vt 0.304680 0.784601
vt 0.306336 0.784601
vt 0.016929 0.964297
vt 0.018585 0.964297
vt 0.018585 0.967846
vt 0.016929 0.967846
vt 0.807610 0.376036
vt 0.809266 0.376036
vt 0.809266 0.397093
vt 0.807610 0.397093
vt 0.776111 0.256627
vt 0.776111 0.235570
vt 0.779660 0.235570
vt 0.779660 0.256627
vt 0.780375 0.005091
vt 0.780375 0.026148
vt 0.776827 0.026148
vt 0.776827 0.005091
vt 0.845803 0.117233
vt 0.845803 0.101855
vt 0.849330 0.101855
vt 0.849330 0.117233
vt 0.835157 0.864075
vt 0.835157 0.848696
vt 0.836813 0.848696
vt 0.836813 0.864075
vt 0.842915 0.207393
vt 0.842915 0.192014
vt 0.846464 0.192014
vt 0.846464 0.207393
vt 0.846995 0.864075
vt 0.846995 0.848696
vt 0.848651 0.848696
vt 0.848651 0.864075
vt 0.956780 0.582988
vt 0.955124 0.582988
vt 0.955124 0.579439
vt 0.956780 0.579439
vt 0.955124 0.936445
vt 0.956780 0.936445
vt 0.956780 0.939994
vt 0.955124 0.939994
vt 0.845917 0.564065
vt 0.845917 0.548686
vt 0.849444 0.548686
vt 0.849444 0.564064
vt 0.858833 0.864075
vt 0.858833 0.848696
vt 0.860490 0.848696
vt 0.860490 0.864075
vt 0.842999 0.456173
vt 0.842999 0.440795
vt 0.846548 0.440795
vt 0.846548 0.456173
vt 0.033736 0.864320
vt 0.033736 0.848942
vt 0.035392 0.848942
vt 0.035392 0.864320
vt 0.956780 0.596719
vt 0.955124 0.596719
vt 0.955124 0.593170
vt 0.956780 0.593170
vt 0.955124 0.950176
vt 0.956780 0.950176
vt 0.956780 0.953725
vt 0.955124 0.953725
vt 0.273472 0.819137
vt 0.273472 0.803758
vt 0.277293 0.803758
vt 0.277293 0.819137
vt 0.885231 0.808458
vt 0.885231 0.793080
vt 0.886059 0.793080
vt 0.886059 0.808458
vt 0.811499 0.624759
vt 0.811499 0.609380
vt 0.815343 0.609380
vt 0.815343 0.624759
vt 0.751950 0.886836
vt 0.751950 0.871458
vt 0.752778 0.871458
vt 0.752778 0.886836
vt 0.670995 0.968142
vt 0.670167 0.968142
vt 0.670167 0.964297
vt 0.670995 0.964297
vt 0.681177 0.964297
vt 0.682006 0.964297
vt 0.682006 0.968142
vt 0.681177 0.968142
vt 0.968708 0.655597
vt 0.967880 0.655597
vt 0.967880 0.651776
vt 0.968708 0.651776
vt 0.570634 0.861200
vt 0.569806 0.861200
vt 0.569806 0.843455
vt 0.570634 0.843455
vt 0.692188 0.964297
vt 0.693016 0.964297
vt 0.693016 0.968142
vt 0.692188 0.968142
vt 0.107207 0.843538
vt 0.108035 0.843538
vt 0.108035 0.861283
vt 0.107207 0.861283
vt 0.795548 0.597906
vt 0.795548 0.580161
vt 0.799392 0.580161
vt 0.799392 0.597906
vt 0.800088 0.519656
vt 0.800088 0.537400
vt 0.796244 0.537400
vt 0.796244 0.519656
vt 0.878607 0.298360
vt 0.878607 0.282212
vt 0.879782 0.282212
vt 0.879782 0.298360
vt 0.489175 0.678014
vt 0.489175 0.661867
vt 0.498402 0.661867
vt 0.498402 0.678014
vt 0.005091 0.877074
vt 0.005091 0.860927
vt 0.006274 0.860927
vt 0.006274 0.877074
vt 0.672159 0.308035
vt 0.672159 0.291887
vt 0.681386 0.291887
vt 0.681386 0.308035
vt 0.849617 0.921844
vt 0.849617 0.912616
vt 0.850800 0.912616
vt 0.850800 0.921844
vt 0.862165 0.912616
vt 0.862165 0.921844
vt 0.860982 0.921844
vt 0.860982 0.912616
vt 0.413187 0.878903
vt 0.413187 0.862756
vt 0.414363 0.862756
vt 0.414363 0.878903
vt 0.667094 0.225388
vt 0.667094 0.209240
vt 0.676321 0.209240
vt 0.676321 0.225388
vt 0.875758 0.838514
vt 0.875758 0.822367
vt 0.876941 0.822367
vt 0.876941 0.838514
vt 0.291541 0.681559
vt 0.291541 0.665412
vt 0.300768 0.665412
vt 0.300768 0.681559
vt 0.872347 0.921844
vt 0.872347 0.912617
vt 0.873530 0.912617
vt 0.873530 0.921844
vt 0.884895 0.912616
vt 0.884895 0.921844
vt 0.883712 0.921844
vt 0.883712 0.912616
vt 0.899305 0.939037
vt 0.896348 0.939037
vt 0.896348 0.934628
vt 0.899305 0.934629
vt 0.402118 0.793408
vt 0.399160 0.793408
vt 0.399160 0.773002
vt 0.402118 0.773002
vt 0.927905 0.199341
vt 0.930863 0.199341
vt 0.930863 0.203777
vt 0.927905 0.203777
vt 0.426033 0.773338
vt 0.428990 0.773338
vt 0.428990 0.793744
vt 0.426033 0.793744
vt 0.761493 0.255976
vt 0.761493 0.235570
vt 0.765929 0.235570
vt 0.765929 0.255976
vt 0.127291 0.744588
vt 0.127291 0.764994
vt 0.122855 0.764994
vt 0.122855 0.744588
vt 0.358621 0.981050
vt 0.358621 0.980341
vt 0.359576 0.980340
vt 0.359211 0.981050
vt 0.358621 0.979463
vt 0.358621 0.978753
vt 0.359211 0.978753
vt 0.359576 0.979463
vt 0.235309 0.992723
vt 0.236079 0.993042
vt 0.235628 0.993493
vt 0.200456 0.991951
vt 0.200137 0.992722
vt 0.199817 0.991951
vt 0.199366 0.992403
vt 0.092020 0.981050
vt 0.091655 0.980341
vt 0.092609 0.980342
vt 0.092610 0.981050
vt 0.091655 0.979463
vt 0.092020 0.978753
vt 0.092610 0.978753
vt 0.092609 0.979464
vt 0.234989 0.993493
vt 0.199366 0.993042
vt 0.093564 0.980341
vt 0.093200 0.981050
vt 0.093200 0.978753
vt 0.093564 0.979463
vt 0.234538 0.993042
vt 0.199817 0.993493
vt 0.345939 0.981050
vt 0.345575 0.980340
vt 0.346530 0.980339
vt 0.346529 0.981050
vt 0.345575 0.979462
vt 0.345939 0.978753
vt 0.346529 0.978753
vt 0.346530 0.979462
vt 0.234538 0.992403
vt 0.200456 0.993493
vt 0.347484 0.980340
vt 0.347119 0.981050
vt 0.347119 0.978753
vt 0.347484 0.979462
vt 0.234989 0.991951
vt 0.200908 0.993042
vt 0.430525 0.981050
vt 0.430203 0.980340
vt 0.431196 0.980340
vt 0.431138 0.981050
vt 0.430203 0.979463
vt 0.430525 0.978753
vt 0.431138 0.978753
vt 0.431196 0.979463
vt 0.235628 0.991951
vt 0.200908 0.992403
vt 0.432100 0.980340
vt 0.431697 0.981050
vt 0.431697 0.978753
vt 0.432100 0.979463
vt 0.236079 0.992403
vt 0.358031 0.981050
vt 0.357666 0.980340
vt 0.357666 0.979463
vt 0.358031 0.978753
vt 0.370713 0.979463
vt 0.370712 0.978753
vt 0.371302 0.978753
vt 0.371667 0.979463
vt 0.370712 0.981050
vt 0.370713 0.980341
vt 0.371667 0.980340
vt 0.371302 0.981050
vt 0.212632 0.992403
vt 0.211861 0.992722
vt 0.212180 0.991951
vt 0.387719 0.992723
vt 0.388490 0.993042
vt 0.388038 0.993493
vt 0.103746 0.980341
vt 0.103746 0.979463
vt 0.104700 0.979464
vt 0.104700 0.980342
vt 0.387400 0.993493
vt 0.104112 0.981050
vt 0.104701 0.981050
vt 0.104112 0.978753
vt 0.104701 0.978753
vt 0.211541 0.991951
vt 0.105656 0.980341
vt 0.105292 0.981050
vt 0.211090 0.992403
vt 0.386948 0.993042
vt 0.105292 0.978753
vt 0.105656 0.979463
vt 0.386948 0.992403
vt 0.211090 0.993042
vt 0.382213 0.981050
vt 0.381849 0.980340
vt 0.382804 0.980339
vt 0.382804 0.981050
vt 0.381849 0.979462
vt 0.382804 0.979462
vt 0.382213 0.978753
vt 0.382804 0.978753
vt 0.211541 0.993493
vt 0.383758 0.979462
vt 0.383758 0.980340
vt 0.383393 0.981050
vt 0.383393 0.978753
vt 0.387400 0.991951
vt 0.442604 0.981050
vt 0.442283 0.980340
vt 0.443275 0.980340
vt 0.443218 0.981050
vt 0.442283 0.979463
vt 0.442604 0.978753
vt 0.443218 0.978753
vt 0.443275 0.979463
vt 0.388038 0.991951
vt 0.212180 0.993493
vt 0.444180 0.980340
vt 0.443777 0.981050
vt 0.443777 0.978753
vt 0.444180 0.979463
vt 0.388490 0.992403
vt 0.212632 0.993042
vt 0.370122 0.981050
vt 0.369758 0.980340
vt 0.369758 0.979463
vt 0.370122 0.978753
vt 0.394896 0.979463
vt 0.394895 0.978753
vt 0.395485 0.978753
vt 0.395850 0.979463
vt 0.394895 0.981050
vt 0.394896 0.980341
vt 0.395850 0.980340
vt 0.395485 0.981050
vt 0.223904 0.991951
vt 0.223585 0.992722
vt 0.223265 0.991951
vt 0.399443 0.992723
vt 0.399124 0.993493
vt 0.398672 0.993042
vt 0.222814 0.992403
vt 0.398672 0.992403
vt 0.140021 0.980341
vt 0.140021 0.979464
vt 0.140975 0.979464
vt 0.140975 0.980342
vt 0.140386 0.978753
vt 0.140976 0.978753
vt 0.140386 0.981050
vt 0.140976 0.981050
vt 0.222814 0.993042
vt 0.399124 0.991952
vt 0.141566 0.978753
vt 0.141930 0.979464
vt 0.141930 0.980341
vt 0.141566 0.981050
vt 0.406396 0.981050
vt 0.406032 0.980340
vt 0.406987 0.980339
vt 0.406987 0.981050
vt 0.223265 0.993493
vt 0.406032 0.979462
vt 0.406987 0.979462
vt 0.399762 0.991952
vt 0.406396 0.978753
vt 0.406987 0.978753
vt 0.407941 0.980340
vt 0.407576 0.981050
vt 0.407941 0.979462
vt 0.400214 0.992403
vt 0.223904 0.993493
vt 0.407576 0.978753
vt 0.418445 0.981050
vt 0.418123 0.980340
vt 0.419116 0.980340
vt 0.419059 0.981050
vt 0.418123 0.979463
vt 0.418445 0.978753
vt 0.419059 0.978753
vt 0.419116 0.979463
vt 0.400214 0.993042
vt 0.224355 0.993042
vt 0.420021 0.980340
vt 0.419618 0.981050
vt 0.419618 0.978753
vt 0.420021 0.979463
vt 0.399762 0.993493
vt 0.224355 0.992403
vt 0.394305 0.981050
vt 0.393941 0.980340
vt 0.393941 0.979463
vt 0.394305 0.978753
vt 0.064958 0.634763
vt 0.049579 0.634763
vt 0.049579 0.618304
vt 0.064958 0.618305
vt 0.385725 0.848492
vt 0.385725 0.833114
vt 0.388683 0.833114
vt 0.388683 0.848492
vt 0.412302 0.610150
vt 0.427680 0.610150
vt 0.427680 0.626712
vt 0.412302 0.626712
vt 0.453391 0.849267
vt 0.453391 0.833888
vt 0.456348 0.833888
vt 0.456348 0.849267
vt 0.837347 0.168817
vt 0.834389 0.168817
vt 0.834389 0.152256
vt 0.837347 0.152256
vt 0.701086 0.815899
vt 0.704044 0.815899
vt 0.704044 0.832461
vt 0.701086 0.832461
vt 0.108863 0.833356
vt 0.107207 0.833356
vt 0.107207 0.813606
vt 0.108863 0.813606
vt 0.956780 0.294637
vt 0.955124 0.294637
vt 0.955124 0.291088
vt 0.956780 0.291088
vt 0.122855 0.805232
vt 0.124511 0.805232
vt 0.124511 0.825106
vt 0.122855 0.825106
vt 0.955124 0.304819
vt 0.956780 0.304819
vt 0.956780 0.308368
vt 0.955124 0.308368
vt 0.799792 0.509474
vt 0.796244 0.509474
vt 0.796244 0.489600
vt 0.799792 0.489600
vt 0.154458 0.773324
vt 0.158007 0.773324
vt 0.158007 0.793198
vt 0.154458 0.793198
vt 0.095723 0.833474
vt 0.094067 0.833474
vt 0.094067 0.813724
vt 0.095723 0.813724
vt 0.956780 0.322099
vt 0.955124 0.322099
vt 0.955124 0.318550
vt 0.956780 0.318550
vt 0.825526 0.579325
vt 0.827182 0.579325
vt 0.827182 0.599198
vt 0.825526 0.599198
vt 0.955124 0.332281
vt 0.956780 0.332281
vt 0.956780 0.335830
vt 0.955124 0.335830
vt 0.797953 0.460668
vt 0.794404 0.460668
vt 0.794404 0.440795
vt 0.797953 0.440795
vt 0.789301 0.725644
vt 0.792850 0.725644
vt 0.792850 0.745517
vt 0.789301 0.745517
vt 0.867560 0.456173
vt 0.867560 0.440795
vt 0.869206 0.440795
vt 0.869206 0.456173
vt 0.835157 0.808458
vt 0.835157 0.793080
vt 0.838706 0.793080
vt 0.838706 0.808458
vt 0.660946 0.867470
vt 0.660946 0.852091
vt 0.662602 0.852091
vt 0.662602 0.867470
vt 0.836746 0.535034
vt 0.836746 0.519656
vt 0.840295 0.519656
vt 0.840295 0.535034
vt 0.955124 0.610450
vt 0.955124 0.606901
vt 0.956780 0.606901
vt 0.956780 0.610450
vt 0.956780 0.620632
vt 0.956780 0.624181
vt 0.955124 0.624181
vt 0.955124 0.620632
vt 0.868170 0.020470
vt 0.868170 0.005091
vt 0.869816 0.005091
vt 0.869816 0.020470
vt 0.837050 0.838514
vt 0.837050 0.823136
vt 0.840598 0.823136
vt 0.840598 0.838514
vt 0.184182 0.868429
vt 0.184182 0.853051
vt 0.185838 0.853051
vt 0.185838 0.868429
vt 0.646025 0.837184
vt 0.646025 0.821806
vt 0.649574 0.821806
vt 0.649574 0.837184
vt 0.955124 0.816415
vt 0.955124 0.812866
vt 0.956780 0.812866
vt 0.956780 0.816415
vt 0.956780 0.634363
vt 0.956780 0.637912
vt 0.955124 0.637912
vt 0.955124 0.634363
vt 0.887438 0.620264
vt 0.887438 0.604885
vt 0.888261 0.604885
vt 0.888261 0.620264
vt 0.342088 0.815514
vt 0.342088 0.800136
vt 0.345933 0.800136
vt 0.345933 0.815514
vt 0.886820 0.535034
vt 0.886820 0.519656
vt 0.887648 0.519656
vt 0.887648 0.535034
vt 0.033736 0.813199
vt 0.033736 0.797821
vt 0.037581 0.797821
vt 0.037581 0.813199
vt 0.879361 0.968142
vt 0.879361 0.964297
vt 0.880189 0.964297
vt 0.880189 0.968142
vt 0.869179 0.964297
vt 0.869179 0.968142
vt 0.868351 0.968142
vt 0.868351 0.964297
vt 0.883691 0.168714
vt 0.882863 0.168714
vt 0.882863 0.152256
vt 0.883691 0.152256
vt 0.704026 0.968142
vt 0.703198 0.968142
vt 0.703198 0.964297
vt 0.704026 0.964297
vt 0.881374 0.649140
vt 0.882202 0.649140
vt 0.882202 0.665701
vt 0.881374 0.665701
vt 0.714208 0.964297
vt 0.715036 0.964297
vt 0.715036 0.968142
vt 0.714208 0.968142
vt 0.809744 0.339828
vt 0.805899 0.339828
vt 0.805899 0.323267
vt 0.809744 0.323267
vt 0.804289 0.005091
vt 0.808133 0.005091
vt 0.808133 0.021653
vt 0.804289 0.021653
vt 0.720551 0.731370
vt 0.720551 0.715223
vt 0.729110 0.715222
vt 0.729110 0.731370
vt 0.870342 0.114453
vt 0.870342 0.098306
vt 0.871525 0.098306
vt 0.871525 0.114453
vt 0.719901 0.651857
vt 0.719901 0.635710
vt 0.728513 0.635710
vt 0.728513 0.651858
vt 0.870342 0.140783
vt 0.870342 0.124635
vt 0.871525 0.124635
vt 0.871525 0.140783
vt 0.914518 0.562935
vt 0.913335 0.562935
vt 0.913335 0.554323
vt 0.914518 0.554323
vt 0.913336 0.328794
vt 0.914518 0.328794
vt 0.914518 0.337406
vt 0.913336 0.337406
vt 0.721861 0.073899
vt 0.721861 0.057751
vt 0.730420 0.057751
vt 0.730420 0.073898
vt 0.870456 0.564833
vt 0.870456 0.548686
vt 0.871639 0.548686
vt 0.871639 0.564833
vt 0.049579 0.727002
vt 0.049579 0.710855
vt 0.058191 0.710855
vt 0.058191 0.727003
vt 0.751950 0.861275
vt 0.751950 0.845128
vt 0.753133 0.845128
vt 0.753133 0.861275
vt 0.914518 0.412582
vt 0.913335 0.412582
vt 0.913335 0.403970
vt 0.914518 0.403970
vt 0.913335 0.122059
vt 0.914518 0.122059
vt 0.914518 0.130671
vt 0.913335 0.130671
vt 0.110164 0.803424
vt 0.107207 0.803424
vt 0.107207 0.784496
vt 0.110164 0.784496
vt 0.930863 0.218396
vt 0.927905 0.218396
vt 0.927905 0.213959
vt 0.930863 0.213959
vt 0.049579 0.784095
vt 0.052536 0.784095
vt 0.052536 0.803141
vt 0.049579 0.803141
vt 0.927905 0.228578
vt 0.930863 0.228578
vt 0.930863 0.233014
vt 0.927905 0.233014
vt 0.785365 0.598379
vt 0.780929 0.598379
vt 0.780929 0.579333
vt 0.785365 0.579333
vt 0.778116 0.649140
vt 0.782553 0.649140
vt 0.782553 0.668186
vt 0.778116 0.668186
vt 0.635850 0.625839
vt 0.620471 0.625839
vt 0.620471 0.609380
vt 0.635850 0.609381
vt 0.847529 0.167634
vt 0.847529 0.152256
vt 0.850486 0.152256
vt 0.850486 0.167634
vt 0.291541 0.614953
vt 0.306919 0.614953
vt 0.306919 0.631514
vt 0.291541 0.631514
vt 0.122855 0.850667
vt 0.122855 0.835288
vt 0.125813 0.835288
vt 0.125813 0.850667
vt 0.019893 0.837033
vt 0.016936 0.837033
vt 0.016936 0.820472
vt 0.019893 0.820472
vt 0.630370 0.818415
vt 0.633327 0.818415
vt 0.633327 0.834977
vt 0.630370 0.834977
vt 0.293197 0.833460
vt 0.291541 0.833460
vt 0.291541 0.813710
vt 0.293197 0.813710
vt 0.956780 0.349561
vt 0.955124 0.349561
vt 0.955124 0.346012
vt 0.956780 0.346012
vt 0.828078 0.282212
vt 0.829734 0.282212
vt 0.829734 0.302086
vt 0.828078 0.302086
vt 0.955124 0.359743
vt 0.956780 0.359743
vt 0.956780 0.363292
vt 0.955124 0.363292
vt 0.799097 0.569979
vt 0.795548 0.569979
vt 0.795548 0.550105
vt 0.799097 0.550105
vt 0.033736 0.767765
vt 0.037285 0.767765
vt 0.037285 0.787638
vt 0.033736 0.787638
vt 0.571462 0.833273
vt 0.569806 0.833273
vt 0.569806 0.813523
vt 0.571462 0.813523
vt 0.956780 0.514333
vt 0.955124 0.514333
vt 0.955124 0.510784
vt 0.956780 0.510784
vt 0.828424 0.725643
vt 0.830080 0.725643
vt 0.830080 0.745517
vt 0.828424 0.745517
vt 0.955124 0.208701
vt 0.956780 0.208701
vt 0.956780 0.212250
vt 0.955124 0.212250
vt 0.799229 0.172129
vt 0.795681 0.172129
vt 0.795681 0.152256
vt 0.799229 0.152256
vt 0.140727 0.773324
vt 0.144275 0.773324
vt 0.144275 0.793198
vt 0.140727 0.793198
vt 0.867668 0.338645
vt 0.867668 0.323267
vt 0.869314 0.323267
vt 0.869314 0.338645
vt 0.837364 0.594703
vt 0.837364 0.579325
vt 0.840913 0.579325
vt 0.840913 0.594703
vt 0.720551 0.868204
vt 0.720551 0.852826
vt 0.722207 0.852826
vt 0.722207 0.868204
vt 0.837364 0.620264
vt 0.837364 0.604885
vt 0.840913 0.604885
vt 0.840913 0.620264
vt 0.955124 0.651643
vt 0.955124 0.648094
vt 0.956780 0.648094
vt 0.956780 0.651643
vt 0.956780 0.661825
vt 0.956780 0.665374
vt 0.955124 0.665374
vt 0.955124 0.661825
vt 0.218997 0.869649
vt 0.218997 0.854270
vt 0.220643 0.854270
vt 0.220643 0.869649
vt 0.823319 0.838514
vt 0.823319 0.823136
vt 0.826867 0.823136
vt 0.826867 0.838514
vt 0.866768 0.297591
vt 0.866768 0.282212
vt 0.868425 0.282212
vt 0.868425 0.297591
vt 0.342088 0.841075
vt 0.342088 0.825696
vt 0.345637 0.825696
vt 0.345637 0.841075
vt 0.955124 0.830146
vt 0.955124 0.826597
vt 0.956780 0.826597
vt 0.956780 0.830146
vt 0.956780 0.675556
vt 0.956780 0.679105
vt 0.955124 0.679105
vt 0.955124 0.675556
vt 0.646025 0.888305
vt 0.646025 0.872927
vt 0.646848 0.872927
vt 0.646848 0.888305
vt 0.660946 0.816349
vt 0.660946 0.800970
vt 0.664791 0.800970
vt 0.664791 0.816349
vt 0.049579 0.887743
vt 0.049579 0.872365
vt 0.050407 0.872365
vt 0.050407 0.887743
vt 0.720551 0.817083
vt 0.720551 0.801705
vt 0.724396 0.801705
vt 0.724396 0.817083
vt 0.835320 0.968142
vt 0.835320 0.964297
vt 0.836149 0.964297
vt 0.836149 0.968142
vt 0.891200 0.964297
vt 0.891200 0.968142
vt 0.890372 0.968142
vt 0.890372 0.964297
vt 0.764323 0.883625
vt 0.763495 0.883625
vt 0.763495 0.867167
vt 0.764323 0.867167
vt 0.726046 0.968142
vt 0.725218 0.968142
vt 0.725218 0.964297
vt 0.726046 0.964297
vt 0.881707 0.098306
vt 0.882535 0.098306
vt 0.882535 0.114867
vt 0.881707 0.114867
vt 0.736228 0.964297
vt 0.737056 0.964297
vt 0.737056 0.968142
vt 0.736228 0.968142
vt 0.634214 0.808233
vt 0.630370 0.808233
vt 0.630370 0.791672
vt 0.634214 0.791672
vt 0.489175 0.788619
vt 0.493019 0.788619
vt 0.493019 0.805180
vt 0.489175 0.805180
vt 0.240601 0.731274
vt 0.240601 0.715127
vt 0.249159 0.715127
vt 0.249159 0.731274
vt 0.868584 0.052477
vt 0.868584 0.036330
vt 0.869767 0.036330
vt 0.869767 0.052477
vt 0.719901 0.678187
vt 0.719901 0.662040
vt 0.728513 0.662040
vt 0.728513 0.678187
vt 0.870672 0.864844
vt 0.870672 0.848696
vt 0.871855 0.848696
vt 0.871855 0.864844
vt 0.914518 0.581729
vt 0.913335 0.581729
vt 0.913335 0.573117
vt 0.914518 0.573117
vt 0.913335 0.422765
vt 0.914518 0.422765
vt 0.914518 0.431377
vt 0.913335 0.431377
vt 0.722585 0.365744
vt 0.722585 0.349597
vt 0.731143 0.349597
vt 0.731143 0.365744
vt 0.871498 0.168403
vt 0.871498 0.152256
vt 0.872681 0.152256
vt 0.872681 0.168403
vt 0.718549 0.251717
vt 0.718549 0.235570
vt 0.727161 0.235570
vt 0.727161 0.251717
vt 0.164383 0.870649
vt 0.164383 0.854501
vt 0.165565 0.854501
vt 0.165565 0.870649
vt 0.914518 0.356200
vt 0.913336 0.356200
vt 0.913336 0.347588
vt 0.914518 0.347588
vt 0.913335 0.140853
vt 0.914518 0.140853
vt 0.914518 0.149465
vt 0.913335 0.149465
vt 0.294498 0.803528
vt 0.291541 0.803528
vt 0.291541 0.784601
vt 0.294498 0.784601
vt 0.927905 0.330905
vt 0.930863 0.330905
vt 0.930863 0.335341
vt 0.927905 0.335341
vt 0.569806 0.784295
vt 0.572764 0.784295
vt 0.572764 0.803341
vt 0.569806 0.803341
vt 0.927905 0.345524
vt 0.930863 0.345524
vt 0.930863 0.349960
vt 0.927905 0.349960
vt 0.785498 0.171301
vt 0.781062 0.171301
vt 0.781062 0.152256
vt 0.785498 0.152256
vt 0.778449 0.101855
vt 0.782885 0.101855
vt 0.782885 0.120900
vt 0.778449 0.120900
vt 0.640751 0.118314
vt 0.625372 0.118313
vt 0.625372 0.101855
vt 0.640751 0.101855
vt 0.850781 0.838514
vt 0.850781 0.823136
vt 0.853738 0.823136
vt 0.853738 0.838514
vt 0.439388 0.610151
vt 0.454766 0.610150
vt 0.454766 0.626712
vt 0.439388 0.626712
vt 0.847713 0.777929
vt 0.847713 0.762550
vt 0.850671 0.762550
vt 0.850671 0.777929
vt 0.837531 0.779112
vt 0.834574 0.779112
vt 0.834574 0.762550
vt 0.837531 0.762550
vt 0.833465 0.488180
vt 0.836422 0.488180
vt 0.836422 0.504742
vt 0.833465 0.504742
vt 0.051235 0.833073
vt 0.049579 0.833073
vt 0.049579 0.813323
vt 0.051235 0.813323
vt 0.956780 0.377023
vt 0.955124 0.377023
vt 0.955124 0.373474
vt 0.956780 0.373474
vt 0.555060 0.804140
vt 0.556716 0.804140
vt 0.556716 0.824014
vt 0.555060 0.824014
vt 0.955124 0.387205
vt 0.956780 0.387205
vt 0.956780 0.390754
vt 0.955124 0.390754
vt 0.126404 0.795050
vt 0.122855 0.795050
vt 0.122855 0.775176
vt 0.126404 0.775176
vt 0.720551 0.771649
vt 0.724100 0.771649
vt 0.724100 0.791523
vt 0.720551 0.791523
vt 0.832733 0.211764
vt 0.831077 0.211764
vt 0.831077 0.192014
vt 0.832733 0.192014
vt 0.956780 0.404485
vt 0.955124 0.404485
vt 0.955124 0.400936
vt 0.956780 0.400936
vt 0.822736 0.762550
vt 0.824392 0.762550
vt 0.824392 0.782424
vt 0.822736 0.782424
vt 0.955124 0.414667
vt 0.956780 0.414667
vt 0.956780 0.418216
vt 0.955124 0.418216
vt 0.795717 0.343140
vt 0.792168 0.343140
vt 0.792168 0.323267
vt 0.795717 0.323267
vt 0.184182 0.771874
vt 0.187731 0.771874
vt 0.187731 0.791747
vt 0.184182 0.791747
vt 0.867476 0.207393
vt 0.867476 0.192014
vt 0.869122 0.192014
vt 0.869122 0.207393
vt 0.660946 0.841909
vt 0.660946 0.826531
vt 0.664495 0.826531
vt 0.664495 0.841909
vt 0.810868 0.864804
vt 0.810868 0.849425
vt 0.812525 0.849425
vt 0.812525 0.864804
vt 0.720551 0.842644
vt 0.720551 0.827265
vt 0.724100 0.827265
vt 0.724100 0.842644
vt 0.955124 0.116133
vt 0.955124 0.112584
vt 0.956780 0.112584
vt 0.956780 0.116133
vt 0.956780 0.689287
vt 0.956780 0.692836
vt 0.955124 0.692836
vt 0.955124 0.689287
vt 0.867169 0.704271
vt 0.867169 0.688893
vt 0.868815 0.688893
vt 0.868815 0.704271
vt 0.184182 0.842869
vt 0.184182 0.827490
vt 0.187731 0.827490
vt 0.187731 0.842869
vt 0.863616 0.535034
vt 0.863616 0.519656
vt 0.865273 0.519656
vt 0.865273 0.535034
vt 0.839916 0.297591
vt 0.839916 0.282212
vt 0.843465 0.282212
vt 0.843465 0.297591
vt 0.955124 0.225981
vt 0.955124 0.222432
vt 0.956780 0.222432
vt 0.956780 0.225981
vt 0.956780 0.703018
vt 0.956780 0.706567
vt 0.955124 0.706567
vt 0.955124 0.703018
vt 0.823319 0.889636
vt 0.823319 0.874257
vt 0.824141 0.874257
vt 0.824141 0.889636
vt 0.184182 0.817308
vt 0.184182 0.801930
vt 0.188027 0.801930
vt 0.188027 0.817308
vt 0.681079 0.887894
vt 0.681079 0.872515
vt 0.681907 0.872515
vt 0.681907 0.887894
vt 0.814051 0.297591
vt 0.814051 0.282212
vt 0.817896 0.282212
vt 0.817896 0.297591
vt 0.967880 0.008936
vt 0.967880 0.005091
vt 0.968708 0.005091
vt 0.968708 0.008936
vt 0.968708 0.061198
vt 0.968708 0.065043
vt 0.967880 0.065043
vt 0.967880 0.061198
vt 0.201918 0.883869
vt 0.201089 0.883869
vt 0.201089 0.867410
vt 0.201918 0.867410
vt 0.748067 0.968142
vt 0.747239 0.968142
vt 0.747239 0.964297
vt 0.748067 0.964297
vt 0.881707 0.125049
vt 0.882535 0.125049
vt 0.882535 0.141611
vt 0.881707 0.141611
vt 0.758249 0.964297
vt 0.759077 0.964297
vt 0.759077 0.968142
vt 0.758249 0.968142
vt 0.020780 0.810290
vt 0.016936 0.810290
vt 0.016936 0.793728
vt 0.020780 0.793728
vt 0.782224 0.791778
vt 0.786069 0.791778
vt 0.786069 0.808340
vt 0.782224 0.808340
vt 0.722585 0.339414
vt 0.722585 0.323267
vt 0.731143 0.323267
vt 0.731143 0.339414
vt 0.399160 0.870859
vt 0.399160 0.854711
vt 0.400343 0.854711
vt 0.400343 0.870859
vt 0.719901 0.625528
vt 0.719901 0.609380
vt 0.728513 0.609381
vt 0.728513 0.625528
vt 0.871683 0.778698
vt 0.871683 0.762550
vt 0.872866 0.762550
vt 0.872866 0.778698
vt 0.914518 0.487759
vt 0.913336 0.487759
vt 0.913336 0.479147
vt 0.914518 0.479147
vt 0.913335 0.084471
vt 0.914518 0.084471
vt 0.914518 0.093083
vt 0.913335 0.093083
vt 0.723484 0.118003
vt 0.723484 0.101855
vt 0.732042 0.101855
vt 0.732042 0.118002
vt 0.871852 0.424820
vt 0.871852 0.408673
vt 0.873034 0.408673
vt 0.873034 0.424820
vt 0.720205 0.298360
vt 0.720205 0.282212
vt 0.728817 0.282212
vt 0.728817 0.298360
vt 0.259446 0.871027
vt 0.259446 0.854879
vt 0.260629 0.854879
vt 0.260629 0.871027
vt 0.914518 0.600523
vt 0.913336 0.600523
vt 0.913336 0.591911
vt 0.914518 0.591911
vt 0.913336 0.178441
vt 0.914518 0.178441
vt 0.914518 0.187053
vt 0.913336 0.187053
vt 0.803869 0.301139
vt 0.800912 0.301139
vt 0.800912 0.282212
vt 0.803869 0.282212
vt 0.930863 0.247632
vt 0.927905 0.247632
vt 0.927905 0.243196
vt 0.930863 0.243196
vt 0.094067 0.784496
vt 0.097025 0.784496
vt 0.097025 0.803542
vt 0.094067 0.803542
vt 0.927905 0.257814
vt 0.930863 0.257814
vt 0.930863 0.262250
vt 0.927905 0.262250
vt 0.079703 0.785651
vt 0.075267 0.785651
vt 0.075267 0.766606
vt 0.079703 0.766606
vt 0.779702 0.192014
vt 0.784138 0.192014
vt 0.784138 0.211060
vt 0.779702 0.211060
vt 0.549442 0.639425
vt 0.534063 0.639424
vt 0.534063 0.622966
vt 0.549442 0.622966
vt 0.489175 0.850728
vt 0.489175 0.835350
vt 0.492132 0.835350
vt 0.492132 0.850728
vt 0.140727 0.617023
vt 0.156105 0.617023
vt 0.156105 0.633585
vt 0.140727 0.633585
vt 0.847882 0.424051
vt 0.847882 0.408673
vt 0.850840 0.408673
vt 0.850840 0.424051
vt 0.837700 0.425234
vt 0.834743 0.425234
vt 0.834743 0.408673
vt 0.837700 0.408673
vt 0.796842 0.819823
vt 0.799800 0.819823
vt 0.799800 0.836385
vt 0.796842 0.836385
vt 0.832947 0.343017
vt 0.831291 0.343017
vt 0.831291 0.323267
vt 0.832947 0.323267
vt 0.956780 0.431947
vt 0.955124 0.431947
vt 0.955124 0.428398
vt 0.956780 0.428398
vt 0.822551 0.152256
vt 0.824207 0.152256
vt 0.824207 0.172130
vt 0.822551 0.172130
vt 0.955124 0.442129
vt 0.956780 0.442129
vt 0.956780 0.445678
vt 0.955124 0.445678
vt 0.796284 0.669014
vt 0.792735 0.669014
vt 0.792735 0.649140
vt 0.796284 0.649140
vt 0.371698 0.773002
vt 0.375247 0.773002
vt 0.375247 0.792876
vt 0.371698 0.792876
vt 0.832817 0.460545
vt 0.831161 0.460545
vt 0.831161 0.440795
vt 0.832817 0.440795
vt 0.955124 0.236163
vt 0.956780 0.236163
vt 0.956780 0.239712
vt 0.955124 0.239712
vt 0.822905 0.408673
vt 0.824561 0.408673
vt 0.824561 0.428547
vt 0.822905 0.428547
vt 0.955124 0.524515
vt 0.956780 0.524515
vt 0.956780 0.528064
vt 0.955124 0.528064
vt 0.796616 0.121729
vt 0.793067 0.121729
vt 0.793067 0.101855
vt 0.796616 0.101855
vt 0.385429 0.773002
vt 0.388978 0.773002
vt 0.388978 0.792876
vt 0.385429 0.792876
vt 0.549264 0.869108
vt 0.549264 0.853730
vt 0.550909 0.853730
vt 0.550909 0.869108
vt 0.840262 0.741022
vt 0.840262 0.725643
vt 0.843811 0.725643
vt 0.843811 0.741022
vt 0.863920 0.838514
vt 0.863920 0.823136
vt 0.865576 0.823136
vt 0.865576 0.838514
vt 0.371698 0.843997
vt 0.371698 0.828618
vt 0.375247 0.828618
vt 0.375247 0.843997
vt 0.955124 0.129864
vt 0.955124 0.126315
vt 0.956780 0.126315
vt 0.956780 0.129864
vt 0.956780 0.716749
vt 0.956780 0.720298
vt 0.955124 0.720298
vt 0.955124 0.716749
vt 0.867192 0.741022
vt 0.867192 0.725644
vt 0.868838 0.725644
vt 0.868838 0.741022
vt 0.140727 0.844319
vt 0.140727 0.828941
vt 0.144275 0.828941
vt 0.144275 0.844319
vt 0.864234 0.594703
vt 0.864234 0.579325
vt 0.865891 0.579325
vt 0.865891 0.594703
vt 0.154753 0.844319
vt 0.154753 0.828941
vt 0.158302 0.828941
vt 0.158302 0.844319
vt 0.955124 0.253443
vt 0.955124 0.249895
vt 0.956780 0.249895
vt 0.956780 0.253443
vt 0.956780 0.730480
vt 0.956780 0.734029
vt 0.955124 0.734029
vt 0.955124 0.730480
vt 0.834324 0.889636
vt 0.834324 0.874257
vt 0.835146 0.874257
vt 0.835146 0.889636
vt 0.814515 0.704271
vt 0.814515 0.688893
vt 0.818360 0.688893
vt 0.818360 0.704271
vt 0.887123 0.837745
vt 0.887123 0.822367
vt 0.887952 0.822367
vt 0.887952 0.837745
vt 0.371698 0.818436
vt 0.371698 0.803058
vt 0.375543 0.803058
vt 0.375543 0.818436
vt 0.967880 0.022962
vt 0.967880 0.019118
vt 0.968708 0.019118
vt 0.968708 0.022962
vt 0.968708 0.075225
vt 0.968708 0.079069
vt 0.967880 0.079069
vt 0.967880 0.075225
vt 0.082829 0.883944
vt 0.082001 0.883943
vt 0.082001 0.867485
vt 0.082829 0.867485
vt 0.770087 0.968142
vt 0.769259 0.968142
vt 0.769259 0.964297
vt 0.770087 0.964297
vt 0.881821 0.548686
vt 0.882649 0.548686
vt 0.882649 0.565247
vt 0.881821 0.565247
vt 0.780269 0.964297
vt 0.781097 0.964297
vt 0.781097 0.968142
vt 0.780269 0.968142
vt 0.810310 0.665701
vt 0.806466 0.665701
vt 0.806466 0.649140
vt 0.810310 0.649140
vt 0.805176 0.036330
vt 0.809020 0.036330
vt 0.809020 0.052891
vt 0.805176 0.052891
vt 0.317101 0.731149
vt 0.317101 0.715002
vt 0.325660 0.715002
vt 0.325660 0.731149
vt 0.273472 0.871027
vt 0.273472 0.854880
vt 0.274655 0.854880
vt 0.274655 0.871027
vt 0.717678 0.532077
vt 0.717678 0.515930
vt 0.726290 0.515930
vt 0.726290 0.532077
vt 0.872309 0.084226
vt 0.872309 0.068078
vt 0.873492 0.068078
vt 0.873492 0.084226
vt 0.914518 0.544141
vt 0.913335 0.544141
vt 0.913335 0.535529
vt 0.914518 0.535529
vt 0.913336 0.103265
vt 0.914518 0.103265
vt 0.914518 0.111877
vt 0.913336 0.111877
vt 0.723484 0.144332
vt 0.723484 0.128185
vt 0.732042 0.128185
vt 0.732042 0.144332
vt 0.238087 0.873709
vt 0.238087 0.857562
vt 0.239270 0.857562
vt 0.239270 0.873709
vt 0.720551 0.705040
vt 0.720551 0.688893
vt 0.729163 0.688893
vt 0.729163 0.705040
vt 0.385725 0.874822
vt 0.385725 0.858674
vt 0.386908 0.858674
vt 0.386908 0.874822
vt 0.914518 0.619317
vt 0.913335 0.619317
vt 0.913335 0.610705
vt 0.914518 0.610705
vt 0.913335 0.197235
vt 0.914518 0.197235
vt 0.914518 0.205847
vt 0.913335 0.205847
vt 0.766452 0.804509
vt 0.763495 0.804509
vt 0.763495 0.785581
vt 0.766452 0.785582
vt 0.930863 0.276868
vt 0.927905 0.276868
vt 0.927905 0.272432
vt 0.930863 0.272432
vt 0.317101 0.783415
vt 0.320059 0.783415
vt 0.320059 0.802461
vt 0.317101 0.802461
vt 0.927905 0.287051
vt 0.930863 0.287051
vt 0.930863 0.291487
vt 0.927905 0.291487
vt 0.786660 0.781596
vt 0.782224 0.781596
vt 0.782224 0.762550
vt 0.786660 0.762550
vt 0.779786 0.440794
vt 0.784222 0.440795
vt 0.784222 0.459840
vt 0.779786 0.459840
vt 0.640751 0.144955
vt 0.625372 0.144954
vt 0.625372 0.128496
vt 0.640751 0.128496
vt 0.848340 0.087006
vt 0.848340 0.071627
vt 0.851298 0.071627
vt 0.851298 0.087006
vt 0.569806 0.618206
vt 0.585185 0.618206
vt 0.585185 0.634767
vt 0.569806 0.634767
vt 0.848888 0.808458
vt 0.848888 0.793080
vt 0.851845 0.793080
vt 0.851845 0.808458
vt 0.838158 0.088189
vt 0.835201 0.088189
vt 0.835201 0.071627
vt 0.838158 0.071627
vt 0.832663 0.101855
vt 0.835621 0.101855
vt 0.835621 0.118416
vt 0.832663 0.118416
vt 0.831810 0.024841
vt 0.830154 0.024841
vt 0.830154 0.005091
vt 0.831810 0.005091
vt 0.956780 0.459409
vt 0.955124 0.459409
vt 0.955124 0.455860
vt 0.956780 0.455860
vt 0.357316 0.806868
vt 0.358972 0.806868
vt 0.358972 0.826742
vt 0.357316 0.826742
vt 0.955124 0.469591
vt 0.956780 0.469591
vt 0.956780 0.473140
vt 0.955124 0.473140
vt 0.360865 0.796686
vt 0.357316 0.796686
vt 0.357316 0.776812
vt 0.360865 0.776812
vt 0.516656 0.768881
vt 0.520205 0.768881
vt 0.520205 0.788755
vt 0.516656 0.788755
vt 0.830621 0.255320
vt 0.828965 0.255320
vt 0.828965 0.235570
vt 0.830621 0.235570
vt 0.956780 0.171057
vt 0.955124 0.171057
vt 0.955124 0.167508
vt 0.956780 0.167508
vt 0.825526 0.609380
vt 0.827182 0.609380
vt 0.827182 0.629254
vt 0.825526 0.629254
vt 0.955124 0.181239
vt 0.956780 0.181239
vt 0.956780 0.184788
vt 0.955124 0.184788
vt 0.797869 0.211888
vt 0.794320 0.211888
vt 0.794320 0.192014
vt 0.797869 0.192014
vt 0.783582 0.408673
vt 0.787131 0.408673
vt 0.787131 0.428547
vt 0.783582 0.428547
vt 0.867668 0.364206
vt 0.867668 0.348827
vt 0.869314 0.348827
vt 0.869314 0.364206
vt 0.168484 0.844319
vt 0.168484 0.828941
vt 0.172033 0.828941
vt 0.172033 0.844319
vt 0.864234 0.620264
vt 0.864234 0.604885
vt 0.865891 0.604885
vt 0.865891 0.620264
vt 0.840803 0.250948
vt 0.840803 0.235570
vt 0.844352 0.235570
vt 0.844352 0.250948
vt 0.955124 0.267174
vt 0.955124 0.263626
vt 0.956780 0.263626
vt 0.956780 0.267174
vt 0.956780 0.140046
vt 0.956780 0.143595
vt 0.955124 0.143595
vt 0.955124 0.140046
vt 0.140727 0.869880
vt 0.140727 0.854502
vt 0.142372 0.854501
vt 0.142372 0.869880
vt 0.033736 0.838760
vt 0.033736 0.823381
vt 0.037285 0.823381
vt 0.037285 0.838760
vt 0.866981 0.250948
vt 0.866981 0.235570
vt 0.868637 0.235570
vt 0.868637 0.250948
vt 0.399160 0.844529
vt 0.399160 0.829151
vt 0.402709 0.829151
vt 0.402709 0.844529
vt 0.028768 0.967846
vt 0.028768 0.964297
vt 0.030424 0.964297
vt 0.030424 0.967846
vt 0.956780 0.881521
vt 0.956780 0.885070
vt 0.955124 0.885070
vt 0.955124 0.881521
vt 0.845329 0.889636
vt 0.845329 0.874257
vt 0.846151 0.874257
vt 0.846151 0.889636
vt 0.140727 0.818759
vt 0.140727 0.803380
vt 0.144571 0.803380
vt 0.144571 0.818759
vt 0.016936 0.888155
vt 0.016936 0.872776
vt 0.017764 0.872776
vt 0.017764 0.888155
vt 0.154753 0.818759
vt 0.154753 0.803380
vt 0.158598 0.803380
vt 0.158598 0.818759
vt 0.901382 0.968142
vt 0.901382 0.964297
vt 0.902210 0.964297
vt 0.902210 0.968142
vt 0.968708 0.033145
vt 0.968708 0.036989
vt 0.967880 0.036989
vt 0.967880 0.033145
vt 0.071819 0.883943
vt 0.070991 0.883943
vt 0.070991 0.867485
vt 0.071819 0.867485
vt 0.792108 0.968142
vt 0.791279 0.968142
vt 0.791279 0.964297
vt 0.792108 0.964297
vt 0.881249 0.488180
vt 0.882077 0.488180
vt 0.882077 0.504742
vt 0.881249 0.504742
vt 0.802290 0.964297
vt 0.803118 0.964297
vt 0.803118 0.968142
vt 0.802290 0.968142
vt 0.810643 0.118416
vt 0.806798 0.118416
vt 0.806798 0.101855
vt 0.810643 0.101855
vt 0.803032 0.725644
vt 0.806877 0.725644
vt 0.806877 0.742205
vt 0.803032 0.742205
vt 0.724296 0.392184
vt 0.724296 0.376036
vt 0.732854 0.376036
vt 0.732854 0.392183
vt 0.869884 0.504328
vt 0.869884 0.488180
vt 0.871067 0.488180
vt 0.871067 0.504328
vt 0.569806 0.730063
vt 0.569806 0.713916
vt 0.578418 0.713916
vt 0.578418 0.730063
vt 0.873866 0.809227
vt 0.873866 0.793080
vt 0.875049 0.793080
vt 0.875049 0.809227
vt 0.914518 0.638112
vt 0.913336 0.638112
vt 0.913336 0.629500
vt 0.914518 0.629500
vt 0.913336 0.216029
vt 0.914518 0.216029
vt 0.914518 0.224641
vt 0.913336 0.224641
vt 0.721861 0.047569
vt 0.721861 0.031421
vt 0.730420 0.031421
vt 0.730420 0.047568
vt 0.439388 0.871101
vt 0.439388 0.854954
vt 0.440571 0.854954
vt 0.440571 0.871101
vt 0.439388 0.723399
vt 0.439388 0.707252
vt 0.448000 0.707252
vt 0.448000 0.723399
vt 0.453391 0.875596
vt 0.453391 0.859449
vt 0.454574 0.859449
vt 0.454574 0.875596
vt 0.914518 0.243435
vt 0.913336 0.243435
vt 0.913336 0.234823
vt 0.914518 0.234823
vt 0.913335 0.065676
vt 0.914518 0.065676
vt 0.914518 0.074288
vt 0.913335 0.074288
vt 0.804333 0.707820
vt 0.801376 0.707820
vt 0.801376 0.688893
vt 0.804333 0.688893
vt 0.930863 0.306105
vt 0.927905 0.306105
vt 0.927905 0.301669
vt 0.930863 0.301669
vt 0.609541 0.783273
vt 0.612498 0.783273
vt 0.612498 0.802319
vt 0.609541 0.802319
vt 0.927905 0.360142
vt 0.930863 0.360142
vt 0.930863 0.364578
vt 0.927905 0.364578
vt 0.650461 0.785215
vt 0.646025 0.785215
vt 0.646025 0.766169
vt 0.650461 0.766169
vt 0.777550 0.323267
vt 0.781986 0.323267
vt 0.781986 0.342312
vt 0.777550 0.342312
vt 0.020470 0.639652
vt 0.005091 0.639651
vt 0.005091 0.623193
vt 0.020470 0.623194
vt 0.357316 0.852302
vt 0.357316 0.836924
vt 0.360274 0.836924
vt 0.360274 0.852302
vt 0.166287 0.617023
vt 0.181666 0.617023
vt 0.181666 0.633585
vt 0.166287 0.633585
vt 0.850477 0.535034
vt 0.850477 0.519656
vt 0.853434 0.519656
vt 0.853434 0.535034
vt 0.684037 0.836772
vt 0.681079 0.836772
vt 0.681079 0.820211
vt 0.684037 0.820211
vt 0.832778 0.548686
vt 0.835735 0.548686
vt 0.835735 0.565247
vt 0.832778 0.565247
vt 0.832224 0.056080
vt 0.830568 0.056080
vt 0.830568 0.036330
vt 0.832224 0.036330
vt 0.956780 0.486871
vt 0.955124 0.486871
vt 0.955124 0.483322
vt 0.956780 0.483322
vt 0.823363 0.071627
vt 0.825019 0.071627
vt 0.825019 0.091501
vt 0.823363 0.091501
vt 0.955124 0.497053
vt 0.956780 0.497053
vt 0.956780 0.500602
vt 0.955124 0.500602
vt 0.794994 0.056204
vt 0.791445 0.056204
vt 0.791445 0.036330
vt 0.794994 0.036330
vt 0.684859 0.769174
vt 0.688408 0.769174
vt 0.688408 0.789048
vt 0.684859 0.789048
vt 0.832470 0.395786
vt 0.830814 0.395786
vt 0.830814 0.376036
vt 0.832470 0.376036
vt 0.955124 0.538246
vt 0.956780 0.538246
vt 0.956780 0.541795
vt 0.955124 0.541795
vt 0.823319 0.793080
vt 0.824975 0.793080
vt 0.824975 0.812954
vt 0.823319 0.812954
vt 0.955124 0.194970
vt 0.956780 0.194970
vt 0.956780 0.198519
vt 0.955124 0.198519
vt 0.797428 0.395910
vt 0.793879 0.395910
vt 0.793879 0.376036
vt 0.797428 0.376036
vt 0.784043 0.071627
vt 0.787592 0.071627
vt 0.787592 0.091501
vt 0.784043 0.091501
vt 0.371698 0.869558
vt 0.371698 0.854179
vt 0.373344 0.854179
vt 0.373344 0.869558
vt 0.840991 0.704271
vt 0.840991 0.688893
vt 0.844540 0.688893
vt 0.844540 0.704271
vt 0.342088 0.866636
vt 0.342088 0.851257
vt 0.343744 0.851257
vt 0.343744 0.866636
vt 0.259446 0.844697
vt 0.259446 0.829319
vt 0.262994 0.829319
vt 0.262994 0.844697
vt 0.955124 0.280905
vt 0.955124 0.277357
vt 0.956780 0.277357
vt 0.956780 0.280905
vt 0.956780 0.153777
vt 0.956780 0.157326
vt 0.955124 0.157326
vt 0.955124 0.153777
vt 0.152555 0.869880
vt 0.152555 0.854501
vt 0.154200 0.854501
vt 0.154200 0.869880
vt 0.273472 0.844698
vt 0.273472 0.829319
vt 0.277021 0.829319
vt 0.277021 0.844698
vt 0.867213 0.391414
vt 0.867213 0.376036
vt 0.868869 0.376036
vt 0.868869 0.391414
vt 0.439388 0.844772
vt 0.439388 0.829393
vt 0.442937 0.829393
vt 0.442937 0.844772
vt 0.040606 0.967846
vt 0.040606 0.964297
vt 0.042262 0.964297
vt 0.042262 0.967846
vt 0.956780 0.895252
vt 0.956780 0.898801
vt 0.955124 0.898801
vt 0.955124 0.895252
vt 0.856333 0.889636
vt 0.856333 0.874257
vt 0.857156 0.874257
vt 0.857156 0.889636
vt 0.810270 0.535034
vt 0.810270 0.519656
vt 0.814115 0.519656
vt 0.814115 0.535034
vt 0.887438 0.594703
vt 0.887438 0.579325
vt 0.888266 0.579325
vt 0.888266 0.594703
vt 0.168780 0.818759
vt 0.168780 0.803380
vt 0.172625 0.803380
vt 0.172625 0.818759
vt 0.912392 0.968142
vt 0.912392 0.964297
vt 0.913220 0.964297
vt 0.913220 0.968142
vt 0.968708 0.047171
vt 0.968708 0.051016
vt 0.967880 0.051016
vt 0.967880 0.047171
vt 0.883876 0.779009
vt 0.883048 0.779009
vt 0.883048 0.762550
vt 0.883876 0.762550
vt 0.814128 0.968142
vt 0.813300 0.968142
vt 0.813300 0.964297
vt 0.814128 0.964297
vt 0.882037 0.848696
vt 0.882865 0.848696
vt 0.882865 0.865258
vt 0.882037 0.865258
vt 0.824310 0.964297
vt 0.825138 0.964297
vt 0.825138 0.968142
vt 0.824310 0.968142
vt 0.800687 0.809641
vt 0.796842 0.809641
vt 0.796842 0.793080
vt 0.800687 0.793080
vt 0.803573 0.235570
vt 0.807418 0.235570
vt 0.807418 0.252131
vt 0.803573 0.252131
vt 0.724296 0.418514
vt 0.724296 0.402366
vt 0.732854 0.402366
vt 0.732854 0.418513
vt 0.875455 0.535803
vt 0.875455 0.519656
vt 0.876638 0.519656
vt 0.876638 0.535803
vt 0.291541 0.730374
vt 0.291541 0.714226
vt 0.300152 0.714226
vt 0.300152 0.730374
vt 0.425169 0.871195
vt 0.425169 0.855047
vt 0.426352 0.855047
vt 0.426352 0.871195
vt 0.914518 0.656906
vt 0.913336 0.656906
vt 0.913336 0.648294
vt 0.914518 0.648294
vt 0.913336 0.253618
vt 0.914518 0.253618
vt 0.914518 0.262230
vt 0.913336 0.262230
vt 0.721861 0.021239
vt 0.721861 0.005091
vt 0.730420 0.005091
vt 0.730420 0.021239
vt 0.870009 0.665287
vt 0.870009 0.649140
vt 0.871192 0.649140
vt 0.871192 0.665287
vt 0.717678 0.505747
vt 0.717678 0.489600
vt 0.726290 0.489600
vt 0.726290 0.505747
vt 0.122855 0.876996
vt 0.122855 0.860849
vt 0.124038 0.860849
vt 0.124038 0.876996
vt 0.914518 0.281024
vt 0.913335 0.281024
vt 0.913335 0.272412
vt 0.914518 0.272412
vt 0.913335 0.291206
vt 0.914518 0.291206
vt 0.914518 0.299818
vt 0.913335 0.299818
vt 0.593059 0.804427
vt 0.590102 0.804427
vt 0.590102 0.785500
vt 0.593059 0.785500
vt 0.927905 0.374760
vt 0.930863 0.374760
vt 0.930863 0.379196
vt 0.927905 0.379196
vt 0.238087 0.783540
vt 0.241044 0.783540
vt 0.241044 0.802586
vt 0.238087 0.802586
vt 0.927905 0.316287
vt 0.930863 0.316287
vt 0.930863 0.320723
vt 0.927905 0.320723
vt 0.785365 0.569151
vt 0.780929 0.569151
vt 0.780929 0.550105
vt 0.785365 0.550105
vt 0.704573 0.766039
vt 0.709009 0.766039
vt 0.709009 0.785085
vt 0.704573 0.785085
vt 0.809279 0.569979
vt 0.809279 0.548686
vt 0.810757 0.548686
vt 0.810757 0.569979
vt 0.631851 0.860218
vt 0.631848 0.861055
vt 0.630370 0.861052
vt 0.630373 0.860216
vt 0.766456 0.850048
vt 0.763499 0.850048
vt 0.763498 0.846198
vt 0.766455 0.846198
vt 0.070993 0.829197
vt 0.073477 0.829197
vt 0.073483 0.833107
vt 0.070999 0.833107
vt 0.290709 0.848154
vt 0.293193 0.848154
vt 0.293193 0.853155
vt 0.290709 0.853155
vt 0.763495 0.843111
vt 0.766452 0.843111
vt 0.070991 0.824321
vt 0.073475 0.824321
vt 0.880975 0.350010
vt 0.880975 0.365067
vt 0.879496 0.365069
vt 0.879496 0.350012
vt 0.342091 0.876818
vt 0.345049 0.876818
vt 0.345046 0.880379
vt 0.342088 0.880379
vt 0.803702 0.993432
vt 0.802864 0.993430
vt 0.802864 0.991951
vt 0.803702 0.991953
vt 0.820895 0.213307
vt 0.819712 0.213307
vt 0.819712 0.192014
vt 0.820895 0.192014
vt 0.345046 0.884327
vt 0.342088 0.884327
vt 0.809530 0.192014
vt 0.809530 0.213307
vt 0.808051 0.213307
vt 0.808051 0.192014
vt 0.290712 0.843643
vt 0.293197 0.843643
vt 0.345049 0.887881
vt 0.342091 0.887881
vt 0.070993 0.819445
vt 0.073477 0.819445
vt 0.330241 0.858823
vt 0.330244 0.843767
vt 0.331722 0.843764
vt 0.331719 0.858821
vt 0.853973 0.128162
vt 0.856930 0.128162
vt 0.856925 0.131249
vt 0.853968 0.131249
vt 0.819448 0.376036
vt 0.820631 0.376036
vt 0.820631 0.397329
vt 0.819448 0.397329
vt 0.631848 0.845162
vt 0.630370 0.845159
vt 0.856924 0.135098
vt 0.853966 0.135098
vt 0.814721 0.993431
vt 0.813884 0.993430
vt 0.813884 0.991951
vt 0.814721 0.991952
vt 0.306335 0.819750
vt 0.303851 0.819750
vt 0.303847 0.815840
vt 0.306331 0.815840
vt 0.856925 0.138948
vt 0.853968 0.138948
vt 0.070999 0.815534
vt 0.073483 0.815534
vt 0.648817 0.406793
vt 0.648817 0.376036
vt 0.653519 0.376036
vt 0.653519 0.406793
vt 0.856930 0.142035
vt 0.853973 0.142035
vt 0.330244 0.859660
vt 0.331722 0.859657
vt 0.819796 0.440794
vt 0.820979 0.440794
vt 0.820979 0.462088
vt 0.819796 0.462088
vt 0.799781 0.883191
vt 0.796842 0.883191
vt 0.797033 0.879634
vt 0.799972 0.879634
vt 0.005091 0.800342
vt 0.006274 0.800342
vt 0.006274 0.821635
vt 0.005091 0.821635
vt 0.306336 0.824626
vt 0.303852 0.824626
vt 0.797033 0.875686
vt 0.799972 0.875686
vt 0.293197 0.857656
vt 0.290712 0.857656
vt 0.140727 0.483389
vt 0.171484 0.483389
vt 0.171484 0.515329
vt 0.140727 0.515329
vt 0.796842 0.872128
vt 0.799781 0.872128
vt 0.493975 0.581919
vt 0.497825 0.581041
vt 0.501674 0.581919
vt 0.504761 0.584381
vt 0.506474 0.587939
vt 0.506474 0.591887
vt 0.504761 0.595445
vt 0.501674 0.597907
vt 0.497825 0.598785
vt 0.493975 0.597907
vt 0.490888 0.595445
vt 0.489175 0.591887
vt 0.489175 0.587939
vt 0.490888 0.584381
vt 0.679635 0.993430
vt 0.678452 0.993430
vt 0.678452 0.991952
vt 0.679635 0.991952
vt 0.766452 0.856984
vt 0.763495 0.856984
vt 0.763498 0.853897
vt 0.766455 0.853897
vt 0.808135 0.462088
vt 0.808135 0.440795
vt 0.809614 0.440795
vt 0.809614 0.462088
vt 0.820385 0.057623
vt 0.819202 0.057623
vt 0.819202 0.036330
vt 0.820385 0.036330
vt 0.454974 0.585564
vt 0.456687 0.589122
vt 0.456687 0.593070
vt 0.454974 0.596628
vt 0.451887 0.599090
vt 0.448038 0.599968
vt 0.444188 0.599090
vt 0.441101 0.596628
vt 0.439388 0.593070
vt 0.439388 0.589122
vt 0.441101 0.585564
vt 0.444188 0.583102
vt 0.448038 0.582224
vt 0.451887 0.583102
vt 0.817059 0.725643
vt 0.818242 0.725643
vt 0.818242 0.746937
vt 0.817059 0.746937
vt 0.811444 0.488180
vt 0.811444 0.509474
vt 0.809975 0.509474
vt 0.809975 0.488180
vt 0.073460 0.857303
vt 0.070991 0.857303
vt 0.071233 0.852798
vt 0.073701 0.852797
vt 0.667087 0.991951
vt 0.668270 0.991951
vt 0.668270 0.993430
vt 0.667087 0.993430
vt 0.821109 0.344560
vt 0.819926 0.344560
vt 0.819926 0.323267
vt 0.821109 0.323267
vt 0.071233 0.847796
vt 0.073701 0.847796
vt 0.818783 0.256863
vt 0.817600 0.256863
vt 0.817600 0.235570
vt 0.818783 0.235570
vt 0.691000 0.993430
vt 0.689817 0.993430
vt 0.689817 0.991951
vt 0.691000 0.991951
vt 0.070991 0.843289
vt 0.073460 0.843289
vt 0.702365 0.993421
vt 0.701182 0.993421
vt 0.701182 0.991951
vt 0.702365 0.991951
vt 0.516558 0.511350
vt 0.516558 0.516351
vt 0.514387 0.520858
vt 0.510477 0.523976
vt 0.505601 0.525089
vt 0.500725 0.523976
vt 0.496815 0.520858
vt 0.494645 0.516351
vt 0.494645 0.511350
vt 0.496815 0.506844
vt 0.500725 0.503725
vt 0.505601 0.502613
vt 0.510477 0.503725
vt 0.514387 0.506844
vt 0.306331 0.833413
vt 0.303847 0.833413
vt 0.303851 0.829502
vt 0.306335 0.829502
vt 0.879304 0.207107
vt 0.879304 0.192016
vt 0.880783 0.192014
vt 0.880783 0.207105
vt 0.646336 0.035848
vt 0.646336 0.005091
vt 0.651068 0.005091
vt 0.651068 0.035848
vt 0.275278 0.544805
vt 0.270402 0.545918
vt 0.265526 0.544805
vt 0.261616 0.541686
vt 0.259446 0.537180
vt 0.259446 0.532179
vt 0.261616 0.527673
vt 0.265526 0.524554
vt 0.270402 0.523441
vt 0.275278 0.524554
vt 0.279188 0.527673
vt 0.281358 0.532179
vt 0.281358 0.537180
vt 0.279188 0.541686
vt 0.181666 0.483390
vt 0.212423 0.483389
vt 0.212423 0.515330
vt 0.181666 0.515330
vt 0.646032 0.641321
vt 0.646032 0.609380
vt 0.650764 0.609380
vt 0.650764 0.641321
vt 0.196580 0.617023
vt 0.196580 0.648963
vt 0.191848 0.648963
vt 0.191848 0.617023
vt 0.180855 0.694690
vt 0.179081 0.694690
vt 0.179081 0.667482
vt 0.180855 0.667482
vt 0.301634 0.967964
vt 0.300332 0.967964
vt 0.300332 0.964297
vt 0.301634 0.964297
vt 0.650764 0.663988
vt 0.646032 0.663988
vt 0.646030 0.657059
vt 0.650762 0.657059
vt 0.555063 0.778138
vt 0.558316 0.778138
vt 0.558313 0.783784
vt 0.555060 0.783784
vt 0.800100 0.767078
vt 0.796847 0.767078
vt 0.796842 0.762550
vt 0.800096 0.762550
vt 0.646025 0.651503
vt 0.650757 0.651503
vt 0.555070 0.773611
vt 0.558323 0.773611
vt 0.981083 0.065188
vt 0.981918 0.065534
vt 0.981429 0.066023
vt 0.720556 0.741552
vt 0.725288 0.741552
vt 0.725283 0.747963
vt 0.720551 0.747963
vt 0.784988 0.978753
vt 0.786763 0.978753
vt 0.786763 0.980527
vt 0.784988 0.980527
vt 0.005091 0.722713
vt 0.005091 0.696688
vt 0.006392 0.696688
vt 0.006392 0.722713
vt 0.725283 0.755070
vt 0.720551 0.755070
vt 0.784760 0.515625
vt 0.784760 0.489600
vt 0.786061 0.489600
vt 0.786061 0.515625
vt 0.800101 0.772724
vt 0.796848 0.772724
vt 0.725288 0.761467
vt 0.720556 0.761467
vt 0.316801 0.823657
vt 0.320054 0.823657
vt 0.320059 0.828869
vt 0.316805 0.828869
vt 0.483198 0.966017
vt 0.483198 0.965067
vt 0.484232 0.965066
vt 0.484232 0.966017
vt 0.016947 0.649834
vt 0.021679 0.649834
vt 0.021671 0.655391
vt 0.016939 0.655391
vt 0.556548 0.736220
vt 0.558323 0.736220
vt 0.558323 0.763429
vt 0.556548 0.763429
vt 0.717576 0.181832
vt 0.717576 0.155807
vt 0.721220 0.155807
vt 0.721220 0.181832
vt 0.021668 0.662320
vt 0.016936 0.662320
vt 0.075267 0.716667
vt 0.075267 0.690642
vt 0.078934 0.690642
vt 0.078934 0.716667
vt 0.734523 0.550105
vt 0.734523 0.576131
vt 0.731269 0.576131
vt 0.731269 0.550105
vt 0.021671 0.669249
vt 0.016939 0.669249
vt 0.316801 0.817866
vt 0.320054 0.817866
vt 0.731402 0.181832
vt 0.731402 0.155807
vt 0.734655 0.155807
vt 0.734655 0.181832
vt 0.021679 0.674806
vt 0.016947 0.674806
vt 0.763149 0.309420
vt 0.763149 0.282212
vt 0.764924 0.282212
vt 0.764924 0.309420
vt 0.492743 0.308409
vt 0.492743 0.281201
vt 0.518768 0.281201
vt 0.518768 0.308409
vt 0.346791 0.759898
vt 0.342088 0.759898
vt 0.342432 0.753495
vt 0.347134 0.753495
vt 0.786876 0.635406
vt 0.786876 0.609380
vt 0.788177 0.609380
vt 0.788177 0.635406
vt 0.707116 0.716101
vt 0.707116 0.688893
vt 0.710369 0.688893
vt 0.710369 0.716101
vt 0.342432 0.746388
vt 0.347134 0.746388
vt 0.316805 0.812643
vt 0.320059 0.812643
vt 0.376094 0.527455
vt 0.376094 0.500247
vt 0.402120 0.500247
vt 0.402120 0.527455
vt 0.342088 0.739983
vt 0.346791 0.739983
vt 0.262529 0.487332
vt 0.268086 0.482901
vt 0.275015 0.481319
vt 0.281944 0.482901
vt 0.287501 0.487332
vt 0.290585 0.493736
vt 0.290585 0.500843
vt 0.287501 0.507246
vt 0.281944 0.511678
vt 0.275015 0.513259
vt 0.268086 0.511678
vt 0.262529 0.507246
vt 0.259446 0.500843
vt 0.259446 0.493736
vt 0.033736 0.717826
vt 0.033736 0.690618
vt 0.036969 0.690618
vt 0.036969 0.717826
vt 0.650757 0.676474
vt 0.646025 0.676474
vt 0.646030 0.670918
vt 0.650762 0.670918
vt 0.717576 0.218039
vt 0.717576 0.192014
vt 0.721220 0.192014
vt 0.721220 0.218039
vt 0.764619 0.609380
vt 0.764619 0.636589
vt 0.762845 0.636589
vt 0.762845 0.609380
vt 0.328822 0.487332
vt 0.331906 0.493736
vt 0.331906 0.500843
vt 0.328822 0.507246
vt 0.323266 0.511678
vt 0.316337 0.513259
vt 0.309407 0.511678
vt 0.303851 0.507246
vt 0.300767 0.500843
vt 0.300767 0.493736
vt 0.303851 0.487332
vt 0.309407 0.482901
vt 0.316337 0.481319
vt 0.323266 0.482901
vt 0.265882 0.964297
vt 0.267183 0.964297
vt 0.267183 0.967964
vt 0.265882 0.967964
vt 0.796945 0.980527
vt 0.796945 0.978753
vt 0.798708 0.978753
vt 0.798708 0.980527
vt 0.558316 0.789430
vt 0.555063 0.789430
vt 0.313117 0.967964
vt 0.311816 0.967964
vt 0.311816 0.964297
vt 0.313117 0.964297
vt 0.277366 0.964297
vt 0.278667 0.964297
vt 0.278667 0.967964
vt 0.277366 0.967964
vt 0.558323 0.793958
vt 0.555070 0.793958
vt 0.673009 0.757183
vt 0.673009 0.731158
vt 0.674310 0.731158
vt 0.674310 0.757183
vt 0.324600 0.967964
vt 0.323299 0.967964
vt 0.323299 0.964297
vt 0.324600 0.964297
vt 0.649258 0.811623
vt 0.646025 0.811623
vt 0.646305 0.806407
vt 0.649538 0.806406
vt 0.516657 0.718943
vt 0.516657 0.692918
vt 0.520324 0.692918
vt 0.520324 0.718943
vt 0.005091 0.758921
vt 0.005091 0.732896
vt 0.006392 0.732896
vt 0.006392 0.758921
vt 0.646305 0.800615
vt 0.649538 0.800615
vt 0.278737 0.785558
vt 0.278737 0.759533
vt 0.280038 0.759533
vt 0.280038 0.785558
vt 0.717420 0.576131
vt 0.717420 0.550105
vt 0.721087 0.550105
vt 0.721087 0.576131
vt 0.646025 0.795397
vt 0.649258 0.795397
vt 0.717660 0.466820
vt 0.717660 0.440795
vt 0.721304 0.440795
vt 0.721304 0.466820
vt 0.437675 0.516155
vt 0.435162 0.521372
vt 0.430634 0.524983
vt 0.424988 0.526272
vt 0.419342 0.524983
vt 0.414815 0.521372
vt 0.412302 0.516155
vt 0.412302 0.510364
vt 0.414815 0.505146
vt 0.419342 0.501535
vt 0.424988 0.500247
vt 0.430634 0.501535
vt 0.435162 0.505146
vt 0.437675 0.510364
vt 0.800096 0.782898
vt 0.796842 0.782898
vt 0.796847 0.778370
vt 0.800100 0.778370
vt 0.288849 0.964297
vt 0.290150 0.964297
vt 0.290150 0.967964
vt 0.288849 0.967964
vt 0.980737 0.040648
vt 0.981083 0.041483
vt 0.980248 0.041137
vt 0.450369 0.521372
vt 0.447857 0.516155
vt 0.447857 0.510364
vt 0.450369 0.505146
vt 0.454897 0.501535
vt 0.460543 0.500247
vt 0.466189 0.501535
vt 0.470717 0.505146
vt 0.473229 0.510364
vt 0.473229 0.516155
vt 0.470717 0.521372
vt 0.466189 0.524983
vt 0.460543 0.526272
vt 0.454897 0.524983
vt 0.483198 0.966785
vt 0.483837 0.966785
vt 0.483198 0.964297
vt 0.483837 0.964297
vt 0.408660 0.965067
vt 0.409056 0.964297
vt 0.409695 0.964298
vt 0.409694 0.965068
vt 0.980737 0.066023
vt 0.408660 0.966017
vt 0.409694 0.966018
vt 0.980248 0.041829
vt 0.409056 0.966785
vt 0.409695 0.966786
vt 0.410334 0.964297
vt 0.410729 0.965067
vt 0.980248 0.065534
vt 0.410729 0.966017
vt 0.980737 0.042318
vt 0.410334 0.966785
vt 0.494414 0.965066
vt 0.494809 0.964297
vt 0.495448 0.964297
vt 0.495449 0.965065
vt 0.980248 0.064842
vt 0.494414 0.966016
vt 0.495449 0.966016
vt 0.981429 0.042318
vt 0.494809 0.966785
vt 0.495448 0.966785
vt 0.496087 0.964297
vt 0.496482 0.965066
vt 0.980737 0.064353
vt 0.496482 0.966016
vt 0.981918 0.041829
vt 0.496087 0.966785
vt 0.561791 0.965066
vt 0.562140 0.964297
vt 0.562805 0.964297
vt 0.562867 0.965066
vt 0.981429 0.064353
vt 0.561791 0.966016
vt 0.562867 0.966017
vt 0.981918 0.041137
vt 0.562140 0.966785
vt 0.562805 0.966785
vt 0.563410 0.964297
vt 0.563847 0.965066
vt 0.981918 0.064842
vt 0.563847 0.966016
vt 0.981429 0.040648
vt 0.563410 0.966785
vt 0.482163 0.965066
vt 0.482558 0.964297
vt 0.482163 0.966017
vt 0.482558 0.966785
vt 0.427940 0.920306
vt 0.427940 0.912617
vt 0.430879 0.912616
vt 0.430879 0.920306
vt 0.130544 0.615051
vt 0.122855 0.615051
vt 0.122855 0.571281
vt 0.130544 0.571281
vt 0.414800 0.920306
vt 0.414800 0.912616
vt 0.417757 0.912616
vt 0.417757 0.920306
vt 0.607501 0.101855
vt 0.615190 0.101855
vt 0.615190 0.145624
vt 0.607501 0.145624
vt 0.598460 0.624853
vt 0.598460 0.581084
vt 0.601417 0.581084
vt 0.601417 0.624853
vt 0.624198 0.005091
vt 0.624198 0.048861
vt 0.621240 0.048861
vt 0.621240 0.005091
vt 0.956780 0.088576
vt 0.955124 0.088576
vt 0.955124 0.084931
vt 0.956780 0.084931
vt 0.634321 0.596241
vt 0.632665 0.596241
vt 0.632665 0.550105
vt 0.634321 0.550105
vt 0.955124 0.057233
vt 0.956780 0.057233
vt 0.956780 0.060900
vt 0.955124 0.060900
vt 0.632821 0.155807
vt 0.634477 0.155807
vt 0.634477 0.201942
vt 0.632821 0.201942
vt 0.516657 0.581407
vt 0.516657 0.535271
vt 0.520324 0.535271
vt 0.520324 0.581407
vt 0.210429 0.525512
vt 0.210429 0.571647
vt 0.206762 0.571647
vt 0.206762 0.525512
vt 0.956780 0.102402
vt 0.955124 0.102402
vt 0.955124 0.098758
vt 0.956780 0.098758
vt 0.634676 0.535736
vt 0.633020 0.535736
vt 0.633020 0.489600
vt 0.634676 0.489600
vt 0.955124 0.071082
vt 0.956780 0.071082
vt 0.956780 0.074749
vt 0.955124 0.074749
vt 0.633908 0.235570
vt 0.635565 0.235570
vt 0.635565 0.281705
vt 0.633908 0.281705
vt 0.398106 0.583773
vt 0.398106 0.537637
vt 0.401773 0.537637
vt 0.401773 0.583773
vt 0.573473 0.502613
vt 0.573473 0.548748
vt 0.569806 0.548748
vt 0.569806 0.502613
vt 0.644858 0.479418
vt 0.644858 0.441563
vt 0.647797 0.441563
vt 0.647797 0.479418
vt 0.033736 0.633845
vt 0.033736 0.595990
vt 0.036693 0.595990
vt 0.036693 0.633845
vt 0.644659 0.193661
vt 0.644659 0.155807
vt 0.647616 0.155807
vt 0.647616 0.193661
vt 0.636878 0.361121
vt 0.636878 0.323267
vt 0.639835 0.323267
vt 0.639835 0.361121
vt 0.057110 0.952798
vt 0.057110 0.949841
vt 0.060068 0.949841
vt 0.060068 0.952798
vt 0.033789 0.949841
vt 0.033789 0.952798
vt 0.030831 0.952798
vt 0.030831 0.949841
vt 0.645747 0.273425
vt 0.645747 0.235570
vt 0.648686 0.235570
vt 0.648686 0.273425
vt 0.644503 0.587960
vt 0.644503 0.550105
vt 0.647460 0.550105
vt 0.647460 0.587960
vt 0.644858 0.527455
vt 0.644858 0.489600
vt 0.647815 0.489600
vt 0.647815 0.527455
vt 0.075267 0.633979
vt 0.075267 0.596124
vt 0.078224 0.596124
vt 0.078224 0.633979
vt 0.070250 0.952798
vt 0.070250 0.949841
vt 0.073207 0.949841
vt 0.073207 0.952798
vt 0.046928 0.949841
vt 0.046928 0.952798
vt 0.043971 0.952798
vt 0.043971 0.949841
vt 0.413248 0.697070
vt 0.412302 0.697067
vt 0.412302 0.660609
vt 0.413248 0.660612
vt 0.006009 0.924446
vt 0.005091 0.924446
vt 0.005091 0.912617
vt 0.006009 0.912616
vt 0.684859 0.656234
vt 0.685806 0.656234
vt 0.685806 0.692906
vt 0.684859 0.692906
vt 0.149397 0.912616
vt 0.150315 0.912617
vt 0.150315 0.924446
vt 0.149397 0.924446
vt 0.559624 0.583942
vt 0.547794 0.583942
vt 0.547794 0.548382
vt 0.559624 0.548382
vt 0.184750 0.525512
vt 0.196580 0.525512
vt 0.196580 0.561099
vt 0.184750 0.561099
vt 0.694609 0.192267
vt 0.693663 0.192264
vt 0.693663 0.155807
vt 0.694609 0.155809
vt 0.017110 0.924446
vt 0.016192 0.924446
vt 0.016192 0.912617
vt 0.017110 0.912616
vt 0.685164 0.005091
vt 0.686110 0.005091
vt 0.686110 0.041763
vt 0.685164 0.041763
vt 0.093895 0.912616
vt 0.094813 0.912617
vt 0.094813 0.924446
vt 0.093895 0.924446
vt 0.271275 0.591659
vt 0.259446 0.591659
vt 0.259446 0.556100
vt 0.271275 0.556100
vt 0.494645 0.535271
vt 0.506474 0.535271
vt 0.506474 0.570859
vt 0.494645 0.570859
vt 0.424376 0.697069
vt 0.423430 0.697067
vt 0.423430 0.660609
vt 0.424376 0.660612
vt 0.028210 0.924446
vt 0.027292 0.924446
vt 0.027292 0.912617
vt 0.028210 0.912616
vt 0.483411 0.500247
vt 0.484358 0.500247
vt 0.484358 0.536919
vt 0.483411 0.536919
vt 0.116096 0.912616
vt 0.117014 0.912617
vt 0.117014 0.924446
vt 0.116096 0.924446
vt 0.593347 0.303748
vt 0.581517 0.303748
vt 0.581517 0.268188
vt 0.593347 0.268188
vt 0.564669 0.050861
vt 0.576498 0.050861
vt 0.576498 0.086449
vt 0.564669 0.086449
vt 0.695582 0.272030
vt 0.694636 0.272027
vt 0.694636 0.235570
vt 0.695582 0.235573
vt 0.039311 0.924446
vt 0.038392 0.924446
vt 0.038392 0.912617
vt 0.039311 0.912616
vt 0.685164 0.051945
vt 0.686110 0.051945
vt 0.686110 0.088617
vt 0.685164 0.088617
vt 0.160497 0.912616
vt 0.161416 0.912617
vt 0.161416 0.924446
vt 0.160497 0.924446
vt 0.196580 0.606841
vt 0.184750 0.606841
vt 0.184750 0.571281
vt 0.196580 0.571281
vt 0.313552 0.523441
vt 0.325382 0.523441
vt 0.325382 0.559029
vt 0.313552 0.559029
vt 0.192794 0.695606
vt 0.191848 0.695603
vt 0.191848 0.659145
vt 0.192794 0.659148
vt 0.072612 0.924446
vt 0.071694 0.924446
vt 0.071694 0.912617
vt 0.072612 0.912616
vt 0.248293 0.530244
vt 0.249239 0.530244
vt 0.249239 0.566915
vt 0.248293 0.566915
vt 0.249301 0.912616
vt 0.250219 0.912617
vt 0.250219 0.924446
vt 0.249301 0.924446
vt 0.610289 0.525160
vt 0.598460 0.525160
vt 0.598460 0.489600
vt 0.610289 0.489600
vt 0.547794 0.502613
vt 0.559624 0.502613
vt 0.559624 0.538200
vt 0.547794 0.538200
vt 0.440334 0.697070
vt 0.439388 0.697067
vt 0.439388 0.660609
vt 0.440334 0.660612
vt 0.172516 0.924446
vt 0.171598 0.924446
vt 0.171598 0.912617
vt 0.172516 0.912616
vt 0.685887 0.323267
vt 0.686833 0.323267
vt 0.686833 0.359939
vt 0.685887 0.359939
vt 0.182698 0.912616
vt 0.183617 0.912617
vt 0.183617 0.924446
vt 0.182698 0.924446
vt 0.610289 0.570901
vt 0.598460 0.570901
vt 0.598460 0.535342
vt 0.610289 0.535342
vt 0.140727 0.525512
vt 0.152556 0.525512
vt 0.152556 0.561099
vt 0.140727 0.561099
vt 0.661892 0.694646
vt 0.660946 0.694643
vt 0.660946 0.658186
vt 0.661892 0.658189
vt 0.249211 0.588927
vt 0.248293 0.588927
vt 0.248293 0.577098
vt 0.249211 0.577097
vt 0.248293 0.483390
vt 0.249239 0.483390
vt 0.249239 0.520061
vt 0.248293 0.520061
vt 0.104995 0.912616
vt 0.105913 0.912617
vt 0.105913 0.924446
vt 0.104995 0.924446
vt 0.598510 0.040651
vt 0.586681 0.040651
vt 0.586681 0.005091
vt 0.598510 0.005091
vt 0.291541 0.523441
vt 0.303370 0.523441
vt 0.303370 0.559029
vt 0.291541 0.559029
vt 0.696934 0.692695
vt 0.695988 0.692692
vt 0.695988 0.656235
vt 0.696934 0.656237
vt 0.050411 0.924446
vt 0.049493 0.924446
vt 0.049493 0.912617
vt 0.050411 0.912616
vt 0.693507 0.550105
vt 0.694453 0.550105
vt 0.694453 0.586777
vt 0.693507 0.586777
vt 0.193799 0.912616
vt 0.194717 0.912617
vt 0.194717 0.924446
vt 0.193799 0.924446
vt 0.598510 0.086421
vt 0.586681 0.086421
vt 0.586681 0.050861
vt 0.598510 0.050861
vt 0.162738 0.525512
vt 0.174568 0.525512
vt 0.174568 0.561099
vt 0.162738 0.561099
vt 0.694693 0.477255
vt 0.693747 0.477252
vt 0.693747 0.440795
vt 0.694693 0.440797
vt 0.083713 0.924446
vt 0.082794 0.924446
vt 0.082794 0.912617
vt 0.083713 0.912616
vt 0.686802 0.101855
vt 0.687749 0.101855
vt 0.687749 0.138527
vt 0.686802 0.138527
vt 0.127196 0.912616
vt 0.128114 0.912617
vt 0.128114 0.924446
vt 0.127196 0.924446
vt 0.615359 0.303748
vt 0.603529 0.303748
vt 0.603529 0.268188
vt 0.615359 0.268188
vt 0.412302 0.536454
vt 0.424131 0.536454
vt 0.424131 0.572042
vt 0.412302 0.572042
vt 0.383773 0.696734
vt 0.382827 0.696731
vt 0.382827 0.660274
vt 0.383773 0.660276
vt 0.205817 0.924446
vt 0.204899 0.924446
vt 0.204899 0.912617
vt 0.205817 0.912616
vt 0.248213 0.628516
vt 0.249159 0.628516
vt 0.249159 0.665188
vt 0.248213 0.665188
vt 0.260401 0.912616
vt 0.261320 0.912617
vt 0.261320 0.924446
vt 0.260401 0.924446
vt 0.303370 0.604771
vt 0.291541 0.604771
vt 0.291541 0.569211
vt 0.303370 0.569211
vt 0.376094 0.537637
vt 0.387924 0.537637
vt 0.387924 0.573225
vt 0.376094 0.573225
vt 0.372644 0.696734
vt 0.371698 0.696731
vt 0.371698 0.660273
vt 0.372644 0.660276
vt 0.902603 0.294042
vt 0.901684 0.294042
vt 0.901684 0.282212
vt 0.902603 0.282212
vt 0.684859 0.609380
vt 0.685806 0.609380
vt 0.685806 0.646052
vt 0.684859 0.646052
vt 0.138296 0.912616
vt 0.139215 0.912617
vt 0.139215 0.924446
vt 0.138296 0.924446
vt 0.325382 0.604771
vt 0.313552 0.604771
vt 0.313552 0.569211
vt 0.325382 0.569211
vt 0.564669 0.005091
vt 0.576498 0.005091
vt 0.576498 0.040679
vt 0.564669 0.040679
vt 0.694712 0.526060
vt 0.693766 0.526057
vt 0.693766 0.489600
vt 0.694712 0.489603
vt 0.061512 0.924446
vt 0.060593 0.924446
vt 0.060593 0.912617
vt 0.061512 0.912616
vt 0.687614 0.376036
vt 0.688561 0.376036
vt 0.688561 0.412708
vt 0.687614 0.412708
vt 0.216000 0.912616
vt 0.216918 0.912617
vt 0.216918 0.924446
vt 0.216000 0.924446
vt 0.152556 0.606841
vt 0.140727 0.606841
vt 0.140727 0.571281
vt 0.152556 0.571281
vt 0.461400 0.536454
vt 0.473229 0.536454
vt 0.473229 0.572042
vt 0.461400 0.572042
vt 0.696934 0.645841
vt 0.695988 0.645838
vt 0.695988 0.609380
vt 0.696934 0.609383
vt 0.228018 0.924446
vt 0.227100 0.924446
vt 0.227100 0.912617
vt 0.228018 0.912616
vt 0.672903 0.655971
vt 0.673849 0.655971
vt 0.673849 0.692643
vt 0.672903 0.692643
vt 0.238200 0.912616
vt 0.239119 0.912617
vt 0.239119 0.924446
vt 0.238200 0.924446
vt 0.174568 0.606841
vt 0.162738 0.606841
vt 0.162738 0.571281
vt 0.174568 0.571281
vt 0.439388 0.536454
vt 0.451218 0.536454
vt 0.451218 0.572042
vt 0.439388 0.572042
vt 0.941803 0.261226
vt 0.941803 0.257677
vt 0.944448 0.257677
vt 0.944448 0.261226
vt 0.533809 0.258006
vt 0.530260 0.258006
vt 0.530260 0.101855
vt 0.533809 0.101855
vt 0.941803 0.247495
vt 0.941803 0.243946
vt 0.944465 0.243946
vt 0.944465 0.247495
vt 0.534063 0.323267
vt 0.537612 0.323267
vt 0.537612 0.479418
vt 0.534063 0.479418
vt 0.585320 0.479418
vt 0.585320 0.323267
vt 0.587982 0.323267
vt 0.587982 0.479418
vt 0.584179 0.101855
vt 0.584179 0.258006
vt 0.581517 0.258006
vt 0.581517 0.101855
vt 0.943156 0.758378
vt 0.943156 0.757373
vt 0.944508 0.757372
vt 0.943991 0.758377
vt 0.943156 0.756130
vt 0.943156 0.755124
vt 0.943991 0.755123
vt 0.944508 0.756130
vt 0.968971 0.880378
vt 0.967880 0.880830
vt 0.967880 0.879926
vt 0.970064 0.892292
vt 0.968972 0.892744
vt 0.969424 0.891652
vt 0.942321 0.274662
vt 0.941803 0.273658
vt 0.943155 0.273659
vt 0.943156 0.274663
vt 0.941803 0.272415
vt 0.942321 0.271408
vt 0.943156 0.271409
vt 0.943155 0.272416
vt 0.968519 0.879286
vt 0.968519 0.891652
vt 0.944508 0.273658
vt 0.943992 0.274662
vt 0.943992 0.271408
vt 0.944508 0.272415
vt 0.969424 0.879286
vt 0.967880 0.892292
vt 0.942319 0.744941
vt 0.941803 0.743935
vt 0.943156 0.743935
vt 0.943155 0.744941
vt 0.941803 0.742693
vt 0.942319 0.741688
vt 0.943155 0.741687
vt 0.943156 0.742692
vt 0.970064 0.879926
vt 0.967880 0.893197
vt 0.944508 0.743935
vt 0.943991 0.744941
vt 0.943991 0.741688
vt 0.944508 0.742693
vt 0.970064 0.880830
vt 0.968519 0.893836
vt 0.942259 0.852431
vt 0.941803 0.851426
vt 0.943210 0.851426
vt 0.943128 0.852432
vt 0.941803 0.850183
vt 0.942259 0.849178
vt 0.943128 0.849178
vt 0.943210 0.850183
vt 0.969424 0.881470
vt 0.969424 0.893836
vt 0.944491 0.851426
vt 0.943920 0.852431
vt 0.943920 0.849177
vt 0.944491 0.850183
vt 0.968519 0.881470
vt 0.970064 0.893197
vt 0.942319 0.758377
vt 0.941803 0.757372
vt 0.941803 0.756130
vt 0.942319 0.755123
vt 0.980248 0.918727
vt 0.980248 0.915769
vt 0.980600 0.915769
vt 0.980600 0.918726
vt 0.980248 0.853029
vt 0.980248 0.850071
vt 0.980603 0.850071
vt 0.980603 0.853029
vt 0.980248 0.629657
vt 0.980248 0.626699
vt 0.980603 0.626699
vt 0.980603 0.629657
vt 0.980248 0.866168
vt 0.980248 0.863211
vt 0.980603 0.863211
vt 0.980603 0.866168
vt 0.992455 0.382990
vt 0.992100 0.382990
vt 0.992100 0.382635
vt 0.992455 0.382635
vt 0.992100 0.424783
vt 0.992455 0.424783
vt 0.992455 0.425137
vt 0.992100 0.425137
vt 0.970064 0.756263
vt 0.968972 0.756715
vt 0.969424 0.755623
vt 0.968971 0.793814
vt 0.967880 0.794266
vt 0.967880 0.793362
vt 0.943156 0.664323
vt 0.943156 0.663318
vt 0.944508 0.663318
vt 0.943991 0.664323
vt 0.943156 0.662075
vt 0.943156 0.661069
vt 0.943991 0.661069
vt 0.944508 0.662075
vt 0.941803 0.285852
vt 0.942321 0.284845
vt 0.943156 0.284846
vt 0.943155 0.285853
vt 0.941803 0.287095
vt 0.943155 0.287096
vt 0.968519 0.792722
vt 0.968519 0.755623
vt 0.942321 0.288099
vt 0.943156 0.288100
vt 0.967880 0.756263
vt 0.969424 0.792722
vt 0.944508 0.287095
vt 0.943992 0.288099
vt 0.943992 0.284845
vt 0.944508 0.285852
vt 0.941803 0.676754
vt 0.941803 0.675511
vt 0.943156 0.675510
vt 0.943156 0.676753
vt 0.970064 0.793362
vt 0.942319 0.674506
vt 0.943156 0.674505
vt 0.942319 0.677760
vt 0.943156 0.677759
vt 0.967880 0.757168
vt 0.944508 0.675511
vt 0.944508 0.676754
vt 0.970064 0.794266
vt 0.943991 0.674506
vt 0.943991 0.677760
vt 0.968519 0.757807
vt 0.941803 0.864862
vt 0.941803 0.863620
vt 0.943210 0.863620
vt 0.943210 0.864863
vt 0.969424 0.794906
vt 0.942259 0.862614
vt 0.943128 0.862614
vt 0.942259 0.865868
vt 0.943128 0.865868
vt 0.969424 0.757807
vt 0.944491 0.863619
vt 0.944491 0.864862
vt 0.968519 0.794906
vt 0.943920 0.862614
vt 0.943920 0.865868
vt 0.970064 0.757168
vt 0.941803 0.663318
vt 0.941803 0.662075
vt 0.942319 0.661069
vt 0.942319 0.664323
vt 0.980248 0.905587
vt 0.980248 0.902630
vt 0.980600 0.902630
vt 0.980600 0.905587
vt 0.980248 0.708494
vt 0.980248 0.705537
vt 0.980603 0.705537
vt 0.980603 0.708494
vt 0.980248 0.761052
vt 0.980248 0.758095
vt 0.980603 0.758095
vt 0.980603 0.761052
vt 0.980248 0.721634
vt 0.980248 0.718676
vt 0.980603 0.718676
vt 0.980603 0.721634
vt 0.992455 0.435674
vt 0.992100 0.435674
vt 0.992100 0.435320
vt 0.992455 0.435320
vt 0.992100 0.445857
vt 0.992455 0.445857
vt 0.992455 0.446211
vt 0.992100 0.446211
vt 0.943156 0.461773
vt 0.943156 0.460530
vt 0.944508 0.460529
vt 0.944508 0.461772
vt 0.970064 0.805728
vt 0.968972 0.806180
vt 0.969424 0.805088
vt 0.068015 0.979846
vt 0.068467 0.980937
vt 0.067562 0.980937
vt 0.943156 0.462778
vt 0.943991 0.462777
vt 0.943156 0.459524
vt 0.943991 0.459523
vt 0.942321 0.301536
vt 0.941803 0.300531
vt 0.943155 0.300533
vt 0.943156 0.301537
vt 0.941803 0.299289
vt 0.942321 0.298282
vt 0.943156 0.298283
vt 0.943155 0.299290
vt 0.066923 0.980297
vt 0.968519 0.805088
vt 0.066923 0.979392
vt 0.944508 0.300531
vt 0.943992 0.301536
vt 0.944508 0.299289
vt 0.967880 0.805728
vt 0.943992 0.298282
vt 0.967880 0.806633
vt 0.941803 0.448335
vt 0.941803 0.447092
vt 0.943156 0.447092
vt 0.943156 0.448335
vt 0.067562 0.978753
vt 0.942319 0.446087
vt 0.943156 0.446087
vt 0.942319 0.449341
vt 0.943156 0.449341
vt 0.968519 0.807272
vt 0.944508 0.447092
vt 0.944508 0.448335
vt 0.068467 0.978753
vt 0.943991 0.446087
vt 0.943991 0.449341
vt 0.017961 0.952089
vt 0.017961 0.950846
vt 0.019368 0.950847
vt 0.019368 0.952089
vt 0.069107 0.979392
vt 0.018417 0.949841
vt 0.019286 0.949841
vt 0.018417 0.953095
vt 0.019286 0.953095
vt 0.969424 0.807272
vt 0.020649 0.950846
vt 0.020649 0.952089
vt 0.069107 0.980297
vt 0.020078 0.949841
vt 0.020078 0.953095
vt 0.970064 0.806633
vt 0.941803 0.461772
vt 0.941803 0.460529
vt 0.942319 0.459523
vt 0.942319 0.462777
vt 0.015626 0.994909
vt 0.015626 0.991952
vt 0.015979 0.991952
vt 0.015979 0.994909
vt 0.980248 0.406285
vt 0.980248 0.403327
vt 0.980603 0.403327
vt 0.980603 0.406285
vt 0.980248 0.642796
vt 0.980248 0.639839
vt 0.980603 0.639839
vt 0.980603 0.642796
vt 0.980248 0.485122
vt 0.980248 0.482165
vt 0.980603 0.482165
vt 0.980603 0.485122
vt 0.992455 0.267082
vt 0.992100 0.267082
vt 0.992100 0.266727
vt 0.992455 0.266727
vt 0.992100 0.456394
vt 0.992455 0.456394
vt 0.992455 0.456748
vt 0.992100 0.456748
vt 0.943156 0.555827
vt 0.943156 0.554584
vt 0.944508 0.554584
vt 0.944508 0.555827
vt 0.968519 0.904019
vt 0.968972 0.905110
vt 0.967880 0.904658
vt 0.968972 0.818547
vt 0.970064 0.818999
vt 0.969424 0.819639
vt 0.943156 0.556832
vt 0.943991 0.556832
vt 0.943156 0.553578
vt 0.943991 0.553578
vt 0.942321 0.314973
vt 0.941803 0.313968
vt 0.943155 0.313970
vt 0.943156 0.314973
vt 0.941803 0.312725
vt 0.943155 0.312727
vt 0.942321 0.311719
vt 0.943156 0.311719
vt 0.968519 0.819639
vt 0.967880 0.905563
vt 0.943992 0.311719
vt 0.944508 0.312725
vt 0.967880 0.818999
vt 0.944508 0.313968
vt 0.943992 0.314973
vt 0.968519 0.906203
vt 0.969424 0.906203
vt 0.941803 0.569263
vt 0.941803 0.568020
vt 0.943156 0.568019
vt 0.943156 0.569262
vt 0.967880 0.818094
vt 0.942319 0.567015
vt 0.943156 0.567014
vt 0.942319 0.570269
vt 0.943156 0.570268
vt 0.970064 0.905563
vt 0.944508 0.568020
vt 0.944508 0.569263
vt 0.968519 0.817455
vt 0.943991 0.567015
vt 0.943991 0.570269
vt 0.970064 0.904658
vt 0.941803 0.797681
vt 0.941803 0.796438
vt 0.943210 0.796438
vt 0.943210 0.797681
vt 0.969424 0.817455
vt 0.942259 0.795433
vt 0.943128 0.795433
vt 0.942259 0.798687
vt 0.943128 0.798687
vt 0.969424 0.904019
vt 0.944491 0.796438
vt 0.944491 0.797681
vt 0.970064 0.818094
vt 0.943920 0.795433
vt 0.943920 0.798686
vt 0.941803 0.555827
vt 0.941803 0.554584
vt 0.942319 0.553578
vt 0.942319 0.556832
vt 0.980248 0.931866
vt 0.980248 0.928909
vt 0.980600 0.928909
vt 0.980600 0.931866
vt 0.980248 0.498262
vt 0.980248 0.495304
vt 0.980603 0.495304
vt 0.980603 0.498262
vt 0.980248 0.774192
vt 0.980248 0.771234
vt 0.980603 0.771234
vt 0.980603 0.774192
vt 0.980248 0.511401
vt 0.980248 0.508444
vt 0.980603 0.508444
vt 0.980603 0.511401
vt 0.992100 0.277619
vt 0.992100 0.277264
vt 0.992455 0.277264
vt 0.992455 0.277619
vt 0.992455 0.224579
vt 0.992455 0.224934
vt 0.992100 0.224934
vt 0.992100 0.224579
vt 0.005091 0.979392
vt 0.006183 0.979845
vt 0.005091 0.980297
vt 0.968971 0.830913
vt 0.967880 0.831365
vt 0.967880 0.830461
vt 0.943156 0.581457
vt 0.943156 0.580451
vt 0.943991 0.580451
vt 0.944508 0.581457
vt 0.943156 0.582700
vt 0.944508 0.582700
vt 0.943156 0.583705
vt 0.943991 0.583705
vt 0.941803 0.326162
vt 0.942321 0.325156
vt 0.943156 0.325156
vt 0.943155 0.326163
vt 0.968519 0.829821
vt 0.005731 0.980937
vt 0.942321 0.328409
vt 0.941803 0.327405
vt 0.943155 0.327406
vt 0.943156 0.328410
vt 0.943992 0.325156
vt 0.944508 0.326162
vt 0.969424 0.829821
vt 0.944508 0.327405
vt 0.943992 0.328409
vt 0.006635 0.980937
vt 0.007275 0.980297
vt 0.941803 0.475208
vt 0.941803 0.473965
vt 0.943156 0.473965
vt 0.943156 0.475207
vt 0.970064 0.830461
vt 0.942319 0.472960
vt 0.943156 0.472960
vt 0.942319 0.476214
vt 0.943156 0.476214
vt 0.007275 0.979392
vt 0.944508 0.473965
vt 0.944508 0.475208
vt 0.970064 0.831365
vt 0.943991 0.472960
vt 0.943991 0.476214
vt 0.006635 0.978753
vt 0.941803 0.811117
vt 0.941803 0.809875
vt 0.943210 0.809875
vt 0.943210 0.811118
vt 0.969424 0.832005
vt 0.942259 0.808869
vt 0.943128 0.808869
vt 0.942259 0.812123
vt 0.943128 0.812123
vt 0.005731 0.978753
vt 0.944491 0.809874
vt 0.944491 0.811117
vt 0.968519 0.832005
vt 0.943920 0.808869
vt 0.943920 0.812123
vt 0.941803 0.582700
vt 0.941803 0.581457
vt 0.942319 0.580451
vt 0.942319 0.583705
vt 0.980248 0.945006
vt 0.980248 0.942048
vt 0.980600 0.942048
vt 0.980600 0.945006
vt 0.980248 0.419424
vt 0.980248 0.416467
vt 0.980603 0.416467
vt 0.980603 0.419424
vt 0.980248 0.655936
vt 0.980248 0.652978
vt 0.980603 0.652978
vt 0.980603 0.655936
vt 0.980248 0.432564
vt 0.980248 0.429606
vt 0.980603 0.429606
vt 0.980603 0.432564
vt 0.992455 0.288156
vt 0.992100 0.288156
vt 0.992100 0.287801
vt 0.992455 0.287801
vt 0.992455 0.298338
vt 0.992455 0.298693
vt 0.992100 0.298693
vt 0.992100 0.298338
vt 0.970064 0.842827
vt 0.968972 0.843279
vt 0.969424 0.842187
vt 0.968971 0.855646
vt 0.967880 0.856098
vt 0.967880 0.855193
vt 0.943156 0.527712
vt 0.943156 0.526706
vt 0.943991 0.526705
vt 0.944508 0.527711
vt 0.943156 0.528955
vt 0.944508 0.528954
vt 0.943156 0.529959
vt 0.943991 0.529959
vt 0.941803 0.339599
vt 0.942321 0.338592
vt 0.943156 0.338593
vt 0.943155 0.339600
vt 0.968519 0.854553
vt 0.968519 0.842187
vt 0.942321 0.341846
vt 0.941803 0.340842
vt 0.943155 0.340843
vt 0.943156 0.341847
vt 0.969424 0.854553
vt 0.944508 0.340842
vt 0.943992 0.341846
vt 0.943992 0.338592
vt 0.944508 0.339599
vt 0.967880 0.842827
vt 0.941803 0.594892
vt 0.942319 0.593887
vt 0.943156 0.593887
vt 0.943156 0.594892
vt 0.942319 0.597141
vt 0.941803 0.596135
vt 0.943156 0.596135
vt 0.943156 0.597141
vt 0.967880 0.843732
vt 0.970064 0.855193
vt 0.943991 0.593887
vt 0.944508 0.594892
vt 0.944508 0.596135
vt 0.943991 0.597141
vt 0.968519 0.844371
vt 0.970064 0.856098
vt 0.941803 0.877056
vt 0.942259 0.876050
vt 0.943128 0.876050
vt 0.943210 0.877056
vt 0.942259 0.879304
vt 0.941803 0.878299
vt 0.943210 0.878299
vt 0.943128 0.879304
vt 0.969424 0.844371
vt 0.969424 0.856738
vt 0.943920 0.876050
vt 0.944491 0.877056
vt 0.944491 0.878299
vt 0.943920 0.879304
vt 0.970064 0.843732
vt 0.968519 0.856738
vt 0.941803 0.527711
vt 0.942319 0.526705
vt 0.942319 0.529959
vt 0.941803 0.528954
vt 0.980248 0.958145
vt 0.980248 0.955188
vt 0.980600 0.955188
vt 0.980600 0.958145
vt 0.980248 0.458843
vt 0.980248 0.455886
vt 0.980603 0.455886
vt 0.980603 0.458843
vt 0.980248 0.787331
vt 0.980248 0.784374
vt 0.980603 0.784374
vt 0.980603 0.787331
vt 0.980248 0.603378
vt 0.980248 0.600420
vt 0.980603 0.600420
vt 0.980603 0.603378
vt 0.992455 0.351378
vt 0.992100 0.351378
vt 0.992100 0.351024
vt 0.992455 0.351024
vt 0.992100 0.361561
vt 0.992455 0.361561
vt 0.992455 0.361915
vt 0.992100 0.361915
vt 0.943156 0.610578
vt 0.943156 0.609573
vt 0.944508 0.609572
vt 0.943991 0.610577
vt 0.943156 0.608330
vt 0.943156 0.607324
vt 0.943991 0.607323
vt 0.944508 0.608329
vt 0.019641 0.979392
vt 0.018550 0.979845
vt 0.019002 0.978753
vt 0.030915 0.979845
vt 0.029824 0.980297
vt 0.029824 0.979393
vt 0.941803 0.354279
vt 0.941803 0.353036
vt 0.943155 0.353037
vt 0.943155 0.354280
vt 0.030463 0.978753
vt 0.018097 0.978753
vt 0.942321 0.355283
vt 0.943156 0.355284
vt 0.942321 0.352029
vt 0.943156 0.352030
vt 0.031368 0.978753
vt 0.944508 0.354279
vt 0.943992 0.355283
vt 0.943992 0.352029
vt 0.944508 0.353036
vt 0.017457 0.979392
vt 0.941803 0.621765
vt 0.942319 0.620760
vt 0.943156 0.620760
vt 0.943156 0.621765
vt 0.942319 0.624014
vt 0.941803 0.623008
vt 0.943156 0.623008
vt 0.943156 0.624014
vt 0.017457 0.980297
vt 0.032008 0.979393
vt 0.943991 0.620760
vt 0.944508 0.621765
vt 0.944508 0.623008
vt 0.943991 0.624014
vt 0.018097 0.980937
vt 0.032008 0.980297
vt 0.941803 0.890492
vt 0.942259 0.889486
vt 0.943128 0.889486
vt 0.943210 0.890492
vt 0.942259 0.892740
vt 0.941803 0.891735
vt 0.943210 0.891735
vt 0.943128 0.892740
vt 0.019002 0.980937
vt 0.031368 0.980937
vt 0.943920 0.889486
vt 0.944491 0.890492
vt 0.944491 0.891735
vt 0.943920 0.892740
vt 0.019641 0.980297
vt 0.030463 0.980937
vt 0.941803 0.608329
vt 0.942319 0.607323
vt 0.942319 0.610577
vt 0.941803 0.609572
vt 0.026161 0.994909
vt 0.026161 0.991951
vt 0.026513 0.991951
vt 0.026513 0.994909
vt 0.980248 0.524541
vt 0.980248 0.521583
vt 0.980603 0.521583
vt 0.980603 0.524541
vt 0.980248 0.669075
vt 0.980248 0.666118
vt 0.980603 0.666118
vt 0.980603 0.669075
vt 0.980248 0.537680
vt 0.980248 0.534723
vt 0.980603 0.534723
vt 0.980603 0.537680
vt 0.992455 0.393527
vt 0.992100 0.393527
vt 0.992100 0.393172
vt 0.992455 0.393172
vt 0.992100 0.403709
vt 0.992455 0.403709
vt 0.992455 0.404064
vt 0.992100 0.404064
vt 0.943156 0.489650
vt 0.943156 0.488645
vt 0.944508 0.488645
vt 0.943991 0.489650
vt 0.943156 0.487403
vt 0.943156 0.486396
vt 0.943991 0.486396
vt 0.944508 0.487402
vt 0.970064 0.867559
vt 0.968972 0.868012
vt 0.969424 0.866920
vt 0.968972 0.917478
vt 0.969424 0.918569
vt 0.968519 0.918569
vt 0.941803 0.367716
vt 0.941803 0.366473
vt 0.943155 0.366474
vt 0.943155 0.367717
vt 0.967880 0.917929
vt 0.968519 0.866920
vt 0.942321 0.368720
vt 0.943156 0.368721
vt 0.942321 0.365466
vt 0.943156 0.365467
vt 0.967880 0.867559
vt 0.943992 0.365466
vt 0.944508 0.366473
vt 0.967880 0.917025
vt 0.944508 0.367716
vt 0.943992 0.368720
vt 0.968519 0.916385
vt 0.941803 0.541147
vt 0.942319 0.540142
vt 0.943156 0.540142
vt 0.943156 0.541146
vt 0.942319 0.543396
vt 0.941803 0.542390
vt 0.943156 0.542389
vt 0.943156 0.543395
vt 0.967880 0.868464
vt 0.969424 0.916385
vt 0.943991 0.540142
vt 0.944508 0.541147
vt 0.944508 0.542390
vt 0.943991 0.543396
vt 0.968519 0.869104
vt 0.970064 0.917025
vt 0.941803 0.903928
vt 0.942259 0.902923
vt 0.943128 0.902923
vt 0.943210 0.903928
vt 0.942259 0.906176
vt 0.941803 0.905171
vt 0.943210 0.905171
vt 0.943128 0.906177
vt 0.969424 0.869104
vt 0.970064 0.917929
vt 0.943920 0.902922
vt 0.944491 0.903928
vt 0.944491 0.905171
vt 0.943920 0.906176
vt 0.970064 0.868464
vt 0.941803 0.487402
vt 0.942319 0.486396
vt 0.942319 0.489650
vt 0.941803 0.488645
vt 0.036695 0.994909
vt 0.036695 0.991951
vt 0.037048 0.991951
vt 0.037048 0.994909
vt 0.980248 0.616517
vt 0.980248 0.613560
vt 0.980603 0.613560
vt 0.980603 0.616517
vt 0.980248 0.800471
vt 0.980248 0.797513
vt 0.980603 0.797513
vt 0.980603 0.800471
vt 0.980248 0.471983
vt 0.980248 0.469025
vt 0.980603 0.469025
vt 0.980603 0.471983
vt 0.992455 0.372452
vt 0.992100 0.372452
vt 0.992100 0.372098
vt 0.992455 0.372098
vt 0.992100 0.308876
vt 0.992455 0.308876
vt 0.992455 0.309230
vt 0.992100 0.309230
vt 0.943156 0.502082
vt 0.943156 0.500839
vt 0.944508 0.500838
vt 0.944508 0.502081
vt 0.042190 0.979393
vt 0.043282 0.979845
vt 0.042190 0.980297
vt 0.968971 0.929844
vt 0.967880 0.930296
vt 0.967880 0.929391
vt 0.943156 0.503087
vt 0.943991 0.503086
vt 0.943156 0.499833
vt 0.943991 0.499832
vt 0.942321 0.382157
vt 0.941803 0.381152
vt 0.943155 0.381154
vt 0.943156 0.382158
vt 0.941803 0.379909
vt 0.942321 0.378903
vt 0.943156 0.378904
vt 0.943155 0.379911
vt 0.968519 0.928751
vt 0.042830 0.980937
vt 0.944508 0.379909
vt 0.944508 0.381152
vt 0.043734 0.980937
vt 0.943992 0.378903
vt 0.969424 0.928751
vt 0.943992 0.382157
vt 0.044374 0.980297
vt 0.941803 0.515517
vt 0.941803 0.514274
vt 0.943156 0.514274
vt 0.943156 0.515517
vt 0.970064 0.929391
vt 0.942319 0.513269
vt 0.943156 0.513269
vt 0.942319 0.516523
vt 0.943156 0.516523
vt 0.044374 0.979393
vt 0.944508 0.514274
vt 0.944508 0.515517
vt 0.970064 0.930296
vt 0.943991 0.513269
vt 0.943991 0.516523
vt 0.043734 0.978753
vt 0.941803 0.824554
vt 0.941803 0.823311
vt 0.943210 0.823311
vt 0.943210 0.824554
vt 0.969424 0.930935
vt 0.942259 0.822305
vt 0.943128 0.822305
vt 0.942259 0.825559
vt 0.943128 0.825559
vt 0.042830 0.978753
vt 0.944491 0.823311
vt 0.944491 0.824554
vt 0.968519 0.930935
vt 0.943920 0.822305
vt 0.943920 0.825559
vt 0.941803 0.502081
vt 0.941803 0.500838
vt 0.942319 0.499832
vt 0.942319 0.503086
vt 0.980248 0.971285
vt 0.980248 0.968327
vt 0.980600 0.968327
vt 0.980600 0.971285
vt 0.980248 0.393145
vt 0.980248 0.390188
vt 0.980603 0.390188
vt 0.980603 0.393145
vt 0.980248 0.813610
vt 0.980248 0.810653
vt 0.980603 0.810653
vt 0.980603 0.813610
vt 0.980248 0.445703
vt 0.980248 0.442746
vt 0.980603 0.442746
vt 0.980603 0.445703
vt 0.992455 0.235471
vt 0.992100 0.235471
vt 0.992100 0.235116
vt 0.992455 0.235116
vt 0.992455 0.256190
vt 0.992455 0.256545
vt 0.992100 0.256545
vt 0.992100 0.256190
vt 0.943156 0.635203
vt 0.943156 0.634197
vt 0.943991 0.634196
vt 0.944508 0.635202
vt 0.943156 0.636446
vt 0.944508 0.636445
vt 0.943156 0.637450
vt 0.943991 0.637450
vt 0.968519 0.941117
vt 0.968972 0.942209
vt 0.967880 0.941757
vt 0.055649 0.979845
vt 0.056740 0.980297
vt 0.056101 0.980937
vt 0.055196 0.980937
vt 0.967880 0.942662
vt 0.942321 0.395594
vt 0.941803 0.394589
vt 0.943155 0.394591
vt 0.943156 0.395594
vt 0.941803 0.393346
vt 0.943155 0.393348
vt 0.942321 0.392340
vt 0.943156 0.392340
vt 0.943992 0.392340
vt 0.944508 0.393346
vt 0.944508 0.394589
vt 0.054556 0.980297
vt 0.943992 0.395594
vt 0.968519 0.943302
vt 0.969424 0.943302
vt 0.941803 0.649881
vt 0.941803 0.648638
vt 0.943156 0.648637
vt 0.943156 0.649880
vt 0.054556 0.979393
vt 0.942319 0.647633
vt 0.943156 0.647633
vt 0.942319 0.650887
vt 0.943156 0.650886
vt 0.970064 0.942662
vt 0.944508 0.648638
vt 0.944508 0.649881
vt 0.055196 0.978753
vt 0.943991 0.647633
vt 0.943991 0.650887
vt 0.970064 0.941757
vt 0.941803 0.837990
vt 0.941803 0.836747
vt 0.943210 0.836747
vt 0.943210 0.837990
vt 0.056101 0.978753
vt 0.942259 0.835741
vt 0.943128 0.835741
vt 0.942259 0.838995
vt 0.943128 0.838995
vt 0.969424 0.941117
vt 0.944491 0.836747
vt 0.944491 0.837990
vt 0.056740 0.979392
vt 0.943920 0.835741
vt 0.943920 0.838995
vt 0.941803 0.636445
vt 0.941803 0.635202
vt 0.942319 0.634196
vt 0.942319 0.637450
vt 0.005091 0.994909
vt 0.005091 0.991952
vt 0.005444 0.991952
vt 0.005444 0.994909
vt 0.980248 0.550820
vt 0.980248 0.547862
vt 0.980603 0.547862
vt 0.980603 0.550820
vt 0.980248 0.682215
vt 0.980248 0.679258
vt 0.980603 0.679258
vt 0.980603 0.682215
vt 0.980248 0.563959
vt 0.980248 0.561002
vt 0.980603 0.561002
vt 0.980603 0.563959
vt 0.992100 0.319767
vt 0.992100 0.319413
vt 0.992455 0.319413
vt 0.992455 0.319767
vt 0.992455 0.245653
vt 0.992455 0.246008
vt 0.992100 0.246008
vt 0.992100 0.245653
vt 0.079928 0.978753
vt 0.080381 0.979844
vt 0.079289 0.979392
vt 0.968971 0.954576
vt 0.967880 0.955028
vt 0.967880 0.954123
vt 0.943156 0.688948
vt 0.943156 0.687942
vt 0.943991 0.687942
vt 0.944508 0.688948
vt 0.943156 0.690191
vt 0.944508 0.690191
vt 0.943156 0.691196
vt 0.943991 0.691196
vt 0.941803 0.406783
vt 0.942321 0.405777
vt 0.943156 0.405777
vt 0.943155 0.406784
vt 0.968519 0.953484
vt 0.079289 0.980297
vt 0.942321 0.409030
vt 0.941803 0.408026
vt 0.943155 0.408027
vt 0.943156 0.409031
vt 0.079928 0.980937
vt 0.943992 0.405777
vt 0.944508 0.406783
vt 0.944508 0.408026
vt 0.969424 0.953484
vt 0.943992 0.409030
vt 0.942319 0.704632
vt 0.941803 0.703626
vt 0.943156 0.703626
vt 0.943156 0.704632
vt 0.080833 0.980937
vt 0.941803 0.702383
vt 0.943156 0.702383
vt 0.970064 0.954123
vt 0.942319 0.701378
vt 0.943156 0.701378
vt 0.944508 0.703626
vt 0.943991 0.704632
vt 0.081473 0.980297
vt 0.944508 0.702383
vt 0.970064 0.955028
vt 0.943991 0.701378
vt 0.942259 0.919613
vt 0.941803 0.918607
vt 0.943210 0.918608
vt 0.943128 0.919613
vt 0.081473 0.979392
vt 0.941803 0.917364
vt 0.943210 0.917365
vt 0.969424 0.955668
vt 0.942259 0.916359
vt 0.943128 0.916359
vt 0.944491 0.918607
vt 0.943920 0.919613
vt 0.080833 0.978753
vt 0.944491 0.917364
vt 0.968519 0.955668
vt 0.943920 0.916359
vt 0.942319 0.691196
vt 0.941803 0.690191
vt 0.941803 0.688948
vt 0.942319 0.687942
vt 0.068300 0.994909
vt 0.068300 0.991952
vt 0.068653 0.991952
vt 0.068653 0.994909
vt 0.980248 0.577099
vt 0.980248 0.574141
vt 0.980603 0.574141
vt 0.980603 0.577099
vt 0.980248 0.826750
vt 0.980248 0.823792
vt 0.980603 0.823792
vt 0.980603 0.826750
vt 0.980248 0.590238
vt 0.980248 0.587281
vt 0.980603 0.587281
vt 0.980603 0.590238
vt 0.992100 0.330304
vt 0.992100 0.329950
vt 0.992455 0.329950
vt 0.992455 0.330304
vt 0.992100 0.340487
vt 0.992455 0.340487
vt 0.992455 0.340841
vt 0.992100 0.340841
vt 0.943156 0.718069
vt 0.943156 0.717064
vt 0.944508 0.717063
vt 0.943991 0.718068
vt 0.970064 0.768629
vt 0.968972 0.769081
vt 0.969424 0.767989
vt 0.968972 0.966943
vt 0.969424 0.968034
vt 0.968519 0.968034
vt 0.943156 0.715821
vt 0.943156 0.714815
vt 0.943991 0.714814
vt 0.944508 0.715820
vt 0.941803 0.421463
vt 0.941803 0.420220
vt 0.943155 0.420221
vt 0.943155 0.421464
vt 0.942321 0.419213
vt 0.943156 0.419214
vt 0.967880 0.967394
vt 0.968519 0.767989
vt 0.942321 0.422467
vt 0.943156 0.422468
vt 0.967880 0.966490
vt 0.944508 0.421463
vt 0.943992 0.422467
vt 0.967880 0.768629
vt 0.943992 0.419213
vt 0.944508 0.420220
vt 0.941803 0.729256
vt 0.942319 0.728251
vt 0.943156 0.728251
vt 0.943156 0.729256
vt 0.942319 0.731505
vt 0.941803 0.730499
vt 0.943156 0.730499
vt 0.943156 0.731505
vt 0.967880 0.769534
vt 0.968519 0.965850
vt 0.943991 0.728251
vt 0.944508 0.729256
vt 0.944508 0.730499
vt 0.943991 0.731505
vt 0.968519 0.770174
vt 0.969424 0.965850
vt 0.941803 0.930801
vt 0.942259 0.929795
vt 0.943128 0.929795
vt 0.943210 0.930801
vt 0.942259 0.933049
vt 0.941803 0.932044
vt 0.943210 0.932044
vt 0.943128 0.933049
vt 0.969424 0.770174
vt 0.970064 0.966490
vt 0.943920 0.929795
vt 0.944491 0.930801
vt 0.944491 0.932043
vt 0.943920 0.933049
vt 0.970064 0.769534
vt 0.970064 0.967394
vt 0.941803 0.715820
vt 0.942319 0.714814
vt 0.942319 0.718068
vt 0.941803 0.717063
vt 0.047230 0.994909
vt 0.047230 0.991952
vt 0.047583 0.991951
vt 0.047583 0.994909
vt 0.980248 0.734773
vt 0.980248 0.731816
vt 0.980603 0.731816
vt 0.980603 0.734773
vt 0.980248 0.695354
vt 0.980248 0.692397
vt 0.980603 0.692397
vt 0.980603 0.695354
vt 0.980248 0.747913
vt 0.980248 0.744955
vt 0.980603 0.744955
vt 0.980603 0.747913
vt 0.992455 0.467285
vt 0.992100 0.467285
vt 0.992100 0.466931
vt 0.992455 0.466931
vt 0.992100 0.477468
vt 0.992455 0.477468
vt 0.992455 0.477822
vt 0.992100 0.477822
vt 0.943155 0.771814
vt 0.943156 0.770809
vt 0.944508 0.770809
vt 0.943991 0.771814
vt 0.943156 0.769566
vt 0.943155 0.768560
vt 0.943991 0.768560
vt 0.944508 0.769566
vt 0.968519 0.743257
vt 0.968971 0.744349
vt 0.967880 0.743897
vt 0.968972 0.781448
vt 0.969424 0.782540
vt 0.968520 0.782540
vt 0.941803 0.434900
vt 0.941803 0.433657
vt 0.943155 0.433658
vt 0.943155 0.434901
vt 0.967880 0.781900
vt 0.967880 0.744801
vt 0.942321 0.435904
vt 0.943156 0.435905
vt 0.942321 0.432650
vt 0.943156 0.432651
vt 0.968519 0.745441
vt 0.967880 0.780995
vt 0.944508 0.434900
vt 0.943992 0.435904
vt 0.943992 0.432650
vt 0.944508 0.433657
vt 0.941803 0.783002
vt 0.942319 0.781996
vt 0.943156 0.781996
vt 0.943156 0.783001
vt 0.942319 0.785250
vt 0.941803 0.784244
vt 0.943156 0.784244
vt 0.943156 0.785250
vt 0.969424 0.745441
vt 0.968520 0.780356
vt 0.943991 0.781996
vt 0.944508 0.783002
vt 0.944508 0.784244
vt 0.943991 0.785250
vt 0.970064 0.744801
vt 0.969424 0.780356
vt 0.005091 0.950846
vt 0.005547 0.949841
vt 0.006416 0.949841
vt 0.006497 0.950847
vt 0.005547 0.953095
vt 0.005091 0.952089
vt 0.006497 0.952089
vt 0.006416 0.953095
vt 0.970064 0.743897
vt 0.970064 0.780995
vt 0.007208 0.949841
vt 0.007779 0.950846
vt 0.007779 0.952089
vt 0.007208 0.953095
vt 0.969424 0.743257
vt 0.970064 0.781900
vt 0.941803 0.769566
vt 0.942319 0.768560
vt 0.942319 0.771814
vt 0.941803 0.770809
vt 0.057765 0.994909
vt 0.057765 0.991951
vt 0.058118 0.991951
vt 0.058118 0.994909
vt 0.980248 0.879308
vt 0.980248 0.876350
vt 0.980603 0.876350
vt 0.980603 0.879308
vt 0.980248 0.839889
vt 0.980248 0.836932
vt 0.980603 0.836932
vt 0.980603 0.839889
vt 0.980248 0.892447
vt 0.980248 0.889490
vt 0.980603 0.889490
vt 0.980603 0.892447
vt 0.992455 0.414600
vt 0.992100 0.414600
vt 0.992100 0.414246
vt 0.992455 0.414246
vt 0.992100 0.488005
vt 0.992455 0.488005
vt 0.992455 0.488359
vt 0.992100 0.488359
vt 0.078039 0.796466
vt 0.075348 0.800591
vt 0.075347 0.795834
vt 0.322299 0.635853
vt 0.322303 0.631440
vt 0.326805 0.631438
vt 0.324899 0.635852
vt 0.322304 0.625408
vt 0.327503 0.625406
vt 0.322303 0.619374
vt 0.322299 0.614954
vt 0.324899 0.614953
vt 0.326806 0.619372
vt 0.515848 0.803699
vt 0.513157 0.807823
vt 0.511493 0.805614
vt 0.530020 0.303993
vt 0.528951 0.297962
vt 0.533872 0.297969
vt 0.534282 0.303999
vt 0.532941 0.308405
vt 0.535402 0.308409
vt 0.072655 0.797019
vt 0.530020 0.291927
vt 0.534282 0.291933
vt 0.511493 0.802673
vt 0.532941 0.287506
vt 0.535402 0.287510
vt 0.539556 0.303999
vt 0.538447 0.308409
vt 0.513157 0.800122
vt 0.539556 0.291933
vt 0.539962 0.297969
vt 0.070991 0.799569
vt 0.538447 0.287510
vt 0.540913 0.287506
vt 0.543828 0.291927
vt 0.544895 0.297962
vt 0.543828 0.303993
vt 0.515849 0.798937
vt 0.070991 0.802510
vt 0.540913 0.308405
vt 0.634604 0.296302
vt 0.636505 0.291888
vt 0.639107 0.291887
vt 0.639110 0.296301
vt 0.634604 0.308368
vt 0.633908 0.302334
vt 0.639111 0.302333
vt 0.639110 0.308367
vt 0.518542 0.799570
vt 0.072655 0.804719
vt 0.636505 0.312788
vt 0.639107 0.312787
vt 0.641706 0.291888
vt 0.643613 0.296302
vt 0.644311 0.302334
vt 0.643613 0.308368
vt 0.520205 0.801779
vt 0.075347 0.805352
vt 0.641706 0.312788
vt 0.556060 0.303989
vt 0.555077 0.297957
vt 0.560331 0.297958
vt 0.560611 0.303990
vt 0.520205 0.804721
vt 0.078039 0.804167
vt 0.556061 0.291923
vt 0.560611 0.291924
vt 0.558748 0.308405
vt 0.561375 0.308406
vt 0.558749 0.287506
vt 0.561376 0.287507
vt 0.518542 0.807271
vt 0.079703 0.801617
vt 0.565853 0.291924
vt 0.566384 0.297958
vt 0.565852 0.303990
vt 0.564401 0.308406
vt 0.564402 0.287507
vt 0.079703 0.798675
vt 0.569783 0.291923
vt 0.570922 0.297957
vt 0.569783 0.303989
vt 0.566671 0.308405
vt 0.566671 0.287506
vt 0.515849 0.808456
vt 0.317101 0.625406
vt 0.317797 0.619372
vt 0.319698 0.635852
vt 0.317797 0.631438
vt 0.319698 0.614953
vt 0.630366 0.473932
vt 0.628201 0.475730
vt 0.627407 0.473931
vt 0.470653 0.770281
vt 0.470652 0.766258
vt 0.473927 0.766257
vt 0.474435 0.770280
vt 0.612098 0.474261
vt 0.614263 0.476058
vt 0.611303 0.476059
vt 0.470651 0.777245
vt 0.470652 0.774302
vt 0.473927 0.774301
vt 0.472541 0.777244
vt 0.470651 0.763312
vt 0.472541 0.763311
vt 0.705486 0.427669
vt 0.704875 0.423648
vt 0.707687 0.423653
vt 0.707921 0.427673
vt 0.627743 0.472133
vt 0.705486 0.419624
vt 0.707156 0.416677
vt 0.708562 0.416680
vt 0.707921 0.419629
vt 0.707156 0.430610
vt 0.708562 0.430612
vt 0.611640 0.477858
vt 0.612979 0.478969
vt 0.710935 0.427673
vt 0.710302 0.430612
vt 0.711167 0.423653
vt 0.710302 0.416680
vt 0.710935 0.419629
vt 0.629082 0.471021
vt 0.713377 0.427669
vt 0.711712 0.430610
vt 0.713986 0.423648
vt 0.614808 0.478969
vt 0.713377 0.419624
vt 0.630912 0.471021
vt 0.711712 0.416677
vt 0.202979 0.776851
vt 0.201596 0.773905
vt 0.204872 0.773904
vt 0.204871 0.776850
vt 0.632533 0.472133
vt 0.616430 0.477858
vt 0.201596 0.765861
vt 0.202979 0.762918
vt 0.204870 0.762917
vt 0.204872 0.765860
vt 0.201089 0.769882
vt 0.204873 0.769881
vt 0.617225 0.476059
vt 0.208147 0.765861
vt 0.208655 0.769882
vt 0.208147 0.773905
vt 0.206761 0.776851
vt 0.633328 0.473931
vt 0.206761 0.762918
vt 0.049579 0.744152
vt 0.050129 0.740130
vt 0.052777 0.740130
vt 0.052637 0.744152
vt 0.051633 0.751118
vt 0.050129 0.748174
vt 0.052778 0.748174
vt 0.053162 0.751118
vt 0.632992 0.475730
vt 0.051631 0.737185
vt 0.053161 0.737185
vt 0.616888 0.474261
vt 0.055773 0.748174
vt 0.054891 0.751118
vt 0.631653 0.476841
vt 0.054890 0.737185
vt 0.055773 0.740130
vt 0.056096 0.744152
vt 0.615550 0.473149
vt 0.629823 0.476841
vt 0.616493 0.471021
vt 0.613720 0.473149
vt 0.613324 0.471021
vt 0.058633 0.744151
vt 0.057971 0.748173
vt 0.057970 0.740129
vt 0.632598 0.478968
vt 0.629429 0.478968
vt 0.467376 0.766257
vt 0.468759 0.763311
vt 0.467376 0.774301
vt 0.466870 0.770280
vt 0.468759 0.777244
vt 0.684745 0.804633
vt 0.684744 0.801515
vt 0.687917 0.801514
vt 0.688408 0.804631
vt 0.616019 0.220253
vt 0.612903 0.220253
vt 0.615424 0.218421
vt 0.684742 0.810029
vt 0.684744 0.807749
vt 0.687917 0.807748
vt 0.686574 0.810028
vt 0.684742 0.799231
vt 0.686574 0.799230
vt 0.740834 0.534494
vt 0.737719 0.534494
vt 0.738314 0.532662
vt 0.739873 0.531530
vt 0.617267 0.217079
vt 0.613866 0.217288
vt 0.614568 0.215118
vt 0.494353 0.778436
vt 0.491388 0.777263
vt 0.493126 0.774680
vt 0.495858 0.776199
vt 0.489175 0.774965
vt 0.490680 0.772728
vt 0.736472 0.531321
vt 0.739172 0.529359
vt 0.498144 0.776878
vt 0.497716 0.773427
vt 0.499217 0.775278
vt 0.495271 0.771480
vt 0.489175 0.770866
vt 0.490247 0.769266
vt 0.492538 0.769956
vt 0.741799 0.531530
vt 0.611939 0.217288
vt 0.743358 0.532662
vt 0.494039 0.767709
vt 0.497005 0.768884
vt 0.742509 0.529359
vt 0.745208 0.531321
vt 0.610381 0.218421
vt 0.611231 0.215118
vt 0.608532 0.217079
vt 0.499217 0.771180
vt 0.746239 0.534494
vt 0.743953 0.534494
vt 0.104917 0.871465
vt 0.108034 0.871955
vt 0.108035 0.875129
vt 0.104918 0.875130
vt 0.609785 0.220253
vt 0.101800 0.871955
vt 0.101801 0.875129
vt 0.607501 0.220253
vt 0.745208 0.537668
vt 0.743358 0.536326
vt 0.610381 0.222085
vt 0.608532 0.223426
vt 0.104917 0.878793
vt 0.101800 0.878302
vt 0.108034 0.878302
vt 0.611939 0.223217
vt 0.611231 0.225388
vt 0.739345 0.771911
vt 0.741578 0.769649
vt 0.743459 0.772421
vt 0.740975 0.774311
vt 0.741799 0.537459
vt 0.744503 0.768408
vt 0.746132 0.770809
vt 0.742509 0.539629
vt 0.745610 0.775589
vt 0.742838 0.777054
vt 0.739873 0.537459
vt 0.613866 0.223217
vt 0.747995 0.773552
vt 0.739345 0.775972
vt 0.740421 0.777556
vt 0.748278 0.769906
vt 0.749354 0.771490
vt 0.738314 0.536326
vt 0.615424 0.222085
vt 0.749380 0.775590
vt 0.747209 0.777942
vt 0.739172 0.539629
vt 0.736472 0.537668
vt 0.614568 0.225388
vt 0.617267 0.223426
vt 0.744223 0.779092
vt 0.681079 0.804631
vt 0.681570 0.801514
vt 0.682909 0.810028
vt 0.681570 0.807748
vt 0.682909 0.799230
vt 0.271597 0.915394
vt 0.276649 0.915394
vt 0.276542 0.918172
vt 0.271502 0.917877
vt 0.704635 0.592382
vt 0.709662 0.592228
vt 0.709662 0.595149
vt 0.704635 0.594993
vt 0.689218 0.204016
vt 0.686916 0.225327
vt 0.686503 0.225299
vt 0.686503 0.203830
vt 0.922087 0.939538
vt 0.922940 0.934646
vt 0.923296 0.934628
vt 0.923296 0.939479
vt 0.669949 0.979736
vt 0.669543 0.978753
vt 0.670357 0.978753
vt 0.654493 0.313008
vt 0.657661 0.291887
vt 0.658013 0.291888
vt 0.656809 0.313011
vt 0.644671 0.980143
vt 0.645654 0.979735
vt 0.645247 0.980718
vt 0.878712 0.952769
vt 0.878246 0.951865
vt 0.879462 0.951866
vt 0.879463 0.952770
vt 0.658448 0.291888
vt 0.659667 0.313011
vt 0.271502 0.912912
vt 0.276542 0.912616
vt 0.704638 0.590268
vt 0.709665 0.589862
vt 0.658799 0.291887
vt 0.661977 0.313008
vt 0.668967 0.979329
vt 0.668967 0.980143
vt 0.122855 0.734406
vt 0.125160 0.713811
vt 0.125574 0.713795
vt 0.125574 0.734302
vt 0.917313 0.951865
vt 0.917313 0.950747
vt 0.918530 0.950746
vt 0.918530 0.951865
vt 0.992370 0.061039
vt 0.992753 0.061041
vt 0.993023 0.061314
vt 0.993023 0.061699
vt 0.992753 0.061969
vt 0.992370 0.061967
vt 0.992100 0.061694
vt 0.992100 0.061310
vt 0.125988 0.713811
vt 0.128293 0.734406
vt 0.709665 0.597508
vt 0.704638 0.597101
vt 0.320781 0.915394
vt 0.315851 0.915394
vt 0.315742 0.912616
vt 0.320683 0.912912
vt 0.130257 0.540560
vt 0.123981 0.561099
vt 0.123634 0.561019
vt 0.127975 0.540031
vt 0.909487 0.939658
vt 0.910339 0.934629
vt 0.910695 0.934629
vt 0.910697 0.939659
vt 0.911050 0.934629
vt 0.911905 0.939658
vt 0.123204 0.560955
vt 0.125148 0.539609
vt 0.564642 0.992085
vt 0.565056 0.991952
vt 0.565470 0.992085
vt 0.565725 0.992434
vt 0.565725 0.992866
vt 0.565470 0.993216
vt 0.565056 0.993349
vt 0.564642 0.993215
vt 0.564386 0.992866
vt 0.564386 0.992434
vt 0.927905 0.189104
vt 0.928755 0.184012
vt 0.929112 0.184029
vt 0.929120 0.189159
vt 0.122855 0.560931
vt 0.122855 0.539454
vt 0.879462 0.950748
vt 0.880680 0.950747
vt 0.880680 0.951865
vt 0.923651 0.934646
vt 0.924504 0.939538
vt 0.691909 0.204414
vt 0.687326 0.225388
vt 0.748255 0.590890
vt 0.749931 0.593203
vt 0.749931 0.596048
vt 0.748255 0.598338
vt 0.745543 0.599198
vt 0.742831 0.598300
vt 0.741155 0.595987
vt 0.741155 0.593142
vt 0.742831 0.590852
vt 0.745543 0.589992
vt 0.929114 0.140880
vt 0.929114 0.146016
vt 0.928758 0.146034
vt 0.927905 0.140940
vt 0.665910 0.884903
vt 0.660946 0.885298
vt 0.661136 0.882913
vt 0.666080 0.882771
vt 0.917312 0.949841
vt 0.918064 0.949841
vt 0.878246 0.950747
vt 0.878712 0.949841
vt 0.879463 0.949841
vt 0.661136 0.879993
vt 0.666080 0.880161
vt 0.781062 0.138831
vt 0.781062 0.135932
vt 0.782779 0.133586
vt 0.785557 0.132691
vt 0.788335 0.133587
vt 0.790052 0.135933
vt 0.790052 0.138832
vt 0.788335 0.141178
vt 0.785557 0.142074
vt 0.782779 0.141177
vt 0.646061 0.980718
vt 0.660946 0.877652
vt 0.665910 0.878070
vt 0.917312 0.952769
vt 0.918064 0.952769
vt 0.880216 0.949841
vt 0.320683 0.917877
vt 0.315742 0.918172
vt 0.784760 0.476486
vt 0.784760 0.473889
vt 0.786291 0.471798
vt 0.788767 0.471012
vt 0.791243 0.471832
vt 0.792773 0.473944
vt 0.792773 0.476542
vt 0.791243 0.478632
vt 0.788767 0.479418
vt 0.786291 0.478598
vt 0.644671 0.979329
vt 0.929466 0.184012
vt 0.930323 0.189104
vt 0.880216 0.952769
vt 0.930323 0.140940
vt 0.929469 0.146034
vt 0.944023 0.230602
vt 0.944942 0.231521
vt 0.944942 0.232828
vt 0.944023 0.233757
vt 0.942723 0.233764
vt 0.941803 0.232844
vt 0.941803 0.231537
vt 0.942723 0.230609
vt 0.928712 0.950745
vt 0.929176 0.949841
vt 0.929929 0.949841
vt 0.929929 0.950745
vt 0.670933 0.979329
vt 0.929176 0.952769
vt 0.928712 0.951864
vt 0.929929 0.951864
vt 0.929929 0.952769
vt 0.646637 0.980143
vt 0.930681 0.949841
vt 0.931146 0.950745
vt 0.670933 0.980143
vt 0.931146 0.951864
vt 0.930681 0.952769
vt 0.646637 0.979329
vt 0.955124 0.018956
vt 0.955534 0.018051
vt 0.956317 0.018051
vt 0.956390 0.018956
vt 0.670357 0.980719
vt 0.955534 0.020980
vt 0.955124 0.020075
vt 0.956390 0.020075
vt 0.956317 0.020980
vt 0.646061 0.978753
vt 0.957030 0.018051
vt 0.957543 0.018956
vt 0.669543 0.980719
vt 0.957543 0.020075
vt 0.957030 0.020980
vt 0.645247 0.978753
vt 0.916095 0.950746
vt 0.916560 0.949841
vt 0.916560 0.952769
vt 0.916095 0.951865
vt 0.780745 0.992627
vt 0.781330 0.992965
vt 0.780745 0.993302
vt 0.541996 0.992778
vt 0.541320 0.992779
vt 0.541320 0.992194
vt 0.541995 0.991951
vt 0.542671 0.992779
vt 0.542671 0.992194
vt 0.758041 0.991952
vt 0.758041 0.992627
vt 0.757456 0.992289
vt 0.757456 0.992965
vt 0.825043 0.993302
vt 0.824903 0.992628
vt 0.825858 0.992628
vt 0.825719 0.993302
vt 0.825043 0.991951
vt 0.825719 0.991951
vt 0.780160 0.992965
vt 0.518253 0.992194
vt 0.518929 0.991951
vt 0.518929 0.992779
vt 0.518253 0.992779
vt 0.758041 0.993302
vt 0.519604 0.992194
vt 0.519604 0.992779
vt 0.780160 0.992289
vt 0.518929 0.993606
vt 0.518253 0.993364
vt 0.758626 0.992965
vt 0.780745 0.991951
vt 0.519604 0.993364
vt 0.847290 0.993302
vt 0.847178 0.992627
vt 0.848127 0.992627
vt 0.847961 0.993302
vt 0.758626 0.992289
vt 0.847290 0.991952
vt 0.847961 0.991952
vt 0.781330 0.992289
vt 0.542671 0.993364
vt 0.541995 0.993606
vt 0.541320 0.993364
vt 0.372904 0.882061
vt 0.372903 0.879740
vt 0.373505 0.879740
vt 0.373948 0.882060
vt 0.372904 0.888395
vt 0.372905 0.885229
vt 0.374110 0.885228
vt 0.373948 0.888395
vt 0.942779 0.098016
vt 0.942779 0.100579
vt 0.942176 0.100089
vt 0.942779 0.064830
vt 0.942779 0.067393
vt 0.942176 0.065320
vt 0.372903 0.890712
vt 0.373505 0.890712
vt 0.773241 0.535005
vt 0.772685 0.531838
vt 0.775248 0.531840
vt 0.775461 0.535007
vt 0.773241 0.528670
vt 0.774761 0.526351
vt 0.776042 0.526352
vt 0.775461 0.528672
vt 0.941803 0.066602
vt 0.774761 0.537323
vt 0.776042 0.537324
vt 0.941803 0.098807
vt 0.941803 0.097222
vt 0.778206 0.528672
vt 0.778418 0.531840
vt 0.777627 0.526352
vt 0.778206 0.535007
vt 0.941803 0.068187
vt 0.777627 0.537324
vt 0.778909 0.526351
vt 0.780427 0.528670
vt 0.780983 0.531838
vt 0.780427 0.535005
vt 0.942176 0.095940
vt 0.942176 0.069469
vt 0.778910 0.537323
vt 0.891318 0.352328
vt 0.891758 0.350011
vt 0.892361 0.350010
vt 0.892363 0.352327
vt 0.891318 0.358663
vt 0.891157 0.355495
vt 0.892364 0.355494
vt 0.892363 0.358662
vt 0.942779 0.095451
vt 0.942779 0.069958
vt 0.891758 0.360983
vt 0.892361 0.360982
vt 0.892964 0.350011
vt 0.893407 0.352328
vt 0.893569 0.355495
vt 0.893407 0.358663
vt 0.943382 0.095940
vt 0.943382 0.069469
vt 0.892964 0.360983
vt 0.439922 0.791332
vt 0.439388 0.788164
vt 0.442019 0.788165
vt 0.442201 0.791332
vt 0.943754 0.097222
vt 0.943754 0.068187
vt 0.439922 0.784997
vt 0.442201 0.784997
vt 0.441382 0.793650
vt 0.442698 0.793650
vt 0.441382 0.782678
vt 0.442698 0.782678
vt 0.943754 0.098807
vt 0.943754 0.066602
vt 0.444929 0.784997
vt 0.445169 0.788165
vt 0.444928 0.791332
vt 0.444272 0.793650
vt 0.444273 0.782678
vt 0.943382 0.065320
vt 0.447064 0.784997
vt 0.447634 0.788164
vt 0.447063 0.791332
vt 0.445505 0.793650
vt 0.445505 0.782678
vt 0.943382 0.100089
vt 0.371698 0.885228
vt 0.371859 0.882060
vt 0.372299 0.890712
vt 0.371859 0.888395
vt 0.372299 0.879740
vt 0.891328 0.952769
vt 0.890862 0.951865
vt 0.892079 0.951866
vt 0.892080 0.952770
vt 0.904696 0.951865
vt 0.904696 0.950746
vt 0.905913 0.950746
vt 0.905913 0.951865
vt 0.585801 0.921164
vt 0.585801 0.912617
vt 0.586758 0.912616
vt 0.586758 0.921163
vt 0.904696 0.949841
vt 0.905448 0.949841
vt 0.657395 0.980719
vt 0.657802 0.979736
vt 0.658209 0.980719
vt 0.913336 0.710056
vt 0.913336 0.701510
vt 0.914442 0.701510
vt 0.914442 0.710056
vt 0.682097 0.979736
vt 0.681115 0.980143
vt 0.681115 0.979329
vt 0.161335 0.964297
vt 0.161335 0.967313
vt 0.160290 0.967314
vt 0.160290 0.964298
vt 0.596940 0.921164
vt 0.596940 0.912617
vt 0.597899 0.912616
vt 0.597899 0.921163
vt 0.890862 0.950747
vt 0.891328 0.949841
vt 0.892080 0.949841
vt 0.892079 0.950748
vt 0.656819 0.979329
vt 0.656819 0.980143
vt 0.598856 0.912617
vt 0.598856 0.921164
vt 0.573352 0.978753
vt 0.574310 0.979306
vt 0.574310 0.980412
vt 0.573352 0.980965
vt 0.572395 0.980412
vt 0.572395 0.979306
vt 0.681691 0.978753
vt 0.913335 0.747515
vt 0.913335 0.738968
vt 0.914435 0.738968
vt 0.914435 0.747515
vt 0.123474 0.967314
vt 0.123474 0.964297
vt 0.124519 0.964298
vt 0.124519 0.967315
vt 0.528046 0.978753
vt 0.528046 0.981769
vt 0.526839 0.981769
vt 0.526839 0.978753
vt 0.584842 0.921163
vt 0.584842 0.912616
vt 0.597548 0.980965
vt 0.596590 0.980412
vt 0.596590 0.979306
vt 0.597548 0.978753
vt 0.598506 0.979306
vt 0.598506 0.980412
vt 0.125564 0.964297
vt 0.125564 0.967314
vt 0.647654 0.966710
vt 0.646609 0.966107
vt 0.646609 0.964900
vt 0.647654 0.964297
vt 0.648699 0.964900
vt 0.648699 0.966107
vt 0.904696 0.952769
vt 0.905448 0.952769
vt 0.562212 0.978753
vt 0.562212 0.981751
vt 0.561006 0.981751
vt 0.561006 0.978753
vt 0.162380 0.964298
vt 0.162380 0.967314
vt 0.609793 0.966107
vt 0.609793 0.964900
vt 0.610838 0.964297
vt 0.611883 0.964900
vt 0.611883 0.966107
vt 0.610838 0.966710
vt 0.682505 0.978753
vt 0.892833 0.949841
vt 0.893297 0.950747
vt 0.893297 0.951865
vt 0.892833 0.952769
vt 0.658785 0.980143
vt 0.683081 0.979329
vt 0.941328 0.950745
vt 0.941793 0.949841
vt 0.942545 0.949841
vt 0.942546 0.950745
vt 0.941793 0.952769
vt 0.941328 0.951864
vt 0.942546 0.951864
vt 0.942545 0.952769
vt 0.658785 0.979329
vt 0.683081 0.980143
vt 0.943297 0.949841
vt 0.943763 0.950745
vt 0.943763 0.951864
vt 0.943297 0.952769
vt 0.658209 0.978753
vt 0.682505 0.980719
vt 0.955124 0.032067
vt 0.955534 0.031162
vt 0.956317 0.031162
vt 0.956390 0.032067
vt 0.955534 0.034090
vt 0.955124 0.033186
vt 0.956390 0.033186
vt 0.956317 0.034090
vt 0.657395 0.978753
vt 0.681691 0.980719
vt 0.957029 0.031162
vt 0.957543 0.032067
vt 0.957543 0.033185
vt 0.957029 0.034090
vt 0.903479 0.950746
vt 0.903943 0.949841
vt 0.903943 0.952769
vt 0.903479 0.951865
vt 0.530462 0.992778
vt 0.529787 0.992779
vt 0.529786 0.992194
vt 0.530462 0.991951
vt 0.531138 0.992779
vt 0.531137 0.992194
vt 0.792096 0.992627
vt 0.791512 0.992965
vt 0.791512 0.992289
vt 0.768808 0.992289
vt 0.769392 0.992627
vt 0.768808 0.992965
vt 0.836181 0.993302
vt 0.836040 0.992628
vt 0.836996 0.992628
vt 0.836856 0.993302
vt 0.836181 0.991951
vt 0.836856 0.991951
vt 0.769393 0.993302
vt 0.792097 0.991951
vt 0.769978 0.992965
vt 0.553529 0.991951
vt 0.554204 0.992194
vt 0.554204 0.992779
vt 0.553529 0.992779
vt 0.552853 0.992194
vt 0.552853 0.992779
vt 0.792682 0.992289
vt 0.554204 0.993364
vt 0.553529 0.993606
vt 0.792682 0.992965
vt 0.552853 0.993364
vt 0.769978 0.992289
vt 0.858309 0.992627
vt 0.858421 0.991951
vt 0.859092 0.991951
vt 0.859258 0.992627
vt 0.792097 0.993302
vt 0.769393 0.991952
vt 0.858421 0.993302
vt 0.859092 0.993302
vt 0.531137 0.993364
vt 0.530462 0.993606
vt 0.529786 0.993364
vt 0.400366 0.883362
vt 0.400365 0.881042
vt 0.400967 0.881041
vt 0.401410 0.883361
vt 0.400366 0.889697
vt 0.400367 0.886530
vt 0.401572 0.886529
vt 0.401410 0.889696
vt 0.942779 0.113327
vt 0.942779 0.115889
vt 0.942176 0.115399
vt 0.942779 0.080140
vt 0.942779 0.082703
vt 0.942176 0.080630
vt 0.400365 0.892014
vt 0.400967 0.892013
vt 0.941803 0.114117
vt 0.779817 0.363535
vt 0.779261 0.360368
vt 0.781824 0.360370
vt 0.782037 0.363537
vt 0.941803 0.081912
vt 0.781336 0.365853
vt 0.782618 0.365854
vt 0.779817 0.357201
vt 0.782037 0.357202
vt 0.781336 0.354881
vt 0.782618 0.354882
vt 0.784781 0.357202
vt 0.784993 0.360370
vt 0.784781 0.363537
vt 0.941803 0.083497
vt 0.784202 0.354882
vt 0.941803 0.112533
vt 0.784202 0.365854
vt 0.785485 0.354881
vt 0.787003 0.357201
vt 0.787558 0.360368
vt 0.787003 0.363535
vt 0.942176 0.111251
vt 0.942176 0.084779
vt 0.785485 0.365853
vt 0.891169 0.007409
vt 0.891609 0.005092
vt 0.892212 0.005091
vt 0.892214 0.007408
vt 0.891169 0.013744
vt 0.891008 0.010576
vt 0.892214 0.010575
vt 0.892214 0.013743
vt 0.942779 0.110761
vt 0.942779 0.085269
vt 0.891609 0.016064
vt 0.892212 0.016063
vt 0.892815 0.005092
vt 0.893257 0.007409
vt 0.893419 0.010576
vt 0.893257 0.013744
vt 0.943382 0.111251
vt 0.943382 0.084779
vt 0.892815 0.016064
vt 0.259980 0.784923
vt 0.261440 0.782604
vt 0.262756 0.782604
vt 0.262259 0.784923
vt 0.259980 0.791257
vt 0.259446 0.788090
vt 0.262077 0.788090
vt 0.262258 0.791258
vt 0.943754 0.112533
vt 0.943754 0.083497
vt 0.261440 0.793576
vt 0.262755 0.793576
vt 0.265226 0.788090
vt 0.264986 0.791258
vt 0.943754 0.114117
vt 0.943754 0.081912
vt 0.264986 0.784923
vt 0.264330 0.793576
vt 0.264331 0.782604
vt 0.943382 0.115399
vt 0.943382 0.080630
vt 0.267121 0.784923
vt 0.267691 0.788090
vt 0.267121 0.791257
vt 0.265563 0.793576
vt 0.265563 0.782604
vt 0.399160 0.886529
vt 0.399321 0.883361
vt 0.399761 0.892013
vt 0.399321 0.889696
vt 0.399761 0.881041
vt 0.913335 0.684321
vt 0.915544 0.684308
vt 0.915544 0.691315
vt 0.913335 0.691327
vt 0.374215 0.921163
vt 0.371645 0.921165
vt 0.371645 0.912618
vt 0.374215 0.912616
vt 0.609997 0.921164
vt 0.609997 0.912617
vt 0.610954 0.912616
vt 0.610954 0.921163
vt 0.361463 0.921165
vt 0.358893 0.921163
vt 0.358893 0.912616
vt 0.361463 0.912618
vt 0.795372 0.271633
vt 0.789842 0.271633
vt 0.789842 0.265626
vt 0.795372 0.265626
vt 0.913336 0.728785
vt 0.913336 0.720239
vt 0.914442 0.720239
vt 0.914442 0.728785
vt 0.857010 0.740726
vt 0.853993 0.740726
vt 0.853993 0.725643
vt 0.857010 0.725643
vt 0.149063 0.964297
vt 0.149063 0.967313
vt 0.148018 0.967314
vt 0.148018 0.964298
vt 0.621136 0.921164
vt 0.621136 0.912617
vt 0.622094 0.912616
vt 0.622094 0.921163
vt 0.943688 0.026336
vt 0.941803 0.026335
vt 0.941803 0.020805
vt 0.943688 0.020806
vt 0.598649 0.775318
vt 0.590102 0.775318
vt 0.590102 0.762444
vt 0.598649 0.762444
vt 0.623052 0.912617
vt 0.623052 0.921164
vt 0.584492 0.980412
vt 0.584492 0.979306
vt 0.585450 0.978753
vt 0.586408 0.979306
vt 0.586408 0.980412
vt 0.585450 0.980965
vt 0.941803 0.005092
vt 0.943688 0.005091
vt 0.943688 0.010621
vt 0.941803 0.010622
vt 0.913336 0.766244
vt 0.913336 0.757697
vt 0.914435 0.757697
vt 0.914435 0.766244
vt 0.135746 0.967314
vt 0.135746 0.964297
vt 0.136791 0.964298
vt 0.136791 0.967315
vt 0.539435 0.978753
vt 0.539435 0.981769
vt 0.538228 0.981769
vt 0.538228 0.978753
vt 0.609038 0.921163
vt 0.609038 0.912616
vt 0.610604 0.980412
vt 0.609646 0.980965
vt 0.608688 0.980412
vt 0.608688 0.979306
vt 0.609646 0.978753
vt 0.610604 0.979306
vt 0.137836 0.964297
vt 0.137836 0.967314
vt 0.622065 0.964900
vt 0.623110 0.964297
vt 0.624155 0.964900
vt 0.624155 0.966107
vt 0.623110 0.966710
vt 0.622065 0.966107
vt 0.201089 0.842214
vt 0.204101 0.842197
vt 0.204101 0.857211
vt 0.201089 0.857228
vt 0.550824 0.978753
vt 0.550824 0.981751
vt 0.549617 0.981751
vt 0.549617 0.978753
vt 0.915548 0.674126
vt 0.913335 0.674126
vt 0.913335 0.667088
vt 0.915548 0.667088
vt 0.763495 0.762550
vt 0.772042 0.762550
vt 0.772042 0.775399
vt 0.763495 0.775399
vt 0.150108 0.964298
vt 0.150108 0.967314
vt 0.636427 0.966107
vt 0.635382 0.966710
vt 0.634337 0.966107
vt 0.634337 0.964900
vt 0.635382 0.964297
vt 0.636427 0.964900
vt 0.828965 0.265502
vt 0.834495 0.265502
vt 0.834495 0.271498
vt 0.828965 0.271498
vt 0.585676 0.607008
vt 0.585677 0.604801
vt 0.587929 0.604800
vt 0.586976 0.607007
vt 0.585678 0.601785
vt 0.585677 0.598768
vt 0.587929 0.598767
vt 0.588278 0.601784
vt 0.915439 0.005091
vt 0.915439 0.007554
vt 0.914139 0.005562
vt 0.915439 0.022665
vt 0.915439 0.025127
vt 0.914139 0.024657
vt 0.585676 0.596558
vt 0.586976 0.596558
vt 0.913336 0.023425
vt 0.798275 0.363124
vt 0.797741 0.360109
vt 0.800202 0.360112
vt 0.800407 0.363128
vt 0.798275 0.357091
vt 0.799736 0.354881
vt 0.800966 0.354883
vt 0.800406 0.357094
vt 0.799736 0.365331
vt 0.800966 0.365332
vt 0.913336 0.006793
vt 0.913336 0.021902
vt 0.803247 0.360112
vt 0.803044 0.363128
vt 0.802489 0.354883
vt 0.803044 0.357094
vt 0.802489 0.365332
vt 0.913336 0.008316
vt 0.914139 0.020671
vt 0.805713 0.360109
vt 0.805179 0.363124
vt 0.803722 0.354881
vt 0.805179 0.357091
vt 0.803722 0.365331
vt 0.914139 0.009548
vt 0.756769 0.537600
vt 0.756422 0.534583
vt 0.759023 0.534582
vt 0.759022 0.537599
vt 0.756769 0.531567
vt 0.757720 0.529360
vt 0.759021 0.529359
vt 0.759022 0.531566
vt 0.757720 0.539809
vt 0.759021 0.539809
vt 0.915439 0.010018
vt 0.915439 0.020200
vt 0.760321 0.529360
vt 0.761274 0.531567
vt 0.761274 0.537600
vt 0.760321 0.539809
vt 0.761623 0.534583
vt 0.916740 0.009548
vt 0.916740 0.020671
vt 0.702922 0.805717
vt 0.701578 0.803509
vt 0.703853 0.803509
vt 0.704235 0.805717
vt 0.701086 0.800492
vt 0.701578 0.797476
vt 0.703853 0.797476
vt 0.703713 0.800493
vt 0.917543 0.008316
vt 0.917543 0.021902
vt 0.702922 0.795267
vt 0.704236 0.795267
vt 0.706474 0.803509
vt 0.705748 0.805717
vt 0.706474 0.797476
vt 0.706740 0.800493
vt 0.917543 0.006793
vt 0.917543 0.023425
vt 0.705749 0.795267
vt 0.708439 0.803509
vt 0.706883 0.805717
vt 0.708439 0.797476
vt 0.709009 0.800492
vt 0.916740 0.005562
vt 0.916740 0.024657
vt 0.706883 0.795267
vt 0.584375 0.607007
vt 0.583424 0.604800
vt 0.583077 0.601784
vt 0.583424 0.598767
vt 0.584375 0.596558
vt 0.332855 0.914090
vt 0.332854 0.912617
vt 0.333799 0.912616
vt 0.334492 0.914089
vt 0.332855 0.918112
vt 0.332855 0.916101
vt 0.334746 0.916101
vt 0.334492 0.918112
vt 0.943283 0.052130
vt 0.942201 0.053029
vt 0.941803 0.052129
vt 0.942201 0.038138
vt 0.943283 0.039037
vt 0.941803 0.039037
vt 0.332854 0.919583
vt 0.333799 0.919583
vt 0.647477 0.052997
vt 0.646642 0.051526
vt 0.647860 0.051528
vt 0.648180 0.052998
vt 0.941971 0.039937
vt 0.646336 0.049516
vt 0.646642 0.047504
vt 0.647860 0.047506
vt 0.647742 0.049518
vt 0.941971 0.051230
vt 0.647477 0.046030
vt 0.648180 0.046032
vt 0.649050 0.046032
vt 0.649366 0.047506
vt 0.942641 0.050674
vt 0.942641 0.040492
vt 0.649366 0.051528
vt 0.649050 0.052998
vt 0.649482 0.049518
vt 0.650892 0.049516
vt 0.650587 0.051526
vt 0.943556 0.050674
vt 0.649755 0.046030
vt 0.650587 0.047504
vt 0.649755 0.052997
vt 0.943556 0.040492
vt 0.345181 0.914088
vt 0.345872 0.912617
vt 0.346818 0.912616
vt 0.346819 0.914088
vt 0.345181 0.918110
vt 0.344928 0.916099
vt 0.346820 0.916098
vt 0.346819 0.918110
vt 0.944367 0.051230
vt 0.944367 0.039937
vt 0.345872 0.919583
vt 0.346818 0.919583
vt 0.348457 0.918110
vt 0.347764 0.919583
vt 0.347764 0.912617
vt 0.348457 0.914088
vt 0.348710 0.916099
vt 0.944764 0.052129
vt 0.944764 0.039037
vt 0.086771 0.895598
vt 0.087522 0.894126
vt 0.088287 0.894126
vt 0.088095 0.895598
vt 0.086771 0.899620
vt 0.086496 0.897609
vt 0.088025 0.897610
vt 0.088096 0.899620
vt 0.944596 0.053029
vt 0.944596 0.038138
vt 0.087523 0.901092
vt 0.088288 0.901092
vt 0.089152 0.894126
vt 0.089593 0.895598
vt 0.089755 0.897609
vt 0.089593 0.899620
vt 0.943926 0.053585
vt 0.943926 0.037582
vt 0.089152 0.901092
vt 0.944398 0.036518
vt 0.943011 0.037582
vt 0.942814 0.036518
vt 0.091023 0.897609
vt 0.090692 0.899620
vt 0.943011 0.053585
vt 0.090692 0.895598
vt 0.944399 0.054648
vt 0.942814 0.054648
vt 0.331216 0.914089
vt 0.331908 0.912616
vt 0.331216 0.918112
vt 0.330963 0.916101
vt 0.331908 0.919583
vt 0.915168 0.039569
vt 0.915168 0.038011
vt 0.917000 0.038010
vt 0.916754 0.039568
vt 0.915168 0.036452
vt 0.916754 0.036451
vt 0.558971 0.915184
vt 0.557413 0.915184
vt 0.558673 0.914268
vt 0.915167 0.035310
vt 0.916083 0.035309
vt 0.915167 0.040709
vt 0.916083 0.040708
vt 0.571958 0.915184
vt 0.570400 0.915184
vt 0.570698 0.914268
vt 0.569777 0.913597
vt 0.571127 0.912616
vt 0.571477 0.913702
vt 0.557894 0.913702
vt 0.559595 0.913597
vt 0.558245 0.912616
vt 0.386986 0.917980
vt 0.385504 0.917394
vt 0.386373 0.916102
vt 0.387739 0.916862
vt 0.384397 0.916245
vt 0.385150 0.915126
vt 0.384397 0.914195
vt 0.384934 0.913395
vt 0.386079 0.913740
vt 0.572440 0.913702
vt 0.387445 0.914502
vt 0.556931 0.913702
vt 0.388882 0.917201
vt 0.388668 0.915476
vt 0.389418 0.916401
vt 0.572795 0.912616
vt 0.574145 0.913597
vt 0.573220 0.914268
vt 0.556151 0.914268
vt 0.386829 0.912616
vt 0.388312 0.913204
vt 0.556577 0.912616
vt 0.555227 0.913597
vt 0.389418 0.914352
vt 0.941803 0.126316
vt 0.943362 0.126071
vt 0.943363 0.127904
vt 0.941804 0.127904
vt 0.574660 0.915184
vt 0.573517 0.915184
vt 0.944920 0.126316
vt 0.944921 0.127904
vt 0.555854 0.915184
vt 0.554711 0.915184
vt 0.944920 0.129490
vt 0.943362 0.129736
vt 0.574145 0.916771
vt 0.573220 0.916100
vt 0.556151 0.916100
vt 0.555227 0.916771
vt 0.941803 0.129490
vt 0.572795 0.917751
vt 0.572440 0.916666
vt 0.556931 0.916666
vt 0.556577 0.917751
vt 0.399601 0.914367
vt 0.400717 0.913237
vt 0.401657 0.914623
vt 0.400415 0.915568
vt 0.402179 0.912616
vt 0.402994 0.913817
vt 0.399601 0.916398
vt 0.401347 0.916939
vt 0.400138 0.917190
vt 0.404067 0.913365
vt 0.404605 0.914157
vt 0.403926 0.915188
vt 0.402733 0.916207
vt 0.571477 0.916666
vt 0.557894 0.916666
vt 0.571127 0.917751
vt 0.569777 0.916771
vt 0.570698 0.916100
vt 0.558245 0.917751
vt 0.558673 0.916100
vt 0.559595 0.916771
vt 0.403533 0.917383
vt 0.402039 0.917958
vt 0.404618 0.916207
vt 0.914250 0.040708
vt 0.913581 0.039568
vt 0.913581 0.036451
vt 0.914250 0.035309
vt 0.913335 0.038010
vt 0.955172 0.006480
vt 0.957698 0.006480
vt 0.957644 0.007869
vt 0.955124 0.007721
vt 0.941803 0.217857
vt 0.944317 0.217780
vt 0.944317 0.219240
vt 0.941803 0.219162
vt 0.550621 0.879383
vt 0.549470 0.890039
vt 0.549264 0.890025
vt 0.549264 0.879290
vt 0.773597 0.981208
vt 0.774024 0.978761
vt 0.774202 0.978753
vt 0.774202 0.981178
vt 0.576516 0.992964
vt 0.576516 0.992405
vt 0.577125 0.992405
vt 0.577125 0.992964
vt 0.466870 0.878711
vt 0.468454 0.868151
vt 0.468630 0.868152
vt 0.468028 0.878713
vt 0.575907 0.992964
vt 0.575907 0.992405
vt 0.576140 0.991951
vt 0.576516 0.991952
vt 0.468847 0.868152
vt 0.469457 0.878713
vt 0.955124 0.005239
vt 0.957644 0.005091
vt 0.941805 0.216800
vt 0.944318 0.216597
vt 0.469023 0.868151
vt 0.470612 0.878711
vt 0.576140 0.993416
vt 0.576516 0.993416
vt 0.610714 0.992964
vt 0.610714 0.992405
vt 0.611323 0.992404
vt 0.611323 0.992964
vt 0.238087 0.894197
vt 0.239239 0.883899
vt 0.239446 0.883891
vt 0.239446 0.894145
vt 0.992388 0.027544
vt 0.992591 0.028035
vt 0.992100 0.027832
vt 0.992235 0.213932
vt 0.992427 0.213933
vt 0.992562 0.214070
vt 0.992562 0.214262
vt 0.992426 0.214397
vt 0.992235 0.214396
vt 0.992100 0.214260
vt 0.992100 0.214067
vt 0.239653 0.883899
vt 0.240806 0.894197
vt 0.944318 0.220420
vt 0.941805 0.220216
vt 0.957644 0.045662
vt 0.955179 0.045662
vt 0.955124 0.044273
vt 0.957595 0.044420
vt 0.293197 0.868391
vt 0.290059 0.878661
vt 0.289886 0.878621
vt 0.292056 0.868127
vt 0.739957 0.981267
vt 0.740383 0.978753
vt 0.740561 0.978753
vt 0.740562 0.981268
vt 0.740739 0.978753
vt 0.741166 0.981267
vt 0.289670 0.878589
vt 0.290643 0.867916
vt 0.992434 0.116189
vt 0.992640 0.116257
vt 0.992768 0.116433
vt 0.992768 0.116650
vt 0.992640 0.116824
vt 0.992434 0.116889
vt 0.992228 0.116821
vt 0.992100 0.116645
vt 0.992100 0.116429
vt 0.992228 0.116254
vt 0.728567 0.981298
vt 0.728991 0.978753
vt 0.729170 0.978761
vt 0.729174 0.981326
vt 0.289496 0.878577
vt 0.289496 0.867838
vt 0.576892 0.993416
vt 0.774379 0.978761
vt 0.774806 0.981208
vt 0.551967 0.879582
vt 0.549675 0.890069
vt 0.914173 0.051340
vt 0.915529 0.050891
vt 0.916885 0.051321
vt 0.917723 0.052466
vt 0.917723 0.053888
vt 0.916885 0.055045
vt 0.915529 0.055494
vt 0.914173 0.055064
vt 0.913336 0.053919
vt 0.913336 0.052497
vt 0.717780 0.978753
vt 0.717780 0.981321
vt 0.717602 0.981330
vt 0.717176 0.978783
vt 0.944285 0.143543
vt 0.941803 0.143741
vt 0.941898 0.142548
vt 0.944370 0.142477
vt 0.610714 0.993416
vt 0.611090 0.993416
vt 0.992100 0.028239
vt 0.941898 0.141088
vt 0.944370 0.141172
vt 0.895078 0.915687
vt 0.895078 0.914237
vt 0.895936 0.913064
vt 0.897325 0.912616
vt 0.898714 0.913065
vt 0.899572 0.914238
vt 0.899572 0.915687
vt 0.898714 0.916860
vt 0.897325 0.917308
vt 0.895936 0.916860
vt 0.992591 0.039201
vt 0.992100 0.038997
vt 0.992388 0.038709
vt 0.941803 0.139918
vt 0.944285 0.140127
vt 0.610714 0.991952
vt 0.611090 0.991952
vt 0.992388 0.028527
vt 0.957595 0.046903
vt 0.955124 0.047050
vt 0.913336 0.916266
vt 0.914098 0.915214
vt 0.915331 0.914817
vt 0.916564 0.915225
vt 0.917326 0.916284
vt 0.917326 0.917588
vt 0.916564 0.918639
vt 0.915331 0.919037
vt 0.914098 0.918629
vt 0.913336 0.917570
vt 0.992388 0.039692
vt 0.992100 0.039404
vt 0.729347 0.978753
vt 0.729775 0.981298
vt 0.576892 0.991951
vt 0.718385 0.978783
vt 0.717958 0.981330
vt 0.079944 0.991951
vt 0.080404 0.992411
vt 0.080404 0.993065
vt 0.079944 0.993529
vt 0.079294 0.993532
vt 0.078835 0.993073
vt 0.078835 0.992419
vt 0.079294 0.991955
vt 0.992795 0.028527
vt 0.621505 0.992963
vt 0.621505 0.992404
vt 0.622114 0.992404
vt 0.622114 0.992963
vt 0.621737 0.991952
vt 0.622113 0.991952
vt 0.992795 0.038709
vt 0.621737 0.993416
vt 0.622113 0.993416
vt 0.993083 0.028239
vt 0.622722 0.992404
vt 0.622722 0.992963
vt 0.622489 0.991952
vt 0.993083 0.038997
vt 0.622489 0.993416
vt 0.993083 0.027832
vt 0.644303 0.992963
vt 0.644303 0.992404
vt 0.644936 0.992404
vt 0.644936 0.992963
vt 0.644508 0.991951
vt 0.644900 0.991952
vt 0.993083 0.039404
vt 0.644508 0.993416
vt 0.644900 0.993416
vt 0.992795 0.027544
vt 0.645513 0.992404
vt 0.645513 0.992963
vt 0.645256 0.991951
vt 0.992795 0.039692
vt 0.645256 0.993416
vt 0.610105 0.992964
vt 0.610105 0.992404
vt 0.610338 0.991952
vt 0.610338 0.993416
vt 0.992776 0.094584
vt 0.992438 0.094584
vt 0.992438 0.094170
vt 0.992776 0.094291
vt 0.992100 0.094584
vt 0.992100 0.094291
vt 0.992392 0.127409
vt 0.992100 0.127578
vt 0.992100 0.127240
vt 0.992685 0.138098
vt 0.992393 0.138267
vt 0.992392 0.137929
vt 0.992100 0.170840
vt 0.992170 0.170502
vt 0.992508 0.170502
vt 0.992578 0.170840
vt 0.992170 0.171177
vt 0.992508 0.171177
vt 0.992100 0.138098
vt 0.992393 0.127072
vt 0.992438 0.072151
vt 0.992775 0.072272
vt 0.992776 0.072565
vt 0.992438 0.072565
vt 0.992100 0.138436
vt 0.992100 0.072272
vt 0.992100 0.072565
vt 0.992685 0.127240
vt 0.992685 0.127578
vt 0.992392 0.138605
vt 0.992438 0.072979
vt 0.992100 0.072857
vt 0.992775 0.072857
vt 0.992393 0.127747
vt 0.992156 0.192893
vt 0.992100 0.192555
vt 0.992575 0.192555
vt 0.992492 0.192893
vt 0.992685 0.138436
vt 0.992156 0.192217
vt 0.992492 0.192217
vt 0.992438 0.094997
vt 0.992100 0.094876
vt 0.992776 0.094876
vt 0.809378 0.978753
vt 0.809378 0.980034
vt 0.809077 0.978998
vt 0.942407 0.156667
vt 0.942406 0.155083
vt 0.942928 0.155083
vt 0.943009 0.156667
vt 0.942405 0.159409
vt 0.942406 0.158251
vt 0.942928 0.158250
vt 0.942707 0.159409
vt 0.942405 0.153923
vt 0.942707 0.153923
vt 0.831693 0.980036
vt 0.831693 0.981317
vt 0.831392 0.981072
vt 0.724433 0.913776
vt 0.725192 0.912616
vt 0.725833 0.912617
vt 0.725542 0.913777
vt 0.831205 0.980431
vt 0.724433 0.916944
vt 0.724154 0.915360
vt 0.725436 0.915361
vt 0.725542 0.916944
vt 0.808890 0.979639
vt 0.725192 0.918103
vt 0.725833 0.918103
vt 0.726915 0.916944
vt 0.726625 0.918103
vt 0.727021 0.915361
vt 0.726915 0.913777
vt 0.808890 0.980431
vt 0.726625 0.912617
vt 0.831205 0.979639
vt 0.809077 0.981072
vt 0.728025 0.913776
vt 0.728303 0.915360
vt 0.728025 0.916944
vt 0.727267 0.918103
vt 0.727267 0.912616
vt 0.831392 0.978998
vt 0.941803 0.172334
vt 0.941884 0.170750
vt 0.942406 0.170750
vt 0.942407 0.172333
vt 0.942104 0.175078
vt 0.941884 0.173918
vt 0.942406 0.173917
vt 0.942405 0.175077
vt 0.942104 0.169591
vt 0.942405 0.169591
vt 0.831693 0.978753
vt 0.809378 0.981317
vt 0.942928 0.173918
vt 0.942707 0.175078
vt 0.942707 0.169591
vt 0.942928 0.170750
vt 0.943009 0.172334
vt 0.831995 0.978998
vt 0.809679 0.981072
vt 0.767389 0.913776
vt 0.768119 0.912616
vt 0.768776 0.912617
vt 0.768528 0.913776
vt 0.767389 0.916943
vt 0.767121 0.915360
vt 0.768437 0.915360
vt 0.768528 0.916943
vt 0.832181 0.979639
vt 0.809866 0.980431
vt 0.768119 0.918103
vt 0.768776 0.918103
vt 0.769564 0.912617
vt 0.769892 0.913776
vt 0.770012 0.915360
vt 0.769892 0.916943
vt 0.832181 0.980431
vt 0.809866 0.979639
vt 0.769564 0.918103
vt 0.770180 0.912616
vt 0.770959 0.913776
vt 0.771244 0.915360
vt 0.770959 0.916943
vt 0.831995 0.981072
vt 0.809679 0.978998
vt 0.770180 0.918103
vt 0.941884 0.155083
vt 0.942104 0.153923
vt 0.941884 0.158250
vt 0.941803 0.156667
vt 0.942104 0.159409
vt 0.992592 0.016871
vt 0.992388 0.017362
vt 0.992100 0.017074
vt 0.633513 0.992404
vt 0.633512 0.991952
vt 0.633888 0.991952
vt 0.634121 0.992404
vt 0.173041 0.968571
vt 0.173041 0.964297
vt 0.173520 0.964297
vt 0.173520 0.968570
vt 0.992795 0.017362
vt 0.587915 0.992405
vt 0.587915 0.991952
vt 0.588292 0.991952
vt 0.588524 0.992405
vt 0.518858 0.968570
vt 0.518858 0.964297
vt 0.519411 0.964297
vt 0.519411 0.968570
vt 0.993083 0.050162
vt 0.992592 0.050366
vt 0.992795 0.049874
vt 0.735524 0.991952
vt 0.735524 0.993460
vt 0.735001 0.993460
vt 0.735001 0.991952
vt 0.183702 0.968571
vt 0.183702 0.964297
vt 0.184181 0.964297
vt 0.184181 0.968570
vt 0.587540 0.993416
vt 0.587307 0.992964
vt 0.587915 0.992964
vt 0.587915 0.993416
vt 0.633513 0.992964
vt 0.634121 0.992964
vt 0.184660 0.964297
vt 0.184660 0.968571
vt 0.980250 0.991951
vt 0.980729 0.992228
vt 0.980729 0.992781
vt 0.980250 0.993057
vt 0.979771 0.992781
vt 0.979771 0.992228
vt 0.587307 0.992405
vt 0.551060 0.968570
vt 0.551060 0.964297
vt 0.551609 0.964297
vt 0.551609 0.968570
vt 0.723774 0.993460
vt 0.723774 0.991951
vt 0.724297 0.991952
vt 0.724297 0.993460
vt 0.914952 0.991951
vt 0.914952 0.993460
vt 0.914349 0.993460
vt 0.914349 0.991951
vt 0.172562 0.968570
vt 0.172562 0.964297
vt 0.969110 0.993057
vt 0.968631 0.992781
vt 0.968631 0.992228
vt 0.969110 0.991951
vt 0.969589 0.992228
vt 0.969589 0.992781
vt 0.724819 0.991952
vt 0.724819 0.993460
vt 0.880668 0.992856
vt 0.880668 0.992253
vt 0.881190 0.991951
vt 0.881713 0.992253
vt 0.881713 0.992856
vt 0.881190 0.993158
vt 0.633512 0.993416
vt 0.633888 0.993416
vt 0.936523 0.991952
vt 0.936523 0.993450
vt 0.935920 0.993450
vt 0.935920 0.991952
vt 0.587540 0.991952
vt 0.992388 0.049874
vt 0.736046 0.991952
vt 0.736046 0.993460
vt 0.869441 0.992856
vt 0.869441 0.992253
vt 0.869963 0.991951
vt 0.870486 0.992253
vt 0.870486 0.992856
vt 0.869963 0.993158
vt 0.588524 0.992964
vt 0.588292 0.993416
vt 0.992100 0.050162
vt 0.992100 0.016667
vt 0.598938 0.993416
vt 0.598706 0.992963
vt 0.599315 0.992963
vt 0.599315 0.993416
vt 0.598706 0.992404
vt 0.599315 0.992404
vt 0.992100 0.050569
vt 0.992388 0.016379
vt 0.598938 0.991952
vt 0.599315 0.991952
vt 0.599923 0.992963
vt 0.599691 0.993416
vt 0.599923 0.992404
vt 0.992388 0.050857
vt 0.992795 0.016379
vt 0.599691 0.991952
vt 0.655900 0.993416
vt 0.655695 0.992963
vt 0.656328 0.992963
vt 0.656291 0.993416
vt 0.655695 0.992404
vt 0.656328 0.992404
vt 0.992795 0.050857
vt 0.993083 0.016667
vt 0.655900 0.991951
vt 0.656291 0.991952
vt 0.656905 0.992963
vt 0.656648 0.993416
vt 0.656905 0.992404
vt 0.993083 0.050569
vt 0.993083 0.017074
vt 0.656648 0.991951
vt 0.633136 0.993416
vt 0.632904 0.992964
vt 0.632904 0.992404
vt 0.633136 0.991952
vt 0.992100 0.148956
vt 0.992392 0.149124
vt 0.992100 0.149293
vt 0.992776 0.083574
vt 0.992438 0.083574
vt 0.992438 0.083161
vt 0.992776 0.083282
vt 0.992392 0.159982
vt 0.992100 0.160151
vt 0.992100 0.159813
vt 0.992100 0.083574
vt 0.992100 0.083282
vt 0.992392 0.159644
vt 0.992100 0.181697
vt 0.992170 0.181359
vt 0.992508 0.181359
vt 0.992578 0.181697
vt 0.992392 0.149462
vt 0.992170 0.182035
vt 0.992508 0.182035
vt 0.992685 0.159813
vt 0.992438 0.105180
vt 0.992775 0.105301
vt 0.992776 0.105593
vt 0.992438 0.105593
vt 0.992100 0.105301
vt 0.992100 0.105593
vt 0.992685 0.149293
vt 0.992775 0.105886
vt 0.992438 0.106007
vt 0.992685 0.148956
vt 0.992685 0.160151
vt 0.992100 0.105886
vt 0.992156 0.203750
vt 0.992100 0.203412
vt 0.992575 0.203412
vt 0.992492 0.203750
vt 0.992156 0.203075
vt 0.992492 0.203075
vt 0.992392 0.160320
vt 0.992392 0.148787
vt 0.992438 0.083988
vt 0.992100 0.083867
vt 0.992776 0.083867
vt 0.820536 0.978753
vt 0.820536 0.980034
vt 0.820234 0.978998
vt 0.942407 0.188004
vt 0.942406 0.186420
vt 0.942928 0.186420
vt 0.943009 0.188004
vt 0.942405 0.190746
vt 0.942406 0.189588
vt 0.942928 0.189587
vt 0.942707 0.190746
vt 0.942405 0.185260
vt 0.942707 0.185260
vt 0.842851 0.980036
vt 0.842851 0.981317
vt 0.842549 0.981072
vt 0.739523 0.918103
vt 0.738763 0.916944
vt 0.739873 0.916944
vt 0.740164 0.918103
vt 0.738485 0.915360
vt 0.738763 0.913776
vt 0.739873 0.913777
vt 0.739767 0.915361
vt 0.842363 0.980431
vt 0.739523 0.912616
vt 0.740164 0.912617
vt 0.820048 0.979639
vt 0.741246 0.916944
vt 0.740956 0.918103
vt 0.820048 0.980431
vt 0.741351 0.915361
vt 0.740956 0.912617
vt 0.741246 0.913777
vt 0.842363 0.979639
vt 0.820234 0.981072
vt 0.742356 0.913776
vt 0.742634 0.915360
vt 0.742356 0.916944
vt 0.741597 0.918103
vt 0.741597 0.912616
vt 0.842549 0.978998
vt 0.820536 0.981317
vt 0.941803 0.203670
vt 0.941884 0.202087
vt 0.942406 0.202087
vt 0.942407 0.203670
vt 0.942104 0.206414
vt 0.941884 0.205254
vt 0.942406 0.205254
vt 0.942405 0.206414
vt 0.942104 0.200928
vt 0.942405 0.200928
vt 0.842851 0.978753
vt 0.820837 0.981072
vt 0.942928 0.202087
vt 0.943009 0.203670
vt 0.942928 0.205254
vt 0.942707 0.206414
vt 0.942707 0.200928
vt 0.843152 0.978998
vt 0.752816 0.915360
vt 0.753084 0.913776
vt 0.754223 0.913776
vt 0.754132 0.915360
vt 0.753813 0.918103
vt 0.753083 0.916943
vt 0.754223 0.916943
vt 0.754471 0.918103
vt 0.753814 0.912616
vt 0.754471 0.912617
vt 0.843338 0.979639
vt 0.821023 0.980431
vt 0.755587 0.916943
vt 0.755259 0.918103
vt 0.755259 0.912617
vt 0.755587 0.913776
vt 0.755707 0.915360
vt 0.843338 0.980431
vt 0.821023 0.979639
vt 0.755875 0.912616
vt 0.756654 0.913776
vt 0.756939 0.915360
vt 0.756654 0.916943
vt 0.843152 0.981072
vt 0.820837 0.978998
vt 0.755875 0.918103
vt 0.941884 0.186420
vt 0.942104 0.185260
vt 0.941884 0.189587
vt 0.941803 0.188004
vt 0.942104 0.190746
vt 0.658881 0.964303
vt 0.659985 0.964297
vt 0.659985 0.967800
vt 0.658881 0.967806
vt 0.856596 0.954114
vt 0.855311 0.954115
vt 0.855311 0.949841
vt 0.856596 0.949841
vt 0.195321 0.968571
vt 0.195321 0.964297
vt 0.195800 0.964297
vt 0.195800 0.968570
vt 0.868064 0.954115
vt 0.866779 0.954114
vt 0.866779 0.949841
vt 0.868064 0.949841
vt 0.086155 0.952845
vt 0.083389 0.952845
vt 0.083389 0.949841
vt 0.086155 0.949841
vt 0.529593 0.968570
vt 0.529593 0.964297
vt 0.530146 0.964297
vt 0.530146 0.968570
vt 0.914844 0.858292
vt 0.913335 0.858292
vt 0.913335 0.850751
vt 0.914844 0.850751
vt 0.746751 0.991952
vt 0.746751 0.993460
vt 0.746228 0.993460
vt 0.746228 0.991952
vt 0.205982 0.968571
vt 0.205982 0.964297
vt 0.206461 0.964297
vt 0.206461 0.968570
vt 0.752291 0.981519
vt 0.751348 0.981518
vt 0.751348 0.978753
vt 0.752291 0.978753
vt 0.291104 0.919053
vt 0.286831 0.919053
vt 0.286831 0.912616
vt 0.291104 0.912616
vt 0.206940 0.964297
vt 0.206940 0.968571
vt 0.992579 0.005091
vt 0.993058 0.005368
vt 0.993058 0.005921
vt 0.992579 0.006197
vt 0.992100 0.005921
vt 0.992100 0.005368
vt 0.762473 0.978753
vt 0.763415 0.978753
vt 0.763415 0.981518
vt 0.762473 0.981518
vt 0.540328 0.968570
vt 0.540328 0.964297
vt 0.540878 0.964297
vt 0.540878 0.968570
vt 0.712547 0.993460
vt 0.712547 0.991952
vt 0.713070 0.991952
vt 0.713070 0.993460
vt 0.925738 0.991951
vt 0.925738 0.993460
vt 0.925134 0.993460
vt 0.925134 0.991951
vt 0.194842 0.968570
vt 0.194842 0.964297
vt 0.957491 0.992781
vt 0.957491 0.992228
vt 0.957970 0.991951
vt 0.958449 0.992228
vt 0.958449 0.992781
vt 0.957970 0.993058
vt 0.713592 0.991952
vt 0.713592 0.993460
vt 0.891895 0.992856
vt 0.891895 0.992253
vt 0.892417 0.991951
vt 0.892940 0.992253
vt 0.892940 0.992856
vt 0.892417 0.993158
vt 0.913336 0.868483
vt 0.914841 0.868474
vt 0.914841 0.875981
vt 0.913336 0.875990
vt 0.947309 0.991952
vt 0.947309 0.993450
vt 0.946705 0.993450
vt 0.946705 0.991952
vt 0.599611 0.967816
vt 0.598504 0.967816
vt 0.598504 0.964297
vt 0.599611 0.964297
vt 0.301286 0.912616
vt 0.305560 0.912616
vt 0.305560 0.919041
vt 0.301286 0.919041
vt 0.747273 0.991952
vt 0.747273 0.993460
vt 0.904167 0.992856
vt 0.903644 0.993158
vt 0.903122 0.992856
vt 0.903122 0.992253
vt 0.903644 0.991951
vt 0.904167 0.992253
vt 0.096337 0.949841
vt 0.099102 0.949841
vt 0.099102 0.952839
vt 0.096337 0.952839
vt 0.892384 0.649140
vt 0.893567 0.649140
vt 0.893567 0.662255
vt 0.892384 0.662256
vt 0.259446 0.759533
vt 0.268554 0.759533
vt 0.268554 0.772421
vt 0.259446 0.772422
vt 0.468292 0.624811
vt 0.468292 0.582224
vt 0.469714 0.582224
vt 0.469714 0.624811
vt 0.893047 0.848697
vt 0.894230 0.848696
vt 0.894230 0.861803
vt 0.893047 0.861804
vt 0.469236 0.842591
vt 0.469236 0.857969
vt 0.466870 0.857969
vt 0.466870 0.842591
vt 0.206762 0.624416
vt 0.206762 0.581829
vt 0.208183 0.581831
vt 0.208183 0.624417
vt 0.107080 0.659220
vt 0.107080 0.672233
vt 0.094067 0.672233
vt 0.094067 0.659220
vt 0.701086 0.858021
vt 0.701086 0.842643
vt 0.703452 0.842643
vt 0.703452 0.858021
vt 0.209606 0.581829
vt 0.209606 0.624416
vt 0.632964 0.659737
vt 0.632963 0.672749
vt 0.619951 0.672749
vt 0.619951 0.659737
vt 0.739345 0.842762
vt 0.741711 0.842762
vt 0.741711 0.858140
vt 0.739345 0.858140
vt 0.623851 0.365854
vt 0.623851 0.323267
vt 0.625274 0.323267
vt 0.625274 0.365853
vt 0.578915 0.774113
vt 0.569806 0.774111
vt 0.569806 0.761500
vt 0.578915 0.761502
vt 0.334783 0.964297
vt 0.337148 0.964297
vt 0.337148 0.966663
vt 0.334783 0.966663
vt 0.626696 0.323267
vt 0.626696 0.365854
vt 0.291541 0.761816
vt 0.300649 0.761811
vt 0.300649 0.774413
vt 0.291541 0.774419
vt 0.592468 0.858408
vt 0.590102 0.858408
vt 0.590102 0.843030
vt 0.592468 0.843030
vt 0.623852 0.418623
vt 0.623852 0.376036
vt 0.625330 0.376036
vt 0.625330 0.418623
vt 0.928994 0.156216
vt 0.930533 0.156216
vt 0.931621 0.157305
vt 0.931621 0.158844
vt 0.930533 0.159932
vt 0.928994 0.159932
vt 0.927905 0.158844
vt 0.927905 0.157305
vt 0.347331 0.966663
vt 0.347331 0.964297
vt 0.349682 0.964297
vt 0.349682 0.966663
vt 0.626678 0.376036
vt 0.626678 0.418623
vt 0.890354 0.688893
vt 0.891537 0.688893
vt 0.891537 0.702297
vt 0.890354 0.702297
vt 0.049579 0.761302
vt 0.058688 0.761300
vt 0.058688 0.773911
vt 0.049579 0.773913
vt 0.466870 0.624811
vt 0.466870 0.582224
vt 0.928994 0.173830
vt 0.927905 0.172742
vt 0.927905 0.171203
vt 0.928994 0.170114
vt 0.930533 0.170114
vt 0.931621 0.171203
vt 0.931621 0.172742
vt 0.930533 0.173830
vt 0.893900 0.111421
vt 0.892717 0.111421
vt 0.892717 0.098306
vt 0.893900 0.098306
vt 0.305074 0.641697
vt 0.305074 0.655230
vt 0.291541 0.655230
vt 0.291541 0.641697
vt 0.154260 0.643767
vt 0.154260 0.657300
vt 0.140727 0.657300
vt 0.140727 0.643767
vt 0.890399 0.440795
vt 0.891581 0.440794
vt 0.891581 0.454198
vt 0.890399 0.454198
vt 0.892260 0.488181
vt 0.893443 0.488180
vt 0.893443 0.501296
vt 0.892260 0.501296
vt 0.892831 0.548687
vt 0.894014 0.548686
vt 0.894014 0.561793
vt 0.892831 0.561793
vt 0.893900 0.134719
vt 0.892717 0.134719
vt 0.892717 0.121604
vt 0.893900 0.121604
vt 0.177975 0.657300
vt 0.164442 0.657300
vt 0.164442 0.643767
vt 0.177975 0.643767
vt 0.452921 0.636894
vt 0.452921 0.650427
vt 0.439388 0.650427
vt 0.439388 0.636894
vt 0.418735 0.951190
vt 0.420083 0.951748
vt 0.419293 0.952539
vt 0.047333 0.937407
vt 0.047333 0.935872
vt 0.049003 0.935871
vt 0.049003 0.937406
vt 0.303371 0.949841
vt 0.302812 0.951189
vt 0.302253 0.949841
vt 0.047332 0.938648
vt 0.048364 0.938648
vt 0.047332 0.934629
vt 0.048364 0.934628
vt 0.928544 0.564661
vt 0.927905 0.563420
vt 0.929575 0.563421
vt 0.929576 0.564662
vt 0.927905 0.561885
vt 0.928544 0.560641
vt 0.929576 0.560642
vt 0.929575 0.561886
vt 0.418175 0.952539
vt 0.301463 0.950631
vt 0.931246 0.563420
vt 0.930609 0.564661
vt 0.930609 0.560641
vt 0.931246 0.561885
vt 0.417385 0.951748
vt 0.301463 0.951748
vt 0.140963 0.938648
vt 0.140325 0.937406
vt 0.141996 0.937405
vt 0.141996 0.938648
vt 0.140325 0.935870
vt 0.140963 0.934629
vt 0.141996 0.934628
vt 0.141996 0.935870
vt 0.417385 0.950631
vt 0.302253 0.952539
vt 0.143666 0.937406
vt 0.143028 0.938648
vt 0.143028 0.934629
vt 0.143666 0.935870
vt 0.418175 0.949841
vt 0.303371 0.952539
vt 0.762611 0.938648
vt 0.762048 0.937406
vt 0.763785 0.937406
vt 0.763685 0.938648
vt 0.762048 0.935871
vt 0.762611 0.934629
vt 0.763685 0.934629
vt 0.763785 0.935871
vt 0.419293 0.949841
vt 0.304161 0.951748
vt 0.765369 0.937406
vt 0.764663 0.938648
vt 0.764663 0.934628
vt 0.765369 0.935871
vt 0.420083 0.950631
vt 0.304161 0.950631
vt 0.046299 0.938648
vt 0.045661 0.937406
vt 0.045661 0.935871
vt 0.046299 0.934628
vt 0.211302 0.950631
vt 0.212650 0.951190
vt 0.211302 0.951748
vt 0.466558 0.937407
vt 0.466558 0.935872
vt 0.468228 0.935871
vt 0.468228 0.937406
vt 0.277051 0.951190
vt 0.275703 0.951748
vt 0.275703 0.950631
vt 0.466557 0.934629
vt 0.467589 0.934628
vt 0.466557 0.938648
vt 0.467589 0.938648
vt 0.927905 0.421394
vt 0.927905 0.419858
vt 0.929575 0.419860
vt 0.929575 0.421395
vt 0.212092 0.952539
vt 0.928544 0.422634
vt 0.929576 0.422635
vt 0.928544 0.418615
vt 0.929576 0.418616
vt 0.276493 0.949841
vt 0.931246 0.421394
vt 0.930609 0.422634
vt 0.930609 0.418615
vt 0.931246 0.419858
vt 0.213209 0.952539
vt 0.277610 0.949841
vt 0.278401 0.950631
vt 0.214000 0.951748
vt 0.424317 0.937406
vt 0.424317 0.935870
vt 0.425988 0.935870
vt 0.425988 0.937405
vt 0.424954 0.934629
vt 0.425987 0.934628
vt 0.424954 0.938648
vt 0.425987 0.938648
vt 0.278401 0.951748
vt 0.427658 0.935870
vt 0.427658 0.937406
vt 0.214000 0.950631
vt 0.427019 0.938648
vt 0.427019 0.934629
vt 0.277610 0.952539
vt 0.681032 0.937406
vt 0.681032 0.935871
vt 0.682770 0.935871
vt 0.682770 0.937406
vt 0.213209 0.949841
vt 0.681595 0.938648
vt 0.682669 0.938648
vt 0.681595 0.934629
vt 0.682669 0.934629
vt 0.276493 0.952539
vt 0.684353 0.935871
vt 0.684353 0.937406
vt 0.212092 0.949841
vt 0.683648 0.938648
vt 0.683648 0.934628
vt 0.464887 0.937406
vt 0.464887 0.935871
vt 0.465524 0.938648
vt 0.465524 0.934628
vt 0.520652 0.937407
vt 0.520652 0.935872
vt 0.522322 0.935871
vt 0.522322 0.937406
vt 0.727858 0.951190
vt 0.726510 0.951749
vt 0.726510 0.950631
vt 0.520651 0.934629
vt 0.521683 0.934628
vt 0.520651 0.938648
vt 0.521683 0.938648
vt 0.251850 0.949841
vt 0.251291 0.951189
vt 0.250732 0.949841
vt 0.928544 0.649876
vt 0.927905 0.648636
vt 0.929575 0.648637
vt 0.929576 0.649877
vt 0.927905 0.647100
vt 0.928544 0.645857
vt 0.929576 0.645858
vt 0.929575 0.647102
vt 0.727300 0.949841
vt 0.249942 0.950631
vt 0.930609 0.645857
vt 0.931247 0.647100
vt 0.931247 0.648636
vt 0.249942 0.951748
vt 0.728417 0.949841
vt 0.930609 0.649876
vt 0.491933 0.937406
vt 0.491933 0.935870
vt 0.493605 0.935870
vt 0.493605 0.937405
vt 0.492571 0.934629
vt 0.493604 0.934628
vt 0.729208 0.950631
vt 0.250732 0.952539
vt 0.492571 0.938648
vt 0.493604 0.938648
vt 0.495275 0.935870
vt 0.495275 0.937406
vt 0.494636 0.938648
vt 0.494636 0.934629
vt 0.251850 0.952539
vt 0.729208 0.951749
vt 0.775551 0.937406
vt 0.775551 0.935871
vt 0.777288 0.935871
vt 0.777288 0.937406
vt 0.252640 0.951748
vt 0.776114 0.938648
vt 0.777187 0.938648
vt 0.776114 0.934629
vt 0.777187 0.934629
vt 0.728417 0.952539
vt 0.778871 0.935871
vt 0.778871 0.937406
vt 0.252640 0.950631
vt 0.778166 0.938648
vt 0.778166 0.934628
vt 0.727300 0.952539
vt 0.518980 0.937406
vt 0.518980 0.935871
vt 0.519618 0.938648
vt 0.519618 0.934628
vt 0.439511 0.935872
vt 0.439510 0.934629
vt 0.440543 0.934628
vt 0.441181 0.935871
vt 0.439510 0.938648
vt 0.439511 0.937407
vt 0.441181 0.937406
vt 0.440543 0.938648
vt 0.315133 0.949841
vt 0.315692 0.951189
vt 0.314343 0.950631
vt 0.444494 0.951190
vt 0.443145 0.951748
vt 0.443145 0.950631
vt 0.927905 0.661303
vt 0.928544 0.660059
vt 0.929576 0.660060
vt 0.929575 0.661304
vt 0.443936 0.949841
vt 0.927905 0.662838
vt 0.929575 0.662840
vt 0.314343 0.951749
vt 0.928544 0.664079
vt 0.929576 0.664080
vt 0.931246 0.661303
vt 0.931246 0.662838
vt 0.445053 0.949841
vt 0.930609 0.664079
vt 0.315133 0.952539
vt 0.930609 0.660059
vt 0.445843 0.950631
vt 0.451363 0.935870
vt 0.452001 0.934629
vt 0.453034 0.934628
vt 0.453035 0.935870
vt 0.452001 0.938648
vt 0.451363 0.937406
vt 0.453035 0.937405
vt 0.453034 0.938648
vt 0.316251 0.952539
vt 0.454705 0.937406
vt 0.454066 0.938648
vt 0.454066 0.934629
vt 0.454705 0.935870
vt 0.445843 0.951748
vt 0.317041 0.951749
vt 0.695098 0.938648
vt 0.694535 0.937406
vt 0.696272 0.937406
vt 0.696172 0.938648
vt 0.694535 0.935871
vt 0.695098 0.934628
vt 0.696172 0.934629
vt 0.696272 0.935871
vt 0.445053 0.952539
vt 0.317041 0.950631
vt 0.697855 0.937406
vt 0.697150 0.938648
vt 0.697150 0.934628
vt 0.697855 0.935871
vt 0.443936 0.952539
vt 0.316251 0.949841
vt 0.438478 0.938648
vt 0.437840 0.937406
vt 0.437840 0.935871
vt 0.438478 0.934628
vt 0.155519 0.938648
vt 0.155520 0.937407
vt 0.157190 0.937406
vt 0.156551 0.938648
vt 0.548885 0.950631
vt 0.547536 0.951189
vt 0.548095 0.949841
vt 0.155520 0.935872
vt 0.157190 0.935871
vt 0.457374 0.951191
vt 0.456816 0.952539
vt 0.456025 0.951749
vt 0.155519 0.934629
vt 0.156551 0.934628
vt 0.456025 0.950631
vt 0.927905 0.577622
vt 0.927905 0.576087
vt 0.929575 0.576089
vt 0.929575 0.577624
vt 0.546977 0.949841
vt 0.928544 0.578863
vt 0.929576 0.578864
vt 0.928544 0.574844
vt 0.929576 0.574845
vt 0.931246 0.577622
vt 0.930609 0.578863
vt 0.930609 0.574844
vt 0.931246 0.576087
vt 0.546187 0.950631
vt 0.456816 0.949841
vt 0.927905 0.888538
vt 0.928543 0.887297
vt 0.929576 0.887297
vt 0.929576 0.888538
vt 0.928543 0.891316
vt 0.927905 0.890074
vt 0.929576 0.890073
vt 0.929576 0.891316
vt 0.546187 0.951748
vt 0.457933 0.949841
vt 0.930608 0.887297
vt 0.931246 0.888538
vt 0.458724 0.950631
vt 0.931246 0.890074
vt 0.546977 0.952539
vt 0.930608 0.891316
vt 0.708038 0.935871
vt 0.708601 0.934629
vt 0.709674 0.934629
vt 0.709775 0.935871
vt 0.458724 0.951749
vt 0.708038 0.937406
vt 0.709775 0.937406
vt 0.548095 0.952539
vt 0.708601 0.938648
vt 0.709674 0.938648
vt 0.710653 0.934628
vt 0.711358 0.935871
vt 0.457933 0.952539
vt 0.711358 0.937406
vt 0.548885 0.951748
vt 0.710653 0.938648
vt 0.153848 0.935871
vt 0.154486 0.934628
vt 0.153848 0.937406
vt 0.154486 0.938648
vt 0.226450 0.844088
vt 0.218997 0.844087
vt 0.218997 0.834803
vt 0.226450 0.834805
vt 0.226450 0.824621
vt 0.218997 0.824618
vt 0.218997 0.814816
vt 0.226450 0.814819
vt 0.823347 0.364701
vt 0.815895 0.364694
vt 0.815895 0.354881
vt 0.823347 0.354888
vt 0.489175 0.815365
vt 0.496627 0.815362
vt 0.496627 0.825165
vt 0.489175 0.825167
vt 0.238087 0.773358
vt 0.238087 0.762711
vt 0.248733 0.762711
vt 0.248733 0.773358
vt 0.609541 0.773091
vt 0.609541 0.762444
vt 0.620188 0.762444
vt 0.620188 0.773091
vt 0.702607 0.922271
vt 0.701424 0.922271
vt 0.701424 0.912616
vt 0.702607 0.912617
vt 0.544529 0.922811
vt 0.543346 0.922811
vt 0.543346 0.912616
vt 0.544529 0.912617
vt 0.487704 0.922823
vt 0.486521 0.922822
vt 0.486521 0.912616
vt 0.487704 0.912618
vt 0.509251 0.912617
vt 0.510434 0.912616
vt 0.510434 0.922811
vt 0.509251 0.922812
vt 0.302613 0.751629
vt 0.291541 0.751629
vt 0.291541 0.740556
vt 0.302613 0.740556
vt 0.719901 0.599198
vt 0.719901 0.588126
vt 0.730973 0.588126
vt 0.730973 0.599198
vt 0.713972 0.922271
vt 0.712789 0.922271
vt 0.712789 0.912616
vt 0.713972 0.912617
vt 0.533164 0.922811
vt 0.531981 0.922811
vt 0.531981 0.912616
vt 0.533164 0.912617
vt 0.499069 0.922823
vt 0.497886 0.922822
vt 0.497886 0.912616
vt 0.499069 0.912618
vt 0.520616 0.912617
vt 0.521799 0.912616
vt 0.521799 0.922811
vt 0.520616 0.922811
vt 0.534063 0.752030
vt 0.534063 0.740958
vt 0.545136 0.740958
vt 0.545136 0.752030
vt 0.317101 0.752404
vt 0.317101 0.741332
vt 0.328174 0.741332
vt 0.328174 0.752404
vt 0.534655 0.951190
vt 0.533307 0.951749
vt 0.533307 0.950631
vt 0.226880 0.950631
vt 0.225531 0.951190
vt 0.226090 0.949841
vt 0.929577 0.904277
vt 0.929577 0.902742
vt 0.931247 0.902741
vt 0.931247 0.904277
vt 0.929576 0.905519
vt 0.930608 0.905518
vt 0.929576 0.901499
vt 0.930608 0.901499
vt 0.928544 0.451040
vt 0.927905 0.449799
vt 0.929575 0.449800
vt 0.929576 0.451041
vt 0.927905 0.448264
vt 0.928544 0.447020
vt 0.929576 0.447021
vt 0.929575 0.448265
vt 0.534097 0.949841
vt 0.224972 0.949841
vt 0.930609 0.447020
vt 0.931246 0.448264
vt 0.931246 0.449799
vt 0.930609 0.451040
vt 0.224182 0.950631
vt 0.535214 0.949841
vt 0.167372 0.937406
vt 0.167372 0.935870
vt 0.169043 0.935870
vt 0.169043 0.937405
vt 0.168009 0.938648
vt 0.169042 0.938648
vt 0.168009 0.934629
vt 0.169042 0.934628
vt 0.536005 0.950631
vt 0.224182 0.951749
vt 0.170713 0.935870
vt 0.170713 0.937406
vt 0.170074 0.938648
vt 0.170074 0.934629
vt 0.536005 0.951749
vt 0.224972 0.952539
vt 0.789053 0.937406
vt 0.789053 0.935871
vt 0.790791 0.935871
vt 0.790791 0.937406
vt 0.789616 0.938648
vt 0.790690 0.938648
vt 0.789616 0.934629
vt 0.790690 0.934629
vt 0.535214 0.952539
vt 0.226090 0.952539
vt 0.792374 0.935871
vt 0.792374 0.937406
vt 0.791668 0.938648
vt 0.791668 0.934628
vt 0.534097 0.952539
vt 0.226880 0.951749
vt 0.927905 0.904277
vt 0.927905 0.902741
vt 0.928543 0.905518
vt 0.928543 0.901499
vt 0.182567 0.935872
vt 0.182566 0.934629
vt 0.183598 0.934628
vt 0.184237 0.935871
vt 0.182566 0.938648
vt 0.182567 0.937407
vt 0.184237 0.937406
vt 0.183598 0.938648
vt 0.328014 0.949841
vt 0.328572 0.951189
vt 0.327223 0.950631
vt 0.560417 0.951190
vt 0.561765 0.951748
vt 0.560975 0.952539
vt 0.559857 0.952539
vt 0.927905 0.464002
vt 0.927905 0.462466
vt 0.929575 0.462468
vt 0.929575 0.464003
vt 0.327223 0.951749
vt 0.928544 0.465242
vt 0.929576 0.465243
vt 0.928544 0.461223
vt 0.929576 0.461224
vt 0.328014 0.952539
vt 0.559067 0.951748
vt 0.931247 0.464002
vt 0.930609 0.465242
vt 0.930609 0.461223
vt 0.931247 0.462466
vt 0.195056 0.938648
vt 0.194419 0.937406
vt 0.196090 0.937405
vt 0.196089 0.938648
vt 0.559067 0.950631
vt 0.329131 0.952539
vt 0.194419 0.935870
vt 0.196090 0.935870
vt 0.195056 0.934629
vt 0.196089 0.934628
vt 0.197760 0.937406
vt 0.197121 0.938648
vt 0.197121 0.934629
vt 0.197760 0.935870
vt 0.559857 0.949841
vt 0.329922 0.951749
vt 0.627585 0.938648
vt 0.627022 0.937406
vt 0.628759 0.937406
vt 0.628659 0.938648
vt 0.627022 0.935871
vt 0.627585 0.934629
vt 0.628659 0.934629
vt 0.628759 0.935871
vt 0.560975 0.949841
vt 0.329922 0.950631
vt 0.630342 0.937406
vt 0.629637 0.938648
vt 0.629637 0.934628
vt 0.630342 0.935871
vt 0.561765 0.950631
vt 0.329131 0.949841
vt 0.181533 0.938648
vt 0.180895 0.937406
vt 0.180895 0.935871
vt 0.181533 0.934628
vt 0.342802 0.950631
vt 0.341453 0.951189
vt 0.342012 0.949841
vt 0.209613 0.937407
vt 0.209613 0.935872
vt 0.211283 0.935871
vt 0.211283 0.937406
vt 0.470256 0.951190
vt 0.471604 0.951748
vt 0.470814 0.952539
vt 0.209613 0.934629
vt 0.210645 0.934628
vt 0.209613 0.938648
vt 0.210645 0.938648
vt 0.469696 0.952539
vt 0.927905 0.478204
vt 0.927905 0.476669
vt 0.929575 0.476670
vt 0.929575 0.478206
vt 0.340894 0.949841
vt 0.928544 0.479445
vt 0.929576 0.479446
vt 0.928544 0.475425
vt 0.929576 0.475426
vt 0.931246 0.478204
vt 0.930609 0.479445
vt 0.930609 0.475425
vt 0.931246 0.476669
vt 0.340104 0.950631
vt 0.468906 0.951748
vt 0.222103 0.938648
vt 0.221466 0.937406
vt 0.223137 0.937405
vt 0.223136 0.938648
vt 0.221466 0.935870
vt 0.223137 0.935870
vt 0.340104 0.951748
vt 0.468906 0.950631
vt 0.222103 0.934629
vt 0.223136 0.934628
vt 0.469696 0.949841
vt 0.224807 0.935870
vt 0.224807 0.937406
vt 0.340894 0.952539
vt 0.224168 0.938648
vt 0.224168 0.934629
vt 0.470814 0.949841
vt 0.802556 0.937406
vt 0.802556 0.935871
vt 0.804293 0.935871
vt 0.804293 0.937406
vt 0.342012 0.952539
vt 0.803119 0.938648
vt 0.804193 0.938648
vt 0.803119 0.934628
vt 0.804193 0.934629
vt 0.471604 0.950631
vt 0.805876 0.935871
vt 0.805876 0.937406
vt 0.342802 0.951748
vt 0.805171 0.938648
vt 0.805171 0.934628
vt 0.207942 0.937406
vt 0.207942 0.935871
vt 0.208580 0.938648
vt 0.208580 0.934628
vt 0.355682 0.950631
vt 0.354333 0.951189
vt 0.354892 0.949841
vt 0.929577 0.918479
vt 0.929577 0.916944
vt 0.931247 0.916943
vt 0.931247 0.918479
vt 0.740740 0.951190
vt 0.742088 0.951749
vt 0.741297 0.952539
vt 0.929576 0.915701
vt 0.930608 0.915701
vt 0.929576 0.919721
vt 0.930608 0.919720
vt 0.928544 0.593066
vt 0.927905 0.591825
vt 0.929575 0.591827
vt 0.929576 0.593067
vt 0.927905 0.590290
vt 0.928544 0.589046
vt 0.929576 0.589047
vt 0.929575 0.590291
vt 0.740180 0.952539
vt 0.353774 0.949841
vt 0.931247 0.591825
vt 0.930609 0.593066
vt 0.930609 0.589046
vt 0.931246 0.590290
vt 0.352984 0.950631
vt 0.739390 0.951749
vt 0.235626 0.938648
vt 0.234989 0.937406
vt 0.236660 0.937405
vt 0.236659 0.938648
vt 0.234989 0.935870
vt 0.236660 0.935870
vt 0.235626 0.934629
vt 0.236659 0.934628
vt 0.739390 0.950631
vt 0.352984 0.951748
vt 0.740180 0.949841
vt 0.238330 0.935870
vt 0.238330 0.937406
vt 0.353774 0.952539
vt 0.237692 0.938648
vt 0.237692 0.934629
vt 0.741297 0.949841
vt 0.640525 0.937406
vt 0.640525 0.935871
vt 0.642262 0.935871
vt 0.642262 0.937406
vt 0.354892 0.952539
vt 0.641088 0.938648
vt 0.642161 0.938648
vt 0.641088 0.934628
vt 0.642161 0.934629
vt 0.742088 0.950631
vt 0.643845 0.935871
vt 0.643845 0.937406
vt 0.355682 0.951748
vt 0.643140 0.938648
vt 0.643140 0.934628
vt 0.927905 0.918479
vt 0.927905 0.916943
vt 0.928543 0.919720
vt 0.928543 0.915701
vt 0.006762 0.935872
vt 0.006762 0.934629
vt 0.007794 0.934628
vt 0.008432 0.935871
vt 0.006762 0.938648
vt 0.006762 0.937407
vt 0.008432 0.937406
vt 0.007794 0.938648
vt 0.574645 0.950631
vt 0.573297 0.951189
vt 0.573855 0.949841
vt 0.586176 0.951190
vt 0.584827 0.951748
vt 0.584827 0.950631
vt 0.928544 0.763497
vt 0.927905 0.762257
vt 0.929575 0.762258
vt 0.929576 0.763498
vt 0.927905 0.760721
vt 0.928544 0.759478
vt 0.929576 0.759479
vt 0.929575 0.760723
vt 0.585618 0.949841
vt 0.572738 0.949841
vt 0.930609 0.759478
vt 0.931246 0.760721
vt 0.931246 0.762257
vt 0.571947 0.950631
vt 0.586735 0.949841
vt 0.930609 0.763497
vt 0.248512 0.935870
vt 0.249150 0.934629
vt 0.250183 0.934628
vt 0.250184 0.935870
vt 0.587525 0.950631
vt 0.571947 0.951748
vt 0.249150 0.938648
vt 0.248512 0.937406
vt 0.250184 0.937405
vt 0.250183 0.938648
vt 0.251854 0.937406
vt 0.251215 0.938648
vt 0.251215 0.934629
vt 0.251854 0.935870
vt 0.572738 0.952539
vt 0.587525 0.951748
vt 0.546569 0.938648
vt 0.546006 0.937406
vt 0.547743 0.937406
vt 0.547643 0.938648
vt 0.546006 0.935871
vt 0.546569 0.934629
vt 0.547643 0.934629
vt 0.547743 0.935871
vt 0.586735 0.952539
vt 0.573855 0.952539
vt 0.549327 0.937406
vt 0.548621 0.938648
vt 0.548621 0.934628
vt 0.549327 0.935871
vt 0.585618 0.952539
vt 0.574645 0.951748
vt 0.005729 0.938648
vt 0.005091 0.937406
vt 0.005091 0.935871
vt 0.005729 0.934628
vt 0.103176 0.774314
vt 0.094067 0.774313
vt 0.094067 0.761927
vt 0.103176 0.761928
vt 0.773400 0.428547
vt 0.764291 0.428545
vt 0.764291 0.415794
vt 0.773400 0.415796
vt 0.448497 0.772496
vt 0.439388 0.772492
vt 0.439388 0.759734
vt 0.448497 0.759739
vt 0.764752 0.078750
vt 0.773860 0.078749
vt 0.773860 0.091500
vt 0.764752 0.091501
vt 0.596756 0.672749
vt 0.596756 0.659737
vt 0.609769 0.659737
vt 0.609769 0.672749
vt 0.222605 0.667137
vt 0.222605 0.654124
vt 0.235618 0.654124
vt 0.235618 0.667137
vt 0.899098 0.477529
vt 0.897915 0.477529
vt 0.897915 0.464647
vt 0.899098 0.464648
vt 0.892148 0.205275
vt 0.890965 0.205275
vt 0.890965 0.192014
vt 0.892148 0.192014
vt 0.891560 0.738912
vt 0.890377 0.738911
vt 0.890377 0.725643
vt 0.891560 0.725644
vt 0.890506 0.323267
vt 0.891689 0.323267
vt 0.891689 0.336528
vt 0.890506 0.336528
vt 0.620471 0.649555
vt 0.620471 0.636022
vt 0.634005 0.636022
vt 0.634005 0.649555
vt 0.596756 0.649555
vt 0.596756 0.636021
vt 0.610289 0.636021
vt 0.610289 0.649555
vt 0.386908 0.897885
vt 0.385725 0.897885
vt 0.385725 0.885004
vt 0.386908 0.885004
vt 0.892142 0.049591
vt 0.890959 0.049591
vt 0.890959 0.036330
vt 0.892142 0.036330
vt 0.891592 0.389304
vt 0.890409 0.389304
vt 0.890409 0.376036
vt 0.891592 0.376036
vt 0.890177 0.258765
vt 0.891360 0.258765
vt 0.891360 0.272025
vt 0.890177 0.272026
vt 0.371698 0.650091
vt 0.371698 0.636558
vt 0.385232 0.636558
vt 0.385232 0.650091
vt 0.412302 0.650427
vt 0.412302 0.636894
vt 0.425835 0.636894
vt 0.425835 0.650427
vt 0.060855 0.938648
vt 0.060856 0.937407
vt 0.062526 0.937406
vt 0.061887 0.938648
vt 0.599056 0.951191
vt 0.598498 0.952539
vt 0.597708 0.951749
vt 0.060856 0.935872
vt 0.062526 0.935871
vt 0.612496 0.949841
vt 0.611937 0.951189
vt 0.611378 0.949841
vt 0.060855 0.934629
vt 0.061887 0.934628
vt 0.927905 0.677041
vt 0.927905 0.675506
vt 0.929575 0.675507
vt 0.929575 0.677042
vt 0.928544 0.678281
vt 0.929576 0.678282
vt 0.928544 0.674262
vt 0.929576 0.674263
vt 0.597708 0.950631
vt 0.610588 0.950631
vt 0.931246 0.675506
vt 0.931246 0.677041
vt 0.930609 0.678282
vt 0.930609 0.674262
vt 0.598498 0.949841
vt 0.610588 0.951748
vt 0.927905 0.847468
vt 0.927905 0.845932
vt 0.929576 0.845932
vt 0.929576 0.847467
vt 0.928543 0.848710
vt 0.929576 0.848710
vt 0.928543 0.844691
vt 0.929576 0.844691
vt 0.599615 0.949841
vt 0.611378 0.952539
vt 0.931246 0.845932
vt 0.931246 0.847468
vt 0.930608 0.848710
vt 0.930608 0.844691
vt 0.600406 0.950631
vt 0.612496 0.952539
vt 0.559509 0.937406
vt 0.559509 0.935871
vt 0.561246 0.935871
vt 0.561246 0.937406
vt 0.560072 0.938648
vt 0.561146 0.938648
vt 0.560072 0.934628
vt 0.561146 0.934629
vt 0.600406 0.951749
vt 0.613286 0.951748
vt 0.562829 0.935871
vt 0.562829 0.937406
vt 0.562124 0.938648
vt 0.562124 0.934628
vt 0.599615 0.952539
vt 0.613286 0.950631
vt 0.059185 0.937406
vt 0.059185 0.935871
vt 0.059822 0.938648
vt 0.059822 0.934628
vt 0.114950 0.935872
vt 0.114949 0.934629
vt 0.115981 0.934628
vt 0.116620 0.935871
vt 0.114949 0.938648
vt 0.114950 0.937407
vt 0.116620 0.937406
vt 0.115981 0.938648
vt 0.792818 0.949841
vt 0.792260 0.951189
vt 0.791701 0.949841
vt 0.367214 0.951190
vt 0.368562 0.951749
vt 0.367772 0.952539
vt 0.366654 0.952539
vt 0.927905 0.606028
vt 0.927905 0.604492
vt 0.929575 0.604494
vt 0.929575 0.606029
vt 0.790910 0.950631
vt 0.928544 0.607268
vt 0.929576 0.607269
vt 0.928544 0.603249
vt 0.929576 0.603250
vt 0.790910 0.951748
vt 0.365864 0.951749
vt 0.931247 0.606028
vt 0.930609 0.607268
vt 0.930609 0.603249
vt 0.931247 0.604492
vt 0.019252 0.938648
vt 0.018614 0.937406
vt 0.020286 0.937405
vt 0.020285 0.938648
vt 0.365864 0.950631
vt 0.791701 0.952539
vt 0.018614 0.935870
vt 0.020286 0.935870
vt 0.019252 0.934629
vt 0.020285 0.934628
vt 0.021956 0.937406
vt 0.021317 0.938648
vt 0.021317 0.934629
vt 0.021956 0.935870
vt 0.366654 0.949841
vt 0.792818 0.952539
vt 0.722103 0.938648
vt 0.721540 0.937406
vt 0.723278 0.937406
vt 0.723177 0.938648
vt 0.721540 0.935871
vt 0.722103 0.934628
vt 0.723177 0.934629
vt 0.723278 0.935871
vt 0.367772 0.949841
vt 0.793608 0.951748
vt 0.724861 0.937406
vt 0.724156 0.938648
vt 0.724156 0.934628
vt 0.724861 0.935871
vt 0.368562 0.950631
vt 0.793608 0.950631
vt 0.113916 0.938648
vt 0.113278 0.937406
vt 0.113278 0.935871
vt 0.113916 0.934628
vt 0.626166 0.950631
vt 0.624818 0.951189
vt 0.625376 0.949841
vt 0.507128 0.937407
vt 0.507128 0.935872
vt 0.508798 0.935871
vt 0.508798 0.937406
vt 0.637696 0.951190
vt 0.636348 0.951748
vt 0.636348 0.950631
vt 0.507127 0.934629
vt 0.508159 0.934628
vt 0.507127 0.938648
vt 0.508159 0.938648
vt 0.637138 0.949841
vt 0.927905 0.691243
vt 0.927905 0.689708
vt 0.929575 0.689710
vt 0.929575 0.691245
vt 0.624258 0.949841
vt 0.928544 0.692484
vt 0.929576 0.692485
vt 0.928544 0.688465
vt 0.929576 0.688466
vt 0.931246 0.691243
vt 0.930609 0.692484
vt 0.930609 0.688465
vt 0.931246 0.689708
vt 0.623468 0.950631
vt 0.638256 0.949841
vt 0.479048 0.938648
vt 0.478410 0.937406
vt 0.480081 0.937405
vt 0.480081 0.938648
vt 0.478410 0.935870
vt 0.480081 0.935870
vt 0.623468 0.951748
vt 0.639046 0.950631
vt 0.479048 0.934629
vt 0.480081 0.934628
vt 0.639046 0.951748
vt 0.481751 0.935870
vt 0.481751 0.937406
vt 0.481113 0.938648
vt 0.624258 0.952539
vt 0.481113 0.934629
vt 0.638256 0.952539
vt 0.735043 0.937406
vt 0.735043 0.935871
vt 0.736780 0.935871
vt 0.736780 0.937406
vt 0.625376 0.952539
vt 0.735606 0.938648
vt 0.736680 0.938648
vt 0.735606 0.934628
vt 0.736680 0.934629
vt 0.637138 0.952539
vt 0.738363 0.935871
vt 0.738363 0.937406
vt 0.626166 0.951748
vt 0.737658 0.938648
vt 0.737658 0.934628
vt 0.505457 0.937406
vt 0.505457 0.935871
vt 0.506094 0.938648
vt 0.506094 0.934628
vt 0.430265 0.950631
vt 0.431614 0.951190
vt 0.430265 0.951749
vt 0.074379 0.937407
vt 0.074379 0.935872
vt 0.076049 0.935871
vt 0.076049 0.937406
vt 0.650577 0.951190
vt 0.649228 0.951748
vt 0.649228 0.950631
vt 0.074379 0.934629
vt 0.075411 0.934628
vt 0.074379 0.938648
vt 0.075411 0.938648
vt 0.928544 0.621471
vt 0.927905 0.620230
vt 0.929575 0.620232
vt 0.929576 0.621472
vt 0.927905 0.618695
vt 0.928544 0.617451
vt 0.929576 0.617452
vt 0.929575 0.618697
vt 0.650019 0.949841
vt 0.431055 0.952539
vt 0.931246 0.620230
vt 0.930609 0.621471
vt 0.930609 0.617451
vt 0.931246 0.618695
vt 0.432173 0.952539
vt 0.651136 0.949841
vt 0.032775 0.938648
vt 0.032138 0.937406
vt 0.033809 0.937405
vt 0.033808 0.938648
vt 0.032138 0.935870
vt 0.033809 0.935870
vt 0.032775 0.934629
vt 0.033808 0.934628
vt 0.651926 0.950631
vt 0.432963 0.951749
vt 0.651926 0.951748
vt 0.035479 0.935870
vt 0.035479 0.937406
vt 0.034840 0.938648
vt 0.034840 0.934629
vt 0.432963 0.950631
vt 0.651136 0.952539
vt 0.748546 0.937406
vt 0.748546 0.935871
vt 0.750283 0.935871
vt 0.750283 0.937406
vt 0.432173 0.949841
vt 0.749109 0.938648
vt 0.750182 0.938648
vt 0.749109 0.934629
vt 0.750182 0.934629
vt 0.650019 0.952539
vt 0.751866 0.935871
vt 0.751866 0.937406
vt 0.431055 0.949841
vt 0.751161 0.938648
vt 0.751161 0.934628
vt 0.072708 0.937406
vt 0.072708 0.935871
vt 0.073346 0.938648
vt 0.073346 0.934628
vt 0.087903 0.935872
vt 0.087902 0.934629
vt 0.088934 0.934628
vt 0.089573 0.935871
vt 0.087902 0.938648
vt 0.087903 0.937407
vt 0.089573 0.937406
vt 0.088934 0.938648
vt 0.379535 0.949841
vt 0.380093 0.951189
vt 0.378744 0.950631
vt 0.714977 0.951190
vt 0.713629 0.951748
vt 0.713629 0.950631
vt 0.928544 0.706687
vt 0.927905 0.705446
vt 0.929575 0.705448
vt 0.929576 0.706688
vt 0.927905 0.703911
vt 0.928544 0.702667
vt 0.929576 0.702668
vt 0.929575 0.703912
vt 0.714419 0.949841
vt 0.378744 0.951748
vt 0.930609 0.702667
vt 0.931246 0.703911
vt 0.931246 0.705446
vt 0.379535 0.952539
vt 0.715537 0.949841
vt 0.930609 0.706687
vt 0.927905 0.860134
vt 0.928543 0.858893
vt 0.929576 0.858893
vt 0.929576 0.860134
vt 0.716327 0.950631
vt 0.380652 0.952539
vt 0.928543 0.862912
vt 0.927905 0.861670
vt 0.929576 0.861669
vt 0.929576 0.862912
vt 0.931246 0.861670
vt 0.930608 0.862912
vt 0.930608 0.858893
vt 0.931246 0.860134
vt 0.716327 0.951748
vt 0.381442 0.951748
vt 0.573575 0.938648
vt 0.573011 0.937406
vt 0.574749 0.937406
vt 0.574648 0.938648
vt 0.573011 0.935871
vt 0.573575 0.934628
vt 0.574648 0.934629
vt 0.574749 0.935871
vt 0.715537 0.952539
vt 0.381442 0.950631
vt 0.576332 0.937406
vt 0.575627 0.938648
vt 0.575627 0.934628
vt 0.576332 0.935871
vt 0.714420 0.952539
vt 0.380652 0.949841
vt 0.086869 0.938648
vt 0.086231 0.937406
vt 0.086231 0.935871
vt 0.086869 0.934628
vt 0.627450 0.215119
vt 0.634902 0.215118
vt 0.634902 0.224972
vt 0.627450 0.224973
vt 0.818696 0.132694
vt 0.826149 0.132691
vt 0.826149 0.142039
vt 0.818696 0.142042
vt 0.836331 0.132700
vt 0.843784 0.132691
vt 0.843784 0.142026
vt 0.836331 0.142035
vt 0.556716 0.843548
vt 0.549264 0.843544
vt 0.549264 0.834196
vt 0.556716 0.834200
vt 0.327748 0.762586
vt 0.327748 0.773233
vt 0.317101 0.773233
vt 0.317101 0.762586
vt 0.544710 0.762213
vt 0.544710 0.772859
vt 0.534063 0.772859
vt 0.534063 0.762213
vt 0.452426 0.912617
vt 0.453609 0.912616
vt 0.453609 0.922864
vt 0.452426 0.922865
vt 0.633234 0.912617
vt 0.634417 0.912616
vt 0.634417 0.922338
vt 0.633234 0.922339
vt 0.690059 0.912618
vt 0.691242 0.912616
vt 0.691242 0.922325
vt 0.690059 0.922326
vt 0.668512 0.922339
vt 0.667329 0.922338
vt 0.667329 0.912616
vt 0.668512 0.912617
vt 0.249159 0.741456
vt 0.249159 0.752529
vt 0.238087 0.752529
vt 0.238087 0.741457
vt 0.754109 0.415794
vt 0.754109 0.426867
vt 0.743036 0.426867
vt 0.743036 0.415794
vt 0.441061 0.912617
vt 0.442244 0.912616
vt 0.442244 0.922864
vt 0.441061 0.922865
vt 0.644599 0.912617
vt 0.645782 0.912616
vt 0.645782 0.922338
vt 0.644599 0.922339
vt 0.678694 0.912618
vt 0.679877 0.912616
vt 0.679877 0.922325
vt 0.678694 0.922326
vt 0.657147 0.922339
vt 0.655964 0.922338
vt 0.655964 0.912616
vt 0.657147 0.912617
vt 0.767934 0.649140
vt 0.767934 0.660212
vt 0.756862 0.660212
vt 0.756862 0.649140
vt 0.580879 0.740245
vt 0.580879 0.751318
vt 0.569806 0.751318
vt 0.569806 0.740245
vt 0.929576 0.791902
vt 0.929576 0.790661
vt 0.931246 0.790660
vt 0.930608 0.791902
vt 0.392973 0.951191
vt 0.392415 0.952539
vt 0.391625 0.951748
vt 0.482576 0.949841
vt 0.483135 0.951189
vt 0.481786 0.950631
vt 0.929576 0.789126
vt 0.929576 0.787883
vt 0.930608 0.787882
vt 0.931246 0.789125
vt 0.927905 0.492407
vt 0.927905 0.490871
vt 0.929575 0.490873
vt 0.929575 0.492408
vt 0.928544 0.493647
vt 0.929576 0.493648
vt 0.928544 0.489628
vt 0.929576 0.489629
vt 0.391625 0.950631
vt 0.481786 0.951749
vt 0.931247 0.490871
vt 0.931247 0.492407
vt 0.930609 0.493647
vt 0.930609 0.489628
vt 0.392415 0.949841
vt 0.482576 0.952539
vt 0.262036 0.937406
vt 0.262036 0.935870
vt 0.263707 0.935870
vt 0.263707 0.937405
vt 0.262673 0.938648
vt 0.263706 0.938648
vt 0.262673 0.934629
vt 0.263706 0.934628
vt 0.393532 0.949841
vt 0.483694 0.952539
vt 0.265377 0.935870
vt 0.265377 0.937406
vt 0.264738 0.938648
vt 0.264738 0.934629
vt 0.394323 0.950631
vt 0.484484 0.951749
vt 0.654027 0.937406
vt 0.654027 0.935871
vt 0.655764 0.935871
vt 0.655764 0.937406
vt 0.654590 0.938648
vt 0.655664 0.938648
vt 0.654590 0.934629
vt 0.655664 0.934629
vt 0.394323 0.951749
vt 0.484484 0.950631
vt 0.657348 0.935871
vt 0.657348 0.937406
vt 0.656642 0.938648
vt 0.656642 0.934628
vt 0.393532 0.952539
vt 0.483694 0.949841
vt 0.927905 0.790660
vt 0.927905 0.789125
vt 0.928543 0.791902
vt 0.928543 0.787882
vt 0.277230 0.935872
vt 0.277230 0.934629
vt 0.278262 0.934628
vt 0.278900 0.935871
vt 0.277230 0.938648
vt 0.277230 0.937407
vt 0.278900 0.937406
vt 0.278262 0.938648
vt 0.495456 0.949841
vt 0.496015 0.951189
vt 0.494666 0.950631
vt 0.264172 0.951191
vt 0.264730 0.952539
vt 0.263613 0.952539
vt 0.262822 0.951749
vt 0.927905 0.506609
vt 0.927905 0.505074
vt 0.929575 0.505076
vt 0.929575 0.506611
vt 0.494666 0.951749
vt 0.928544 0.507850
vt 0.929576 0.507851
vt 0.928544 0.503831
vt 0.929576 0.503832
vt 0.495456 0.952539
vt 0.262822 0.950631
vt 0.931246 0.506609
vt 0.930609 0.507850
vt 0.930609 0.503831
vt 0.931246 0.505074
vt 0.289720 0.938648
vt 0.289083 0.937406
vt 0.290754 0.937405
vt 0.290753 0.938648
vt 0.263613 0.949841
vt 0.496574 0.952539
vt 0.289083 0.935870
vt 0.290754 0.935870
vt 0.289720 0.934629
vt 0.290753 0.934628
vt 0.292424 0.937406
vt 0.291785 0.938648
vt 0.291785 0.934629
vt 0.292424 0.935870
vt 0.264730 0.949841
vt 0.497364 0.951749
vt 0.843627 0.938648
vt 0.843064 0.937406
vt 0.844801 0.937406
vt 0.844700 0.938648
vt 0.843064 0.935871
vt 0.843627 0.934629
vt 0.844700 0.934629
vt 0.844801 0.935871
vt 0.265520 0.950631
vt 0.497364 0.950631
vt 0.846384 0.937406
vt 0.845679 0.938648
vt 0.845679 0.934628
vt 0.846384 0.935871
vt 0.265520 0.951748
vt 0.496574 0.949841
vt 0.276197 0.938648
vt 0.275559 0.937406
vt 0.275559 0.935871
vt 0.276197 0.934628
vt 0.664807 0.950631
vt 0.663458 0.951189
vt 0.664016 0.949841
vt 0.929576 0.804863
vt 0.929576 0.803328
vt 0.931246 0.803327
vt 0.931246 0.804862
vt 0.676337 0.951191
vt 0.675779 0.952539
vt 0.674989 0.951748
vt 0.929576 0.802085
vt 0.930608 0.802084
vt 0.929576 0.806104
vt 0.930608 0.806104
vt 0.674989 0.950631
vt 0.927905 0.435596
vt 0.927905 0.434061
vt 0.929575 0.434063
vt 0.929575 0.435598
vt 0.662899 0.949841
vt 0.928544 0.436837
vt 0.929576 0.436838
vt 0.928544 0.432817
vt 0.929576 0.432818
vt 0.931246 0.435596
vt 0.930609 0.436837
vt 0.930609 0.432817
vt 0.931246 0.434061
vt 0.662109 0.950631
vt 0.675779 0.949841
vt 0.303243 0.938648
vt 0.302606 0.937406
vt 0.304277 0.937405
vt 0.304276 0.938648
vt 0.302606 0.935870
vt 0.304277 0.935870
vt 0.662109 0.951748
vt 0.676897 0.949841
vt 0.303243 0.934629
vt 0.304276 0.934628
vt 0.677687 0.950631
vt 0.305947 0.935870
vt 0.305947 0.937406
vt 0.305308 0.938648
vt 0.662899 0.952539
vt 0.305308 0.934629
vt 0.677687 0.951748
vt 0.667530 0.937406
vt 0.667530 0.935871
vt 0.669267 0.935871
vt 0.669267 0.937406
vt 0.664016 0.952539
vt 0.668093 0.938648
vt 0.669167 0.938648
vt 0.668093 0.934629
vt 0.669167 0.934629
vt 0.676897 0.952539
vt 0.670850 0.935871
vt 0.670850 0.937406
vt 0.664807 0.951748
vt 0.670145 0.938648
vt 0.670145 0.934628
vt 0.927905 0.804862
vt 0.927905 0.803327
vt 0.928543 0.806104
vt 0.928543 0.802084
vt 0.754968 0.950631
vt 0.753619 0.951189
vt 0.754178 0.949841
vt 0.929576 0.776459
vt 0.929576 0.774924
vt 0.931246 0.774923
vt 0.931246 0.776458
vt 0.766500 0.951190
vt 0.767848 0.951748
vt 0.767058 0.952539
vt 0.929576 0.773681
vt 0.930608 0.773680
vt 0.929576 0.777700
vt 0.930608 0.777700
vt 0.928544 0.522053
vt 0.927905 0.520812
vt 0.929575 0.520814
vt 0.929576 0.522054
vt 0.927905 0.519277
vt 0.928544 0.518033
vt 0.929576 0.518034
vt 0.929575 0.519278
vt 0.765940 0.952539
vt 0.753060 0.949841
vt 0.931247 0.520812
vt 0.930609 0.522053
vt 0.930609 0.518033
vt 0.931247 0.519277
vt 0.752270 0.950631
vt 0.765150 0.951748
vt 0.316767 0.938648
vt 0.316129 0.937406
vt 0.317801 0.937405
vt 0.317800 0.938648
vt 0.316129 0.935870
vt 0.317801 0.935870
vt 0.316767 0.934629
vt 0.317800 0.934628
vt 0.765150 0.950631
vt 0.752270 0.951748
vt 0.765940 0.949841
vt 0.319471 0.935870
vt 0.319471 0.937406
vt 0.318832 0.938648
vt 0.318832 0.934629
vt 0.753060 0.952539
vt 0.767058 0.949841
vt 0.856566 0.937406
vt 0.856566 0.935871
vt 0.858303 0.935871
vt 0.858303 0.937406
vt 0.754178 0.952539
vt 0.857129 0.938648
vt 0.858203 0.938648
vt 0.857129 0.934629
vt 0.858203 0.934629
vt 0.767848 0.950631
vt 0.859887 0.935871
vt 0.859887 0.937406
vt 0.754968 0.951748
vt 0.859181 0.938648
vt 0.859181 0.934628
vt 0.927905 0.776458
vt 0.927905 0.774923
vt 0.928543 0.777700
vt 0.928543 0.773680
vt 0.929576 0.817530
vt 0.929576 0.816287
vt 0.930608 0.816286
vt 0.931246 0.817529
vt 0.929576 0.820306
vt 0.929576 0.819065
vt 0.931246 0.819064
vt 0.930608 0.820306
vt 0.832249 0.950631
vt 0.830901 0.951190
vt 0.831459 0.949841
vt 0.508895 0.951190
vt 0.507546 0.951749
vt 0.507546 0.950631
vt 0.928544 0.749295
vt 0.927905 0.748054
vt 0.929575 0.748056
vt 0.929576 0.749296
vt 0.927905 0.746519
vt 0.928544 0.745275
vt 0.929576 0.745276
vt 0.929575 0.746520
vt 0.508337 0.949841
vt 0.830341 0.949841
vt 0.930609 0.745275
vt 0.931246 0.746519
vt 0.931246 0.748054
vt 0.829551 0.950631
vt 0.509454 0.949841
vt 0.930609 0.749295
vt 0.329653 0.935870
vt 0.330290 0.934629
vt 0.331323 0.934628
vt 0.331324 0.935870
vt 0.510244 0.950631
vt 0.829551 0.951749
vt 0.330290 0.938648
vt 0.329653 0.937406
vt 0.331324 0.937405
vt 0.331323 0.938648
vt 0.332994 0.937406
vt 0.332355 0.938648
vt 0.332355 0.934629
vt 0.332994 0.935870
vt 0.510244 0.951749
vt 0.830341 0.952539
vt 0.587077 0.938648
vt 0.586514 0.937406
vt 0.588251 0.937406
vt 0.588151 0.938648
vt 0.586514 0.935871
vt 0.587077 0.934629
vt 0.588151 0.934629
vt 0.588251 0.935871
vt 0.509454 0.952539
vt 0.831459 0.952539
vt 0.589835 0.937406
vt 0.589129 0.938648
vt 0.589129 0.934628
vt 0.589835 0.935871
vt 0.508337 0.952539
vt 0.832249 0.951749
vt 0.928543 0.820306
vt 0.927905 0.819064
vt 0.927905 0.817529
vt 0.928543 0.816286
vt 0.718549 0.261901
vt 0.726830 0.261899
vt 0.726830 0.271740
vt 0.718549 0.271742
vt 0.760113 0.589999
vt 0.768394 0.589992
vt 0.768394 0.599047
vt 0.760113 0.599053
vt 0.238087 0.812783
vt 0.246368 0.812768
vt 0.246368 0.821803
vt 0.238087 0.821819
vt 0.808514 0.141752
vt 0.800233 0.141745
vt 0.800233 0.132691
vt 0.808514 0.132697
vt 0.353918 0.717972
vt 0.353918 0.729801
vt 0.342088 0.729801
vt 0.342088 0.717972
vt 0.534063 0.718946
vt 0.545893 0.718946
vt 0.545893 0.730776
vt 0.534063 0.730776
vt 0.463791 0.912617
vt 0.464974 0.912616
vt 0.464974 0.922850
vt 0.463791 0.922851
vt 0.781426 0.912617
vt 0.782609 0.912616
vt 0.782609 0.922033
vt 0.781426 0.922034
vt 0.826887 0.912619
vt 0.828070 0.912616
vt 0.828070 0.922013
vt 0.826887 0.922015
vt 0.805340 0.922034
vt 0.804157 0.922033
vt 0.804157 0.912616
vt 0.805340 0.912617
vt 0.582109 0.691431
vt 0.582109 0.703734
vt 0.569806 0.703734
vt 0.569806 0.691431
vt 0.534063 0.696461
vt 0.546366 0.696461
vt 0.546366 0.708764
vt 0.534063 0.708764
vt 0.475156 0.912617
vt 0.476339 0.912617
vt 0.476339 0.922851
vt 0.475156 0.922851
vt 0.792792 0.912617
vt 0.793975 0.912616
vt 0.793975 0.922033
vt 0.792792 0.922034
vt 0.838252 0.912619
vt 0.839435 0.912616
vt 0.839435 0.922013
vt 0.838252 0.922015
vt 0.816705 0.922034
vt 0.815522 0.922033
vt 0.815522 0.912616
vt 0.816705 0.912617
vt 0.303843 0.704044
vt 0.291540 0.704044
vt 0.291540 0.691741
vt 0.303843 0.691742
vt 0.329404 0.692517
vt 0.329404 0.704820
vt 0.317101 0.704820
vt 0.317101 0.692517
vt 0.344847 0.938648
vt 0.344847 0.937407
vt 0.346517 0.937406
vt 0.345879 0.938648
vt 0.805139 0.951190
vt 0.803791 0.951748
vt 0.803791 0.950631
vt 0.523125 0.950631
vt 0.521776 0.951190
vt 0.522334 0.949841
vt 0.344847 0.935872
vt 0.344847 0.934629
vt 0.345879 0.934628
vt 0.346517 0.935871
vt 0.927905 0.634433
vt 0.927905 0.632898
vt 0.929575 0.632899
vt 0.929575 0.634435
vt 0.928544 0.635674
vt 0.929576 0.635675
vt 0.928544 0.631654
vt 0.929576 0.631655
vt 0.804581 0.949841
vt 0.521217 0.949841
vt 0.931246 0.632898
vt 0.931246 0.634433
vt 0.930609 0.635674
vt 0.930609 0.631654
vt 0.805698 0.949841
vt 0.520426 0.950631
vt 0.099755 0.937406
vt 0.099755 0.935870
vt 0.101426 0.935870
vt 0.101426 0.937405
vt 0.100392 0.938648
vt 0.101425 0.938648
vt 0.100392 0.934629
vt 0.101425 0.934628
vt 0.806489 0.950631
vt 0.520426 0.951749
vt 0.103096 0.935870
vt 0.103096 0.937406
vt 0.102457 0.938648
vt 0.102457 0.934629
vt 0.806489 0.951748
vt 0.521217 0.952539
vt 0.816058 0.937406
vt 0.816058 0.935871
vt 0.817796 0.935871
vt 0.817796 0.937406
vt 0.816622 0.938648
vt 0.817695 0.938648
vt 0.816622 0.934628
vt 0.817695 0.934629
vt 0.805698 0.952539
vt 0.522334 0.952539
vt 0.819379 0.935871
vt 0.819379 0.937406
vt 0.818674 0.938648
vt 0.818674 0.934628
vt 0.804581 0.952539
vt 0.523125 0.951748
vt 0.343176 0.937406
vt 0.343176 0.935871
vt 0.343814 0.938648
vt 0.343814 0.934628
vt 0.929577 0.874338
vt 0.929576 0.873095
vt 0.930608 0.873094
vt 0.931247 0.874337
vt 0.929576 0.877114
vt 0.929577 0.875873
vt 0.931247 0.875873
vt 0.930608 0.877114
vt 0.689777 0.949841
vt 0.689218 0.951189
vt 0.688659 0.949841
vt 0.238410 0.951190
vt 0.237062 0.951749
vt 0.237062 0.950631
vt 0.237852 0.949841
vt 0.927905 0.535015
vt 0.927905 0.533479
vt 0.929575 0.533481
vt 0.929575 0.535016
vt 0.687869 0.950631
vt 0.928544 0.536255
vt 0.929576 0.536256
vt 0.928544 0.532236
vt 0.929576 0.532237
vt 0.687869 0.951748
vt 0.238970 0.949841
vt 0.931246 0.535015
vt 0.930609 0.536255
vt 0.930609 0.532236
vt 0.931246 0.533479
vt 0.357337 0.938648
vt 0.356699 0.937406
vt 0.358371 0.937405
vt 0.358370 0.938648
vt 0.239760 0.950631
vt 0.688659 0.952539
vt 0.356699 0.935870
vt 0.358371 0.935870
vt 0.357337 0.934629
vt 0.358370 0.934628
vt 0.360041 0.937406
vt 0.359402 0.938648
vt 0.359402 0.934629
vt 0.360041 0.935870
vt 0.239760 0.951749
vt 0.689777 0.952539
vt 0.600580 0.938648
vt 0.600017 0.937406
vt 0.601754 0.937406
vt 0.601654 0.938648
vt 0.600017 0.935871
vt 0.600580 0.934629
vt 0.601654 0.934629
vt 0.601754 0.935871
vt 0.238970 0.952539
vt 0.690567 0.951748
vt 0.603337 0.937406
vt 0.602632 0.938648
vt 0.602632 0.934628
vt 0.603337 0.935871
vt 0.237852 0.952539
vt 0.690567 0.950631
vt 0.928543 0.877114
vt 0.927905 0.875873
vt 0.927905 0.874337
vt 0.928543 0.873094
vt 0.701539 0.949841
vt 0.702098 0.951189
vt 0.700749 0.950631
vt 0.371894 0.937407
vt 0.371894 0.935872
vt 0.373564 0.935871
vt 0.373564 0.937406
vt 0.818019 0.951190
vt 0.816671 0.951748
vt 0.816671 0.950631
vt 0.371893 0.934629
vt 0.372926 0.934628
vt 0.371893 0.938648
vt 0.372926 0.938648
vt 0.817461 0.949841
vt 0.927905 0.719649
vt 0.927905 0.718113
vt 0.929575 0.718115
vt 0.929575 0.719650
vt 0.700749 0.951748
vt 0.928544 0.720889
vt 0.929576 0.720890
vt 0.928544 0.716870
vt 0.929576 0.716871
vt 0.931246 0.719649
vt 0.930609 0.720889
vt 0.930609 0.716870
vt 0.931246 0.718113
vt 0.701539 0.952539
vt 0.818579 0.949841
vt 0.384384 0.938648
vt 0.383746 0.937406
vt 0.385418 0.937405
vt 0.385417 0.938648
vt 0.383746 0.935870
vt 0.385418 0.935870
vt 0.702657 0.952539
vt 0.819369 0.950631
vt 0.384384 0.934629
vt 0.385417 0.934628
vt 0.819369 0.951748
vt 0.387088 0.935870
vt 0.387088 0.937406
vt 0.386449 0.938648
vt 0.703447 0.951748
vt 0.386449 0.934629
vt 0.818579 0.952539
vt 0.532504 0.937406
vt 0.532504 0.935871
vt 0.534241 0.935871
vt 0.534241 0.937406
vt 0.703447 0.950631
vt 0.533067 0.938648
vt 0.534140 0.938648
vt 0.533067 0.934629
vt 0.534140 0.934629
vt 0.817461 0.952539
vt 0.535824 0.935871
vt 0.535824 0.937406
vt 0.702657 0.949841
vt 0.535119 0.938648
vt 0.535119 0.934628
vt 0.370223 0.937406
vt 0.370223 0.935871
vt 0.370860 0.938648
vt 0.370860 0.934628
vt 0.290491 0.949841
vt 0.289932 0.951189
vt 0.289373 0.949841
vt 0.929577 0.833267
vt 0.929577 0.831732
vt 0.931247 0.831731
vt 0.931247 0.833266
vt 0.843779 0.951190
vt 0.842431 0.951749
vt 0.842431 0.950631
vt 0.929576 0.830489
vt 0.930608 0.830488
vt 0.929576 0.834508
vt 0.930608 0.834508
vt 0.928544 0.735092
vt 0.927905 0.733851
vt 0.929575 0.733853
vt 0.929576 0.735093
vt 0.927905 0.732316
vt 0.928544 0.731072
vt 0.929576 0.731073
vt 0.929575 0.732318
vt 0.843221 0.949841
vt 0.288583 0.950631
vt 0.931247 0.733851
vt 0.930609 0.735092
vt 0.930609 0.731072
vt 0.931247 0.732316
vt 0.288583 0.951748
vt 0.844339 0.949841
vt 0.397907 0.938648
vt 0.397270 0.937406
vt 0.398941 0.937405
vt 0.398940 0.938648
vt 0.397270 0.935870
vt 0.398941 0.935870
vt 0.397907 0.934629
vt 0.398940 0.934628
vt 0.845129 0.950631
vt 0.289373 0.952539
vt 0.845129 0.951749
vt 0.400611 0.935870
vt 0.400611 0.937406
vt 0.399972 0.938648
vt 0.399972 0.934629
vt 0.290491 0.952539
vt 0.844339 0.952539
vt 0.829561 0.937406
vt 0.829561 0.935871
vt 0.831298 0.935871
vt 0.831298 0.937406
vt 0.291281 0.951749
vt 0.830124 0.938648
vt 0.831198 0.938648
vt 0.830124 0.934629
vt 0.831198 0.934629
vt 0.843221 0.952539
vt 0.832881 0.935871
vt 0.832881 0.937406
vt 0.291281 0.950631
vt 0.832176 0.938648
vt 0.832176 0.934628
vt 0.927905 0.833266
vt 0.927905 0.831731
vt 0.928543 0.834508
vt 0.928543 0.830488
vt 0.128473 0.935872
vt 0.128472 0.934629
vt 0.129504 0.934628
vt 0.130143 0.935871
vt 0.128472 0.938648
vt 0.128473 0.937407
vt 0.130143 0.937406
vt 0.129504 0.938648
vt 0.779938 0.949841
vt 0.779380 0.951189
vt 0.778821 0.949841
vt 0.405853 0.951190
vt 0.404505 0.951748
vt 0.404505 0.950631
vt 0.928544 0.550458
vt 0.927905 0.549217
vt 0.929575 0.549219
vt 0.929576 0.550459
vt 0.927905 0.547682
vt 0.928544 0.546438
vt 0.929576 0.546439
vt 0.929575 0.547683
vt 0.405295 0.949841
vt 0.778030 0.950631
vt 0.930609 0.546438
vt 0.931247 0.547682
vt 0.931247 0.549217
vt 0.778030 0.951748
vt 0.406413 0.949841
vt 0.930609 0.550458
vt 0.410793 0.935870
vt 0.411431 0.934629
vt 0.412464 0.934628
vt 0.412464 0.935870
vt 0.407203 0.950631
vt 0.778821 0.952539
vt 0.411431 0.938648
vt 0.410793 0.937406
vt 0.412464 0.937405
vt 0.412464 0.938648
vt 0.414134 0.937406
vt 0.413496 0.938648
vt 0.413496 0.934629
vt 0.414134 0.935870
vt 0.407203 0.951748
vt 0.779938 0.952539
vt 0.614082 0.938648
vt 0.613519 0.937406
vt 0.615257 0.937406
vt 0.615156 0.938648
vt 0.613519 0.935871
vt 0.614082 0.934629
vt 0.615156 0.934629
vt 0.615257 0.935871
vt 0.406413 0.952539
vt 0.780728 0.951748
vt 0.616840 0.937406
vt 0.616135 0.938648
vt 0.616135 0.934628
vt 0.616840 0.935871
vt 0.405295 0.952539
vt 0.780728 0.950631
vt 0.127439 0.938648
vt 0.126802 0.937406
vt 0.126802 0.935871
vt 0.127439 0.934628
vt 0.902730 0.261845
vt 0.901547 0.261844
vt 0.901542 0.258765
vt 0.902725 0.258765
vt 0.810284 0.762563
vt 0.812553 0.762550
vt 0.812553 0.781476
vt 0.810284 0.781489
vt 0.641172 0.081570
vt 0.641172 0.065600
vt 0.645163 0.065599
vt 0.645163 0.081569
vt 0.650149 0.429988
vt 0.650149 0.416975
vt 0.651480 0.416976
vt 0.651480 0.429989
vt 0.857486 0.342194
vt 0.856838 0.342194
vt 0.856838 0.323267
vt 0.857486 0.323267
vt 0.648083 0.065596
vt 0.648083 0.081567
vt 0.050226 0.862183
vt 0.049579 0.862183
vt 0.049579 0.843255
vt 0.050226 0.843255
vt 0.358499 0.900293
vt 0.357316 0.900292
vt 0.357321 0.896095
vt 0.358504 0.896095
vt 0.342088 0.668031
vt 0.342088 0.652061
vt 0.346079 0.652063
vt 0.346079 0.668033
vt 0.889964 0.295225
vt 0.889964 0.282212
vt 0.891502 0.282212
vt 0.891502 0.295225
vt 0.902725 0.270244
vt 0.901542 0.270243
vt 0.901547 0.266045
vt 0.902730 0.266046
vt 0.350073 0.652061
vt 0.350073 0.668031
vt 0.913336 0.776426
vt 0.914518 0.776426
vt 0.914519 0.780626
vt 0.913337 0.780626
vt 0.155916 0.991975
vt 0.156599 0.991952
vt 0.156599 0.994418
vt 0.155916 0.994441
vt 0.353001 0.652054
vt 0.353001 0.668024
vt 0.034922 0.877574
vt 0.033739 0.877574
vt 0.033736 0.874502
vt 0.034919 0.874502
vt 0.812054 0.878057
vt 0.810871 0.878057
vt 0.810868 0.874986
vt 0.812051 0.874986
vt 0.738695 0.665111
vt 0.738695 0.649141
vt 0.742688 0.649140
vt 0.742688 0.665110
vt 0.813136 0.811985
vt 0.810869 0.811858
vt 0.810869 0.793080
vt 0.813136 0.793207
vt 0.113080 0.994436
vt 0.112370 0.994436
vt 0.112370 0.991951
vt 0.113080 0.991951
vt 0.746680 0.649141
vt 0.746680 0.665111
vt 0.358504 0.891894
vt 0.357321 0.891893
vt 0.357316 0.888814
vt 0.358499 0.888815
vt 0.890177 0.248582
vt 0.890177 0.235570
vt 0.891705 0.235570
vt 0.891705 0.248582
vt 0.645747 0.225387
vt 0.645747 0.209417
vt 0.648977 0.209417
vt 0.648977 0.225387
vt 0.648817 0.429989
vt 0.648817 0.416976
vt 0.812055 0.882256
vt 0.810872 0.882256
vt 0.653064 0.209418
vt 0.653064 0.225388
vt 0.913336 0.795007
vt 0.914518 0.795007
vt 0.914519 0.799208
vt 0.913337 0.799208
vt 0.134976 0.950610
vt 0.136307 0.949841
vt 0.137639 0.950610
vt 0.137639 0.952147
vt 0.136307 0.952916
vt 0.134976 0.952147
vt 0.656912 0.209417
vt 0.656912 0.225387
vt 0.232385 0.628516
vt 0.235964 0.630583
vt 0.238031 0.634163
vt 0.238031 0.638296
vt 0.235964 0.641876
vt 0.232385 0.643942
vt 0.228251 0.643942
vt 0.224672 0.641876
vt 0.222605 0.638296
vt 0.222605 0.634163
vt 0.224672 0.630583
vt 0.228251 0.628516
vt 0.824297 0.519656
vt 0.826564 0.519956
vt 0.826564 0.538043
vt 0.824297 0.537743
vt 0.634253 0.081567
vt 0.634253 0.065596
vt 0.637178 0.065599
vt 0.637178 0.081569
vt 0.914518 0.784825
vt 0.913336 0.784825
vt 0.272805 0.641609
vt 0.269225 0.643675
vt 0.265092 0.643675
vt 0.261512 0.641609
vt 0.259446 0.638029
vt 0.259446 0.633896
vt 0.261512 0.630316
vt 0.265092 0.628249
vt 0.269225 0.628249
vt 0.272805 0.630316
vt 0.274871 0.633896
vt 0.274871 0.638029
vt 0.005092 0.887257
vt 0.006275 0.887257
vt 0.006274 0.890654
vt 0.005091 0.890654
vt 0.316801 0.877625
vt 0.316801 0.864612
vt 0.318134 0.864613
vt 0.318134 0.877625
vt 0.034923 0.881772
vt 0.033740 0.881772
vt 0.006274 0.894953
vt 0.005091 0.894953
vt 0.861500 0.781478
vt 0.860853 0.781478
vt 0.860853 0.762550
vt 0.861500 0.762551
vt 0.178324 0.994442
vt 0.177646 0.994415
vt 0.177646 0.991951
vt 0.178324 0.991979
vt 0.006275 0.899001
vt 0.005092 0.899001
vt 0.373872 0.585581
vt 0.377637 0.583407
vt 0.381985 0.583407
vt 0.385750 0.585581
vt 0.387924 0.589346
vt 0.387924 0.593693
vt 0.385750 0.597459
vt 0.381985 0.599633
vt 0.377637 0.599633
vt 0.373872 0.597459
vt 0.371698 0.593693
vt 0.371698 0.589346
vt 0.857294 0.210942
vt 0.856646 0.210941
vt 0.856646 0.192014
vt 0.857294 0.192015
vt 0.812051 0.889533
vt 0.810868 0.889533
vt 0.810871 0.886456
vt 0.812054 0.886456
vt 0.914518 0.803406
vt 0.913336 0.803406
vt 0.110293 0.613143
vt 0.110293 0.617491
vt 0.108119 0.621256
vt 0.104354 0.623430
vt 0.100006 0.623430
vt 0.096241 0.621256
vt 0.094067 0.617491
vt 0.094067 0.613143
vt 0.096241 0.609378
vt 0.100006 0.607204
vt 0.104354 0.607204
vt 0.108119 0.609378
vt 0.898134 0.822367
vt 0.899317 0.822367
vt 0.899317 0.825765
vt 0.898134 0.825765
vt 0.319465 0.864612
vt 0.319465 0.877625
vt 0.124793 0.950610
vt 0.124793 0.952147
vt 0.123462 0.952916
vt 0.122130 0.952147
vt 0.122130 0.950610
vt 0.123462 0.949841
vt 0.899317 0.830063
vt 0.898134 0.830063
vt 0.101478 0.991952
vt 0.102188 0.991951
vt 0.102188 0.994436
vt 0.101478 0.994436
vt 0.484060 0.566028
vt 0.483411 0.566028
vt 0.483411 0.547101
vt 0.484060 0.547101
vt 0.899317 0.834111
vt 0.898134 0.834111
vt 0.534063 0.812569
vt 0.536330 0.812269
vt 0.536330 0.830356
vt 0.534063 0.830656
vt 0.607501 0.245856
vt 0.607501 0.241509
vt 0.609674 0.237743
vt 0.613440 0.235570
vt 0.617787 0.235570
vt 0.621552 0.237743
vt 0.623726 0.241509
vt 0.623726 0.245856
vt 0.621553 0.249622
vt 0.617787 0.251795
vt 0.613440 0.251795
vt 0.609674 0.249622
vt 0.034919 0.889050
vt 0.033736 0.889050
vt 0.033739 0.885973
vt 0.034922 0.885973
vt 0.134853 0.994438
vt 0.134154 0.994428
vt 0.134154 0.991952
vt 0.134853 0.991961
vt 0.005739 0.850745
vt 0.005091 0.850745
vt 0.005091 0.831817
vt 0.005739 0.831817
vt 0.540002 0.596558
vt 0.544350 0.596558
vt 0.548115 0.598732
vt 0.550289 0.602497
vt 0.550289 0.606844
vt 0.548115 0.610610
vt 0.544350 0.612783
vt 0.540002 0.612783
vt 0.536237 0.610610
vt 0.534063 0.606844
vt 0.534063 0.602497
vt 0.536237 0.598732
vt 0.410396 0.992000
vt 0.411048 0.991951
vt 0.411048 0.994398
vt 0.410396 0.994447
vt 0.590102 0.814609
vt 0.592371 0.814937
vt 0.592371 0.832848
vt 0.590102 0.832520
vt 0.201089 0.814104
vt 0.203358 0.813777
vt 0.203358 0.831688
vt 0.201089 0.832015
vt 0.860668 0.152256
vt 0.861316 0.152256
vt 0.861316 0.171183
vt 0.860668 0.171184
vt 0.475768 0.994458
vt 0.475182 0.994360
vt 0.475182 0.991951
vt 0.475768 0.992049
vt 0.413187 0.833646
vt 0.413835 0.833646
vt 0.413835 0.852574
vt 0.413187 0.852574
vt 0.507485 0.992049
vt 0.508071 0.991951
vt 0.508071 0.994360
vt 0.507485 0.994458
vt 0.857988 0.020874
vt 0.855723 0.020263
vt 0.855723 0.005091
vt 0.857988 0.005702
vt 0.094067 0.844351
vt 0.096335 0.843656
vt 0.096335 0.857452
vt 0.094067 0.858146
vt 0.635078 0.682932
vt 0.635726 0.682932
vt 0.635726 0.701859
vt 0.635078 0.701859
vt 0.443441 0.994456
vt 0.442844 0.994366
vt 0.442844 0.991952
vt 0.443441 0.992042
vt 0.859179 0.649140
vt 0.859827 0.649140
vt 0.859827 0.668067
vt 0.859179 0.668068
vt 0.453623 0.992042
vt 0.454221 0.991952
vt 0.454221 0.994366
vt 0.453623 0.994456
vt 0.854722 0.689483
vt 0.856987 0.688893
vt 0.856987 0.704344
vt 0.854722 0.704933
vt 0.813136 0.839243
vt 0.810868 0.838755
vt 0.810868 0.822167
vt 0.813136 0.822656
vt 0.414375 0.892165
vt 0.413192 0.892165
vt 0.413187 0.889085
vt 0.414370 0.889086
vt 0.810453 0.408686
vt 0.812722 0.408673
vt 0.812722 0.427599
vt 0.810453 0.427612
vt 0.496094 0.651685
vt 0.496094 0.635715
vt 0.500085 0.635714
vt 0.500085 0.651684
vt 0.535396 0.879411
vt 0.535396 0.866399
vt 0.536727 0.866399
vt 0.536727 0.879412
vt 0.859702 0.507108
vt 0.859054 0.507108
vt 0.859054 0.488180
vt 0.859702 0.488181
vt 0.503005 0.635711
vt 0.503005 0.651681
vt 0.862127 0.087006
vt 0.861480 0.087006
vt 0.861480 0.068078
vt 0.862127 0.068079
vt 0.290679 0.900322
vt 0.289496 0.900321
vt 0.289501 0.896124
vt 0.290684 0.896124
vt 0.259446 0.669834
vt 0.259446 0.653864
vt 0.263436 0.653866
vt 0.263436 0.669836
vt 0.720551 0.891399
vt 0.720551 0.878387
vt 0.722089 0.878387
vt 0.722089 0.891399
vt 0.414370 0.900564
vt 0.413187 0.900564
vt 0.413192 0.896366
vt 0.414375 0.896367
vt 0.267431 0.653864
vt 0.267431 0.669834
vt 0.913335 0.813588
vt 0.914518 0.813588
vt 0.914519 0.817789
vt 0.913336 0.817789
vt 0.166781 0.991975
vt 0.167464 0.991952
vt 0.167464 0.994418
vt 0.166781 0.994441
vt 0.270358 0.653857
vt 0.270358 0.669827
vt 0.883223 0.878511
vt 0.882040 0.878511
vt 0.882037 0.875440
vt 0.883220 0.875440
vt 0.871854 0.878097
vt 0.870671 0.878097
vt 0.870668 0.875026
vt 0.871851 0.875026
vt 0.439388 0.749552
vt 0.439388 0.733582
vt 0.443381 0.733581
vt 0.443381 0.749551
vt 0.813180 0.090533
vt 0.810913 0.090405
vt 0.810913 0.071627
vt 0.813180 0.071755
vt 0.091296 0.994436
vt 0.090586 0.994436
vt 0.090586 0.991951
vt 0.091296 0.991952
vt 0.447373 0.733582
vt 0.447373 0.749552
vt 0.290684 0.891923
vt 0.289501 0.891922
vt 0.289496 0.888843
vt 0.290679 0.888844
vt 0.184182 0.891624
vt 0.184182 0.878612
vt 0.185710 0.878612
vt 0.185710 0.891624
vt 0.049579 0.660916
vt 0.049579 0.644946
vt 0.052809 0.644946
vt 0.052809 0.660916
vt 0.534063 0.879412
vt 0.534063 0.866399
vt 0.871855 0.882296
vt 0.870672 0.882296
vt 0.056896 0.644947
vt 0.056896 0.660917
vt 0.913335 0.832169
vt 0.914518 0.832169
vt 0.914519 0.836370
vt 0.913336 0.836370
vt 0.109284 0.950610
vt 0.110616 0.949841
vt 0.111948 0.950610
vt 0.111948 0.952147
vt 0.110616 0.952916
vt 0.109284 0.952147
vt 0.060744 0.644946
vt 0.060744 0.660916
vt 0.344155 0.628513
vt 0.347735 0.626446
vt 0.351868 0.626446
vt 0.355448 0.628513
vt 0.357514 0.632092
vt 0.357514 0.636226
vt 0.355448 0.639805
vt 0.351868 0.641872
vt 0.347735 0.641872
vt 0.344155 0.639805
vt 0.342088 0.636226
vt 0.342088 0.632092
vt 0.828542 0.688893
vt 0.830809 0.689192
vt 0.830809 0.707280
vt 0.828542 0.706980
vt 0.489175 0.651681
vt 0.489175 0.635711
vt 0.492100 0.635714
vt 0.492100 0.651684
vt 0.914518 0.821987
vt 0.913335 0.821987
vt 0.107426 0.646971
vt 0.103847 0.649038
vt 0.099713 0.649038
vt 0.096134 0.646971
vt 0.094067 0.643392
vt 0.094067 0.639259
vt 0.096134 0.635679
vt 0.099713 0.633612
vt 0.103847 0.633612
vt 0.107426 0.635679
vt 0.109493 0.639258
vt 0.109493 0.643392
vt 0.898449 0.579325
vt 0.899632 0.579325
vt 0.899631 0.582722
vt 0.898448 0.582722
vt 0.609541 0.879643
vt 0.609541 0.866630
vt 0.610873 0.866631
vt 0.610873 0.879644
vt 0.883224 0.882710
vt 0.882041 0.882710
vt 0.899631 0.587021
vt 0.898448 0.587021
vt 0.861669 0.427600
vt 0.861022 0.427600
vt 0.861022 0.408673
vt 0.861669 0.408673
vt 0.189184 0.994442
vt 0.188506 0.994415
vt 0.188506 0.991952
vt 0.189184 0.991979
vt 0.899632 0.591069
vt 0.898449 0.591069
vt 0.005091 0.602724
vt 0.007265 0.598959
vt 0.011030 0.596785
vt 0.015378 0.596785
vt 0.019143 0.598959
vt 0.021317 0.602724
vt 0.021317 0.607072
vt 0.019143 0.610837
vt 0.015378 0.613011
vt 0.011030 0.613011
vt 0.007265 0.610837
vt 0.005091 0.607072
vt 0.857378 0.459722
vt 0.856730 0.459722
vt 0.856730 0.440794
vt 0.857378 0.440795
vt 0.871851 0.889574
vt 0.870668 0.889574
vt 0.870671 0.886496
vt 0.871854 0.886496
vt 0.914518 0.840568
vt 0.913335 0.840568
vt 0.261619 0.604015
vt 0.265385 0.601842
vt 0.269732 0.601842
vt 0.273497 0.604015
vt 0.275671 0.607781
vt 0.275671 0.612128
vt 0.273497 0.615893
vt 0.269732 0.618067
vt 0.265385 0.618067
vt 0.261619 0.615893
vt 0.259446 0.612128
vt 0.259446 0.607781
vt 0.898444 0.604885
vt 0.899627 0.604885
vt 0.899626 0.608283
vt 0.898443 0.608283
vt 0.612205 0.866630
vt 0.612205 0.879643
vt 0.149153 0.952916
vt 0.147821 0.952147
vt 0.147821 0.950610
vt 0.149153 0.949841
vt 0.150485 0.950610
vt 0.150485 0.952147
vt 0.899626 0.612582
vt 0.898443 0.612582
vt 0.123262 0.991951
vt 0.123971 0.991951
vt 0.123971 0.994435
vt 0.123262 0.994436
vt 0.236038 0.696247
vt 0.235390 0.696247
vt 0.235390 0.677319
vt 0.236038 0.677319
vt 0.899627 0.616630
vt 0.898444 0.616630
vt 0.609541 0.812800
vt 0.611807 0.812501
vt 0.611807 0.830588
vt 0.609541 0.830887
vt 0.236657 0.616160
vt 0.232892 0.618334
vt 0.228544 0.618334
vt 0.224779 0.616160
vt 0.222605 0.612395
vt 0.222605 0.608047
vt 0.224779 0.604282
vt 0.228544 0.602108
vt 0.232892 0.602108
vt 0.236657 0.604282
vt 0.238831 0.608047
vt 0.238831 0.612395
vt 0.883220 0.889988
vt 0.882037 0.889988
vt 0.882040 0.886910
vt 0.883223 0.886910
vt 0.145734 0.994438
vt 0.145035 0.994428
vt 0.145035 0.991951
vt 0.145734 0.991961
vt 0.753133 0.834946
vt 0.752485 0.834946
vt 0.752485 0.816018
vt 0.753133 0.816018
vt 0.344262 0.602212
vt 0.348027 0.600038
vt 0.352375 0.600038
vt 0.356140 0.602212
vt 0.358314 0.605977
vt 0.358314 0.610325
vt 0.356140 0.614090
vt 0.352375 0.616264
vt 0.348027 0.616264
vt 0.344262 0.614090
vt 0.342088 0.610325
vt 0.342088 0.605977
vt 0.421230 0.992000
vt 0.421882 0.991951
vt 0.421882 0.994398
vt 0.421230 0.994446
vt 0.466870 0.814170
vt 0.469138 0.814498
vt 0.469138 0.832409
vt 0.466870 0.832081
vt 0.763495 0.815018
vt 0.765763 0.814691
vt 0.765763 0.832602
vt 0.763495 0.832929
vt 0.859626 0.548686
vt 0.860274 0.548686
vt 0.860274 0.567613
vt 0.859626 0.567614
vt 0.497303 0.994458
vt 0.496718 0.994361
vt 0.496718 0.991952
vt 0.497303 0.992049
vt 0.856383 0.376036
vt 0.857031 0.376036
vt 0.857031 0.394963
vt 0.856383 0.394964
vt 0.485950 0.992049
vt 0.486535 0.991951
vt 0.486535 0.994360
vt 0.485950 0.994458
vt 0.858402 0.052113
vt 0.856137 0.051502
vt 0.856137 0.036330
vt 0.858402 0.036940
vt 0.303847 0.844289
vt 0.306115 0.843595
vt 0.306115 0.857391
vt 0.303847 0.858085
vt 0.330241 0.814655
vt 0.330889 0.814654
vt 0.330889 0.833582
vt 0.330241 0.833582
vt 0.432662 0.994456
vt 0.432064 0.994366
vt 0.432064 0.991951
vt 0.432662 0.992042
vt 0.859512 0.098306
vt 0.860160 0.098306
vt 0.860160 0.117233
vt 0.859512 0.117233
vt 0.464403 0.992042
vt 0.465000 0.991951
vt 0.465000 0.994366
vt 0.464403 0.994456
vt 0.854534 0.236160
vt 0.856799 0.235570
vt 0.856799 0.251021
vt 0.854534 0.251610
vt 0.848872 0.505256
vt 0.846604 0.504768
vt 0.846604 0.488180
vt 0.848872 0.488669
vt 0.434196 0.966017
vt 0.434196 0.965067
vt 0.435230 0.965066
vt 0.435230 0.966017
vt 0.929206 0.130698
vt 0.927905 0.130698
vt 0.927905 0.123938
vt 0.929206 0.123938
vt 0.683618 0.272242
vt 0.683618 0.235570
vt 0.684454 0.235570
vt 0.684454 0.272242
vt 0.980248 0.005580
vt 0.981082 0.005926
vt 0.980248 0.006272
vt 0.669320 0.424842
vt 0.669320 0.430461
vt 0.663701 0.430461
vt 0.663701 0.424842
vt 0.681892 0.477466
vt 0.681892 0.440795
vt 0.682728 0.440795
vt 0.682728 0.477467
vt 0.763664 0.670394
vt 0.763664 0.677197
vt 0.756862 0.677197
vt 0.756862 0.670394
vt 0.892384 0.678057
vt 0.892384 0.672438
vt 0.898003 0.672438
vt 0.898003 0.678057
vt 0.683565 0.440795
vt 0.683565 0.477466
vt 0.865129 0.477529
vt 0.865129 0.470727
vt 0.871931 0.470727
vt 0.871931 0.477529
vt 0.876073 0.638786
vt 0.876073 0.631984
vt 0.881692 0.631984
vt 0.881692 0.638786
vt 0.398106 0.685474
vt 0.398106 0.648802
vt 0.398943 0.648802
vt 0.398943 0.685474
vt 0.927905 0.005091
vt 0.929206 0.005091
vt 0.929206 0.011893
vt 0.927905 0.011893
vt 0.882114 0.477529
vt 0.882114 0.470727
vt 0.887733 0.470727
vt 0.887733 0.477529
vt 0.399779 0.648802
vt 0.399779 0.685474
vt 0.927905 0.073028
vt 0.929207 0.073028
vt 0.929207 0.079830
vt 0.927905 0.079830
vt 0.218997 0.886633
vt 0.218997 0.879831
vt 0.224616 0.879831
vt 0.224616 0.886633
vt 0.557774 0.686279
vt 0.557774 0.649607
vt 0.558643 0.649607
vt 0.558643 0.686279
vt 0.969425 0.730889
vt 0.970065 0.731529
vt 0.970065 0.732435
vt 0.969425 0.733075
vt 0.968520 0.733075
vt 0.967880 0.732435
vt 0.967880 0.731529
vt 0.968520 0.730889
vt 0.425169 0.888179
vt 0.425169 0.881377
vt 0.430754 0.881377
vt 0.430754 0.888179
vt 0.559436 0.649607
vt 0.559436 0.686279
vt 0.981083 0.029631
vt 0.981918 0.029977
vt 0.981429 0.030466
vt 0.929206 0.028877
vt 0.927905 0.028877
vt 0.927905 0.022075
vt 0.929206 0.022075
vt 0.682781 0.272242
vt 0.682781 0.235570
vt 0.970065 0.707699
vt 0.969425 0.708339
vt 0.968520 0.708339
vt 0.967880 0.707699
vt 0.967880 0.706793
vt 0.968520 0.706153
vt 0.969425 0.706153
vt 0.970065 0.706793
vt 0.434195 0.966785
vt 0.434834 0.966785
vt 0.434195 0.964297
vt 0.434834 0.964297
vt 0.980737 0.030466
vt 0.396410 0.966017
vt 0.396410 0.965067
vt 0.397443 0.965068
vt 0.397443 0.966018
vt 0.980737 0.006761
vt 0.396805 0.966785
vt 0.397444 0.966786
vt 0.396805 0.964297
vt 0.397444 0.964298
vt 0.980248 0.029977
vt 0.398478 0.965067
vt 0.398478 0.966017
vt 0.981429 0.006761
vt 0.398084 0.966785
vt 0.398084 0.964297
vt 0.980248 0.029285
vt 0.445412 0.966016
vt 0.445412 0.965066
vt 0.446447 0.965065
vt 0.446447 0.966016
vt 0.981918 0.006272
vt 0.445807 0.966785
vt 0.446446 0.966785
vt 0.445807 0.964297
vt 0.446446 0.964297
vt 0.980737 0.028796
vt 0.447480 0.965066
vt 0.447480 0.966016
vt 0.981918 0.005580
vt 0.447085 0.966785
vt 0.447085 0.964297
vt 0.981429 0.028796
vt 0.574029 0.966016
vt 0.574029 0.965066
vt 0.575105 0.965066
vt 0.575105 0.966017
vt 0.981429 0.005091
vt 0.574378 0.966785
vt 0.575042 0.966785
vt 0.574378 0.964297
vt 0.575042 0.964297
vt 0.981918 0.029285
vt 0.576085 0.965066
vt 0.576085 0.966016
vt 0.980737 0.005091
vt 0.575648 0.966785
vt 0.575648 0.964297
vt 0.433161 0.966017
vt 0.433161 0.965066
vt 0.433556 0.966785
vt 0.433556 0.964297
vt 0.458697 0.965067
vt 0.458697 0.964297
vt 0.459335 0.964297
vt 0.459731 0.965066
vt 0.929207 0.113756
vt 0.927905 0.113756
vt 0.927905 0.106996
vt 0.929207 0.106996
vt 0.534900 0.686279
vt 0.534900 0.649607
vt 0.535736 0.649607
vt 0.535736 0.686279
vt 0.981083 0.053336
vt 0.981429 0.054171
vt 0.980737 0.054171
vt 0.813754 0.472270
vt 0.813754 0.477889
vt 0.808135 0.477889
vt 0.808135 0.472270
vt 0.681911 0.526272
vt 0.681911 0.489600
vt 0.682746 0.489601
vt 0.682746 0.526273
vt 0.837963 0.470727
vt 0.837963 0.477529
vt 0.831161 0.477529
vt 0.831161 0.470727
vt 0.218997 0.902434
vt 0.218997 0.896815
vt 0.224616 0.896815
vt 0.224616 0.902434
vt 0.683583 0.489600
vt 0.683583 0.526272
vt 0.867476 0.224377
vt 0.867476 0.217575
vt 0.874278 0.217575
vt 0.874278 0.224377
vt 0.140727 0.886864
vt 0.140727 0.880062
vt 0.146346 0.880062
vt 0.146346 0.886864
vt 0.545918 0.686279
vt 0.545918 0.649607
vt 0.546755 0.649607
vt 0.546755 0.686279
vt 0.927905 0.039059
vt 0.929206 0.039059
vt 0.929206 0.045861
vt 0.927905 0.045861
vt 0.255009 0.888011
vt 0.255009 0.881209
vt 0.260629 0.881209
vt 0.260629 0.888011
vt 0.547591 0.649607
vt 0.547591 0.686279
vt 0.927905 0.090012
vt 0.929206 0.090012
vt 0.929206 0.096814
vt 0.927905 0.096814
vt 0.164382 0.887633
vt 0.164382 0.880831
vt 0.170002 0.880831
vt 0.170002 0.887633
vt 0.005091 0.686506
vt 0.005091 0.649834
vt 0.005961 0.649834
vt 0.005961 0.686506
vt 0.969425 0.718521
vt 0.970065 0.719161
vt 0.970065 0.720066
vt 0.969425 0.720707
vt 0.968520 0.720707
vt 0.967879 0.720066
vt 0.967879 0.719161
vt 0.968520 0.718521
vt 0.273472 0.888011
vt 0.273472 0.881209
vt 0.279056 0.881209
vt 0.279056 0.888011
vt 0.006754 0.649834
vt 0.006754 0.686506
vt 0.458697 0.966785
vt 0.458697 0.966017
vt 0.459731 0.966017
vt 0.459335 0.966785
vt 0.929206 0.062846
vt 0.927905 0.062846
vt 0.927905 0.056044
vt 0.929206 0.056044
vt 0.534063 0.686279
vt 0.534063 0.649607
vt 0.970065 0.695331
vt 0.969425 0.695971
vt 0.968520 0.695971
vt 0.967880 0.695331
vt 0.967880 0.694425
vt 0.968520 0.693785
vt 0.969425 0.693785
vt 0.970065 0.694425
vt 0.980248 0.017433
vt 0.981082 0.017778
vt 0.980248 0.018124
vt 0.980737 0.018614
vt 0.421306 0.966785
vt 0.420911 0.966017
vt 0.421944 0.966018
vt 0.421945 0.966786
vt 0.420911 0.965067
vt 0.421306 0.964297
vt 0.421945 0.964298
vt 0.421944 0.965068
vt 0.980248 0.053682
vt 0.981429 0.018614
vt 0.422979 0.966017
vt 0.422585 0.966785
vt 0.422585 0.964297
vt 0.422979 0.965067
vt 0.980248 0.052990
vt 0.981918 0.018124
vt 0.470308 0.966785
vt 0.469913 0.966016
vt 0.470948 0.966016
vt 0.470947 0.966785
vt 0.469913 0.965066
vt 0.470308 0.964297
vt 0.470947 0.964297
vt 0.470948 0.965065
vt 0.980737 0.052501
vt 0.981918 0.017433
vt 0.471981 0.966016
vt 0.471586 0.966785
vt 0.471586 0.964297
vt 0.471981 0.965066
vt 0.981429 0.052501
vt 0.981429 0.016943
vt 0.586615 0.966785
vt 0.586267 0.966016
vt 0.587342 0.966017
vt 0.587280 0.966785
vt 0.586267 0.965066
vt 0.586615 0.964297
vt 0.587280 0.964297
vt 0.587342 0.965066
vt 0.981918 0.052990
vt 0.980737 0.016943
vt 0.588322 0.966016
vt 0.587886 0.966785
vt 0.587886 0.964297
vt 0.588322 0.965066
vt 0.981918 0.053682
vt 0.458057 0.966785
vt 0.457662 0.966017
vt 0.457662 0.965066
vt 0.458057 0.964297
s 1
usemtl AvisToucanHouse_Baked
f 1/1/1 2/2/1 4/3/1 3/4/1
f 3/5/2 4/6/2 8/7/2 7/8/2
f 7/9/3 8/10/3 6/11/3 5/12/3
f 5/13/4 6/14/4 2/15/4 1/16/4
f 3/17/5 7/18/5 5/19/5 1/20/5
f 8/21/6 4/22/6 2/23/6 6/24/6
f 9/25/1 10/26/1 12/27/1 11/28/1
f 11/29/2 12/30/2 16/31/2 15/32/2
f 15/33/3 16/34/3 14/35/3 13/36/3
f 13/37/4 14/38/4 10/39/4 9/40/4
f 11/41/5 15/42/5 13/43/5 9/44/5
f 16/45/6 12/46/6 10/47/6 14/48/6
f 17/49/1 18/50/1 20/51/1 19/52/1
f 19/53/2 20/54/2 24/55/2 23/56/2
f 23/57/3 24/58/3 22/59/3 21/60/3
f 21/61/4 22/62/4 18/63/4 17/64/4
f 19/65/5 23/66/5 21/67/5 17/68/5
f 24/69/6 20/70/6 18/71/6 22/72/6
f 25/73/1 26/74/1 28/75/1 27/76/1
f 27/77/2 28/78/2 32/79/2 31/80/2
f 31/81/3 32/82/3 30/83/3 29/84/3
f 29/85/4 30/86/4 26/87/4 25/88/4
f 27/89/5 31/90/5 29/91/5 25/92/5
f 32/93/6 28/94/6 26/95/6 30/96/6
f 33/97/1 34/98/1 36/99/1 35/100/1
f 35/101/2 36/102/2 40/103/2 39/104/2
f 39/105/3 40/106/3 38/107/3 37/108/3
f 37/109/4 38/110/4 34/111/4 33/112/4
f 35/113/5 39/114/5 37/115/5 33/116/5
f 40/117/6 36/118/6 34/119/6 38/120/6
f 41/121/1 42/122/1 44/123/1 43/124/1
f 43/125/2 44/126/2 48/127/2 47/128/2
f 47/129/3 48/130/3 46/131/3 45/132/3
f 45/133/4 46/134/4 42/135/4 41/136/4
f 43/137/5 47/138/5 45/139/5 41/140/5
f 48/141/6 44/142/6 42/143/6 46/144/6
f 49/145/1 50/146/1 52/147/1 51/148/1
f 51/149/2 52/150/2 56/151/2 55/152/2
f 55/153/3 56/154/3 54/155/3 53/156/3
f 53/157/4 54/158/4 50/159/4 49/160/4
f 51/161/5 55/162/5 53/163/5 49/164/5
f 56/165/6 52/166/6 50/167/6 54/168/6
f 57/169/1 58/170/1 60/171/1 59/172/1
f 59/173/2 60/174/2 64/175/2 63/176/2
f 63/177/3 64/178/3 62/179/3 61/180/3
f 61/181/4 62/182/4 58/183/4 57/184/4
f 59/185/5 63/186/5 61/187/5 57/188/5
f 64/189/6 60/190/6 58/191/6 62/192/6
f 65/193/1 66/194/1 68/195/1 67/196/1
f 67/197/2 68/198/2 72/199/2 71/200/2
f 71/201/3 72/202/3 70/203/3 69/204/3
f 69/205/4 70/206/4 66/207/4 65/208/4
f 67/209/5 71/210/5 69/211/5 65/212/5
f 72/213/6 68/214/6 66/215/6 70/216/6
f 73/217/1 74/218/1 76/219/1 75/220/1
f 75/221/2 76/222/2 80/223/2 79/224/2
f 79/225/3 80/226/3 78/227/3 77/228/3
f 77/229/4 78/230/4 74/231/4 73/232/4
f 75/233/5 79/234/5 77/235/5 73/236/5
f 80/237/6 76/238/6 74/239/6 78/240/6
f 81/241/1 82/242/1 84/243/1 83/244/1
f 83/245/2 84/246/2 88/247/2 87/248/2
f 87/249/3 88/250/3 86/251/3 85/252/3
f 85/253/4 86/254/4 82/255/4 81/256/4
f 83/257/5 87/258/5 85/259/5 81/260/5
f 88/261/6 84/262/6 82/263/6 86/264/6
f 89/265/1 90/266/1 92/267/1 91/268/1
f 91/269/2 92/270/2 96/271/2 95/272/2
f 95/273/3 96/274/3 94/275/3 93/276/3
f 93/277/4 94/278/4 90/279/4 89/280/4
f 91/281/5 95/282/5 93/283/5 89/284/5
f 96/285/6 92/286/6 90/287/6 94/288/6
f 97/289/1 98/290/1 100/291/1 99/292/1
f 99/293/2 100/294/2 104/295/2 103/296/2
f 103/297/3 104/298/3 102/299/3 101/300/3
f 101/301/4 102/302/4 98/303/4 97/304/4
f 99/305/5 103/306/5 101/307/5 97/308/5
f 104/309/6 100/310/6 98/311/6 102/312/6
f 105/313/1 106/314/1 108/315/1 107/316/1
f 107/317/2 108/318/2 112/319/2 111/320/2
f 111/321/3 112/322/3 110/323/3 109/324/3
f 109/325/4 110/326/4 106/327/4 105/328/4
f 107/329/5 111/330/5 109/331/5 105/332/5
f 112/333/6 108/334/6 106/335/6 110/336/6
f 113/337/1 114/338/1 116/339/1 115/340/1
f 115/341/2 116/342/2 120/343/2 119/344/2
f 119/345/3 120/346/3 118/347/3 117/348/3
f 117/349/4 118/350/4 114/351/4 113/352/4
f 115/353/5 119/354/5 117/355/5 113/356/5
f 120/357/6 116/358/6 114/359/6 118/360/6
f 121/361/1 122/362/1 124/363/1 123/364/1
f 123/365/2 124/366/2 128/367/2 127/368/2
f 127/369/3 128/370/3 126/371/3 125/372/3
f 125/373/4 126/374/4 122/375/4 121/376/4
f 123/377/5 127/378/5 125/379/5 121/380/5
f 128/381/6 124/382/6 122/383/6 126/384/6
f 129/385/1 130/386/1 132/387/1 131/388/1
f 131/389/2 132/390/2 136/391/2 135/392/2
f 135/393/3 136/394/3 134/395/3 133/396/3
f 133/397/4 134/398/4 130/399/4 129/400/4
f 131/401/5 135/402/5 133/403/5 129/404/5
f 136/405/6 132/406/6 130/407/6 134/408/6
f 137/409/1 138/410/1 140/411/1 139/412/1
f 139/413/2 140/414/2 144/415/2 143/416/2
f 143/417/3 144/418/3 142/419/3 141/420/3
f 141/421/4 142/422/4 138/423/4 137/424/4
f 139/425/5 143/426/5 141/427/5 137/428/5
f 144/429/6 140/430/6 138/431/6 142/432/6
f 145/433/7 146/434/7 148/435/7 147/436/7
f 147/437/2 148/438/2 152/439/2 151/440/2
f 151/441/8 152/442/8 150/443/8 149/444/8
f 149/445/4 150/446/4 146/447/4 145/448/4
f 147/449/9 151/450/9 149/451/9 145/452/9
f 152/453/10 148/454/10 146/455/10 150/456/10
f 153/457/7 154/458/7 156/459/7 155/460/7
f 155/461/2 156/462/2 160/463/2 159/464/2
f 159/465/8 160/466/8 158/467/8 157/468/8
f 157/469/4 158/470/4 154/471/4 153/472/4
f 155/473/9 159/474/9 157/475/9 153/476/9
f 160/477/10 156/478/10 154/479/10 158/480/10
f 161/481/7 162/482/7 164/483/7 163/484/7
f 163/485/2 164/486/2 168/487/2 167/488/2
f 167/489/8 168/490/8 166/491/8 165/492/8
f 165/493/4 166/494/4 162/495/4 161/496/4
f 163/497/9 167/498/9 165/499/9 161/500/9
f 168/501/10 164/502/10 162/503/10 166/504/10
f 169/505/7 170/506/7 172/507/7 171/508/7
f 171/509/2 172/510/2 176/511/2 175/512/2
f 175/513/8 176/514/8 174/515/8 173/516/8
f 173/517/4 174/518/4 170/519/4 169/520/4
f 171/521/9 175/522/9 173/523/9 169/524/9
f 176/525/10 172/526/10 170/527/10 174/528/10
f 177/529/7 178/530/7 180/531/7 179/532/7
f 179/533/2 180/534/2 184/535/2 183/536/2
f 183/537/8 184/538/8 182/539/8 181/540/8
f 181/541/4 182/542/4 178/543/4 177/544/4
f 179/545/9 183/546/9 181/547/9 177/548/9
f 184/549/10 180/550/10 178/551/10 182/552/10
f 185/553/1 186/554/1 188/555/1 187/556/1
f 187/557/2 188/558/2 192/559/2 191/560/2
f 191/561/3 192/562/3 190/563/3 189/564/3
f 189/565/4 190/566/4 186/567/4 185/568/4
f 187/569/5 191/570/5 189/571/5 185/572/5
f 192/573/6 188/574/6 186/575/6 190/576/6
f 193/577/1 194/578/1 196/579/1 195/580/1
f 195/581/2 196/582/2 200/583/2 199/584/2
f 199/585/3 200/586/3 198/587/3 197/588/3
f 197/589/4 198/590/4 194/591/4 193/592/4
f 195/593/5 199/594/5 197/595/5 193/596/5
f 200/597/6 196/598/6 194/599/6 198/600/6
f 201/601/1 202/602/1 204/603/1 203/604/1
f 203/605/2 204/606/2 208/607/2 207/608/2
f 207/609/3 208/610/3 206/611/3 205/612/3
f 205/613/4 206/614/4 202/615/4 201/616/4
f 203/617/5 207/618/5 205/619/5 201/620/5
f 208/621/6 204/622/6 202/623/6 206/624/6
f 209/625/1 210/626/1 212/627/1 211/628/1
f 211/629/2 212/630/2 216/631/2 215/632/2
f 215/633/3 216/634/3 214/635/3 213/636/3
f 213/637/4 214/638/4 210/639/4 209/640/4
f 211/641/5 215/642/5 213/643/5 209/644/5
f 216/645/6 212/646/6 210/647/6 214/648/6
f 217/649/1 218/650/1 220/651/1 219/652/1
f 219/653/2 220/654/2 224/655/2 223/656/2
f 223/657/3 224/658/3 222/659/3 221/660/3
f 221/661/4 222/662/4 218/663/4 217/664/4
f 219/665/5 223/666/5 221/667/5 217/668/5
f 224/669/6 220/670/6 218/671/6 222/672/6
f 225/673/1 226/674/1 228/675/1 227/676/1
f 227/677/2 228/678/2 232/679/2 231/680/2
f 231/681/3 232/682/3 230/683/3 229/684/3
f 229/685/4 230/686/4 226/687/4 225/688/4
f 227/689/5 231/690/5 229/691/5 225/692/5
f 232/693/6 228/694/6 226/695/6 230/696/6
f 233/697/7 234/698/7 236/699/7 235/700/7
f 235/701/2 236/702/2 240/703/2 239/704/2
f 239/705/8 240/706/8 238/707/8 237/708/8
f 237/709/4 238/710/4 234/711/4 233/712/4
f 235/713/9 239/714/9 237/715/9 233/716/9
f 240/717/10 236/718/10 234/719/10 238/720/10
f 241/721/7 242/722/7 244/723/7 243/724/7
f 243/725/2 244/726/2 248/727/2 247/728/2
f 247/729/8 248/730/8 246/731/8 245/732/8
f 245/733/4 246/734/4 242/735/4 241/736/4
f 243/737/9 247/738/9 245/739/9 241/740/9
f 248/741/10 244/742/10 242/743/10 246/744/10
f 249/745/7 250/746/7 252/747/7 251/748/7
f 251/749/2 252/750/2 256/751/2 255/752/2
f 255/753/8 256/754/8 254/755/8 253/756/8
f 253/757/4 254/758/4 250/759/4 249/760/4
f 251/761/9 255/762/9 253/763/9 249/764/9
f 256/765/10 252/766/10 250/767/10 254/768/10
f 257/769/7 258/770/7 260/771/7 259/772/7
f 259/773/2 260/774/2 264/775/2 263/776/2
f 263/777/8 264/778/8 262/779/8 261/780/8
f 261/781/4 262/782/4 258/783/4 257/784/4
f 259/785/9 263/786/9 261/787/9 257/788/9
f 264/789/10 260/790/10 258/791/10 262/792/10
f 265/793/7 266/794/7 268/795/7 267/796/7
f 267/797/2 268/798/2 272/799/2 271/800/2
f 271/801/8 272/802/8 270/803/8 269/804/8
f 269/805/4 270/806/4 266/807/4 265/808/4
f 267/809/9 271/810/9 269/811/9 265/812/9
f 272/813/10 268/814/10 266/815/10 270/816/10
f 273/817/1 274/818/1 276/819/1 275/820/1
f 275/821/2 276/822/2 280/823/2 279/824/2
f 279/825/3 280/826/3 278/827/3 277/828/3
f 277/829/4 278/830/4 274/831/4 273/832/4
f 275/833/5 279/834/5 277/835/5 273/836/5
f 280/837/6 276/838/6 274/839/6 278/840/6
f 281/841/1 282/842/1 284/843/1 283/844/1
f 283/845/2 284/846/2 288/847/2 287/848/2
f 287/849/3 288/850/3 286/851/3 285/852/3
f 285/853/4 286/854/4 282/855/4 281/856/4
f 283/857/5 287/858/5 285/859/5 281/860/5
f 288/861/6 284/862/6 282/863/6 286/864/6
f 289/865/1 290/866/1 292/867/1 291/868/1
f 291/869/2 292/870/2 296/871/2 295/872/2
f 295/873/3 296/874/3 294/875/3 293/876/3
f 293/877/4 294/878/4 290/879/4 289/880/4
f 291/881/5 295/882/5 293/883/5 289/884/5
f 296/885/6 292/886/6 290/887/6 294/888/6
f 297/889/1 298/890/1 300/891/1 299/892/1
f 299/893/2 300/894/2 304/895/2 303/896/2
f 303/897/3 304/898/3 302/899/3 301/900/3
f 301/901/4 302/902/4 298/903/4 297/904/4
f 299/905/5 303/906/5 301/907/5 297/908/5
f 304/909/6 300/910/6 298/911/6 302/912/6
f 305/913/1 306/914/1 308/915/1 307/916/1
f 307/917/2 308/918/2 312/919/2 311/920/2
f 311/921/3 312/922/3 310/923/3 309/924/3
f 309/925/4 310/926/4 306/927/4 305/928/4
f 307/929/5 311/930/5 309/931/5 305/932/5
f 312/933/6 308/934/6 306/935/6 310/936/6
f 313/937/1 314/938/1 316/939/1 315/940/1
f 315/941/11 316/942/11 320/943/11 319/944/11
f 319/945/3 320/946/3 318/947/3 317/948/3
f 317/949/12 318/950/12 314/951/12 313/952/12
f 315/953/13 319/954/13 317/955/13 313/956/13
f 320/957/14 316/958/14 314/959/14 318/960/14
f 321/961/1 322/962/1 324/963/1 323/964/1
f 323/965/11 324/966/11 328/967/11 327/968/11
f 327/969/3 328/970/3 326/971/3 325/972/3
f 325/973/12 326/974/12 322/975/12 321/976/12
f 323/977/13 327/978/13 325/979/13 321/980/13
f 328/981/14 324/982/14 322/983/14 326/984/14
f 329/985/1 330/986/1 332/987/1 331/988/1
f 331/989/11 332/990/11 336/991/11 335/992/11
f 335/993/3 336/994/3 334/995/3 333/996/3
f 333/997/12 334/998/12 330/999/12 329/1000/12
f 331/1001/13 335/1002/13 333/1003/13 329/1004/13
f 336/1005/14 332/1006/14 330/1007/14 334/1008/14
f 337/1009/1 338/1010/1 340/1011/1 339/1012/1
f 339/1013/11 340/1014/11 344/1015/11 343/1016/11
f 343/1017/3 344/1018/3 342/1019/3 341/1020/3
f 341/1021/12 342/1022/12 338/1023/12 337/1024/12
f 339/1025/13 343/1026/13 341/1027/13 337/1028/13
f 344/1029/14 340/1030/14 338/1031/14 342/1032/14
f 345/1033/1 346/1034/1 348/1035/1 347/1036/1
f 347/1037/2 348/1038/2 352/1039/2 351/1040/2
f 351/1041/3 352/1042/3 350/1043/3 349/1044/3
f 349/1045/4 350/1046/4 346/1047/4 345/1048/4
f 347/1049/5 351/1050/5 349/1051/5 345/1052/5
f 352/1053/6 348/1054/6 346/1055/6 350/1056/6
f 353/1057/1 354/1058/1 356/1059/1 355/1060/1
f 355/1061/2 356/1062/2 360/1063/2 359/1064/2
f 359/1065/3 360/1066/3 358/1067/3 357/1068/3
f 357/1069/4 358/1070/4 354/1071/4 353/1072/4
f 355/1073/5 359/1074/5 357/1075/5 353/1076/5
f 360/1077/6 356/1078/6 354/1079/6 358/1080/6
f 361/1081/1 362/1082/1 364/1083/1 363/1084/1
f 363/1085/2 364/1086/2 368/1087/2 367/1088/2
f 367/1089/3 368/1090/3 366/1091/3 365/1092/3
f 365/1093/4 366/1094/4 362/1095/4 361/1096/4
f 363/1097/5 367/1098/5 365/1099/5 361/1100/5
f 368/1101/6 364/1102/6 362/1103/6 366/1104/6
f 369/1105/1 370/1106/1 372/1107/1 371/1108/1
f 371/1109/2 372/1110/2 376/1111/2 375/1112/2
f 375/1113/3 376/1114/3 374/1115/3 373/1116/3
f 373/1117/4 374/1118/4 370/1119/4 369/1120/4
f 371/1121/5 375/1122/5 373/1123/5 369/1124/5
f 376/1125/6 372/1126/6 370/1127/6 374/1128/6
f 377/1129/1 378/1130/1 380/1131/1 379/1132/1
f 379/1133/2 380/1134/2 384/1135/2 383/1136/2
f 383/1137/3 384/1138/3 382/1139/3 381/1140/3
f 381/1141/4 382/1142/4 378/1143/4 377/1144/4
f 379/1145/5 383/1146/5 381/1147/5 377/1148/5
f 384/1149/6 380/1150/6 378/1151/6 382/1152/6
f 385/1153/1 386/1154/1 388/1155/1 387/1156/1
f 387/1157/11 388/1158/11 392/1159/11 391/1160/11
f 391/1161/3 392/1162/3 390/1163/3 389/1164/3
f 389/1165/12 390/1166/12 386/1167/12 385/1168/12
f 387/1169/13 391/1170/13 389/1171/13 385/1172/13
f 392/1173/14 388/1174/14 386/1175/14 390/1176/14
f 393/1177/1 394/1178/1 396/1179/1 395/1180/1
f 395/1181/11 396/1182/11 400/1183/11 399/1184/11
f 399/1185/3 400/1186/3 398/1187/3 397/1188/3
f 397/1189/12 398/1190/12 394/1191/12 393/1192/12
f 395/1193/13 399/1194/13 397/1195/13 393/1196/13
f 400/1197/14 396/1198/14 394/1199/14 398/1200/14
f 401/1201/1 402/1202/1 404/1203/1 403/1204/1
f 403/1205/11 404/1206/11 408/1207/11 407/1208/11
f 407/1209/3 408/1210/3 406/1211/3 405/1212/3
f 405/1213/12 406/1214/12 402/1215/12 401/1216/12
f 403/1217/13 407/1218/13 405/1219/13 401/1220/13
f 408/1221/14 404/1222/14 402/1223/14 406/1224/14
f 409/1225/1 410/1226/1 412/1227/1 411/1228/1
f 411/1229/11 412/1230/11 416/1231/11 415/1232/11
f 415/1233/3 416/1234/3 414/1235/3 413/1236/3
f 413/1237/12 414/1238/12 410/1239/12 409/1240/12
f 411/1241/13 415/1242/13 413/1243/13 409/1244/13
f 416/1245/14 412/1246/14 410/1247/14 414/1248/14
f 417/1249/15 418/1250/15 420/1251/15 419/1252/15
f 419/1253/2 420/1254/2 424/1255/2 423/1256/2
f 423/1257/16 424/1258/16 422/1259/16 421/1260/16
f 421/1261/4 422/1262/4 418/1263/4 417/1264/4
f 419/1265/17 423/1266/17 421/1267/17 417/1268/17
f 424/1269/18 420/1270/18 418/1271/18 422/1272/18
f 425/1273/19 426/1274/19 428/1275/19 427/1276/19
f 427/1277/2 428/1278/2 432/1279/2 431/1280/2
f 431/1281/20 432/1282/20 430/1283/20 429/1284/20
f 429/1285/4 430/1286/4 426/1287/4 425/1288/4
f 427/1289/21 431/1290/21 429/1291/21 425/1292/21
f 432/1293/22 428/1294/22 426/1295/22 430/1296/22
f 433/1297/23 434/1298/23 436/1299/23 435/1300/23
f 435/1301/2 436/1302/2 440/1303/2 439/1304/2
f 439/1305/24 440/1306/24 438/1307/24 437/1308/24
f 437/1309/4 438/1310/4 434/1311/4 433/1312/4
f 435/1313/25 439/1314/25 437/1315/25 433/1316/25
f 440/1317/26 436/1318/26 434/1319/26 438/1320/26
f 441/1321/27 442/1322/27 444/1323/27 443/1324/27
f 443/1325/2 444/1326/2 448/1327/2 447/1328/2
f 447/1329/28 448/1330/28 446/1331/28 445/1332/28
f 445/1333/4 446/1334/4 442/1335/4 441/1336/4
f 443/1337/29 447/1338/29 445/1339/29 441/1340/29
f 448/1341/30 444/1342/30 442/1343/30 446/1344/30
f 449/1345/1 450/1346/1 452/1347/1 451/1348/1
f 451/1349/2 452/1350/2 456/1351/2 455/1352/2
f 455/1353/3 456/1354/3 454/1355/3 453/1356/3
f 453/1357/4 454/1358/4 450/1359/4 449/1360/4
f 451/1361/5 455/1362/5 453/1363/5 449/1364/5
f 456/1365/6 452/1366/6 450/1367/6 454/1368/6
f 457/1369/1 458/1370/1 460/1371/1 459/1372/1
f 459/1373/2 460/1374/2 464/1375/2 463/1376/2
f 463/1377/3 464/1378/3 462/1379/3 461/1380/3
f 461/1381/4 462/1382/4 458/1383/4 457/1384/4
f 459/1385/5 463/1386/5 461/1387/5 457/1388/5
f 464/1389/6 460/1390/6 458/1391/6 462/1392/6
f 465/1393/18 469/1394/18 470/1395/18 468/1396/18
f 466/1397/26 467/1398/26 470/1395/26 469/1394/26
f 465/1399/4 466/1400/4 469/1401/4
f 468/1402/2 470/1403/2 467/1404/2
f 471/1405/1 472/1406/1 474/1407/1 473/1408/1
f 473/1409/2 474/1410/2 478/1411/2 477/1412/2
f 477/1413/3 478/1414/3 476/1415/3 475/1416/3
f 475/1417/4 476/1418/4 472/1419/4 471/1420/4
f 473/1421/5 477/1422/5 475/1423/5 471/1424/5
f 478/1425/6 474/1426/6 472/1427/6 476/1428/6
f 479/1429/1 480/1430/1 482/1431/1 481/1432/1
f 481/1433/2 482/1434/2 486/1435/2 485/1436/2
f 485/1437/3 486/1438/3 484/1439/3 483/1440/3
f 483/1441/4 484/1442/4 480/1443/4 479/1444/4
f 481/1445/5 485/1446/5 483/1447/5 479/1448/5
f 486/1449/6 482/1450/6 480/1451/6 484/1452/6
f 487/1453/1 488/1454/1 490/1455/1 489/1456/1
f 489/1457/2 490/1458/2 494/1459/2 493/1460/2
f 493/1461/3 494/1462/3 492/1463/3 491/1464/3
f 491/1465/4 492/1466/4 488/1467/4 487/1468/4
f 489/1469/5 493/1470/5 491/1471/5 487/1472/5
f 494/1473/6 490/1474/6 488/1475/6 492/1476/6
f 495/1477/1 496/1478/1 498/1479/1 497/1480/1
f 497/1481/2 498/1482/2 502/1483/2 501/1484/2
f 501/1485/3 502/1486/3 500/1487/3 499/1488/3
f 499/1489/4 500/1490/4 496/1491/4 495/1492/4
f 497/1493/5 501/1494/5 499/1495/5 495/1496/5
f 502/1497/6 498/1498/6 496/1499/6 500/1500/6
f 503/1501/1 504/1502/1 506/1503/1 505/1504/1
f 505/1505/2 506/1506/2 510/1507/2 509/1508/2
f 509/1509/3 510/1510/3 508/1511/3 507/1512/3
f 507/1513/4 508/1514/4 504/1515/4 503/1516/4
f 505/1517/5 509/1518/5 507/1519/5 503/1520/5
f 510/1521/6 506/1522/6 504/1523/6 508/1524/6
f 511/1525/1 512/1526/1 514/1527/1 513/1528/1
f 513/1529/2 514/1530/2 518/1531/2 517/1532/2
f 517/1533/3 518/1534/3 516/1535/3 515/1536/3
f 515/1537/4 516/1538/4 512/1539/4 511/1540/4
f 513/1541/5 517/1542/5 515/1543/5 511/1544/5
f 518/1545/6 514/1546/6 512/1547/6 516/1548/6
f 519/1549/1 520/1550/1 522/1551/1 521/1552/1
f 521/1553/2 522/1554/2 526/1555/2 525/1556/2
f 525/1557/3 526/1558/3 524/1559/3 523/1560/3
f 523/1561/4 524/1562/4 520/1563/4 519/1564/4
f 521/1565/5 525/1566/5 523/1567/5 519/1568/5
f 526/1569/6 522/1570/6 520/1571/6 524/1572/6
f 527/1573/1 528/1574/1 530/1575/1 529/1576/1
f 529/1577/2 530/1578/2 534/1579/2 533/1580/2
f 533/1581/3 534/1582/3 532/1583/3 531/1584/3
f 531/1585/4 532/1586/4 528/1587/4 527/1588/4
f 529/1589/5 533/1590/5 531/1591/5 527/1592/5
f 534/1593/6 530/1594/6 528/1595/6 532/1596/6
f 535/1597/1 536/1598/1 538/1599/1 537/1600/1
f 537/1601/2 538/1602/2 542/1603/2 541/1604/2
f 541/1605/3 542/1606/3 540/1607/3 539/1608/3
f 539/1609/4 540/1610/4 536/1611/4 535/1612/4
f 537/1613/5 541/1614/5 539/1615/5 535/1616/5
f 542/1617/6 538/1618/6 536/1619/6 540/1620/6
f 543/1621/1 544/1622/1 546/1623/1 545/1624/1
f 545/1625/2 546/1626/2 550/1627/2 549/1628/2
f 549/1629/3 550/1630/3 548/1631/3 547/1632/3
f 547/1633/4 548/1634/4 544/1635/4 543/1636/4
f 545/1637/5 549/1638/5 547/1639/5 543/1640/5
f 550/1641/6 546/1642/6 544/1643/6 548/1644/6
f 551/1645/1 552/1646/1 554/1647/1 553/1648/1
f 553/1649/2 554/1650/2 558/1651/2 557/1652/2
f 557/1653/3 558/1654/3 556/1655/3 555/1656/3
f 555/1657/4 556/1658/4 552/1659/4 551/1660/4
f 553/1661/5 557/1662/5 555/1663/5 551/1664/5
f 558/1665/6 554/1666/6 552/1667/6 556/1668/6
f 559/1669/1 560/1670/1 562/1671/1 561/1672/1
f 561/1673/2 562/1674/2 566/1675/2 565/1676/2
f 565/1677/3 566/1678/3 564/1679/3 563/1680/3
f 563/1681/4 564/1682/4 560/1683/4 559/1684/4
f 561/1685/5 565/1686/5 563/1687/5 559/1688/5
f 566/1689/6 562/1690/6 560/1691/6 564/1692/6
f 567/1693/1 568/1694/1 570/1695/1 569/1696/1
f 569/1697/2 570/1698/2 574/1699/2 573/1700/2
f 573/1701/3 574/1702/3 572/1703/3 571/1704/3
f 571/1705/4 572/1706/4 568/1707/4 567/1708/4
f 569/1709/5 573/1710/5 571/1711/5 567/1712/5
f 574/1713/6 570/1714/6 568/1715/6 572/1716/6
f 580/1717/5 579/1718/31 585/1719/32
f 626/1720/33 625/1721/34 583/1722/34 584/1723/33
f 576/1724/35 575/1725/6 582/1726/36
f 579/1727/37 626/1720/33 584/1723/33 585/1728/37
f 625/1721/34 576/1729/38 582/1730/38 583/1722/34
f 583/1731/39 582/1732/40 588/1733/40 589/1734/39
f 580/1717/5 585/1719/32 591/1735/41
f 584/1736/42 583/1731/39 589/1734/39 590/1737/42
f 582/1726/36 575/1725/6 588/1738/43
f 585/1739/44 584/1736/42 590/1737/42 591/1740/44
f 589/1734/45 588/1733/46 594/1741/46 595/1742/45
f 580/1717/5 591/1735/41 597/1743/47
f 590/1737/48 589/1734/45 595/1742/45 596/1744/48
f 588/1738/43 575/1725/6 594/1745/49
f 591/1740/50 590/1737/48 596/1744/48 597/1746/50
f 595/1747/51 594/1748/52 600/1749/52 601/1750/51
f 580/1717/5 597/1743/47 603/1751/53
f 596/1752/54 595/1747/51 601/1750/51 602/1753/54
f 594/1745/49 575/1725/6 600/1754/55
f 597/1755/56 596/1752/54 602/1753/54 603/1756/56
f 601/1750/57 600/1749/58 606/1757/58 607/1758/57
f 580/1717/5 603/1751/53 609/1759/59
f 602/1753/60 601/1750/57 607/1758/57 608/1760/60
f 600/1754/55 575/1725/6 606/1761/61
f 603/1756/62 602/1753/60 608/1760/60 609/1762/62
f 607/1763/63 606/1764/64 612/1765/64 613/1766/63
f 580/1717/5 609/1759/59 615/1767/65
f 608/1768/66 607/1763/63 613/1766/63 614/1769/66
f 606/1761/61 575/1725/6 612/1770/67
f 609/1771/68 608/1768/66 614/1769/66 615/1772/68
f 613/1766/69 612/1765/70 618/1773/70 619/1774/69
f 580/1717/5 615/1767/65 621/1775/71
f 614/1769/72 613/1766/69 619/1774/69 620/1776/72
f 612/1770/67 575/1725/6 618/1777/73
f 615/1772/74 614/1769/72 620/1776/72 621/1778/74
f 619/1779/75 618/1780/76 576/1729/76 625/1721/75
f 580/1717/5 621/1775/71 579/1718/31
f 620/1781/77 619/1779/75 625/1721/75 626/1720/77
f 618/1777/73 575/1725/6 576/1724/35
f 621/1782/78 620/1781/77 626/1720/77 579/1727/78
f 627/1783/35 598/1784/6 604/1785/36
f 660/1786/34 627/1787/38 604/1788/38 605/1789/34
f 622/1790/37 659/1791/33 610/1792/33 611/1793/37
f 578/1794/5 622/1795/31 611/1796/32
f 659/1791/33 660/1786/34 605/1789/34 610/1792/33
f 611/1797/44 610/1798/42 587/1799/42 586/1800/44
f 605/1801/39 604/1802/40 593/1803/40 592/1804/39
f 610/1798/42 605/1801/39 592/1804/39 587/1799/42
f 604/1785/36 598/1784/6 593/1805/43
f 578/1794/5 611/1796/32 586/1806/41
f 593/1805/43 598/1784/6 631/1807/49
f 578/1794/5 586/1806/41 577/1808/47
f 587/1799/48 592/1804/45 630/1809/45 629/1810/48
f 586/1800/50 587/1799/48 629/1810/48 577/1811/50
f 592/1804/45 593/1803/46 631/1812/46 630/1809/45
f 577/1813/56 629/1814/54 635/1815/54 633/1816/56
f 630/1817/51 631/1818/52 637/1819/52 636/1820/51
f 578/1794/5 577/1808/47 633/1821/53
f 631/1807/49 598/1784/6 637/1822/55
f 629/1814/54 630/1817/51 636/1820/51 635/1815/54
f 578/1794/5 633/1821/53 639/1823/59
f 636/1820/57 637/1819/58 643/1824/58 642/1825/57
f 637/1822/55 598/1784/6 643/1826/61
f 633/1816/62 635/1815/60 641/1827/60 639/1828/62
f 635/1815/60 636/1820/57 642/1825/57 641/1827/60
f 578/1794/5 639/1823/59 645/1829/65
f 643/1826/61 598/1784/6 649/1830/67
f 641/1831/66 642/1832/63 648/1833/63 647/1834/66
f 639/1835/68 641/1831/66 647/1834/66 645/1836/68
f 642/1832/63 643/1837/64 649/1838/64 648/1833/63
f 578/1794/5 645/1829/65 651/1839/71
f 649/1830/67 598/1784/6 655/1840/73
f 647/1834/72 648/1833/69 654/1841/69 653/1842/72
f 645/1836/74 647/1834/72 653/1842/72 651/1843/74
f 648/1833/69 649/1838/70 655/1844/70 654/1841/69
f 578/1794/5 651/1839/71 622/1795/31
f 655/1840/73 598/1784/6 627/1783/35
f 653/1845/77 654/1846/75 660/1786/75 659/1791/77
f 651/1847/78 653/1845/77 659/1791/77 622/1790/78
f 654/1846/75 655/1848/76 627/1787/76 660/1786/75
f 693/1849/33 694/1850/34 640/1851/34 644/1852/33
f 599/1853/5 656/1854/31 646/1855/32
f 694/1850/34 661/1856/38 638/1857/38 640/1851/34
f 656/1858/37 693/1849/33 644/1852/33 646/1859/37
f 661/1860/35 632/1861/6 638/1862/36
f 646/1863/44 644/1864/42 623/1865/42 617/1866/44
f 638/1862/36 632/1861/6 628/1867/43
f 599/1853/5 646/1855/32 617/1868/41
f 644/1864/42 640/1869/39 624/1870/39 623/1865/42
f 640/1869/39 638/1871/40 628/1872/40 624/1870/39
f 623/1865/48 624/1870/45 664/1873/45 663/1874/48
f 617/1866/50 623/1865/48 663/1874/48 581/1875/50
f 628/1867/43 632/1861/6 665/1876/49
f 624/1870/45 628/1872/46 665/1877/46 664/1873/45
f 599/1853/5 617/1868/41 581/1878/47
f 665/1876/49 632/1861/6 671/1879/55
f 599/1853/5 581/1878/47 667/1880/53
f 664/1881/51 665/1882/52 671/1883/52 670/1884/51
f 663/1885/54 664/1881/51 670/1884/51 669/1886/54
f 581/1887/56 663/1885/54 669/1886/54 667/1888/56
f 671/1879/55 632/1861/6 677/1889/61
f 667/1888/62 669/1886/60 675/1890/60 673/1891/62
f 669/1886/60 670/1884/57 676/1892/57 675/1890/60
f 670/1884/57 671/1883/58 677/1893/58 676/1892/57
f 599/1853/5 667/1880/53 673/1894/59
f 675/1895/66 676/1896/63 682/1897/63 681/1898/66
f 673/1899/68 675/1895/66 681/1898/66 679/1900/68
f 676/1896/63 677/1901/64 683/1902/64 682/1897/63
f 599/1853/5 673/1894/59 679/1903/65
f 677/1889/61 632/1861/6 683/1904/67
f 681/1898/72 682/1897/69 688/1905/69 687/1906/72
f 679/1900/74 681/1898/72 687/1906/72 685/1907/74
f 682/1897/69 683/1902/70 689/1908/70 688/1905/69
f 599/1853/5 679/1903/65 685/1909/71
f 683/1904/67 632/1861/6 689/1910/73
f 687/1911/77 688/1912/75 694/1850/75 693/1849/77
f 685/1913/78 687/1911/77 693/1849/77 656/1858/78
f 688/1912/75 689/1914/76 661/1856/76 694/1850/75
f 599/1853/5 685/1909/71 656/1854/31
f 689/1910/73 632/1861/6 661/1860/35
f 696/1915/1 695/1916/1 691/1917/1 692/1918/1
f 692/1919/2 691/1920/2 680/1921/2 684/1922/2
f 684/1923/3 680/1924/3 686/1925/3 690/1926/3
f 690/1927/4 686/1928/4 695/1929/4 696/1930/4
f 692/1931/5 684/1932/5 690/1933/5 696/1934/5
f 680/1935/6 691/1936/6 695/1937/6 686/1938/6
f 678/1939/1 674/1940/1 668/1941/1 672/1942/1
f 672/1943/2 668/1944/2 657/1945/2 658/1946/2
f 658/1947/3 657/1948/3 662/1949/3 666/1950/3
f 666/1951/4 662/1952/4 674/1953/4 678/1954/4
f 672/1955/5 658/1956/5 666/1957/5 678/1958/5
f 657/1959/6 668/1960/6 674/1961/6 662/1962/6
f 652/1963/1 650/1964/1 616/1965/1 634/1966/1
f 634/1967/2 616/1968/2 700/1969/2 699/1970/2
f 699/1971/3 700/1972/3 698/1973/3 697/1974/3
f 697/1975/4 698/1976/4 650/1977/4 652/1978/4
f 634/1979/5 699/1980/5 697/1981/5 652/1982/5
f 700/1983/6 616/1984/6 650/1985/6 698/1986/6
f 701/1987/1 702/1988/1 704/1989/1 703/1990/1
f 703/1991/2 704/1992/2 708/1993/2 707/1994/2
f 707/1995/3 708/1996/3 706/1997/3 705/1998/3
f 705/1999/4 706/2000/4 702/2001/4 701/2002/4
f 703/2003/5 707/2004/5 705/2005/5 701/2006/5
f 708/2007/6 704/2008/6 702/2009/6 706/2010/6
f 709/2011/1 710/2012/1 712/2013/1 711/2014/1
f 711/2015/2 712/2016/2 716/2017/2 715/2018/2
f 715/2019/3 716/2020/3 714/2021/3 713/2022/3
f 713/2023/4 714/2024/4 710/2025/4 709/2026/4
f 711/2027/5 715/2028/5 713/2029/5 709/2030/5
f 716/2031/6 712/2032/6 710/2033/6 714/2034/6
f 717/2035/1 718/2036/1 720/2037/1 719/2038/1
f 719/2039/2 720/2040/2 724/2041/2 723/2042/2
f 723/2043/3 724/2044/3 722/2045/3 721/2046/3
f 721/2047/4 722/2048/4 718/2049/4 717/2050/4
f 719/2051/5 723/2052/5 721/2053/5 717/2054/5
f 724/2055/6 720/2056/6 718/2057/6 722/2058/6
f 725/2059/1 726/2060/1 728/2061/1 727/2062/1
f 727/2063/2 728/2064/2 732/2065/2 731/2066/2
f 731/2067/3 732/2068/3 730/2069/3 729/2070/3
f 729/2071/4 730/2072/4 726/2073/4 725/2074/4
f 727/2075/5 731/2076/5 729/2077/5 725/2078/5
f 732/2079/6 728/2080/6 726/2081/6 730/2082/6
f 733/2083/1 734/2084/1 736/2085/1 735/2086/1
f 735/2087/2 736/2088/2 740/2089/2 739/2090/2
f 739/2091/3 740/2092/3 738/2093/3 737/2094/3
f 737/2095/4 738/2096/4 734/2097/4 733/2098/4
f 735/2099/5 739/2100/5 737/2101/5 733/2102/5
f 740/2103/6 736/2104/6 734/2105/6 738/2106/6
f 741/2107/1 742/2108/1 744/2109/1 743/2110/1
f 743/2111/2 744/2112/2 748/2113/2 747/2114/2
f 747/2115/3 748/2116/3 746/2117/3 745/2118/3
f 745/2119/4 746/2120/4 742/2121/4 741/2122/4
f 743/2123/5 747/2124/5 745/2125/5 741/2126/5
f 748/2127/6 744/2128/6 742/2129/6 746/2130/6
f 749/2131/1 750/2132/1 752/2133/1 751/2134/1
f 751/2135/2 752/2136/2 756/2137/2 755/2138/2
f 755/2139/3 756/2140/3 754/2141/3 753/2142/3
f 753/2143/4 754/2144/4 750/2145/4 749/2146/4
f 751/2147/5 755/2148/5 753/2149/5 749/2150/5
f 756/2151/6 752/2152/6 750/2153/6 754/2154/6
f 758/2155/35 757/2156/6 764/2157/36
f 761/2158/37 808/2159/33 766/2160/33 767/2161/37
f 807/2162/34 758/2163/38 764/2164/38 765/2165/34
f 762/2166/5 761/2167/31 767/2168/32
f 808/2159/33 807/2162/34 765/2165/34 766/2160/33
f 762/2166/5 767/2168/32 773/2169/41
f 766/2170/42 765/2171/39 771/2172/39 772/2173/42
f 764/2157/36 757/2156/6 770/2174/43
f 767/2175/44 766/2170/42 772/2173/42 773/2176/44
f 765/2171/39 764/2177/40 770/2178/40 771/2172/39
f 762/2166/5 773/2169/41 779/2179/47
f 772/2173/48 771/2172/45 777/2180/45 778/2181/48
f 770/2174/43 757/2156/6 776/2182/49
f 773/2176/50 772/2173/48 778/2181/48 779/2183/50
f 771/2172/45 770/2178/46 776/2184/46 777/2180/45
f 762/2166/5 779/2179/47 785/2185/53
f 778/2186/54 777/2187/51 783/2188/51 784/2189/54
f 776/2182/49 757/2156/6 782/2190/55
f 779/2191/56 778/2186/54 784/2189/54 785/2192/56
f 777/2187/51 776/2193/52 782/2194/52 783/2188/51
f 762/2166/5 785/2185/53 791/2195/59
f 784/2189/60 783/2188/57 789/2196/57 790/2197/60
f 782/2190/55 757/2156/6 788/2198/61
f 785/2192/62 784/2189/60 790/2197/60 791/2199/62
f 783/2188/57 782/2194/58 788/2200/58 789/2196/57
f 762/2166/5 791/2195/59 797/2201/65
f 790/2202/66 789/2203/63 795/2204/63 796/2205/66
f 788/2198/61 757/2156/6 794/2206/67
f 791/2207/68 790/2202/66 796/2205/66 797/2208/68
f 789/2203/63 788/2209/64 794/2210/64 795/2204/63
f 762/2166/5 797/2201/65 803/2211/71
f 796/2205/72 795/2204/69 801/2212/69 802/2213/72
f 794/2206/67 757/2156/6 800/2214/73
f 797/2208/74 796/2205/72 802/2213/72 803/2215/74
f 795/2204/69 794/2210/70 800/2216/70 801/2212/69
f 762/2166/5 803/2211/71 761/2167/31
f 802/2217/77 801/2218/75 807/2162/75 808/2159/77
f 800/2214/73 757/2156/6 758/2155/35
f 803/2219/78 802/2217/77 808/2159/77 761/2158/78
f 801/2218/75 800/2220/76 758/2163/76 807/2162/75
f 841/2221/33 842/2222/34 787/2223/34 792/2224/33
f 760/2225/5 804/2226/31 793/2227/32
f 842/2222/34 809/2228/38 786/2229/38 787/2223/34
f 804/2230/37 841/2221/33 792/2224/33 793/2231/37
f 809/2232/35 780/2233/6 786/2234/36
f 792/2235/42 787/2236/39 774/2237/39 769/2238/42
f 786/2234/36 780/2233/6 775/2239/43
f 760/2225/5 793/2227/32 768/2240/41
f 793/2241/44 792/2235/42 769/2238/42 768/2242/44
f 787/2236/39 786/2243/40 775/2244/40 774/2237/39
f 769/2238/48 774/2237/45 812/2245/45 811/2246/48
f 768/2242/50 769/2238/48 811/2246/48 759/2247/50
f 774/2237/45 775/2244/46 813/2248/46 812/2245/45
f 775/2239/43 780/2233/6 813/2249/49
f 760/2225/5 768/2240/41 759/2250/47
f 812/2251/51 813/2252/52 819/2253/52 818/2254/51
f 760/2225/5 759/2250/47 815/2255/53
f 813/2249/49 780/2233/6 819/2256/55
f 811/2257/54 812/2251/51 818/2254/51 817/2258/54
f 759/2259/56 811/2257/54 817/2258/54 815/2260/56
f 819/2256/55 780/2233/6 825/2261/61
f 815/2260/62 817/2258/60 823/2262/60 821/2263/62
f 817/2258/60 818/2254/57 824/2264/57 823/2262/60
f 760/2225/5 815/2255/53 821/2265/59
f 818/2254/57 819/2253/58 825/2266/58 824/2264/57
f 823/2267/66 824/2268/63 830/2269/63 829/2270/66
f 821/2271/68 823/2267/66 829/2270/66 827/2272/68
f 824/2268/63 825/2273/64 831/2274/64 830/2269/63
f 760/2225/5 821/2265/59 827/2275/65
f 825/2261/61 780/2233/6 831/2276/67
f 829/2270/72 830/2269/69 836/2277/69 835/2278/72
f 827/2272/74 829/2270/72 835/2278/72 833/2279/74
f 830/2269/69 831/2274/70 837/2280/70 836/2277/69
f 760/2225/5 827/2275/65 833/2281/71
f 831/2276/67 780/2233/6 837/2282/73
f 835/2283/77 836/2284/75 842/2222/75 841/2221/77
f 833/2285/78 835/2283/77 841/2221/77 804/2230/78
f 836/2284/75 837/2286/76 809/2228/76 842/2222/75
f 760/2225/5 833/2281/71 804/2226/31
f 837/2282/73 780/2233/6 809/2232/35
f 876/2287/34 843/2288/38 820/2289/38 822/2290/34
f 838/2291/37 875/2292/33 826/2293/33 828/2294/37
f 843/2295/35 814/2296/6 820/2297/36
f 875/2292/33 876/2287/34 822/2290/34 826/2293/33
f 781/2298/5 838/2299/31 828/2300/32
f 820/2297/36 814/2296/6 810/2301/43
f 781/2298/5 828/2300/32 799/2302/41
f 826/2303/42 822/2304/39 806/2305/39 805/2306/42
f 822/2304/39 820/2307/40 810/2308/40 806/2305/39
f 828/2309/44 826/2303/42 805/2306/42 799/2310/44
f 781/2298/5 799/2302/41 763/2311/47
f 810/2301/43 814/2296/6 847/2312/49
f 806/2305/45 810/2308/46 847/2313/46 846/2314/45
f 805/2306/48 806/2305/45 846/2314/45 845/2315/48
f 799/2310/50 805/2306/48 845/2315/48 763/2316/50
f 781/2298/5 763/2311/47 849/2317/53
f 846/2318/51 847/2319/52 853/2320/52 852/2321/51
f 847/2312/49 814/2296/6 853/2322/55
f 845/2323/54 846/2318/51 852/2321/51 851/2324/54
f 763/2325/56 845/2323/54 851/2324/54 849/2326/56
f 853/2322/55 814/2296/6 859/2327/61
f 849/2326/62 851/2324/60 857/2328/60 855/2329/62
f 852/2321/57 853/2320/58 859/2330/58 858/2331/57
f 851/2324/60 852/2321/57 858/2331/57 857/2328/60
f 781/2298/5 849/2317/53 855/2332/59
f 855/2333/68 857/2334/66 863/2335/66 861/2336/68
f 858/2337/63 859/2338/64 865/2339/64 864/2340/63
f 781/2298/5 855/2332/59 861/2341/65
f 859/2327/61 814/2296/6 865/2342/67
f 857/2334/66 858/2337/63 864/2340/63 863/2335/66
f 861/2336/74 863/2335/72 869/2343/72 867/2344/74
f 864/2340/69 865/2339/70 871/2345/70 870/2346/69
f 781/2298/5 861/2341/65 867/2347/71
f 865/2342/67 814/2296/6 871/2348/73
f 863/2335/72 864/2340/69 870/2346/69 869/2343/72
f 867/2349/78 869/2350/77 875/2292/77 838/2291/78
f 870/2351/75 871/2352/76 843/2288/76 876/2287/75
f 781/2298/5 867/2347/71 838/2299/31
f 871/2348/73 814/2296/6 843/2295/35
f 869/2350/77 870/2351/75 876/2287/75 875/2292/77
f 878/2353/1 877/2354/1 873/2355/1 874/2356/1
f 874/2357/2 873/2358/2 862/2359/2 866/2360/2
f 866/2361/3 862/2362/3 868/2363/3 872/2364/3
f 872/2365/4 868/2366/4 877/2367/4 878/2368/4
f 874/2369/5 866/2370/5 872/2371/5 878/2372/5
f 862/2373/6 873/2374/6 877/2375/6 868/2376/6
f 860/2377/1 856/2378/1 850/2379/1 854/2380/1
f 854/2381/2 850/2382/2 839/2383/2 840/2384/2
f 840/2385/3 839/2386/3 844/2387/3 848/2388/3
f 848/2389/4 844/2390/4 856/2391/4 860/2392/4
f 854/2393/5 840/2394/5 848/2395/5 860/2396/5
f 839/2397/6 850/2398/6 856/2399/6 844/2400/6
f 834/2401/1 832/2402/1 798/2403/1 816/2404/1
f 816/2405/2 798/2406/2 882/2407/2 881/2408/2
f 881/2409/3 882/2410/3 880/2411/3 879/2412/3
f 879/2413/4 880/2414/4 832/2415/4 834/2416/4
f 816/2417/5 881/2418/5 879/2419/5 834/2420/5
f 882/2421/6 798/2422/6 832/2423/6 880/2424/6
f 883/2425/1 884/2426/1 886/2427/1 885/2428/1
f 885/2429/2 886/2430/2 890/2431/2 889/2432/2
f 889/2433/3 890/2434/3 888/2435/3 887/2436/3
f 887/2437/4 888/2438/4 884/2439/4 883/2440/4
f 885/2441/5 889/2442/5 887/2443/5 883/2444/5
f 890/2445/6 886/2446/6 884/2447/6 888/2448/6
f 891/2449/1 892/2450/1 894/2451/1 893/2452/1
f 893/2453/2 894/2454/2 898/2455/2 897/2456/2
f 897/2457/3 898/2458/3 896/2459/3 895/2460/3
f 895/2461/4 896/2462/4 892/2463/4 891/2464/4
f 893/2465/5 897/2466/5 895/2467/5 891/2468/5
f 898/2469/6 894/2470/6 892/2471/6 896/2472/6
f 899/2473/1 900/2474/1 902/2475/1 901/2476/1
f 901/2477/2 902/2478/2 906/2479/2 905/2480/2
f 905/2481/3 906/2482/3 904/2483/3 903/2484/3
f 903/2485/4 904/2486/4 900/2487/4 899/2488/4
f 901/2489/5 905/2490/5 903/2491/5 899/2492/5
f 906/2493/6 902/2494/6 900/2495/6 904/2496/6
f 907/2497/1 908/2498/1 910/2499/1 909/2500/1
f 909/2501/2 910/2502/2 914/2503/2 913/2504/2
f 913/2505/3 914/2506/3 912/2507/3 911/2508/3
f 911/2509/4 912/2510/4 908/2511/4 907/2512/4
f 909/2513/5 913/2514/5 911/2515/5 907/2516/5
f 914/2517/6 910/2518/6 908/2519/6 912/2520/6
f 915/2521/1 916/2522/1 918/2523/1 917/2524/1
f 917/2525/2 918/2526/2 922/2527/2 921/2528/2
f 921/2529/3 922/2530/3 920/2531/3 919/2532/3
f 919/2533/4 920/2534/4 916/2535/4 915/2536/4
f 917/2537/5 921/2538/5 919/2539/5 915/2540/5
f 922/2541/6 918/2542/6 916/2543/6 920/2544/6
f 923/2545/1 924/2546/1 926/2547/1 925/2548/1
f 925/2549/2 926/2550/2 930/2551/2 929/2552/2
f 929/2553/3 930/2554/3 928/2555/3 927/2556/3
f 927/2557/4 928/2558/4 924/2559/4 923/2560/4
f 925/2561/5 929/2562/5 927/2563/5 923/2564/5
f 930/2565/6 926/2566/6 924/2567/6 928/2568/6
f 931/2569/1 932/2570/1 934/2571/1 933/2572/1
f 933/2573/2 934/2574/2 938/2575/2 937/2576/2
f 937/2577/3 938/2578/3 936/2579/3 935/2580/3
f 935/2581/4 936/2582/4 932/2583/4 931/2584/4
f 933/2585/5 937/2586/5 935/2587/5 931/2588/5
f 938/2589/6 934/2590/6 932/2591/6 936/2592/6
f 943/2593/37 990/2594/33 948/2595/33 949/2596/37
f 989/2597/34 940/2598/38 946/2599/38 947/2600/34
f 944/2601/5 943/2602/31 949/2603/32
f 990/2594/33 989/2597/34 947/2600/34 948/2595/33
f 940/2604/35 939/2605/6 946/2606/36
f 946/2606/36 939/2605/6 952/2607/43
f 949/2608/44 948/2609/42 954/2610/42 955/2611/44
f 947/2612/39 946/2613/40 952/2614/40 953/2615/39
f 944/2601/5 949/2603/32 955/2616/41
f 948/2609/42 947/2612/39 953/2615/39 954/2610/42
f 952/2607/43 939/2605/6 958/2617/49
f 955/2611/50 954/2610/48 960/2618/48 961/2619/50
f 953/2615/45 952/2614/46 958/2620/46 959/2621/45
f 944/2601/5 955/2616/41 961/2622/47
f 954/2610/48 953/2615/45 959/2621/45 960/2618/48
f 958/2617/49 939/2605/6 964/2623/55
f 961/2624/56 960/2625/54 966/2626/54 967/2627/56
f 959/2628/51 958/2629/52 964/2630/52 965/2631/51
f 944/2601/5 961/2622/47 967/2632/53
f 960/2625/54 959/2628/51 965/2631/51 966/2626/54
f 964/2623/55 939/2605/6 970/2633/61
f 967/2627/62 966/2626/60 972/2634/60 973/2635/62
f 965/2631/57 964/2630/58 970/2636/58 971/2637/57
f 944/2601/5 967/2632/53 973/2638/59
f 966/2626/60 965/2631/57 971/2637/57 972/2634/60
f 970/2633/61 939/2605/6 976/2639/67
f 973/2640/68 972/2641/66 978/2642/66 979/2643/68
f 971/2644/63 970/2645/64 976/2646/64 977/2647/63
f 944/2601/5 973/2638/59 979/2648/65
f 972/2641/66 971/2644/63 977/2647/63 978/2642/66
f 976/2639/67 939/2605/6 982/2649/73
f 979/2643/74 978/2642/72 984/2650/72 985/2651/74
f 977/2647/69 976/2646/70 982/2652/70 983/2653/69
f 944/2601/5 979/2648/65 985/2654/71
f 978/2642/72 977/2647/69 983/2653/69 984/2650/72
f 982/2649/73 939/2605/6 940/2604/35
f 985/2655/78 984/2656/77 990/2594/77 943/2593/78
f 983/2657/75 982/2658/76 940/2598/76 989/2597/75
f 944/2601/5 985/2654/71 943/2602/31
f 984/2656/77 983/2657/75 989/2597/75 990/2594/77
f 1024/2659/34 991/2660/38 968/2661/38 969/2662/34
f 986/2663/37 1023/2664/33 974/2665/33 975/2666/37
f 991/2667/35 962/2668/6 968/2669/36
f 1023/2664/33 1024/2659/34 969/2662/34 974/2665/33
f 942/2670/5 986/2671/31 975/2672/32
f 974/2673/42 969/2674/39 956/2675/39 951/2676/42
f 942/2670/5 975/2672/32 950/2677/41
f 975/2678/44 974/2673/42 951/2676/42 950/2679/44
f 969/2674/39 968/2680/40 957/2681/40 956/2675/39
f 968/2669/36 962/2668/6 957/2682/43
f 950/2679/50 951/2676/48 993/2683/48 941/2684/50
f 957/2682/43 962/2668/6 995/2685/49
f 942/2670/5 950/2677/41 941/2686/47
f 956/2675/45 957/2681/46 995/2687/46 994/2688/45
f 951/2676/48 956/2675/45 994/2688/45 993/2683/48
f 942/2670/5 941/2686/47 997/2689/53
f 995/2685/49 962/2668/6 1001/2690/55
f 941/2691/56 993/2692/54 999/2693/54 997/2694/56
f 993/2692/54 994/2695/51 1000/2696/51 999/2693/54
f 994/2695/51 995/2697/52 1001/2698/52 1000/2696/51
f 1001/2690/55 962/2668/6 1007/2699/61
f 999/2693/60 1000/2696/57 1006/2700/57 1005/2701/60
f 997/2694/62 999/2693/60 1005/2701/60 1003/2702/62
f 1000/2696/57 1001/2698/58 1007/2703/58 1006/2700/57
f 942/2670/5 997/2689/53 1003/2704/59
f 1003/2705/68 1005/2706/66 1011/2707/66 1009/2708/68
f 1006/2709/63 1007/2710/64 1013/2711/64 1012/2712/63
f 942/2670/5 1003/2704/59 1009/2713/65
f 1007/2699/61 962/2668/6 1013/2714/67
f 1005/2706/66 1006/2709/63 1012/2712/63 1011/2707/66
f 1009/2708/74 1011/2707/72 1017/2715/72 1015/2716/74
f 1012/2712/69 1013/2711/70 1019/2717/70 1018/2718/69
f 942/2670/5 1009/2713/65 1015/2719/71
f 1013/2714/67 962/2668/6 1019/2720/73
f 1011/2707/72 1012/2712/69 1018/2718/69 1017/2715/72
f 1015/2721/78 1017/2722/77 1023/2664/77 986/2663/78
f 1018/2723/75 1019/2724/76 991/2660/76 1024/2659/75
f 942/2670/5 1015/2719/71 986/2671/31
f 1019/2720/73 962/2668/6 991/2667/35
f 1017/2722/77 1018/2723/75 1024/2659/75 1023/2664/77
f 1058/2725/34 1025/2726/38 1002/2727/38 1004/2728/34
f 1020/2729/37 1057/2730/33 1008/2731/33 1010/2732/37
f 1025/2733/35 996/2734/6 1002/2735/36
f 1057/2730/33 1058/2725/34 1004/2728/34 1008/2731/33
f 963/2736/5 1020/2737/31 1010/2738/32
f 1002/2735/36 996/2734/6 992/2739/43
f 963/2736/5 1010/2738/32 981/2740/41
f 1008/2741/42 1004/2742/39 988/2743/39 987/2744/42
f 1004/2742/39 1002/2745/40 992/2746/40 988/2743/39
f 1010/2747/44 1008/2741/42 987/2744/42 981/2748/44
f 992/2739/43 996/2734/6 1029/2749/49
f 963/2736/5 981/2740/41 945/2750/47
f 988/2743/45 992/2746/46 1029/2751/46 1028/2752/45
f 987/2744/48 988/2743/45 1028/2752/45 1027/2753/48
f 981/2748/50 987/2744/48 1027/2753/48 945/2754/50
f 945/2755/56 1027/2756/54 1033/2757/54 1031/2758/56
f 1029/2749/49 996/2734/6 1035/2759/55
f 1027/2756/54 1028/2760/51 1034/2761/51 1033/2757/54
f 963/2736/5 945/2750/47 1031/2762/53
f 1028/2760/51 1029/2763/52 1035/2764/52 1034/2761/51
f 1031/2758/62 1033/2757/60 1039/2765/60 1037/2766/62
f 1033/2757/60 1034/2761/57 1040/2767/57 1039/2765/60
f 963/2736/5 1031/2762/53 1037/2768/59
f 1035/2759/55 996/2734/6 1041/2769/61
f 1034/2761/57 1035/2764/58 1041/2770/58 1040/2767/57
f 1037/2771/68 1039/2772/66 1045/2773/66 1043/2774/68
f 1040/2775/63 1041/2776/64 1047/2777/64 1046/2778/63
f 963/2736/5 1037/2768/59 1043/2779/65
f 1041/2769/61 996/2734/6 1047/2780/67
f 1039/2772/66 1040/2775/63 1046/2778/63 1045/2773/66
f 1043/2774/74 1045/2773/72 1051/2781/72 1049/2782/74
f 1046/2778/69 1047/2777/70 1053/2783/70 1052/2784/69
f 963/2736/5 1043/2779/65 1049/2785/71
f 1047/2780/67 996/2734/6 1053/2786/73
f 1045/2773/72 1046/2778/69 1052/2784/69 1051/2781/72
f 1049/2787/78 1051/2788/77 1057/2730/77 1020/2729/78
f 1052/2789/75 1053/2790/76 1025/2726/76 1058/2725/75
f 963/2736/5 1049/2785/71 1020/2737/31
f 1053/2786/73 996/2734/6 1025/2733/35
f 1051/2788/77 1052/2789/75 1058/2725/75 1057/2730/77
f 1060/2791/1 1059/2792/1 1055/2793/1 1056/2794/1
f 1056/2795/2 1055/2796/2 1044/2797/2 1048/2798/2
f 1048/2799/3 1044/2800/3 1050/2801/3 1054/2802/3
f 1054/2803/4 1050/2804/4 1059/2805/4 1060/2806/4
f 1056/2807/5 1048/2808/5 1054/2809/5 1060/2810/5
f 1044/2811/6 1055/2812/6 1059/2813/6 1050/2814/6
f 1042/2815/1 1038/2816/1 1032/2817/1 1036/2818/1
f 1036/2819/2 1032/2820/2 1021/2821/2 1022/2822/2
f 1022/2823/3 1021/2824/3 1026/2825/3 1030/2826/3
f 1030/2827/4 1026/2828/4 1038/2829/4 1042/2830/4
f 1036/2831/5 1022/2832/5 1030/2833/5 1042/2834/5
f 1021/2835/6 1032/2836/6 1038/2837/6 1026/2838/6
f 1016/2839/1 1014/2840/1 980/2841/1 998/2842/1
f 998/2843/2 980/2844/2 1064/2845/2 1063/2846/2
f 1063/2847/3 1064/2848/3 1062/2849/3 1061/2850/3
f 1061/2851/4 1062/2852/4 1014/2853/4 1016/2854/4
f 998/2855/5 1063/2856/5 1061/2857/5 1016/2858/5
f 1064/2859/6 980/2860/6 1014/2861/6 1062/2862/6
f 1065/2863/1 1066/2864/1 1068/2865/1 1067/2866/1
f 1067/2867/2 1068/2868/2 1072/2869/2 1071/2870/2
f 1071/2871/3 1072/2872/3 1070/2873/3 1069/2874/3
f 1069/2875/4 1070/2876/4 1066/2877/4 1065/2878/4
f 1067/2879/5 1071/2880/5 1069/2881/5 1065/2882/5
f 1072/2883/6 1068/2884/6 1066/2885/6 1070/2886/6
f 1073/2887/1 1074/2888/1 1076/2889/1 1075/2890/1
f 1075/2891/2 1076/2892/2 1080/2893/2 1079/2894/2
f 1079/2895/3 1080/2896/3 1078/2897/3 1077/2898/3
f 1077/2899/4 1078/2900/4 1074/2901/4 1073/2902/4
f 1075/2903/5 1079/2904/5 1077/2905/5 1073/2906/5
f 1080/2907/6 1076/2908/6 1074/2909/6 1078/2910/6
f 1081/2911/1 1082/2912/1 1084/2913/1 1083/2914/1
f 1083/2915/2 1084/2916/2 1088/2917/2 1087/2918/2
f 1087/2919/3 1088/2920/3 1086/2921/3 1085/2922/3
f 1085/2923/4 1086/2924/4 1082/2925/4 1081/2926/4
f 1083/2927/5 1087/2928/5 1085/2929/5 1081/2930/5
f 1088/2931/6 1084/2932/6 1082/2933/6 1086/2934/6
f 1089/2935/1 1090/2936/1 1092/2937/1 1091/2938/1
f 1091/2939/2 1092/2940/2 1096/2941/2 1095/2942/2
f 1095/2943/3 1096/2944/3 1094/2945/3 1093/2946/3
f 1093/2947/4 1094/2948/4 1090/2949/4 1089/2950/4
f 1091/2951/5 1095/2952/5 1093/2953/5 1089/2954/5
f 1096/2955/6 1092/2956/6 1090/2957/6 1094/2958/6
f 1097/2959/1 1098/2960/1 1100/2961/1 1099/2962/1
f 1099/2963/2 1100/2964/2 1104/2965/2 1103/2966/2
f 1103/2967/3 1104/2968/3 1102/2969/3 1101/2970/3
f 1101/2971/4 1102/2972/4 1098/2973/4 1097/2974/4
f 1099/2975/5 1103/2976/5 1101/2977/5 1097/2978/5
f 1104/2979/6 1100/2980/6 1098/2981/6 1102/2982/6
f 1105/2983/1 1106/2984/1 1108/2985/1 1107/2986/1
f 1107/2987/2 1108/2988/2 1112/2989/2 1111/2990/2
f 1111/2991/3 1112/2992/3 1110/2993/3 1109/2994/3
f 1109/2995/4 1110/2996/4 1106/2997/4 1105/2998/4
f 1107/2999/5 1111/3000/5 1109/3001/5 1105/3002/5
f 1112/3003/6 1108/3004/6 1106/3005/6 1110/3006/6
f 1113/3007/1 1114/3008/1 1116/3009/1 1115/3010/1
f 1115/3011/2 1116/3012/2 1120/3013/2 1119/3014/2
f 1119/3015/3 1120/3016/3 1118/3017/3 1117/3018/3
f 1117/3019/4 1118/3020/4 1114/3021/4 1113/3022/4
f 1115/3023/5 1119/3024/5 1117/3025/5 1113/3026/5
f 1120/3027/6 1116/3028/6 1114/3029/6 1118/3030/6
f 1121/3031/1 1122/3032/1 1124/3033/1 1123/3034/1
f 1123/3035/2 1124/3036/2 1128/3037/2 1127/3038/2
f 1127/3039/3 1128/3040/3 1126/3041/3 1125/3042/3
f 1125/3043/4 1126/3044/4 1122/3045/4 1121/3046/4
f 1123/3047/5 1127/3048/5 1125/3049/5 1121/3050/5
f 1128/3051/6 1124/3052/6 1122/3053/6 1126/3054/6
f 1129/3055/1 1130/3056/1 1132/3057/1 1131/3058/1
f 1131/3059/2 1132/3060/2 1136/3061/2 1135/3062/2
f 1135/3063/3 1136/3064/3 1134/3065/3 1133/3066/3
f 1133/3067/4 1134/3068/4 1130/3069/4 1129/3070/4
f 1131/3071/5 1135/3072/5 1133/3073/5 1129/3074/5
f 1136/3075/6 1132/3076/6 1130/3077/6 1134/3078/6
f 1137/3079/1 1138/3080/1 1140/3081/1 1139/3082/1
f 1139/3083/2 1140/3084/2 1144/3085/2 1143/3086/2
f 1143/3087/3 1144/3088/3 1142/3089/3 1141/3090/3
f 1141/3091/4 1142/3092/4 1138/3093/4 1137/3094/4
f 1139/3095/5 1143/3096/5 1141/3097/5 1137/3098/5
f 1144/3099/6 1140/3100/6 1138/3101/6 1142/3102/6
f 1145/3103/1 1146/3104/1 1148/3105/1 1147/3106/1
f 1147/3107/2 1148/3108/2 1152/3109/2 1151/3110/2
f 1151/3111/3 1152/3112/3 1150/3113/3 1149/3114/3
f 1149/3115/4 1150/3116/4 1146/3117/4 1145/3118/4
f 1147/3119/5 1151/3120/5 1149/3121/5 1145/3122/5
f 1152/3123/6 1148/3124/6 1146/3125/6 1150/3126/6
f 1153/3127/1 1154/3128/1 1156/3129/1 1155/3130/1
f 1155/3131/2 1156/3132/2 1160/3133/2 1159/3134/2
f 1159/3135/3 1160/3136/3 1158/3137/3 1157/3138/3
f 1157/3139/4 1158/3140/4 1154/3141/4 1153/3142/4
f 1155/3143/5 1159/3144/5 1157/3145/5 1153/3146/5
f 1160/3147/6 1156/3148/6 1154/3149/6 1158/3150/6
f 1161/3151/1 1162/3152/1 1164/3153/1 1163/3154/1
f 1163/3155/2 1164/3156/2 1168/3157/2 1167/3158/2
f 1167/3159/3 1168/3160/3 1166/3161/3 1165/3162/3
f 1165/3163/4 1166/3164/4 1162/3165/4 1161/3166/4
f 1163/3167/5 1167/3168/5 1165/3169/5 1161/3170/5
f 1168/3171/6 1164/3172/6 1162/3173/6 1166/3174/6
f 1169/3175/1 1170/3176/1 1172/3177/1 1171/3178/1
f 1171/3179/2 1172/3180/2 1176/3181/2 1175/3182/2
f 1175/3183/3 1176/3184/3 1174/3185/3 1173/3186/3
f 1173/3187/4 1174/3188/4 1170/3189/4 1169/3190/4
f 1171/3191/5 1175/3192/5 1173/3193/5 1169/3194/5
f 1176/3195/6 1172/3196/6 1170/3197/6 1174/3198/6
f 1177/3199/1 1178/3200/1 1180/3201/1 1179/3202/1
f 1179/3203/2 1180/3204/2 1184/3205/2 1183/3206/2
f 1183/3207/3 1184/3208/3 1182/3209/3 1181/3210/3
f 1181/3211/4 1182/3212/4 1178/3213/4 1177/3214/4
f 1179/3215/5 1183/3216/5 1181/3217/5 1177/3218/5
f 1184/3219/6 1180/3220/6 1178/3221/6 1182/3222/6
f 1185/3223/1 1186/3224/1 1188/3225/1 1187/3226/1
f 1187/3227/2 1188/3228/2 1192/3229/2 1191/3230/2
f 1191/3231/3 1192/3232/3 1190/3233/3 1189/3234/3
f 1189/3235/4 1190/3236/4 1186/3237/4 1185/3238/4
f 1187/3239/5 1191/3240/5 1189/3241/5 1185/3242/5
f 1192/3243/6 1188/3244/6 1186/3245/6 1190/3246/6
f 1193/3247/1 1194/3248/1 1196/3249/1 1195/3250/1
f 1195/3251/2 1196/3252/2 1200/3253/2 1199/3254/2
f 1199/3255/3 1200/3256/3 1198/3257/3 1197/3258/3
f 1197/3259/4 1198/3260/4 1194/3261/4 1193/3262/4
f 1195/3263/5 1199/3264/5 1197/3265/5 1193/3266/5
f 1200/3267/6 1196/3268/6 1194/3269/6 1198/3270/6
f 1201/3271/1 1202/3272/1 1204/3273/1 1203/3274/1
f 1203/3275/2 1204/3276/2 1208/3277/2 1207/3278/2
f 1207/3279/3 1208/3280/3 1206/3281/3 1205/3282/3
f 1205/3283/4 1206/3284/4 1202/3285/4 1201/3286/4
f 1203/3287/5 1207/3288/5 1205/3289/5 1201/3290/5
f 1208/3291/6 1204/3292/6 1202/3293/6 1206/3294/6
f 1209/3295/1 1210/3296/1 1212/3297/1 1211/3298/1
f 1211/3299/2 1212/3300/2 1216/3301/2 1215/3302/2
f 1215/3303/3 1216/3304/3 1214/3305/3 1213/3306/3
f 1213/3307/4 1214/3308/4 1210/3309/4 1209/3310/4
f 1211/3311/5 1215/3312/5 1213/3313/5 1209/3314/5
f 1216/3315/6 1212/3316/6 1210/3317/6 1214/3318/6
f 1217/3319/1 1218/3320/1 1220/3321/1 1219/3322/1
f 1219/3323/2 1220/3324/2 1224/3325/2 1223/3326/2
f 1223/3327/3 1224/3328/3 1222/3329/3 1221/3330/3
f 1221/3331/4 1222/3332/4 1218/3333/4 1217/3334/4
f 1219/3335/5 1223/3336/5 1221/3337/5 1217/3338/5
f 1224/3339/6 1220/3340/6 1218/3341/6 1222/3342/6
f 1225/3343/1 1226/3344/1 1228/3345/1 1227/3346/1
f 1227/3347/2 1228/3348/2 1232/3349/2 1231/3350/2
f 1231/3351/3 1232/3352/3 1230/3353/3 1229/3354/3
f 1229/3355/4 1230/3356/4 1226/3357/4 1225/3358/4
f 1227/3359/5 1231/3360/5 1229/3361/5 1225/3362/5
f 1232/3363/6 1228/3364/6 1226/3365/6 1230/3366/6
f 1233/3367/1 1234/3368/1 1236/3369/1 1235/3370/1
f 1235/3371/2 1236/3372/2 1240/3373/2 1239/3374/2
f 1239/3375/3 1240/3376/3 1238/3377/3 1237/3378/3
f 1237/3379/4 1238/3380/4 1234/3381/4 1233/3382/4
f 1235/3383/5 1239/3384/5 1237/3385/5 1233/3386/5
f 1240/3387/6 1236/3388/6 1234/3389/6 1238/3390/6
f 1241/3391/1 1242/3392/1 1244/3393/1 1243/3394/1
f 1243/3395/2 1244/3396/2 1248/3397/2 1247/3398/2
f 1247/3399/3 1248/3400/3 1246/3401/3 1245/3402/3
f 1245/3403/4 1246/3404/4 1242/3405/4 1241/3406/4
f 1243/3407/5 1247/3408/5 1245/3409/5 1241/3410/5
f 1248/3411/6 1244/3412/6 1242/3413/6 1246/3414/6
f 1249/3415/1 1250/3416/1 1252/3417/1 1251/3418/1
f 1251/3419/2 1252/3420/2 1256/3421/2 1255/3422/2
f 1255/3423/3 1256/3424/3 1254/3425/3 1253/3426/3
f 1253/3427/4 1254/3428/4 1250/3429/4 1249/3430/4
f 1251/3431/5 1255/3432/5 1253/3433/5 1249/3434/5
f 1256/3435/6 1252/3436/6 1250/3437/6 1254/3438/6
f 1257/3439/1 1258/3440/1 1260/3441/1 1259/3442/1
f 1259/3443/2 1260/3444/2 1264/3445/2 1263/3446/2
f 1263/3447/3 1264/3448/3 1262/3449/3 1261/3450/3
f 1261/3451/4 1262/3452/4 1258/3453/4 1257/3454/4
f 1259/3455/5 1263/3456/5 1261/3457/5 1257/3458/5
f 1264/3459/6 1260/3460/6 1258/3461/6 1262/3462/6
f 1265/3463/1 1266/3464/1 1268/3465/1 1267/3466/1
f 1267/3467/2 1268/3468/2 1272/3469/2 1271/3470/2
f 1271/3471/3 1272/3472/3 1270/3473/3 1269/3474/3
f 1269/3475/4 1270/3476/4 1266/3477/4 1265/3478/4
f 1267/3479/5 1271/3480/5 1269/3481/5 1265/3482/5
f 1272/3483/6 1268/3484/6 1266/3485/6 1270/3486/6
f 1273/3487/1 1274/3488/1 1276/3489/1 1275/3490/1
f 1275/3491/2 1276/3492/2 1280/3493/2 1279/3494/2
f 1279/3495/3 1280/3496/3 1278/3497/3 1277/3498/3
f 1277/3499/4 1278/3500/4 1274/3501/4 1273/3502/4
f 1275/3503/5 1279/3504/5 1277/3505/5 1273/3506/5
f 1280/3507/6 1276/3508/6 1274/3509/6 1278/3510/6
f 1281/3511/1 1282/3512/1 1284/3513/1 1283/3514/1
f 1283/3515/2 1284/3516/2 1288/3517/2 1287/3518/2
f 1287/3519/3 1288/3520/3 1286/3521/3 1285/3522/3
f 1285/3523/4 1286/3524/4 1282/3525/4 1281/3526/4
f 1283/3527/5 1287/3528/5 1285/3529/5 1281/3530/5
f 1288/3531/6 1284/3532/6 1282/3533/6 1286/3534/6
f 1289/3535/1 1290/3536/1 1292/3537/1 1291/3538/1
f 1291/3539/2 1292/3540/2 1296/3541/2 1295/3542/2
f 1295/3543/3 1296/3544/3 1294/3545/3 1293/3546/3
f 1293/3547/4 1294/3548/4 1290/3549/4 1289/3550/4
f 1291/3551/5 1295/3552/5 1293/3553/5 1289/3554/5
f 1296/3555/6 1292/3556/6 1290/3557/6 1294/3558/6
f 1297/3559/1 1298/3560/1 1300/3561/1 1299/3562/1
f 1299/3563/2 1300/3564/2 1304/3565/2 1303/3566/2
f 1303/3567/3 1304/3568/3 1302/3569/3 1301/3570/3
f 1301/3571/4 1302/3572/4 1298/3573/4 1297/3574/4
f 1299/3575/5 1303/3576/5 1301/3577/5 1297/3578/5
f 1304/3579/6 1300/3580/6 1298/3581/6 1302/3582/6
f 1305/3583/1 1306/3584/1 1308/3585/1 1307/3586/1
f 1307/3587/2 1308/3588/2 1312/3589/2 1311/3590/2
f 1311/3591/3 1312/3592/3 1310/3593/3 1309/3594/3
f 1309/3595/4 1310/3596/4 1306/3597/4 1305/3598/4
f 1307/3599/5 1311/3600/5 1309/3601/5 1305/3602/5
f 1312/3603/6 1308/3604/6 1306/3605/6 1310/3606/6
f 1313/3607/1 1314/3608/1 1316/3609/1 1315/3610/1
f 1315/3611/2 1316/3612/2 1320/3613/2 1319/3614/2
f 1319/3615/3 1320/3616/3 1318/3617/3 1317/3618/3
f 1317/3619/4 1318/3620/4 1314/3621/4 1313/3622/4
f 1315/3623/5 1319/3624/5 1317/3625/5 1313/3626/5
f 1320/3627/6 1316/3628/6 1314/3629/6 1318/3630/6
f 1321/3631/1 1322/3632/1 1324/3633/1 1323/3634/1
f 1323/3635/2 1324/3636/2 1328/3637/2 1327/3638/2
f 1327/3639/3 1328/3640/3 1326/3641/3 1325/3642/3
f 1325/3643/4 1326/3644/4 1322/3645/4 1321/3646/4
f 1323/3647/5 1327/3648/5 1325/3649/5 1321/3650/5
f 1328/3651/6 1324/3652/6 1322/3653/6 1326/3654/6
f 1329/3655/1 1330/3656/1 1332/3657/1 1331/3658/1
f 1331/3659/2 1332/3660/2 1336/3661/2 1335/3662/2
f 1335/3663/3 1336/3664/3 1334/3665/3 1333/3666/3
f 1333/3667/4 1334/3668/4 1330/3669/4 1329/3670/4
f 1331/3671/5 1335/3672/5 1333/3673/5 1329/3674/5
f 1336/3675/6 1332/3676/6 1330/3677/6 1334/3678/6
f 1337/3679/1 1338/3680/1 1340/3681/1 1339/3682/1
f 1339/3683/2 1340/3684/2 1344/3685/2 1343/3686/2
f 1343/3687/3 1344/3688/3 1342/3689/3 1341/3690/3
f 1341/3691/4 1342/3692/4 1338/3693/4 1337/3694/4
f 1339/3695/5 1343/3696/5 1341/3697/5 1337/3698/5
f 1344/3699/6 1340/3700/6 1338/3701/6 1342/3702/6
f 1345/3703/1 1346/3704/1 1348/3705/1 1347/3706/1
f 1347/3707/2 1348/3708/2 1352/3709/2 1351/3710/2
f 1351/3711/3 1352/3712/3 1350/3713/3 1349/3714/3
f 1349/3715/4 1350/3716/4 1346/3717/4 1345/3718/4
f 1347/3719/5 1351/3720/5 1349/3721/5 1345/3722/5
f 1352/3723/6 1348/3724/6 1346/3725/6 1350/3726/6
f 1353/3727/1 1354/3728/1 1356/3729/1 1355/3730/1
f 1355/3731/2 1356/3732/2 1360/3733/2 1359/3734/2
f 1359/3735/3 1360/3736/3 1358/3737/3 1357/3738/3
f 1357/3739/4 1358/3740/4 1354/3741/4 1353/3742/4
f 1355/3743/5 1359/3744/5 1357/3745/5 1353/3746/5
f 1360/3747/6 1356/3748/6 1354/3749/6 1358/3750/6
f 1361/3751/1 1362/3752/1 1364/3753/1 1363/3754/1
f 1363/3755/2 1364/3756/2 1368/3757/2 1367/3758/2
f 1367/3759/3 1368/3760/3 1366/3761/3 1365/3762/3
f 1365/3763/4 1366/3764/4 1362/3765/4 1361/3766/4
f 1363/3767/5 1367/3768/5 1365/3769/5 1361/3770/5
f 1368/3771/6 1364/3772/6 1362/3773/6 1366/3774/6
f 1369/3775/1 1370/3776/1 1372/3777/1 1371/3778/1
f 1371/3779/2 1372/3780/2 1376/3781/2 1375/3782/2
f 1375/3783/3 1376/3784/3 1374/3785/3 1373/3786/3
f 1373/3787/4 1374/3788/4 1370/3789/4 1369/3790/4
f 1371/3791/5 1375/3792/5 1373/3793/5 1369/3794/5
f 1376/3795/6 1372/3796/6 1370/3797/6 1374/3798/6
f 1377/3799/1 1378/3800/1 1380/3801/1 1379/3802/1
f 1379/3803/2 1380/3804/2 1384/3805/2 1383/3806/2
f 1383/3807/3 1384/3808/3 1382/3809/3 1381/3810/3
f 1381/3811/4 1382/3812/4 1378/3813/4 1377/3814/4
f 1379/3815/5 1383/3816/5 1381/3817/5 1377/3818/5
f 1384/3819/6 1380/3820/6 1378/3821/6 1382/3822/6
f 1385/3823/1 1386/3824/1 1388/3825/1 1387/3826/1
f 1387/3827/2 1388/3828/2 1392/3829/2 1391/3830/2
f 1391/3831/3 1392/3832/3 1390/3833/3 1389/3834/3
f 1389/3835/4 1390/3836/4 1386/3837/4 1385/3838/4
f 1387/3839/5 1391/3840/5 1389/3841/5 1385/3842/5
f 1392/3843/6 1388/3844/6 1386/3845/6 1390/3846/6
f 1393/3847/1 1394/3848/1 1396/3849/1 1395/3850/1
f 1395/3851/2 1396/3852/2 1400/3853/2 1399/3854/2
f 1399/3855/3 1400/3856/3 1398/3857/3 1397/3858/3
f 1397/3859/4 1398/3860/4 1394/3861/4 1393/3862/4
f 1395/3863/5 1399/3864/5 1397/3865/5 1393/3866/5
f 1400/3867/6 1396/3868/6 1394/3869/6 1398/3870/6
f 1401/3871/1 1402/3872/1 1404/3873/1 1403/3874/1
f 1403/3875/2 1404/3876/2 1408/3877/2 1407/3878/2
f 1407/3879/3 1408/3880/3 1406/3881/3 1405/3882/3
f 1405/3883/4 1406/3884/4 1402/3885/4 1401/3886/4
f 1403/3887/5 1407/3888/5 1405/3889/5 1401/3890/5
f 1408/3891/6 1404/3892/6 1402/3893/6 1406/3894/6
f 1409/3895/1 1410/3896/1 1412/3897/1 1411/3898/1
f 1411/3899/2 1412/3900/2 1416/3901/2 1415/3902/2
f 1415/3903/3 1416/3904/3 1414/3905/3 1413/3906/3
f 1413/3907/4 1414/3908/4 1410/3909/4 1409/3910/4
f 1411/3911/5 1415/3912/5 1413/3913/5 1409/3914/5
f 1416/3915/6 1412/3916/6 1410/3917/6 1414/3918/6
f 1417/3919/1 1418/3920/1 1420/3921/1 1419/3922/1
f 1419/3923/2 1420/3924/2 1424/3925/2 1423/3926/2
f 1423/3927/3 1424/3928/3 1422/3929/3 1421/3930/3
f 1421/3931/4 1422/3932/4 1418/3933/4 1417/3934/4
f 1419/3935/5 1423/3936/5 1421/3937/5 1417/3938/5
f 1424/3939/6 1420/3940/6 1418/3941/6 1422/3942/6
f 1425/3943/1 1426/3944/1 1428/3945/1 1427/3946/1
f 1427/3947/2 1428/3948/2 1432/3949/2 1431/3950/2
f 1431/3951/3 1432/3952/3 1430/3953/3 1429/3954/3
f 1429/3955/4 1430/3956/4 1426/3957/4 1425/3958/4
f 1427/3959/5 1431/3960/5 1429/3961/5 1425/3962/5
f 1432/3963/6 1428/3964/6 1426/3965/6 1430/3966/6
f 1433/3967/1 1434/3968/1 1436/3969/1 1435/3970/1
f 1435/3971/2 1436/3972/2 1440/3973/2 1439/3974/2
f 1439/3975/3 1440/3976/3 1438/3977/3 1437/3978/3
f 1437/3979/4 1438/3980/4 1434/3981/4 1433/3982/4
f 1435/3983/5 1439/3984/5 1437/3985/5 1433/3986/5
f 1440/3987/6 1436/3988/6 1434/3989/6 1438/3990/6
f 1441/3991/1 1442/3992/1 1444/3993/1 1443/3994/1
f 1443/3995/2 1444/3996/2 1448/3997/2 1447/3998/2
f 1447/3999/3 1448/4000/3 1446/4001/3 1445/4002/3
f 1445/4003/4 1446/4004/4 1442/4005/4 1441/4006/4
f 1443/4007/5 1447/4008/5 1445/4009/5 1441/4010/5
f 1448/4011/6 1444/4012/6 1442/4013/6 1446/4014/6
f 1449/4015/1 1450/4016/1 1452/4017/1 1451/4018/1
f 1451/4019/2 1452/4020/2 1456/4021/2 1455/4022/2
f 1455/4023/3 1456/4024/3 1454/4025/3 1453/4026/3
f 1453/4027/4 1454/4028/4 1450/4029/4 1449/4030/4
f 1451/4031/5 1455/4032/5 1453/4033/5 1449/4034/5
f 1456/4035/6 1452/4036/6 1450/4037/6 1454/4038/6
f 1457/4039/1 1458/4040/1 1460/4041/1 1459/4042/1
f 1459/4043/2 1460/4044/2 1464/4045/2 1463/4046/2
f 1463/4047/3 1464/4048/3 1462/4049/3 1461/4050/3
f 1461/4051/4 1462/4052/4 1458/4053/4 1457/4054/4
f 1459/4055/5 1463/4056/5 1461/4057/5 1457/4058/5
f 1464/4059/6 1460/4060/6 1458/4061/6 1462/4062/6
f 1465/4063/1 1466/4064/1 1468/4065/1 1467/4066/1
f 1467/4067/2 1468/4068/2 1472/4069/2 1471/4070/2
f 1471/4071/3 1472/4072/3 1470/4073/3 1469/4074/3
f 1469/4075/4 1470/4076/4 1466/4077/4 1465/4078/4
f 1467/4079/5 1471/4080/5 1469/4081/5 1465/4082/5
f 1472/4083/6 1468/4084/6 1466/4085/6 1470/4086/6
f 1473/4087/1 1474/4088/1 1476/4089/1 1475/4090/1
f 1475/4091/2 1476/4092/2 1480/4093/2 1479/4094/2
f 1479/4095/3 1480/4096/3 1478/4097/3 1477/4098/3
f 1477/4099/4 1478/4100/4 1474/4101/4 1473/4102/4
f 1475/4103/5 1479/4104/5 1477/4105/5 1473/4106/5
f 1480/4107/6 1476/4108/6 1474/4109/6 1478/4110/6
f 1481/4111/1 1482/4112/1 1484/4113/1 1483/4114/1
f 1483/4115/2 1484/4116/2 1488/4117/2 1487/4118/2
f 1487/4119/3 1488/4120/3 1486/4121/3 1485/4122/3
f 1485/4123/4 1486/4124/4 1482/4125/4 1481/4126/4
f 1483/4127/5 1487/4128/5 1485/4129/5 1481/4130/5
f 1488/4131/6 1484/4132/6 1482/4133/6 1486/4134/6
f 1489/4135/1 1490/4136/1 1492/4137/1 1491/4138/1
f 1491/4139/2 1492/4140/2 1496/4141/2 1495/4142/2
f 1495/4143/3 1496/4144/3 1494/4145/3 1493/4146/3
f 1493/4147/4 1494/4148/4 1490/4149/4 1489/4150/4
f 1491/4151/5 1495/4152/5 1493/4153/5 1489/4154/5
f 1496/4155/6 1492/4156/6 1490/4157/6 1494/4158/6
f 1497/4159/1 1498/4160/1 1500/4161/1 1499/4162/1
f 1499/4163/2 1500/4164/2 1504/4165/2 1503/4166/2
f 1503/4167/3 1504/4168/3 1502/4169/3 1501/4170/3
f 1501/4171/4 1502/4172/4 1498/4173/4 1497/4174/4
f 1499/4175/5 1503/4176/5 1501/4177/5 1497/4178/5
f 1504/4179/6 1500/4180/6 1498/4181/6 1502/4182/6
f 1505/4183/1 1506/4184/1 1508/4185/1 1507/4186/1
f 1507/4187/2 1508/4188/2 1512/4189/2 1511/4190/2
f 1511/4191/3 1512/4192/3 1510/4193/3 1509/4194/3
f 1509/4195/4 1510/4196/4 1506/4197/4 1505/4198/4
f 1507/4199/5 1511/4200/5 1509/4201/5 1505/4202/5
f 1512/4203/6 1508/4204/6 1506/4205/6 1510/4206/6
f 1513/4207/1 1514/4208/1 1516/4209/1 1515/4210/1
f 1515/4211/2 1516/4212/2 1520/4213/2 1519/4214/2
f 1519/4215/3 1520/4216/3 1518/4217/3 1517/4218/3
f 1517/4219/4 1518/4220/4 1514/4221/4 1513/4222/4
f 1515/4223/5 1519/4224/5 1517/4225/5 1513/4226/5
f 1520/4227/6 1516/4228/6 1514/4229/6 1518/4230/6
f 1600/4231/3 1596/4232/3 1594/4233/3 1598/4234/3
f 1591/4235/79 1592/4236/79 1590/4237/79 1589/4238/79
f 1523/4239/6 1524/4240/6 1526/4241/80 1525/4242/80
f 1567/4243/81 1568/4244/81 1570/4245/82 1569/4246/82
f 1557/4247/83 1558/4248/83 1560/4249/84 1559/4250/84
f 1525/4242/80 1526/4241/80 1528/4251/85 1527/4252/85
f 1565/4253/5 1566/4254/5 1568/4244/81 1567/4243/81
f 1603/4255/86 1607/4256/86 1605/4257/86 1601/4258/86
f 1527/4259/85 1528/4260/85 1530/4261/83 1529/4262/83
f 1601/4263/87 1602/4264/87 1604/4265/87 1603/4266/87
f 1589/4267/4 1590/4268/4 1586/4269/4 1585/4270/4
f 1529/4262/83 1530/4261/83 1532/4271/84 1531/4272/84
f 1584/4273/6 1580/4274/6 1521/4275/6 1582/4276/6
f 1555/4277/85 1556/4278/85 1558/4248/83 1557/4247/83
f 1531/4272/84 1532/4271/84 1534/4279/88 1533/4280/88
f 1563/4281/89 1564/4282/89 1566/4254/5 1565/4253/5
f 1608/4283/79 1604/4284/79 1602/4285/79 1606/4286/79
f 1533/4287/88 1534/4288/88 1536/4289/89 1535/4290/89
f 1603/4291/2 1604/4292/2 1608/4293/2 1607/4294/2
f 1587/4295/90 1591/4235/90 1589/4238/90 1585/4296/90
f 1535/4290/89 1536/4289/89 1538/4297/5 1537/4298/5
f 1585/4299/86 1586/4300/86 1588/4301/86 1587/4302/86
f 1553/4303/80 1554/4304/80 1556/4305/85 1555/4306/85
f 1537/4298/5 1538/4297/5 1540/4307/81 1539/4308/81
f 1561/4309/88 1562/4310/88 1564/4282/89 1563/4281/89
f 1609/4311/1 1610/4312/1 1612/4313/1 1611/4314/1
f 1539/4308/81 1540/4307/81 1542/4315/82 1541/4316/82
f 1607/4317/90 1608/4283/90 1606/4286/90 1605/4318/90
f 1595/4319/2 1596/4320/2 1600/4321/2 1599/4322/2
f 1541/4323/82 1542/4324/82 1544/4325/91 1543/4326/91
f 1587/4327/2 1588/4328/2 1592/4329/2 1591/4330/2
f 1551/4331/6 1552/4332/6 1554/4304/80 1553/4303/80
f 1543/4326/91 1544/4325/91 1546/4333/92 1545/4334/92
f 1559/4250/84 1560/4249/84 1562/4335/88 1561/4336/88
f 1611/4337/2 1612/4338/2 1616/4339/2 1615/4340/2
f 1545/4334/92 1546/4333/92 1548/4341/93 1547/4342/93
f 1526/4343/4 1524/4344/4 1550/4345/4 1548/4346/4 1546/4347/4 1544/4348/4 1542/4349/4 1540/4350/4 1538/4351/4 1536/4352/4 1534/4353/4 1532/4354/4 1530/4355/4 1528/4356/4
f 1593/4357/6 1594/4358/6 1596/4359/6 1595/4360/6
f 1547/4361/93 1548/4362/93 1550/4363/94 1549/4364/94
f 1579/4365/5 1583/4366/5 1581/4367/5 1522/4368/5
f 1605/4369/4 1606/4370/4 1602/4371/4 1601/4372/4
f 1549/4364/94 1550/4363/94 1524/4240/6 1523/4239/6
f 1523/4373/2 1525/4374/2 1527/4375/2 1529/4376/2 1531/4377/2 1533/4378/2 1535/4379/2 1537/4380/2 1539/4381/2 1541/4382/2 1543/4383/2 1545/4384/2 1547/4385/2 1549/4386/2
f 1581/4387/4 1582/4388/4 1521/4389/4 1522/4390/4
f 1595/4391/1 1599/4392/1 1597/4393/1 1593/4394/1
f 1569/4395/82 1570/4396/82 1572/4397/91 1571/4398/91
f 1583/4399/3 1584/4400/3 1582/4401/3 1581/4402/3
f 1597/4403/4 1598/4404/4 1594/4405/4 1593/4406/4
f 1571/4398/91 1572/4397/91 1574/4407/92 1573/4408/92
f 1579/4409/2 1580/4410/2 1584/4411/2 1583/4412/2
f 1599/4413/5 1600/4414/5 1598/4415/5 1597/4416/5
f 1573/4408/92 1574/4407/92 1576/4417/93 1575/4418/93
f 1522/4419/1 1521/4420/1 1580/4421/1 1579/4422/1
f 1559/4423/2 1561/4424/2 1563/4425/2 1565/4426/2 1567/4427/2 1569/4428/2 1571/4429/2 1573/4430/2 1575/4431/2 1577/4432/2 1551/4433/2 1553/4434/2 1555/4435/2 1557/4436/2
f 1575/4437/93 1576/4438/93 1578/4439/94 1577/4440/94
f 1592/4441/87 1588/4442/87 1586/4443/87 1590/4444/87
f 1615/4445/3 1616/4446/3 1614/4447/3 1613/4448/3
f 1577/4440/94 1578/4439/94 1552/4332/6 1551/4331/6
f 1570/4449/4 1568/4450/4 1566/4451/4 1564/4452/4 1562/4453/4 1560/4454/4 1558/4455/4 1556/4456/4 1554/4457/4 1552/4458/4 1578/4459/4 1576/4460/4 1574/4461/4 1572/4462/4
f 1613/4463/4 1614/4464/4 1610/4465/4 1609/4466/4
f 1611/4467/5 1615/4468/5 1613/4469/5 1609/4470/5
f 1616/4471/6 1612/4472/6 1610/4473/6 1614/4474/6
f 1707/4475/2 1708/4476/2 1712/4477/2 1711/4478/2
f 1691/4479/5 1695/4480/5 1693/4481/5 1689/4482/5
f 1619/4483/6 1620/4484/6 1622/4485/80 1621/4486/80
f 1667/4487/89 1668/4488/89 1670/4489/5 1669/4490/5
f 1657/4491/80 1658/4492/80 1660/4493/85 1659/4494/85
f 1621/4486/80 1622/4485/80 1624/4495/85 1623/4496/85
f 1665/4497/88 1666/4498/88 1668/4488/89 1667/4487/89
f 1718/4499/5 1717/4500/31 1723/4501/32
f 1623/4502/85 1624/4503/85 1626/4504/83 1625/4505/83
f 1711/4506/3 1712/4507/3 1710/4508/3 1709/4509/3
f 1699/4510/2 1700/4511/2 1704/4512/2 1703/4513/2
f 1625/4505/83 1626/4504/83 1628/4514/84 1627/4515/84
f 1691/4516/2 1692/4517/2 1696/4518/2 1695/4519/2
f 1655/4520/6 1656/4521/6 1658/4492/80 1657/4491/80
f 1627/4515/84 1628/4514/84 1630/4522/88 1629/4523/88
f 1663/4524/84 1664/4525/84 1666/4526/88 1665/4527/88
f 1716/4528/33 1715/4529/34 1721/4530/34 1722/4531/33
f 1629/4532/88 1630/4533/88 1632/4534/89 1631/4535/89
f 1709/4536/4 1710/4537/4 1706/4538/4 1705/4539/4
f 1697/4540/1 1698/4541/1 1700/4542/1 1699/4543/1
f 1631/4535/89 1632/4534/89 1634/4544/5 1633/4545/5
f 1695/4546/3 1696/4547/3 1694/4548/3 1693/4549/3
f 1652/4550/6 1648/4551/6 1617/4552/6 1650/4553/6
f 1633/4545/5 1634/4544/5 1636/4554/81 1635/4555/81
f 1661/4556/83 1662/4557/83 1664/4525/84 1663/4524/84
f 1647/4558/5 1651/4559/5 1649/4560/5 1618/4561/5
f 1635/4555/81 1636/4554/81 1638/4562/82 1637/4563/82
f 1707/4564/5 1711/4565/5 1709/4566/5 1705/4567/5
f 1649/4568/4 1650/4569/4 1617/4570/4 1618/4571/4
f 1637/4572/82 1638/4573/82 1640/4574/91 1639/4575/91
f 1693/4576/4 1694/4577/4 1690/4578/4 1689/4579/4
f 1651/4580/3 1652/4581/3 1650/4582/3 1649/4583/3
f 1639/4575/91 1640/4574/91 1642/4584/92 1641/4585/92
f 1659/4586/85 1660/4587/85 1662/4557/83 1661/4556/83
f 1647/4588/2 1648/4589/2 1652/4590/2 1651/4591/2
f 1641/4585/92 1642/4584/92 1644/4592/93 1643/4593/93
f 1622/4594/4 1620/4595/4 1646/4596/4 1644/4597/4 1642/4598/4 1640/4599/4 1638/4600/4 1636/4601/4 1634/4602/4 1632/4603/4 1630/4604/4 1628/4605/4 1626/4606/4 1624/4607/4
f 1618/4608/1 1617/4609/1 1648/4610/1 1647/4611/1
f 1643/4612/93 1644/4613/93 1646/4614/94 1645/4615/94
f 1689/4616/1 1690/4617/1 1692/4618/1 1691/4619/1
f 1712/4620/6 1708/4621/6 1706/4622/6 1710/4623/6
f 1645/4615/94 1646/4614/94 1620/4484/6 1619/4483/6
f 1619/4624/2 1621/4625/2 1623/4626/2 1625/4627/2 1627/4628/2 1629/4629/2 1631/4630/2 1633/4631/2 1635/4632/2 1637/4633/2 1639/4634/2 1641/4635/2 1643/4636/2 1645/4637/2
f 1688/4638/6 1684/4639/6 1654/4640/6 1686/4641/6
f 1705/4642/1 1706/4643/1 1708/4644/1 1707/4645/1
f 1669/4490/5 1670/4489/5 1672/4646/81 1671/4647/81
f 1683/4648/5 1687/4649/5 1685/4650/5 1653/4651/5
f 1704/4652/6 1700/4653/6 1698/4654/6 1702/4655/6
f 1671/4647/81 1672/4646/81 1674/4656/82 1673/4657/82
f 1685/4658/4 1686/4659/4 1654/4660/4 1653/4661/4
f 1699/4662/5 1703/4663/5 1701/4664/5 1697/4665/5
f 1673/4666/82 1674/4667/82 1676/4668/91 1675/4669/91
f 1687/4670/3 1688/4671/3 1686/4672/3 1685/4673/3
f 1701/4674/4 1702/4675/4 1698/4676/4 1697/4677/4
f 1675/4669/91 1676/4668/91 1678/4678/92 1677/4679/92
f 1683/4680/2 1684/4681/2 1688/4682/2 1687/4683/2
f 1703/4684/3 1704/4685/3 1702/4686/3 1701/4687/3
f 1677/4679/92 1678/4678/92 1680/4688/93 1679/4689/93
f 1653/4690/1 1654/4691/1 1684/4692/1 1683/4693/1
f 1659/4694/2 1661/4695/2 1663/4696/2 1665/4697/2 1667/4698/2 1669/4699/2 1671/4700/2 1673/4701/2 1675/4702/2 1677/4703/2 1679/4704/2 1681/4705/2 1655/4706/2 1657/4707/2
f 1679/4708/93 1680/4709/93 1682/4710/94 1681/4711/94
f 1696/4712/6 1692/4713/6 1690/4714/6 1694/4715/6
f 1714/4716/35 1713/4717/6 1720/4718/36
f 1681/4711/94 1682/4710/94 1656/4521/6 1655/4520/6
f 1670/4719/4 1668/4720/4 1666/4721/4 1664/4722/4 1662/4723/4 1660/4724/4 1658/4725/4 1656/4726/4 1682/4727/4 1680/4728/4 1678/4729/4 1676/4730/4 1674/4731/4 1672/4732/4
f 1717/4733/37 1716/4528/33 1722/4531/33 1723/4734/37
f 1715/4529/34 1714/4735/38 1720/4736/38 1721/4530/34
f 1721/4737/39 1720/4738/40 1726/4739/40 1727/4740/39
f 1718/4499/5 1723/4501/32 1729/4741/41
f 1722/4742/42 1721/4737/39 1727/4740/39 1728/4743/42
f 1720/4718/36 1713/4717/6 1726/4744/43
f 1723/4745/44 1722/4742/42 1728/4743/42 1729/4746/44
f 1727/4740/45 1726/4739/46 1732/4747/46 1733/4748/45
f 1718/4499/5 1729/4741/41 1735/4749/47
f 1728/4743/48 1727/4740/45 1733/4748/45 1734/4750/48
f 1726/4744/43 1713/4717/6 1732/4751/49
f 1729/4746/50 1728/4743/48 1734/4750/48 1735/4752/50
f 1733/4753/51 1732/4754/52 1738/4755/52 1739/4756/51
f 1718/4499/5 1735/4749/47 1741/4757/53
f 1734/4758/54 1733/4753/51 1739/4756/51 1740/4759/54
f 1732/4751/49 1713/4717/6 1738/4760/55
f 1735/4761/56 1734/4758/54 1740/4759/54 1741/4762/56
f 1739/4756/57 1738/4755/58 1744/4763/58 1745/4764/57
f 1718/4499/5 1741/4757/53 1747/4765/59
f 1740/4759/60 1739/4756/57 1745/4764/57 1746/4766/60
f 1738/4760/55 1713/4717/6 1744/4767/61
f 1741/4762/62 1740/4759/60 1746/4766/60 1747/4768/62
f 1745/4769/63 1744/4770/64 1750/4771/64 1751/4772/63
f 1718/4499/5 1747/4765/59 1753/4773/65
f 1746/4774/66 1745/4769/63 1751/4772/63 1752/4775/66
f 1744/4767/61 1713/4717/6 1750/4776/67
f 1747/4777/68 1746/4774/66 1752/4775/66 1753/4778/68
f 1751/4772/69 1750/4771/70 1756/4779/70 1757/4780/69
f 1718/4499/5 1753/4773/65 1759/4781/71
f 1752/4775/72 1751/4772/69 1757/4780/69 1758/4782/72
f 1750/4776/67 1713/4717/6 1756/4783/73
f 1753/4778/74 1752/4775/72 1758/4782/72 1759/4784/74
f 1757/4785/75 1756/4786/76 1714/4735/76 1715/4529/75
f 1718/4499/5 1759/4781/71 1717/4500/31
f 1758/4787/77 1757/4785/75 1715/4529/75 1716/4528/77
f 1756/4783/73 1713/4717/6 1714/4716/35
f 1759/4788/78 1758/4787/77 1716/4528/77 1717/4733/78
f 1766/4789/1 1765/4790/1 1763/4791/1 1764/4792/1
f 1764/4793/2 1763/4794/2 1755/4795/2 1760/4796/2
f 1760/4797/3 1755/4798/3 1761/4799/3 1762/4800/3
f 1762/4801/4 1761/4802/4 1765/4803/4 1766/4804/4
f 1764/4805/5 1760/4806/5 1762/4807/5 1766/4808/5
f 1755/4809/6 1763/4810/6 1765/4811/6 1761/4812/6
f 1754/4813/1 1749/4814/1 1743/4815/1 1748/4816/1
f 1748/4817/2 1743/4818/2 1731/4819/2 1736/4820/2
f 1736/4821/3 1731/4822/3 1737/4823/3 1742/4824/3
f 1742/4825/4 1737/4826/4 1749/4827/4 1754/4828/4
f 1748/4829/5 1736/4830/5 1742/4831/5 1754/4832/5
f 1731/4833/6 1743/4834/6 1749/4835/6 1737/4836/6
f 1730/4837/1 1725/4838/1 1719/4839/1 1724/4840/1
f 1724/4841/2 1719/4842/2 1770/4843/2 1769/4844/2
f 1769/4845/3 1770/4846/3 1768/4847/3 1767/4848/3
f 1767/4849/4 1768/4850/4 1725/4851/4 1730/4852/4
f 1724/4853/5 1769/4854/5 1767/4855/5 1730/4856/5
f 1770/4857/6 1719/4858/6 1725/4859/6 1768/4860/6
f 1771/4861/1 1772/4862/1 1774/4863/1 1773/4864/1
f 1773/4865/2 1774/4866/2 1778/4867/2 1777/4868/2
f 1777/4869/3 1778/4870/3 1776/4871/3 1775/4872/3
f 1775/4873/4 1776/4874/4 1772/4875/4 1771/4876/4
f 1773/4877/5 1777/4878/5 1775/4879/5 1771/4880/5
f 1778/4881/6 1774/4882/6 1772/4883/6 1776/4884/6
f 1779/4885/1 1780/4886/1 1782/4887/1 1781/4888/1
f 1781/4889/2 1782/4890/2 1786/4891/2 1785/4892/2
f 1785/4893/3 1786/4894/3 1784/4895/3 1783/4896/3
f 1783/4897/4 1784/4898/4 1780/4899/4 1779/4900/4
f 1781/4901/5 1785/4902/5 1783/4903/5 1779/4904/5
f 1786/4905/6 1782/4906/6 1780/4907/6 1784/4908/6
f 1787/4909/1 1788/4910/1 1790/4911/1 1789/4912/1
f 1789/4913/95 1790/4914/95 1794/4915/95 1793/4916/95
f 1793/4917/3 1794/4918/3 1792/4919/3 1791/4920/3
f 1791/4921/96 1792/4922/96 1788/4923/96 1787/4924/96
f 1789/4925/97 1793/4926/97 1791/4927/97 1787/4928/97
f 1794/4929/98 1790/4930/98 1788/4931/98 1792/4932/98
f 1795/4933/1 1796/4934/1 1798/4935/1 1797/4936/1
f 1797/4937/95 1798/4938/95 1802/4939/95 1801/4940/95
f 1801/4941/3 1802/4942/3 1800/4943/3 1799/4944/3
f 1799/4945/96 1800/4946/96 1796/4947/96 1795/4948/96
f 1797/4949/97 1801/4950/97 1799/4951/97 1795/4952/97
f 1802/4953/98 1798/4954/98 1796/4955/98 1800/4956/98
f 1803/4957/1 1804/4958/1 1806/4959/1 1805/4960/1
f 1805/4961/95 1806/4962/95 1810/4963/95 1809/4964/95
f 1809/4965/3 1810/4966/3 1808/4967/3 1807/4968/3
f 1807/4969/96 1808/4970/96 1804/4971/96 1803/4972/96
f 1805/4973/97 1809/4974/97 1807/4975/97 1803/4976/97
f 1810/4977/98 1806/4978/98 1804/4979/98 1808/4980/98
f 1811/4981/1 1812/4982/1 1814/4983/1 1813/4984/1
f 1813/4985/95 1814/4986/95 1818/4987/95 1817/4988/95
f 1817/4989/3 1818/4990/3 1816/4991/3 1815/4992/3
f 1815/4993/96 1816/4994/96 1812/4995/96 1811/4996/96
f 1813/4997/97 1817/4998/97 1815/4999/97 1811/5000/97
f 1818/5001/98 1814/5002/98 1812/5003/98 1816/5004/98
f 1819/5005/1 1820/5006/1 1822/5007/1 1821/5008/1
f 1821/5009/95 1822/5010/95 1826/5011/95 1825/5012/95
f 1825/5013/3 1826/5014/3 1824/5015/3 1823/5016/3
f 1823/5017/96 1824/5018/96 1820/5019/96 1819/5020/96
f 1821/5021/97 1825/5022/97 1823/5023/97 1819/5024/97
f 1826/5025/98 1822/5026/98 1820/5027/98 1824/5028/98
f 1827/5029/1 1828/5030/1 1830/5031/1 1829/5032/1
f 1829/5033/95 1830/5034/95 1834/5035/95 1833/5036/95
f 1833/5037/3 1834/5038/3 1832/5039/3 1831/5040/3
f 1831/5041/96 1832/5042/96 1828/5043/96 1827/5044/96
f 1829/5045/97 1833/5046/97 1831/5047/97 1827/5048/97
f 1834/5049/98 1830/5050/98 1828/5051/98 1832/5052/98
f 1835/5053/1 1836/5054/1 1838/5055/1 1837/5056/1
f 1837/5057/95 1838/5058/95 1842/5059/95 1841/5060/95
f 1841/5061/3 1842/5062/3 1840/5063/3 1839/5064/3
f 1839/5065/96 1840/5066/96 1836/5067/96 1835/5068/96
f 1837/5069/97 1841/5070/97 1839/5071/97 1835/5072/97
f 1842/5073/98 1838/5074/98 1836/5075/98 1840/5076/98
f 1843/5077/1 1844/5078/1 1846/5079/1 1845/5080/1
f 1845/5081/95 1846/5082/95 1850/5083/95 1849/5084/95
f 1849/5085/3 1850/5086/3 1848/5087/3 1847/5088/3
f 1847/5089/96 1848/5090/96 1844/5091/96 1843/5092/96
f 1845/5093/97 1849/5094/97 1847/5095/97 1843/5096/97
f 1850/5097/98 1846/5098/98 1844/5099/98 1848/5100/98
f 1851/5101/1 1852/5102/1 1854/5103/1 1853/5104/1
f 1853/5105/95 1854/5106/95 1858/5107/95 1857/5108/95
f 1857/5109/3 1858/5110/3 1856/5111/3 1855/5112/3
f 1855/5113/96 1856/5114/96 1852/5115/96 1851/5116/96
f 1853/5117/97 1857/5118/97 1855/5119/97 1851/5120/97
f 1858/5121/98 1854/5122/98 1852/5123/98 1856/5124/98
f 1859/5125/1 1860/5126/1 1862/5127/1 1861/5128/1
f 1861/5129/95 1862/5130/95 1866/5131/95 1865/5132/95
f 1865/5133/3 1866/5134/3 1864/5135/3 1863/5136/3
f 1863/5137/96 1864/5138/96 1860/5139/96 1859/5140/96
f 1861/5141/97 1865/5142/97 1863/5143/97 1859/5144/97
f 1866/5145/98 1862/5146/98 1860/5147/98 1864/5148/98
f 1867/5149/1 1868/5150/1 1870/5151/1 1869/5152/1
f 1869/5153/95 1870/5154/95 1874/5155/95 1873/5156/95
f 1873/5157/3 1874/5158/3 1872/5159/3 1871/5160/3
f 1871/5161/96 1872/5162/96 1868/5163/96 1867/5164/96
f 1869/5165/97 1873/5166/97 1871/5167/97 1867/5168/97
f 1874/5169/98 1870/5170/98 1868/5171/98 1872/5172/98
f 1875/5173/1 1876/5174/1 1878/5175/1 1877/5176/1
f 1877/5177/95 1878/5178/95 1882/5179/95 1881/5180/95
f 1881/5181/3 1882/5182/3 1880/5183/3 1879/5184/3
f 1879/5185/96 1880/5186/96 1876/5187/96 1875/5188/96
f 1877/5189/97 1881/5190/97 1879/5191/97 1875/5192/97
f 1882/5193/98 1878/5194/98 1876/5195/98 1880/5196/98
f 1883/5197/1 1884/5198/1 1886/5199/1 1885/5200/1
f 1885/5201/95 1886/5202/95 1890/5203/95 1889/5204/95
f 1889/5205/3 1890/5206/3 1888/5207/3 1887/5208/3
f 1887/5209/96 1888/5210/96 1884/5211/96 1883/5212/96
f 1885/5213/97 1889/5214/97 1887/5215/97 1883/5216/97
f 1890/5217/98 1886/5218/98 1884/5219/98 1888/5220/98
f 1891/5221/1 1892/5222/1 1894/5223/1 1893/5224/1
f 1893/5225/2 1894/5226/2 1898/5227/2 1897/5228/2
f 1897/5229/3 1898/5230/3 1896/5231/3 1895/5232/3
f 1895/5233/4 1896/5234/4 1892/5235/4 1891/5236/4
f 1893/5237/5 1897/5238/5 1895/5239/5 1891/5240/5
f 1898/5241/6 1894/5242/6 1892/5243/6 1896/5244/6
f 1903/5245/37 1902/5246/33 1908/5247/33 1909/5248/37
f 1901/5249/34 1900/5250/38 1906/5251/38 1907/5252/34
f 1904/5253/5 1903/5254/31 1909/5255/32
f 1902/5246/33 1901/5249/34 1907/5252/34 1908/5247/33
f 1900/5256/35 1899/5257/6 1906/5258/36
f 1909/5259/44 1908/5260/42 1914/5261/42 1915/5262/44
f 1907/5263/39 1906/5264/40 1912/5265/40 1913/5266/39
f 1904/5253/5 1909/5255/32 1915/5267/41
f 1908/5260/42 1907/5263/39 1913/5266/39 1914/5261/42
f 1906/5258/36 1899/5257/6 1912/5268/43
f 1915/5262/50 1914/5261/48 1920/5269/48 1921/5270/50
f 1913/5266/45 1912/5265/46 1918/5271/46 1919/5272/45
f 1904/5253/5 1915/5267/41 1921/5273/47
f 1914/5261/48 1913/5266/45 1919/5272/45 1920/5269/48
f 1912/5268/43 1899/5257/6 1918/5274/49
f 1921/5275/56 1920/5276/54 1926/5277/54 1927/5278/56
f 1919/5279/51 1918/5280/52 1924/5281/52 1925/5282/51
f 1904/5253/5 1921/5273/47 1927/5283/53
f 1920/5276/54 1919/5279/51 1925/5282/51 1926/5277/54
f 1918/5274/49 1899/5257/6 1924/5284/55
f 1927/5278/62 1926/5277/60 1932/5285/60 1933/5286/62
f 1925/5282/57 1924/5281/58 1930/5287/58 1931/5288/57
f 1904/5253/5 1927/5283/53 1933/5289/59
f 1926/5277/60 1925/5282/57 1931/5288/57 1932/5285/60
f 1924/5284/55 1899/5257/6 1930/5290/61
f 1933/5291/68 1932/5292/66 1938/5293/66 1939/5294/68
f 1931/5295/63 1930/5296/64 1936/5297/64 1937/5298/63
f 1904/5253/5 1933/5289/59 1939/5299/65
f 1932/5292/66 1931/5295/63 1937/5298/63 1938/5293/66
f 1930/5290/61 1899/5257/6 1936/5300/67
f 1939/5294/74 1938/5293/72 1944/5301/72 1945/5302/74
f 1937/5298/69 1936/5297/70 1942/5303/70 1943/5304/69
f 1904/5253/5 1939/5299/65 1945/5305/71
f 1938/5293/72 1937/5298/69 1943/5304/69 1944/5301/72
f 1936/5300/67 1899/5257/6 1942/5306/73
f 1945/5307/78 1944/5308/77 1902/5246/77 1903/5245/78
f 1943/5309/75 1942/5310/76 1900/5250/76 1901/5249/75
f 1904/5253/5 1945/5305/71 1903/5254/31
f 1944/5308/77 1943/5309/75 1901/5249/75 1902/5246/77
f 1942/5306/73 1899/5257/6 1900/5256/35
f 1952/5311/1 1951/5312/1 1949/5313/1 1950/5314/1
f 1950/5315/2 1949/5316/2 1941/5317/2 1946/5318/2
f 1946/5319/3 1941/5320/3 1947/5321/3 1948/5322/3
f 1948/5323/4 1947/5324/4 1951/5325/4 1952/5326/4
f 1950/5327/5 1946/5328/5 1948/5329/5 1952/5330/5
f 1941/5331/6 1949/5332/6 1951/5333/6 1947/5334/6
f 1935/5335/35 1905/5336/6 1910/5337/36
f 1922/5338/5 1928/5339/31 1917/5340/32
f 1928/5341/37 1929/5342/33 1916/5343/33 1917/5344/37
f 1934/5345/34 1935/5346/38 1910/5347/38 1911/5348/34
f 1929/5342/33 1934/5345/34 1911/5348/34 1916/5343/33
f 1911/5349/39 1910/5350/40 1954/5351/40 1955/5352/39
f 1916/5353/42 1911/5349/39 1955/5352/39 1956/5354/42
f 1922/5338/5 1917/5340/32 1957/5355/41
f 1910/5337/36 1905/5336/6 1954/5356/43
f 1917/5357/44 1916/5353/42 1956/5354/42 1957/5358/44
f 1954/5356/43 1905/5336/6 1960/5359/49
f 1922/5338/5 1957/5355/41 1963/5360/47
f 1957/5358/50 1956/5354/48 1962/5361/48 1963/5362/50
f 1955/5352/45 1954/5351/46 1960/5363/46 1961/5364/45
f 1956/5354/48 1955/5352/45 1961/5364/45 1962/5361/48
f 1962/5365/54 1961/5366/51 1967/5367/51 1968/5368/54
f 1922/5338/5 1963/5360/47 1969/5369/53
f 1961/5366/51 1960/5370/52 1966/5371/52 1967/5367/51
f 1963/5372/56 1962/5365/54 1968/5368/54 1969/5373/56
f 1960/5359/49 1905/5336/6 1966/5374/55
f 1968/5368/60 1967/5367/57 1973/5375/57 1974/5376/60
f 1922/5338/5 1969/5369/53 1975/5377/59
f 1967/5367/57 1966/5371/58 1972/5378/58 1973/5375/57
f 1969/5373/62 1968/5368/60 1974/5376/60 1975/5379/62
f 1966/5374/55 1905/5336/6 1972/5380/61
f 1974/5381/66 1973/5382/63 1979/5383/63 1980/5384/66
f 1922/5338/5 1975/5377/59 1981/5385/65
f 1973/5382/63 1972/5386/64 1978/5387/64 1979/5383/63
f 1975/5388/68 1974/5381/66 1980/5384/66 1981/5389/68
f 1972/5380/61 1905/5336/6 1978/5390/67
f 1980/5384/72 1979/5383/69 1985/5391/69 1986/5392/72
f 1922/5338/5 1981/5385/65 1987/5393/71
f 1979/5383/69 1978/5387/70 1984/5394/70 1985/5391/69
f 1981/5389/74 1980/5384/72 1986/5392/72 1987/5395/74
f 1978/5390/67 1905/5336/6 1984/5396/73
f 1986/5397/77 1985/5398/75 1934/5345/75 1929/5342/77
f 1922/5338/5 1987/5393/71 1928/5339/31
f 1985/5398/75 1984/5399/76 1935/5346/76 1934/5345/75
f 1987/5400/78 1986/5397/77 1929/5342/77 1928/5341/78
f 1984/5396/73 1905/5336/6 1935/5335/35
f 1994/5401/1 1993/5402/1 1991/5403/1 1992/5404/1
f 1992/5405/2 1991/5406/2 1983/5407/2 1988/5408/2
f 1988/5409/3 1983/5410/3 1989/5411/3 1990/5412/3
f 1990/5413/4 1989/5414/4 1993/5415/4 1994/5416/4
f 1992/5417/5 1988/5418/5 1990/5419/5 1994/5420/5
f 1983/5421/6 1991/5422/6 1993/5423/6 1989/5424/6
f 1971/5425/33 1976/5426/34 1953/5427/34 1958/5428/33
f 1977/5429/35 1923/5430/6 1940/5431/36
f 1964/5432/5 1970/5433/31 1959/5434/32
f 1970/5435/37 1971/5425/33 1958/5428/33 1959/5436/37
f 1976/5426/34 1977/5437/38 1940/5438/38 1953/5427/34
f 1959/5439/44 1958/5440/42 1998/5441/42 1999/5442/44
f 1953/5443/39 1940/5444/40 1996/5445/40 1997/5446/39
f 1958/5440/42 1953/5443/39 1997/5446/39 1998/5441/42
f 1964/5432/5 1959/5434/32 1999/5447/41
f 1940/5431/36 1923/5430/6 1996/5448/43
f 1964/5432/5 1999/5447/41 2005/5449/47
f 1999/5442/50 1998/5441/48 2004/5450/48 2005/5451/50
f 1998/5441/48 1997/5446/45 2003/5452/45 2004/5450/48
f 1996/5448/43 1923/5430/6 2002/5453/49
f 1997/5446/45 1996/5445/46 2002/5454/46 2003/5452/45
f 2002/5453/49 1923/5430/6 2008/5455/55
f 2004/5456/54 2003/5457/51 2009/5458/51 2010/5459/54
f 1964/5432/5 2005/5449/47 2011/5460/53
f 2003/5457/51 2002/5461/52 2008/5462/52 2009/5458/51
f 2005/5463/56 2004/5456/54 2010/5459/54 2011/5464/56
f 2008/5455/55 1923/5430/6 2014/5465/61
f 2010/5459/60 2009/5458/57 2015/5466/57 2016/5467/60
f 1964/5432/5 2011/5460/53 2017/5468/59
f 2009/5458/57 2008/5462/58 2014/5469/58 2015/5466/57
f 2011/5464/62 2010/5459/60 2016/5467/60 2017/5470/62
f 2016/5471/66 2015/5472/63 2021/5473/63 2022/5474/66
f 1964/5432/5 2017/5468/59 2023/5475/65
f 2015/5472/63 2014/5476/64 2020/5477/64 2021/5473/63
f 2017/5478/68 2016/5471/66 2022/5474/66 2023/5479/68
f 2014/5465/61 1923/5430/6 2020/5480/67
f 2022/5474/72 2021/5473/69 2027/5481/69 2028/5482/72
f 1964/5432/5 2023/5475/65 2029/5483/71
f 2021/5473/69 2020/5477/70 2026/5484/70 2027/5481/69
f 2023/5479/74 2022/5474/72 2028/5482/72 2029/5485/74
f 2020/5480/67 1923/5430/6 2026/5486/73
f 2028/5487/77 2027/5488/75 1976/5426/75 1971/5425/77
f 1964/5432/5 2029/5483/71 1970/5433/31
f 2027/5488/75 2026/5489/76 1977/5437/76 1976/5426/75
f 2029/5490/78 2028/5487/77 1971/5425/77 1970/5435/78
f 2026/5486/73 1923/5430/6 1977/5429/35
f 2036/5491/1 2035/5492/1 2033/5493/1 2034/5494/1
f 2034/5495/2 2033/5496/2 2025/5497/2 2030/5498/2
f 2030/5499/3 2025/5500/3 2031/5501/3 2032/5502/3
f 2032/5503/4 2031/5504/4 2035/5505/4 2036/5506/4
f 2034/5507/5 2030/5508/5 2032/5509/5 2036/5510/5
f 2025/5511/6 2033/5512/6 2035/5513/6 2031/5514/6
f 2013/5515/33 2018/5516/34 1995/5517/34 2000/5518/33
f 2019/5519/35 1965/5520/6 1982/5521/36
f 2006/5522/5 2012/5523/31 2001/5524/32
f 2012/5525/37 2013/5515/33 2000/5518/33 2001/5526/37
f 2018/5516/34 2019/5527/38 1982/5528/38 1995/5517/34
f 2001/5529/44 2000/5530/42 2040/5531/42 2041/5532/44
f 2000/5530/42 1995/5533/39 2039/5534/39 2040/5531/42
f 1995/5533/39 1982/5535/40 2038/5536/40 2039/5534/39
f 2006/5522/5 2001/5524/32 2041/5537/41
f 1982/5521/36 1965/5520/6 2038/5538/43
f 2039/5534/45 2038/5536/46 2044/5539/46 2045/5540/45
f 2006/5522/5 2041/5537/41 2047/5541/47
f 2041/5532/50 2040/5531/48 2046/5542/48 2047/5543/50
f 2040/5531/48 2039/5534/45 2045/5540/45 2046/5542/48
f 2038/5538/43 1965/5520/6 2044/5544/49
f 2044/5544/49 1965/5520/6 2050/5545/55
f 2046/5546/54 2045/5547/51 2051/5548/51 2052/5549/54
f 2006/5522/5 2047/5541/47 2053/5550/53
f 2045/5547/51 2044/5551/52 2050/5552/52 2051/5548/51
f 2047/5553/56 2046/5546/54 2052/5549/54 2053/5554/56
f 2050/5545/55 1965/5520/6 2056/5555/61
f 2052/5549/60 2051/5548/57 2057/5556/57 2058/5557/60
f 2006/5522/5 2053/5550/53 2059/5558/59
f 2051/5548/57 2050/5552/58 2056/5559/58 2057/5556/57
f 2053/5554/62 2052/5549/60 2058/5557/60 2059/5560/62
f 2056/5555/61 1965/5520/6 2062/5561/67
f 2058/5562/66 2057/5563/63 2063/5564/63 2064/5565/66
f 2006/5522/5 2059/5558/59 2065/5566/65
f 2057/5563/63 2056/5567/64 2062/5568/64 2063/5564/63
f 2059/5569/68 2058/5562/66 2064/5565/66 2065/5570/68
f 2062/5561/67 1965/5520/6 2068/5571/73
f 2064/5565/72 2063/5564/69 2069/5572/69 2070/5573/72
f 2006/5522/5 2065/5566/65 2071/5574/71
f 2063/5564/69 2062/5568/70 2068/5575/70 2069/5572/69
f 2065/5570/74 2064/5565/72 2070/5573/72 2071/5576/74
f 2068/5571/73 1965/5520/6 2019/5519/35
f 2070/5577/77 2069/5578/75 2018/5516/75 2013/5515/77
f 2006/5522/5 2071/5574/71 2012/5523/31
f 2069/5578/75 2068/5579/76 2019/5527/76 2018/5516/75
f 2071/5580/78 2070/5577/77 2013/5515/77 2012/5525/78
f 2078/5581/1 2077/5582/1 2075/5583/1 2076/5584/1
f 2076/5585/2 2075/5586/2 2067/5587/2 2072/5588/2
f 2072/5589/3 2067/5590/3 2073/5591/3 2074/5592/3
f 2074/5593/4 2073/5594/4 2077/5595/4 2078/5596/4
f 2076/5597/5 2072/5598/5 2074/5599/5 2078/5600/5
f 2067/5601/6 2075/5602/6 2077/5603/6 2073/5604/6
f 2061/5605/35 2007/5606/6 2024/5607/36
f 2048/5608/5 2054/5609/31 2043/5610/32
f 2060/5611/34 2061/5612/38 2024/5613/38 2037/5614/34
f 2055/5615/33 2060/5611/34 2037/5614/34 2042/5616/33
f 2054/5617/37 2055/5615/33 2042/5616/33 2043/5618/37
f 2037/5619/39 2024/5620/40 2080/5621/40 2081/5622/39
f 2048/5608/5 2043/5610/32 2083/5623/41
f 2024/5607/36 2007/5606/6 2080/5624/43
f 2043/5625/44 2042/5626/42 2082/5627/42 2083/5628/44
f 2042/5626/42 2037/5619/39 2081/5622/39 2082/5627/42
f 2081/5622/45 2080/5621/46 2086/5629/46 2087/5630/45
f 2048/5608/5 2083/5623/41 2089/5631/47
f 2083/5628/50 2082/5627/48 2088/5632/48 2089/5633/50
f 2082/5627/48 2081/5622/45 2087/5630/45 2088/5632/48
f 2080/5624/43 2007/5606/6 2086/5634/49
f 2086/5634/49 2007/5606/6 2092/5635/55
f 2088/5636/54 2087/5637/51 2093/5638/51 2094/5639/54
f 2048/5608/5 2089/5631/47 2095/5640/53
f 2087/5637/51 2086/5641/52 2092/5642/52 2093/5638/51
f 2089/5643/56 2088/5636/54 2094/5639/54 2095/5644/56
f 2092/5635/55 2007/5606/6 2098/5645/61
f 2094/5639/60 2093/5638/57 2099/5646/57 2100/5647/60
f 2048/5608/5 2095/5640/53 2101/5648/59
f 2093/5638/57 2092/5642/58 2098/5649/58 2099/5646/57
f 2095/5644/62 2094/5639/60 2100/5647/60 2101/5650/62
f 2098/5645/61 2007/5606/6 2104/5651/67
f 2100/5652/66 2099/5653/63 2105/5654/63 2106/5655/66
f 2048/5608/5 2101/5648/59 2107/5656/65
f 2099/5653/63 2098/5657/64 2104/5658/64 2105/5654/63
f 2101/5659/68 2100/5652/66 2106/5655/66 2107/5660/68
f 2104/5651/67 2007/5606/6 2110/5661/73
f 2106/5655/72 2105/5654/69 2111/5662/69 2112/5663/72
f 2048/5608/5 2107/5656/65 2113/5664/71
f 2105/5654/69 2104/5658/70 2110/5665/70 2111/5662/69
f 2107/5660/74 2106/5655/72 2112/5663/72 2113/5666/74
f 2110/5661/73 2007/5606/6 2061/5605/35
f 2112/5667/77 2111/5668/75 2060/5611/75 2055/5615/77
f 2048/5608/5 2113/5664/71 2054/5609/31
f 2111/5668/75 2110/5669/76 2061/5612/76 2060/5611/75
f 2113/5670/78 2112/5667/77 2055/5615/77 2054/5617/78
f 2120/5671/1 2119/5672/1 2117/5673/1 2118/5674/1
f 2118/5675/2 2117/5676/2 2109/5677/2 2114/5678/2
f 2114/5679/3 2109/5680/3 2115/5681/3 2116/5682/3
f 2116/5683/4 2115/5684/4 2119/5685/4 2120/5686/4
f 2118/5687/5 2114/5688/5 2116/5689/5 2120/5690/5
f 2109/5691/6 2117/5692/6 2119/5693/6 2115/5694/6
f 2103/5695/35 2049/5696/6 2066/5697/36
f 2090/5698/5 2096/5699/31 2085/5700/32
f 2102/5701/34 2103/5702/38 2066/5703/38 2079/5704/34
f 2097/5705/33 2102/5701/34 2079/5704/34 2084/5706/33
f 2096/5707/37 2097/5705/33 2084/5706/33 2085/5708/37
f 2079/5709/39 2066/5710/40 2122/5711/40 2123/5712/39
f 2090/5698/5 2085/5700/32 2125/5713/41
f 2066/5697/36 2049/5696/6 2122/5714/43
f 2085/5715/44 2084/5716/42 2124/5717/42 2125/5718/44
f 2084/5716/42 2079/5709/39 2123/5712/39 2124/5717/42
f 2090/5698/5 2125/5713/41 2131/5719/47
f 2125/5718/50 2124/5717/48 2130/5720/48 2131/5721/50
f 2123/5712/45 2122/5711/46 2128/5722/46 2129/5723/45
f 2124/5717/48 2123/5712/45 2129/5723/45 2130/5720/48
f 2122/5714/43 2049/5696/6 2128/5724/49
f 2129/5725/51 2128/5726/52 2134/5727/52 2135/5728/51
f 2131/5729/56 2130/5730/54 2136/5731/54 2137/5732/56
f 2128/5724/49 2049/5696/6 2134/5733/55
f 2130/5730/54 2129/5725/51 2135/5728/51 2136/5731/54
f 2090/5698/5 2131/5719/47 2137/5734/53
f 2135/5728/57 2134/5727/58 2140/5735/58 2141/5736/57
f 2137/5732/62 2136/5731/60 2142/5737/60 2143/5738/62
f 2134/5733/55 2049/5696/6 2140/5739/61
f 2136/5731/60 2135/5728/57 2141/5736/57 2142/5737/60
f 2090/5698/5 2137/5734/53 2143/5740/59
f 2141/5741/63 2140/5742/64 2146/5743/64 2147/5744/63
f 2143/5745/68 2142/5746/66 2148/5747/66 2149/5748/68
f 2140/5739/61 2049/5696/6 2146/5749/67
f 2142/5746/66 2141/5741/63 2147/5744/63 2148/5747/66
f 2090/5698/5 2143/5740/59 2149/5750/65
f 2147/5744/69 2146/5743/70 2152/5751/70 2153/5752/69
f 2149/5748/74 2148/5747/72 2154/5753/72 2155/5754/74
f 2146/5749/67 2049/5696/6 2152/5755/73
f 2148/5747/72 2147/5744/69 2153/5752/69 2154/5753/72
f 2090/5698/5 2149/5750/65 2155/5756/71
f 2153/5757/75 2152/5758/76 2103/5702/76 2102/5701/75
f 2155/5759/78 2154/5760/77 2097/5705/77 2096/5707/78
f 2152/5755/73 2049/5696/6 2103/5695/35
f 2154/5760/77 2153/5757/75 2102/5701/75 2097/5705/77
f 2090/5698/5 2155/5756/71 2096/5699/31
f 2162/5761/1 2161/5762/1 2159/5763/1 2160/5764/1
f 2160/5765/2 2159/5766/2 2151/5767/2 2156/5768/2
f 2156/5769/3 2151/5770/3 2157/5771/3 2158/5772/3
f 2158/5773/4 2157/5774/4 2161/5775/4 2162/5776/4
f 2160/5777/5 2156/5778/5 2158/5779/5 2162/5780/5
f 2151/5781/6 2159/5782/6 2161/5783/6 2157/5784/6
f 2138/5785/37 2139/5786/33 2126/5787/33 2127/5788/37
f 2144/5789/34 2145/5790/38 2108/5791/38 2121/5792/34
f 2139/5786/33 2144/5789/34 2121/5792/34 2126/5787/33
f 2145/5793/35 2091/5794/6 2108/5795/36
f 2132/5796/5 2138/5797/31 2127/5798/32
f 2126/5799/42 2121/5800/39 2165/5801/39 2166/5802/42
f 2132/5796/5 2127/5798/32 2167/5803/41
f 2108/5795/36 2091/5794/6 2164/5804/43
f 2127/5805/44 2126/5799/42 2166/5802/42 2167/5806/44
f 2121/5800/39 2108/5807/40 2164/5808/40 2165/5801/39
f 2132/5796/5 2167/5803/41 2173/5809/47
f 2167/5806/50 2166/5802/48 2172/5810/48 2173/5811/50
f 2165/5801/45 2164/5808/46 2170/5812/46 2171/5813/45
f 2166/5802/48 2165/5801/45 2171/5813/45 2172/5810/48
f 2164/5804/43 2091/5794/6 2170/5814/49
f 2171/5815/51 2170/5816/52 2176/5817/52 2177/5818/51
f 2173/5819/56 2172/5820/54 2178/5821/54 2179/5822/56
f 2170/5814/49 2091/5794/6 2176/5823/55
f 2172/5820/54 2171/5815/51 2177/5818/51 2178/5821/54
f 2132/5796/5 2173/5809/47 2179/5824/53
f 2177/5818/57 2176/5817/58 2182/5825/58 2183/5826/57
f 2179/5822/62 2178/5821/60 2184/5827/60 2185/5828/62
f 2176/5823/55 2091/5794/6 2182/5829/61
f 2178/5821/60 2177/5818/57 2183/5826/57 2184/5827/60
f 2132/5796/5 2179/5824/53 2185/5830/59
f 2183/5831/63 2182/5832/64 2188/5833/64 2189/5834/63
f 2185/5835/68 2184/5836/66 2190/5837/66 2191/5838/68
f 2182/5829/61 2091/5794/6 2188/5839/67
f 2184/5836/66 2183/5831/63 2189/5834/63 2190/5837/66
f 2132/5796/5 2185/5830/59 2191/5840/65
f 2189/5834/69 2188/5833/70 2194/5841/70 2195/5842/69
f 2191/5838/74 2190/5837/72 2196/5843/72 2197/5844/74
f 2188/5839/67 2091/5794/6 2194/5845/73
f 2190/5837/72 2189/5834/69 2195/5842/69 2196/5843/72
f 2132/5796/5 2191/5840/65 2197/5846/71
f 2195/5847/75 2194/5848/76 2145/5790/76 2144/5789/75
f 2197/5849/78 2196/5850/77 2139/5786/77 2138/5785/78
f 2194/5845/73 2091/5794/6 2145/5793/35
f 2196/5850/77 2195/5847/75 2144/5789/75 2139/5786/77
f 2132/5796/5 2197/5846/71 2138/5797/31
f 2204/5851/1 2203/5852/1 2201/5853/1 2202/5854/1
f 2202/5855/2 2201/5856/2 2193/5857/2 2198/5858/2
f 2198/5859/3 2193/5860/3 2199/5861/3 2200/5862/3
f 2200/5863/4 2199/5864/4 2203/5865/4 2204/5866/4
f 2202/5867/5 2198/5868/5 2200/5869/5 2204/5870/5
f 2193/5871/6 2201/5872/6 2203/5873/6 2199/5874/6
f 2180/5875/37 2181/5876/33 2168/5877/33 2169/5878/37
f 2186/5879/34 2187/5880/38 2150/5881/38 2163/5882/34
f 2181/5876/33 2186/5879/34 2163/5882/34 2168/5877/33
f 2187/5883/35 2133/5884/6 2150/5885/36
f 2174/5886/5 2180/5887/31 2169/5888/32
f 2168/5889/42 2163/5890/39 2207/5891/39 2208/5892/42
f 2174/5886/5 2169/5888/32 2209/5893/41
f 2150/5885/36 2133/5884/6 2206/5894/43
f 2169/5895/44 2168/5889/42 2208/5892/42 2209/5896/44
f 2163/5890/39 2150/5897/40 2206/5898/40 2207/5891/39
f 2206/5894/43 2133/5884/6 2212/5899/49
f 2207/5891/45 2206/5898/46 2212/5900/46 2213/5901/45
f 2174/5886/5 2209/5893/41 2215/5902/47
f 2209/5896/50 2208/5892/48 2214/5903/48 2215/5904/50
f 2208/5892/48 2207/5891/45 2213/5901/45 2214/5903/48
f 2174/5886/5 2215/5902/47 2221/5905/53
f 2213/5906/51 2212/5907/52 2218/5908/52 2219/5909/51
f 2215/5910/56 2214/5911/54 2220/5912/54 2221/5913/56
f 2212/5899/49 2133/5884/6 2218/5914/55
f 2214/5911/54 2213/5906/51 2219/5909/51 2220/5912/54
f 2174/5886/5 2221/5905/53 2227/5915/59
f 2219/5909/57 2218/5908/58 2224/5916/58 2225/5917/57
f 2221/5913/62 2220/5912/60 2226/5918/60 2227/5919/62
f 2218/5914/55 2133/5884/6 2224/5920/61
f 2220/5912/60 2219/5909/57 2225/5917/57 2226/5918/60
f 2174/5886/5 2227/5915/59 2233/5921/65
f 2225/5922/63 2224/5923/64 2230/5924/64 2231/5925/63
f 2227/5926/68 2226/5927/66 2232/5928/66 2233/5929/68
f 2224/5920/61 2133/5884/6 2230/5930/67
f 2226/5927/66 2225/5922/63 2231/5925/63 2232/5928/66
f 2174/5886/5 2233/5921/65 2239/5931/71
f 2231/5925/69 2230/5924/70 2236/5932/70 2237/5933/69
f 2233/5929/74 2232/5928/72 2238/5934/72 2239/5935/74
f 2230/5930/67 2133/5884/6 2236/5936/73
f 2232/5928/72 2231/5925/69 2237/5933/69 2238/5934/72
f 2174/5886/5 2239/5931/71 2180/5887/31
f 2237/5937/75 2236/5938/76 2187/5880/76 2186/5879/75
f 2239/5939/78 2238/5940/77 2181/5876/77 2180/5875/78
f 2236/5936/73 2133/5884/6 2187/5883/35
f 2238/5940/77 2237/5937/75 2186/5879/75 2181/5876/77
f 2246/5941/1 2245/5942/1 2243/5943/1 2244/5944/1
f 2244/5945/2 2243/5946/2 2235/5947/2 2240/5948/2
f 2240/5949/3 2235/5950/3 2241/5951/3 2242/5952/3
f 2242/5953/4 2241/5954/4 2245/5955/4 2246/5956/4
f 2244/5957/5 2240/5958/5 2242/5959/5 2246/5960/5
f 2235/5961/6 2243/5962/6 2245/5963/6 2241/5964/6
f 2223/5965/33 2228/5966/34 2205/5967/34 2210/5968/33
f 2229/5969/35 2175/5970/6 2192/5971/36
f 2216/5972/5 2222/5973/31 2211/5974/32
f 2222/5975/37 2223/5965/33 2210/5968/33 2211/5976/37
f 2228/5966/34 2229/5977/38 2192/5978/38 2205/5967/34
f 2211/5979/44 2210/5980/42 2250/5981/42 2251/5982/44
f 2205/5983/39 2192/5984/40 2248/5985/40 2249/5986/39
f 2210/5980/42 2205/5983/39 2249/5986/39 2250/5981/42
f 2216/5972/5 2211/5974/32 2251/5987/41
f 2192/5971/36 2175/5970/6 2248/5988/43
f 2250/5981/48 2249/5986/45 2255/5989/45 2256/5990/48
f 2248/5988/43 2175/5970/6 2254/5991/49
f 2249/5986/45 2248/5985/46 2254/5992/46 2255/5989/45
f 2216/5972/5 2251/5987/41 2257/5993/47
f 2251/5982/50 2250/5981/48 2256/5990/48 2257/5994/50
f 2254/5991/49 2175/5970/6 2260/5995/55
f 2256/5996/54 2255/5997/51 2261/5998/51 2262/5999/54
f 2216/5972/5 2257/5993/47 2263/6000/53
f 2255/5997/51 2254/6001/52 2260/6002/52 2261/5998/51
f 2257/6003/56 2256/5996/54 2262/5999/54 2263/6004/56
f 2260/5995/55 2175/5970/6 2266/6005/61
f 2262/5999/60 2261/5998/57 2267/6006/57 2268/6007/60
f 2216/5972/5 2263/6000/53 2269/6008/59
f 2261/5998/57 2260/6002/58 2266/6009/58 2267/6006/57
f 2263/6004/62 2262/5999/60 2268/6007/60 2269/6010/62
f 2266/6005/61 2175/5970/6 2272/6011/67
f 2268/6012/66 2267/6013/63 2273/6014/63 2274/6015/66
f 2216/5972/5 2269/6008/59 2275/6016/65
f 2267/6013/63 2266/6017/64 2272/6018/64 2273/6014/63
f 2269/6019/68 2268/6012/66 2274/6015/66 2275/6020/68
f 2272/6011/67 2175/5970/6 2278/6021/73
f 2274/6015/72 2273/6014/69 2279/6022/69 2280/6023/72
f 2216/5972/5 2275/6016/65 2281/6024/71
f 2273/6014/69 2272/6018/70 2278/6025/70 2279/6022/69
f 2275/6020/74 2274/6015/72 2280/6023/72 2281/6026/74
f 2278/6021/73 2175/5970/6 2229/5969/35
f 2280/6027/77 2279/6028/75 2228/5966/75 2223/5965/77
f 2216/5972/5 2281/6024/71 2222/5973/31
f 2279/6028/75 2278/6029/76 2229/5977/76 2228/5966/75
f 2281/6030/78 2280/6027/77 2223/5965/77 2222/5975/78
f 2288/6031/1 2287/6032/1 2285/6033/1 2286/6034/1
f 2286/6035/2 2285/6036/2 2277/6037/2 2282/6038/2
f 2282/6039/3 2277/6040/3 2283/6041/3 2284/6042/3
f 2284/6043/4 2283/6044/4 2287/6045/4 2288/6046/4
f 2286/6047/5 2282/6048/5 2284/6049/5 2288/6050/5
f 2277/6051/6 2285/6052/6 2287/6053/6 2283/6054/6
f 2270/6055/34 2271/6056/38 2234/6057/38 2247/6058/34
f 2265/6059/33 2270/6055/34 2247/6058/34 2252/6060/33
f 2264/6061/37 2265/6059/33 2252/6060/33 2253/6062/37
f 2271/6063/35 2217/6064/6 2234/6065/36
f 2258/6066/5 2264/6067/31 2253/6068/32
f 2258/6066/5 2253/6068/32 2293/6069/41
f 2234/6065/36 2217/6064/6 2290/6070/43
f 2253/6071/44 2252/6072/42 2292/6073/42 2293/6074/44
f 2252/6072/42 2247/6075/39 2291/6076/39 2292/6073/42
f 2247/6075/39 2234/6077/40 2290/6078/40 2291/6076/39
f 2291/6076/45 2290/6078/46 2296/6079/46 2297/6080/45
f 2292/6073/48 2291/6076/45 2297/6080/45 2298/6081/48
f 2258/6066/5 2293/6069/41 2299/6082/47
f 2293/6074/50 2292/6073/48 2298/6081/48 2299/6083/50
f 2290/6070/43 2217/6064/6 2296/6084/49
f 2296/6084/49 2217/6064/6 2302/6085/55
f 2298/6086/54 2297/6087/51 2303/6088/51 2304/6089/54
f 2258/6066/5 2299/6082/47 2305/6090/53
f 2297/6087/51 2296/6091/52 2302/6092/52 2303/6088/51
f 2299/6093/56 2298/6086/54 2304/6089/54 2305/6094/56
f 2302/6085/55 2217/6064/6 2308/6095/61
f 2304/6089/60 2303/6088/57 2309/6096/57 2310/6097/60
f 2258/6066/5 2305/6090/53 2311/6098/59
f 2303/6088/57 2302/6092/58 2308/6099/58 2309/6096/57
f 2305/6094/62 2304/6089/60 2310/6097/60 2311/6100/62
f 2308/6095/61 2217/6064/6 2314/6101/67
f 2310/6102/66 2309/6103/63 2315/6104/63 2316/6105/66
f 2258/6066/5 2311/6098/59 2317/6106/65
f 2309/6103/63 2308/6107/64 2314/6108/64 2315/6104/63
f 2311/6109/68 2310/6102/66 2316/6105/66 2317/6110/68
f 2314/6101/67 2217/6064/6 2320/6111/73
f 2316/6105/72 2315/6104/69 2321/6112/69 2322/6113/72
f 2258/6066/5 2317/6106/65 2323/6114/71
f 2315/6104/69 2314/6108/70 2320/6115/70 2321/6112/69
f 2317/6110/74 2316/6105/72 2322/6113/72 2323/6116/74
f 2320/6111/73 2217/6064/6 2271/6063/35
f 2322/6117/77 2321/6118/75 2270/6055/75 2265/6059/77
f 2258/6066/5 2323/6114/71 2264/6067/31
f 2321/6118/75 2320/6119/76 2271/6056/76 2270/6055/75
f 2323/6120/78 2322/6117/77 2265/6059/77 2264/6061/78
f 2330/6121/1 2329/6122/1 2327/6123/1 2328/6124/1
f 2328/6125/2 2327/6126/2 2319/6127/2 2324/6128/2
f 2324/6129/3 2319/6130/3 2325/6131/3 2326/6132/3
f 2326/6133/4 2325/6134/4 2329/6135/4 2330/6136/4
f 2328/6137/5 2324/6138/5 2326/6139/5 2330/6140/5
f 2319/6141/6 2327/6142/6 2329/6143/6 2325/6144/6
f 2313/6145/35 2259/6146/6 2276/6147/36
f 2300/6148/5 2306/6149/31 2295/6150/32
f 2312/6151/34 2313/6152/38 2276/6153/38 2289/6154/34
f 2307/6155/33 2312/6151/34 2289/6154/34 2294/6156/33
f 2306/6157/37 2307/6155/33 2294/6156/33 2295/6158/37
f 2289/6159/39 2276/6160/40 2332/6161/40 2333/6162/39
f 2300/6148/5 2295/6150/32 2335/6163/41
f 2276/6147/36 2259/6146/6 2332/6164/43
f 2295/6165/44 2294/6166/42 2334/6167/42 2335/6168/44
f 2294/6166/42 2289/6159/39 2333/6162/39 2334/6167/42
f 2332/6164/43 2259/6146/6 2338/6169/49
f 2333/6162/45 2332/6161/46 2338/6170/46 2339/6171/45
f 2334/6167/48 2333/6162/45 2339/6171/45 2340/6172/48
f 2300/6148/5 2335/6163/41 2341/6173/47
f 2335/6168/50 2334/6167/48 2340/6172/48 2341/6174/50
f 2341/6175/56 2340/6176/54 2346/6177/54 2347/6178/56
f 2338/6169/49 2259/6146/6 2344/6179/55
f 2340/6176/54 2339/6180/51 2345/6181/51 2346/6177/54
f 2300/6148/5 2341/6173/47 2347/6182/53
f 2339/6180/51 2338/6183/52 2344/6184/52 2345/6181/51
f 2347/6178/62 2346/6177/60 2352/6185/60 2353/6186/62
f 2344/6179/55 2259/6146/6 2350/6187/61
f 2346/6177/60 2345/6181/57 2351/6188/57 2352/6185/60
f 2300/6148/5 2347/6182/53 2353/6189/59
f 2345/6181/57 2344/6184/58 2350/6190/58 2351/6188/57
f 2353/6191/68 2352/6192/66 2358/6193/66 2359/6194/68
f 2350/6187/61 2259/6146/6 2356/6195/67
f 2352/6192/66 2351/6196/63 2357/6197/63 2358/6193/66
f 2300/6148/5 2353/6189/59 2359/6198/65
f 2351/6196/63 2350/6199/64 2356/6200/64 2357/6197/63
f 2359/6194/74 2358/6193/72 2364/6201/72 2365/6202/74
f 2356/6195/67 2259/6146/6 2362/6203/73
f 2358/6193/72 2357/6197/69 2363/6204/69 2364/6201/72
f 2300/6148/5 2359/6198/65 2365/6205/71
f 2357/6197/69 2356/6200/70 2362/6206/70 2363/6204/69
f 2365/6207/78 2364/6208/77 2307/6155/77 2306/6157/78
f 2362/6203/73 2259/6146/6 2313/6145/35
f 2364/6208/77 2363/6209/75 2312/6151/75 2307/6155/77
f 2300/6148/5 2365/6205/71 2306/6149/31
f 2363/6209/75 2362/6210/76 2313/6152/76 2312/6151/75
f 2372/6211/1 2371/6212/1 2369/6213/1 2370/6214/1
f 2370/6215/2 2369/6216/2 2361/6217/2 2366/6218/2
f 2366/6219/3 2361/6220/3 2367/6221/3 2368/6222/3
f 2368/6223/4 2367/6224/4 2371/6225/4 2372/6226/4
f 2370/6227/5 2366/6228/5 2368/6229/5 2372/6230/5
f 2361/6231/6 2369/6232/6 2371/6233/6 2367/6234/6
f 2348/6235/37 2349/6236/33 2336/6237/33 2337/6238/37
f 2355/6239/35 2301/6240/6 2318/6241/36
f 2342/6242/5 2348/6243/31 2337/6244/32
f 2354/6245/34 2355/6246/38 2318/6247/38 2331/6248/34
f 2349/6236/33 2354/6245/34 2331/6248/34 2336/6237/33
f 2336/6249/42 2331/6250/39 2375/6251/39 2376/6252/42
f 2331/6250/39 2318/6253/40 2374/6254/40 2375/6251/39
f 2342/6242/5 2337/6244/32 2377/6255/41
f 2318/6241/36 2301/6240/6 2374/6256/43
f 2337/6257/44 2336/6249/42 2376/6252/42 2377/6258/44
f 2342/6242/5 2377/6255/41 2383/6259/47
f 2377/6258/50 2376/6252/48 2382/6260/48 2383/6261/50
f 2374/6256/43 2301/6240/6 2380/6262/49
f 2375/6251/45 2374/6254/46 2380/6263/46 2381/6264/45
f 2376/6252/48 2375/6251/45 2381/6264/45 2382/6260/48
f 2381/6265/51 2380/6266/52 2386/6267/52 2387/6268/51
f 2383/6269/56 2382/6270/54 2388/6271/54 2389/6272/56
f 2380/6262/49 2301/6240/6 2386/6273/55
f 2382/6270/54 2381/6265/51 2387/6268/51 2388/6271/54
f 2342/6242/5 2383/6259/47 2389/6274/53
f 2387/6268/57 2386/6267/58 2392/6275/58 2393/6276/57
f 2389/6272/62 2388/6271/60 2394/6277/60 2395/6278/62
f 2386/6273/55 2301/6240/6 2392/6279/61
f 2388/6271/60 2387/6268/57 2393/6276/57 2394/6277/60
f 2342/6242/5 2389/6274/53 2395/6280/59
f 2393/6281/63 2392/6282/64 2398/6283/64 2399/6284/63
f 2395/6285/68 2394/6286/66 2400/6287/66 2401/6288/68
f 2392/6279/61 2301/6240/6 2398/6289/67
f 2394/6286/66 2393/6281/63 2399/6284/63 2400/6287/66
f 2342/6242/5 2395/6280/59 2401/6290/65
f 2399/6284/69 2398/6283/70 2404/6291/70 2405/6292/69
f 2401/6288/74 2400/6287/72 2406/6293/72 2407/6294/74
f 2398/6289/67 2301/6240/6 2404/6295/73
f 2400/6287/72 2399/6284/69 2405/6292/69 2406/6293/72
f 2342/6242/5 2401/6290/65 2407/6296/71
f 2405/6297/75 2404/6298/76 2355/6246/76 2354/6245/75
f 2407/6299/78 2406/6300/77 2349/6236/77 2348/6235/78
f 2404/6295/73 2301/6240/6 2355/6239/35
f 2406/6300/77 2405/6297/75 2354/6245/75 2349/6236/77
f 2342/6242/5 2407/6296/71 2348/6243/31
f 2414/6301/1 2413/6302/1 2411/6303/1 2412/6304/1
f 2412/6305/2 2411/6306/2 2403/6307/2 2408/6308/2
f 2408/6309/3 2403/6310/3 2409/6311/3 2410/6312/3
f 2410/6313/4 2409/6314/4 2413/6315/4 2414/6316/4
f 2412/6317/5 2408/6318/5 2410/6319/5 2414/6320/5
f 2403/6321/6 2411/6322/6 2413/6323/6 2409/6324/6
f 2390/6325/37 2391/6326/33 2378/6327/33 2379/6328/37
f 2396/6329/34 2397/6330/38 2360/6331/38 2373/6332/34
f 2391/6326/33 2396/6329/34 2373/6332/34 2378/6327/33
f 2397/6333/35 2343/6334/6 2360/6335/36
f 2384/6336/5 2390/6337/31 2379/6338/32
f 2378/6339/42 2373/6340/39 2417/6341/39 2418/6342/42
f 2384/6336/5 2379/6338/32 2419/6343/41
f 2360/6335/36 2343/6334/6 2416/6344/43
f 2379/6345/44 2378/6339/42 2418/6342/42 2419/6346/44
f 2373/6340/39 2360/6347/40 2416/6348/40 2417/6341/39
f 2416/6344/43 2343/6334/6 2422/6349/49
f 2384/6336/5 2419/6343/41 2425/6350/47
f 2419/6346/50 2418/6342/48 2424/6351/48 2425/6352/50
f 2417/6341/45 2416/6348/46 2422/6353/46 2423/6354/45
f 2418/6342/48 2417/6341/45 2423/6354/45 2424/6351/48
f 2423/6355/51 2422/6356/52 2428/6357/52 2429/6358/51
f 2425/6359/56 2424/6360/54 2430/6361/54 2431/6362/56
f 2422/6349/49 2343/6334/6 2428/6363/55
f 2424/6360/54 2423/6355/51 2429/6358/51 2430/6361/54
f 2384/6336/5 2425/6350/47 2431/6364/53
f 2429/6358/57 2428/6357/58 2434/6365/58 2435/6366/57
f 2431/6362/62 2430/6361/60 2436/6367/60 2437/6368/62
f 2428/6363/55 2343/6334/6 2434/6369/61
f 2430/6361/60 2429/6358/57 2435/6366/57 2436/6367/60
f 2384/6336/5 2431/6364/53 2437/6370/59
f 2435/6371/63 2434/6372/64 2440/6373/64 2441/6374/63
f 2437/6375/68 2436/6376/66 2442/6377/66 2443/6378/68
f 2434/6369/61 2343/6334/6 2440/6379/67
f 2436/6376/66 2435/6371/63 2441/6374/63 2442/6377/66
f 2384/6336/5 2437/6370/59 2443/6380/65
f 2441/6374/69 2440/6373/70 2446/6381/70 2447/6382/69
f 2443/6378/74 2442/6377/72 2448/6383/72 2449/6384/74
f 2440/6379/67 2343/6334/6 2446/6385/73
f 2442/6377/72 2441/6374/69 2447/6382/69 2448/6383/72
f 2384/6336/5 2443/6380/65 2449/6386/71
f 2447/6387/75 2446/6388/76 2397/6330/76 2396/6329/75
f 2449/6389/78 2448/6390/77 2391/6326/77 2390/6325/78
f 2446/6385/73 2343/6334/6 2397/6333/35
f 2448/6390/77 2447/6387/75 2396/6329/75 2391/6326/77
f 2384/6336/5 2449/6386/71 2390/6337/31
f 2456/6391/1 2455/6392/1 2453/6393/1 2454/6394/1
f 2454/6395/2 2453/6396/2 2445/6397/2 2450/6398/2
f 2450/6399/3 2445/6400/3 2451/6401/3 2452/6402/3
f 2452/6403/4 2451/6404/4 2455/6405/4 2456/6406/4
f 2454/6407/5 2450/6408/5 2452/6409/5 2456/6410/5
f 2445/6411/6 2453/6412/6 2455/6413/6 2451/6414/6
f 2520/6415/99 2444/6416/6 2457/6417/100
f 2518/6418/101 2517/6419/102 2415/6420/103 2420/6421/104
f 2517/6419/102 2516/6422/105 2402/6423/105 2415/6420/103
f 2515/6424/106 2520/6425/99 2457/6426/100 2385/6427/107
f 2421/6428/5 2518/6429/101 2420/6430/104
f 2516/6422/105 2515/6424/106 2385/6427/107 2402/6423/105
f 2415/6431/103 2402/6432/108 2460/6433/109 2461/6434/110
f 2420/6435/104 2415/6431/103 2461/6434/110 2462/6436/111
f 2457/6417/100 2444/6416/6 2464/6437/112
f 2402/6432/108 2385/6438/107 2459/6439/113 2460/6433/109
f 2421/6428/5 2420/6430/104 2462/6440/111
f 2385/6438/107 2457/6441/100 2464/6442/112 2459/6439/113
f 2462/6436/111 2461/6434/110 2468/6443/114 2469/6444/115
f 2421/6428/5 2462/6440/111 2469/6445/115
f 2460/6433/109 2459/6439/113 2466/6446/116 2467/6447/117
f 2464/6437/112 2444/6416/6 2471/6448/118
f 2459/6439/113 2464/6442/112 2471/6449/118 2466/6446/116
f 2461/6434/110 2460/6433/109 2467/6447/117 2468/6443/114
f 2466/6446/116 2471/6449/118 2478/6450/119 2473/6451/120
f 2468/6443/114 2467/6447/117 2474/6452/121 2475/6453/122
f 2421/6428/5 2469/6445/115 2476/6454/123
f 2471/6448/118 2444/6416/6 2478/6455/119
f 2467/6447/117 2466/6446/116 2473/6451/120 2474/6452/121
f 2469/6444/115 2468/6443/114 2475/6453/122 2476/6456/123
f 2473/6457/120 2478/6458/119 2485/6459/124 2480/6460/125
f 2475/6461/122 2474/6462/126 2481/6463/126 2482/6464/127
f 2421/6428/5 2476/6454/123 2483/6465/128
f 2478/6455/119 2444/6416/6 2485/6466/124
f 2474/6462/126 2473/6457/120 2480/6460/125 2481/6463/126
f 2476/6467/123 2475/6461/122 2482/6464/127 2483/6468/128
f 2480/6460/125 2485/6459/124 2492/6469/129 2487/6470/130
f 2482/6464/127 2481/6463/131 2488/6471/131 2489/6472/132
f 2421/6428/5 2483/6465/128 2490/6473/133
f 2485/6466/124 2444/6416/6 2492/6474/129
f 2481/6463/131 2480/6460/125 2487/6470/130 2488/6471/131
f 2483/6468/128 2482/6464/127 2489/6472/132 2490/6475/133
f 2489/6476/132 2488/6477/134 2495/6478/135 2496/6479/136
f 2421/6428/5 2490/6473/133 2497/6480/137
f 2492/6474/129 2444/6416/6 2499/6481/138
f 2488/6477/134 2487/6482/130 2494/6483/139 2495/6478/135
f 2490/6484/133 2489/6476/132 2496/6479/136 2497/6485/137
f 2487/6482/130 2492/6486/129 2499/6487/138 2494/6483/139
f 2421/6428/5 2497/6480/137 2504/6488/140
f 2499/6481/138 2444/6416/6 2506/6489/141
f 2495/6478/135 2494/6483/139 2501/6490/142 2502/6491/143
f 2497/6485/137 2496/6479/136 2503/6492/144 2504/6493/140
f 2494/6483/139 2499/6487/138 2506/6494/141 2501/6490/142
f 2496/6479/136 2495/6478/135 2502/6491/143 2503/6492/144
f 2506/6489/141 2444/6416/6 2513/6495/145
f 2502/6491/143 2501/6490/142 2508/6496/146 2509/6497/147
f 2504/6493/140 2503/6492/144 2510/6498/148 2511/6499/149
f 2501/6490/142 2506/6494/141 2513/6500/145 2508/6496/146
f 2503/6492/144 2502/6491/143 2509/6497/147 2510/6498/148
f 2421/6428/5 2504/6488/140 2511/6501/149
f 2513/6495/145 2444/6416/6 2520/6415/99
f 2509/6502/150 2508/6503/146 2515/6424/106 2516/6422/150
f 2511/6504/149 2510/6505/148 2517/6419/102 2518/6418/101
f 2508/6503/146 2513/6506/145 2520/6425/99 2515/6424/106
f 2510/6505/148 2509/6502/150 2516/6422/150 2517/6419/102
f 2421/6428/5 2511/6501/149 2518/6429/101
f 2433/6507/5 2569/6508/151 2493/6509/152
f 2567/6510/2 2571/6511/153 2484/6512/154 2486/6513/155
f 2572/6514/156 2472/6515/6 2479/6516/157
f 2569/6517/158 2568/6518/159 2491/6519/160 2493/6520/152
f 2568/6518/159 2567/6510/2 2486/6513/155 2491/6519/160
f 2571/6511/153 2572/6521/161 2479/6522/157 2484/6512/154
f 2491/6523/160 2486/6524/155 2463/6525/162 2458/6526/163
f 2433/6507/5 2493/6509/152 2439/6527/164
f 2484/6528/154 2479/6529/157 2470/6530/165 2465/6531/166
f 2486/6524/155 2484/6528/154 2465/6531/166 2463/6525/162
f 2493/6532/152 2491/6523/160 2458/6526/163 2439/6533/164
f 2479/6516/157 2472/6515/6 2470/6534/165
f 2470/6534/165 2472/6515/6 2523/6535/167
f 2439/6533/164 2458/6526/163 2427/6536/168 2432/6537/169
f 2458/6526/163 2463/6525/3 2426/6538/3 2427/6536/168
f 2465/6531/166 2470/6530/165 2523/6539/167 2522/6540/170
f 2433/6507/5 2439/6527/164 2432/6541/169
f 2463/6525/3 2465/6531/166 2522/6540/170 2426/6538/3
f 2432/6537/169 2427/6536/168 2526/6542/171 2527/6543/172
f 2427/6536/168 2426/6538/173 2525/6544/174 2526/6542/171
f 2523/6535/167 2472/6515/6 2530/6545/175
f 2426/6538/173 2522/6540/170 2529/6546/176 2525/6544/174
f 2433/6507/5 2432/6541/169 2527/6547/172
f 2522/6540/170 2523/6539/167 2530/6548/175 2529/6546/176
f 2527/6549/172 2526/6550/171 2533/6551/177 2534/6552/178
f 2433/6507/5 2527/6547/172 2534/6553/179
f 2530/6545/175 2472/6515/6 2537/6554/180
f 2529/6555/176 2530/6556/175 2537/6557/181 2536/6558/182
f 2526/6550/171 2525/6559/174 2532/6560/4 2533/6551/177
f 2525/6559/174 2529/6555/176 2536/6558/182 2532/6560/4
f 2537/6554/180 2472/6515/6 2544/6561/183
f 2532/6560/4 2536/6558/182 2543/6562/184 2539/6563/185
f 2534/6552/178 2533/6551/177 2540/6564/186 2541/6565/187
f 2433/6507/5 2534/6553/179 2541/6566/187
f 2536/6558/182 2537/6557/181 2544/6567/183 2543/6562/184
f 2533/6551/177 2532/6560/4 2539/6563/185 2540/6564/186
f 2539/6568/185 2543/6569/184 2550/6570/188 2546/6571/189
f 2541/6572/187 2540/6573/186 2547/6574/190 2548/6575/191
f 2433/6507/5 2541/6566/187 2548/6576/191
f 2543/6569/184 2544/6577/183 2551/6578/192 2550/6570/188
f 2540/6573/186 2539/6568/185 2546/6571/189 2547/6574/190
f 2544/6561/183 2472/6515/6 2551/6579/192
f 2548/6575/191 2547/6574/190 2554/6580/193 2555/6581/194
f 2433/6507/5 2548/6576/191 2555/6582/194
f 2550/6570/188 2551/6578/192 2558/6583/195 2557/6584/196
f 2547/6574/190 2546/6571/1 2553/6585/1 2554/6580/193
f 2551/6579/192 2472/6515/6 2558/6586/195
f 2546/6571/1 2550/6570/188 2557/6584/196 2553/6585/1
f 2433/6507/5 2555/6582/194 2562/6587/197
f 2557/6588/196 2558/6586/195 2565/6589/198 2564/6590/199
f 2554/6580/193 2553/6585/200 2560/6591/201 2561/6592/202
f 2558/6586/195 2472/6515/6 2565/6589/198
f 2553/6585/200 2557/6584/196 2564/6593/199 2560/6591/201
f 2555/6582/194 2554/6594/193 2561/6595/202 2562/6587/197
f 2433/6507/5 2562/6587/197 2569/6508/151
f 2564/6596/199 2565/6597/198 2572/6521/161 2571/6511/153
f 2561/6598/202 2560/6599/201 2567/6510/2 2568/6518/159
f 2565/6589/198 2472/6515/6 2572/6514/156
f 2560/6599/201 2564/6596/199 2571/6511/153 2567/6510/2
f 2562/6600/197 2561/6598/202 2568/6518/159 2569/6517/158
f 2563/6601/203 2623/6602/204 2535/6603/205 2538/6604/203
f 2570/6605/206 2524/6606/6 2531/6607/207
f 2556/6608/208 2620/6609/209 2542/6610/210 2545/6611/211
f 2623/6602/204 2570/6612/206 2531/6613/207 2535/6603/205
f 2500/6614/5 2556/6615/208 2545/6616/211
f 2620/6609/209 2563/6601/203 2538/6604/203 2542/6610/210
f 2500/6614/5 2545/6616/211 2507/6617/212
f 2535/6618/205 2531/6607/207 2521/6619/213 2519/6620/214
f 2542/6621/210 2538/6622/215 2514/6623/215 2512/6624/216
f 2538/6622/215 2535/6625/205 2519/6626/214 2514/6623/215
f 2545/6616/211 2542/6627/210 2512/6628/216 2507/6617/212
f 2531/6607/207 2524/6606/6 2521/6619/213
f 2507/6629/212 2512/6624/216 2477/6630/217 2498/6631/218
f 2512/6624/216 2514/6623/3 2438/6632/3 2477/6630/217
f 2519/6626/214 2521/6633/213 2575/6634/219 2574/6635/220
f 2500/6614/5 2507/6617/212 2498/6636/218
f 2514/6623/3 2519/6626/214 2574/6635/220 2438/6632/3
f 2521/6619/213 2524/6606/6 2575/6637/219
f 2500/6614/5 2498/6636/218 2579/6638/221
f 2438/6632/222 2574/6635/220 2581/6639/223 2577/6640/222
f 2498/6636/218 2477/6641/217 2578/6642/224 2579/6638/221
f 2575/6637/219 2524/6606/6 2582/6643/225
f 2574/6644/220 2575/6637/219 2582/6643/225 2581/6645/223
f 2477/6630/217 2438/6632/222 2577/6640/222 2578/6646/224
f 2579/6638/221 2578/6642/224 2585/6647/226 2586/6648/227
f 2577/6649/228 2581/6650/223 2588/6651/229 2584/6652/228
f 2582/6643/225 2524/6606/6 2589/6653/230
f 2500/6614/5 2579/6638/221 2586/6648/227
f 2578/6654/224 2577/6649/228 2584/6652/228 2585/6655/226
f 2581/6645/223 2582/6643/225 2589/6653/230 2588/6656/229
f 2586/6648/227 2585/6647/226 2592/6657/231 2593/6658/232
f 2588/6656/229 2589/6653/230 2596/6659/233 2595/6660/234
f 2585/6655/226 2584/6652/235 2591/6661/235 2592/6662/231
f 2500/6614/5 2586/6648/227 2593/6658/232
f 2589/6653/230 2524/6606/6 2596/6659/233
f 2584/6652/235 2588/6651/229 2595/6663/234 2591/6661/235
f 2595/6660/234 2596/6659/233 2603/6664/236 2602/6665/237
f 2592/6666/231 2591/6667/238 2598/6668/238 2599/6669/239
f 2500/6614/5 2593/6658/232 2600/6670/240
f 2596/6659/233 2524/6606/6 2603/6664/236
f 2591/6667/238 2595/6671/234 2602/6672/237 2598/6668/238
f 2593/6658/232 2592/6657/231 2599/6673/239 2600/6670/240
f 2599/6669/239 2598/6668/1 2605/6674/1 2606/6675/241
f 2500/6614/5 2600/6670/240 2607/6676/242
f 2603/6664/236 2524/6606/6 2610/6677/243
f 2598/6668/1 2602/6672/237 2609/6678/244 2605/6674/1
f 2600/6679/240 2599/6669/239 2606/6675/241 2607/6680/242
f 2602/6672/237 2603/6681/236 2610/6682/243 2609/6678/244
f 2500/6614/5 2607/6676/242 2614/6683/245
f 2610/6677/243 2524/6606/6 2617/6684/246
f 2605/6674/247 2609/6678/244 2616/6685/248 2612/6686/247
f 2607/6676/242 2606/6687/241 2613/6688/249 2614/6683/245
f 2609/6689/244 2610/6677/243 2617/6684/246 2616/6690/248
f 2606/6675/241 2605/6674/247 2612/6686/247 2613/6691/249
f 2500/6614/5 2614/6683/245 2556/6615/208
f 2617/6684/246 2524/6606/6 2570/6605/206
f 2612/6692/250 2616/6693/248 2623/6602/204 2563/6601/250
f 2614/6694/245 2613/6695/249 2620/6609/209 2556/6608/208
f 2616/6693/248 2617/6696/246 2570/6612/206 2623/6602/204
f 2613/6695/249 2612/6692/250 2563/6601/250 2620/6609/209
f 2633/6697/251 2634/6698/251 2636/6699/251 2635/6700/251
f 2627/6701/252 2628/6702/252 2630/6703/252 2629/6704/252
f 2622/6705/253 2621/6706/253 2618/6707/253 2619/6708/253
f 2649/6709/254 2650/6710/254 2652/6711/254 2651/6712/254
f 2662/6713/5 2673/6714/41 2679/6715/47
f 2619/6716/255 2618/6717/255 2611/6718/255 2615/6719/255
f 2664/6720/36 2624/6721/6 2670/6722/43
f 2667/6723/44 2666/6724/42 2672/6725/42 2673/6726/44
f 2615/6719/256 2611/6718/256 2604/6727/256 2608/6728/256
f 2631/6729/257 2632/6730/257 2634/6698/257 2633/6697/257
f 2505/6731/258 2626/6732/258 2628/6702/258 2627/6701/258
f 2608/6728/259 2604/6727/259 2597/6733/259 2601/6734/259
f 2662/6713/5 2667/6735/32 2673/6714/41
f 2662/6713/5 2709/6736/31 2667/6735/32
f 2601/6737/260 2597/6738/260 2590/6739/260 2594/6740/260
f 2708/6741/33 2707/6742/34 2665/6743/34 2666/6744/33
f 2648/6745/261 2646/6746/261 2644/6747/261 2658/6748/261 2656/6749/261 2654/6750/261 2652/6751/261 2650/6752/261
f 2594/6740/262 2590/6739/262 2583/6753/262 2587/6754/262
f 2629/6704/263 2630/6703/263 2632/6755/263 2631/6756/263
f 2549/6757/264 2528/6758/264 2626/6759/264 2505/6760/264
f 2587/6761/265 2583/6762/265 2576/6763/265 2580/6764/265
f 2645/6765/266 2646/6766/266 2648/6767/266 2647/6768/266
f 2647/6768/267 2648/6767/267 2650/6769/267 2649/6770/267
f 2580/6764/268 2576/6763/268 2566/6771/268 2573/6772/268
f 2618/6773/261 2621/6774/261 2552/6775/261 2566/6776/261 2576/6777/261 2583/6778/261 2590/6779/261 2597/6780/261 2604/6781/261 2611/6782/261
f 2653/6783/269 2654/6784/269 2656/6785/269 2655/6786/269
f 2573/6772/270 2566/6771/270 2552/6787/270 2559/6788/270
f 2672/6725/48 2671/6789/45 2677/6790/45 2678/6791/48
f 2651/6712/271 2652/6711/271 2654/6792/271 2653/6793/271
f 2559/6794/272 2552/6795/272 2621/6706/272 2622/6705/272
f 2622/6796/273 2619/6797/273 2615/6798/273 2608/6799/273 2601/6800/273 2594/6801/273 2587/6802/273 2580/6803/273 2573/6804/273 2559/6805/273
f 2643/6806/274 2644/6807/274 2646/6808/274 2645/6809/274
f 2635/6810/275 2636/6811/275 2638/6812/275 2637/6813/275
f 2707/6742/34 2706/6814/38 2664/6815/38 2665/6743/34
f 2665/6816/39 2664/6817/40 2670/6818/40 2671/6789/39
f 2637/6813/276 2638/6812/276 2640/6819/276 2639/6820/276
f 2630/6821/261 2628/6822/261 2626/6823/261 2528/6824/261 2642/6825/261 2640/6826/261 2638/6827/261 2636/6828/261 2634/6829/261 2632/6830/261
f 2670/6722/43 2624/6721/6 2676/6831/49
f 2639/6820/277 2640/6819/277 2642/6832/277 2641/6833/277
f 2709/6834/37 2708/6741/33 2666/6744/33 2667/6835/37
f 2671/6789/45 2670/6818/46 2676/6836/46 2677/6790/45
f 2641/6837/278 2642/6838/278 2528/6758/278 2549/6757/278
f 2635/6839/273 2637/6840/273 2639/6841/273 2641/6842/273 2549/6843/273 2505/6844/273 2627/6845/273 2629/6846/273 2631/6847/273 2633/6848/273
f 2706/6849/35 2624/6721/6 2664/6720/36
f 2655/6786/279 2656/6785/279 2658/6850/279 2657/6851/279
f 2673/6726/50 2672/6725/48 2678/6791/48 2679/6852/50
f 2666/6724/42 2665/6816/39 2671/6789/39 2672/6725/42
f 2657/6853/280 2658/6854/280 2644/6807/280 2643/6806/280
f 2647/6855/273 2649/6856/273 2651/6857/273 2653/6858/273 2655/6859/273 2657/6860/273 2643/6861/273 2645/6862/273
f 2677/6863/51 2676/6864/52 2682/6865/52 2683/6866/51
f 2662/6713/5 2679/6715/47 2685/6867/53
f 2679/6868/56 2678/6869/54 2684/6870/54 2685/6871/56
f 2676/6831/49 2624/6721/6 2682/6872/55
f 2678/6869/54 2677/6863/51 2683/6866/51 2684/6870/54
f 2683/6866/57 2682/6865/58 2688/6873/58 2689/6874/57
f 2662/6713/5 2685/6867/53 2691/6875/59
f 2685/6871/62 2684/6870/60 2690/6876/60 2691/6877/62
f 2682/6872/55 2624/6721/6 2688/6878/61
f 2684/6870/60 2683/6866/57 2689/6874/57 2690/6876/60
f 2689/6879/63 2688/6880/64 2694/6881/64 2695/6882/63
f 2662/6713/5 2691/6875/59 2697/6883/65
f 2691/6884/68 2690/6885/66 2696/6886/66 2697/6887/68
f 2688/6878/61 2624/6721/6 2694/6888/67
f 2690/6885/66 2689/6879/63 2695/6882/63 2696/6886/66
f 2695/6882/69 2694/6881/70 2700/6889/70 2701/6890/69
f 2662/6713/5 2697/6883/65 2703/6891/71
f 2697/6887/74 2696/6886/72 2702/6892/72 2703/6893/74
f 2694/6888/67 2624/6721/6 2700/6894/73
f 2696/6886/72 2695/6882/69 2701/6890/69 2702/6892/72
f 2701/6895/75 2700/6896/76 2706/6814/76 2707/6742/75
f 2662/6713/5 2703/6891/71 2709/6736/31
f 2703/6897/78 2702/6898/77 2708/6741/77 2709/6834/78
f 2700/6894/73 2624/6721/6 2706/6849/35
f 2702/6898/77 2701/6895/75 2707/6742/75 2708/6741/77
f 2663/6899/5 2699/6900/281 2692/6901/282
f 2704/6902/283 2705/6903/283 2686/6904/283 2687/6905/283
f 2699/6906/284 2704/6902/284 2687/6905/284 2692/6907/284
f 2705/6908/285 2625/6909/6 2686/6910/286
f 2686/6910/286 2625/6909/6 2675/6911/287
f 2692/6912/288 2687/6913/288 2674/6914/288 2669/6915/288
f 2687/6913/289 2686/6916/289 2675/6917/289 2674/6914/289
f 2663/6899/5 2692/6901/282 2669/6918/290
f 2669/6919/291 2674/6920/291 2660/6921/291 2661/6922/291
f 2675/6911/287 2625/6909/6 2659/6923/292
f 2674/6920/293 2675/6924/293 2659/6925/293 2660/6921/293
f 2663/6899/5 2669/6918/290 2661/6926/294
f 2661/6922/295 2660/6921/295 2713/6927/295 2714/6928/295
f 2659/6923/292 2625/6909/6 2712/6929/296
f 2663/6899/5 2661/6926/294 2714/6930/297
f 2660/6921/298 2659/6925/298 2712/6931/298 2713/6927/298
f 2714/6932/299 2713/6933/299 2718/6934/299 2719/6935/299
f 2712/6929/296 2625/6909/6 2717/6936/300
f 2713/6933/301 2712/6937/301 2717/6938/301 2718/6934/301
f 2663/6899/5 2714/6930/297 2719/6939/302
f 2663/6899/5 2719/6939/302 2699/6900/281
f 2717/6936/300 2625/6909/6 2705/6908/285
f 2719/6940/303 2718/6941/303 2704/6902/303 2699/6906/303
f 2718/6941/304 2717/6942/304 2705/6903/304 2704/6902/304
f 2783/6943/305 2724/6944/306 2681/6945/307 2693/6946/308
f 2785/6947/309 2722/6948/310 2698/6949/310 2710/6950/311
f 2715/6951/5 2720/6952/312 2711/6953/313
f 2724/6954/314 2668/6955/6 2681/6956/307
f 2722/6948/310 2783/6943/305 2693/6946/308 2698/6949/310
f 2720/6957/315 2785/6947/309 2710/6950/311 2711/6958/313
f 2710/6959/311 2698/6960/316 2728/6961/317 2729/6962/318
f 2693/6963/308 2681/6964/307 2726/6965/319 2727/6966/320
f 2681/6956/307 2668/6955/6 2726/6967/319
f 2711/6968/313 2710/6959/311 2729/6962/318 2730/6969/321
f 2698/6960/316 2693/6963/308 2727/6966/320 2728/6961/317
f 2715/6951/5 2711/6953/313 2730/6970/321
f 2715/6951/5 2730/6970/321 2737/6971/322
f 2728/6961/317 2727/6966/320 2734/6972/323 2735/6973/324
f 2727/6966/320 2726/6965/319 2733/6974/325 2734/6972/323
f 2729/6962/318 2728/6961/317 2735/6973/324 2736/6975/326
f 2726/6967/319 2668/6955/6 2733/6976/325
f 2730/6969/321 2729/6962/318 2736/6975/326 2737/6977/322
f 2734/6972/323 2733/6974/325 2740/6978/327 2741/6979/328
f 2736/6975/326 2735/6973/324 2742/6980/329 2743/6981/330
f 2715/6951/5 2737/6971/322 2744/6982/331
f 2733/6976/325 2668/6955/6 2740/6983/327
f 2735/6973/324 2734/6972/323 2741/6979/328 2742/6980/329
f 2737/6977/322 2736/6975/326 2743/6981/330 2744/6984/331
f 2741/6985/328 2740/6986/327 2747/6987/332 2748/6988/333
f 2743/6989/330 2742/6990/334 2749/6991/334 2750/6992/335
f 2715/6951/5 2744/6982/331 2751/6993/336
f 2740/6983/327 2668/6955/6 2747/6994/337
f 2742/6990/334 2741/6985/328 2748/6988/333 2749/6991/334
f 2744/6995/331 2743/6989/330 2750/6992/335 2751/6996/338
f 2748/6988/339 2747/6987/340 2754/6997/341 2755/6998/342
f 2750/6992/343 2749/6991/344 2756/6999/344 2757/7000/345
f 2715/6951/5 2751/6993/336 2758/7001/346
f 2747/6994/337 2668/6955/6 2754/7002/341
f 2749/6991/344 2748/6988/339 2755/6998/342 2756/6999/344
f 2751/6996/347 2750/6992/343 2757/7000/345 2758/7003/346
f 2757/7004/345 2756/7005/348 2763/7006/349 2764/7007/350
f 2715/6951/5 2758/7001/346 2765/7008/351
f 2754/7002/341 2668/6955/6 2761/7009/352
f 2756/7005/348 2755/7010/342 2762/7011/353 2763/7006/349
f 2758/7012/346 2757/7004/345 2764/7007/350 2765/7013/351
f 2755/7010/342 2754/7014/341 2761/7015/352 2762/7011/353
f 2715/6951/5 2765/7008/351 2772/7016/354
f 2761/7009/352 2668/6955/6 2768/7017/355
f 2763/7006/349 2762/7011/353 2769/7018/356 2770/7019/357
f 2765/7013/351 2764/7007/350 2771/7020/358 2772/7021/354
f 2762/7011/353 2761/7015/352 2768/7022/355 2769/7018/356
f 2764/7007/350 2763/7006/349 2770/7019/357 2771/7020/358
f 2768/7017/355 2668/6955/6 2775/7023/359
f 2770/7019/357 2769/7018/356 2776/7024/360 2777/7025/361
f 2772/7021/354 2771/7020/358 2778/7026/362 2779/7027/363
f 2769/7018/356 2768/7022/355 2775/7028/359 2776/7024/360
f 2771/7020/358 2770/7019/357 2777/7025/361 2778/7026/362
f 2715/6951/5 2772/7016/354 2779/7029/363
f 2775/7023/359 2668/6955/6 2724/6954/314
f 2777/7030/364 2776/7031/360 2783/6943/365 2722/6948/364
f 2779/7032/363 2778/7033/362 2785/6947/366 2720/6957/367
f 2776/7031/360 2775/7034/359 2724/6944/368 2783/6943/365
f 2778/7033/362 2777/7030/364 2722/6948/364 2785/6947/366
f 2715/6951/5 2779/7029/363 2720/6952/312
f 2797/7035/44 2796/7036/42 2802/7037/42 2803/7038/44
f 2838/7039/33 2837/7040/34 2795/7041/34 2796/7042/33
f 2784/7043/369 2782/7044/369 2780/7045/369 2781/7046/369
f 2837/7040/34 2835/7047/38 2793/7048/38 2795/7041/34
f 2799/7049/43 2787/7050/6 2805/7051/49
f 2781/7052/3 2780/7053/3 2773/7054/3 2774/7055/3
f 2792/7056/5 2839/7057/31 2797/7058/32
f 2746/7059/370 2745/7060/370 2738/7061/370 2739/7062/370
f 2774/7063/371 2773/7064/371 2766/7065/371 2767/7066/371
f 2795/7067/39 2793/7068/40 2799/7069/40 2801/7070/39
f 2835/7071/35 2787/7050/6 2793/7072/36
f 2767/7066/372 2766/7065/372 2759/7073/372 2760/7074/372
f 2780/7075/6 2782/7076/6 2752/7077/6 2759/7078/6 2766/7079/6 2773/7080/6
f 2792/7056/5 2797/7058/32 2803/7081/41
f 2760/7082/1 2759/7083/1 2752/7084/1 2753/7085/1
f 2732/7086/373 2731/7087/373 2723/7088/373 2725/7089/373
f 2739/7090/3 2738/7091/3 2731/7092/3 2732/7093/3
f 2753/7094/374 2752/7095/374 2782/7044/374 2784/7043/374
f 2784/7096/5 2781/7097/5 2774/7098/5 2767/7099/5 2760/7100/5 2753/7101/5
f 2725/7089/375 2723/7088/375 2716/7102/375 2721/7103/375
f 2731/7104/4 2738/7105/4 2745/7106/4 2788/7107/4 2716/7108/4 2723/7109/4
f 2839/7110/37 2838/7039/33 2796/7042/33 2797/7111/37
f 2721/7112/1 2716/7113/1 2788/7114/1 2680/7115/1
f 2793/7072/36 2787/7050/6 2799/7049/43
f 2796/7036/42 2795/7067/39 2801/7070/39 2802/7037/42
f 2680/7116/376 2788/7117/376 2745/7060/376 2746/7059/376
f 2725/7118/2 2721/7119/2 2680/7120/2 2746/7121/2 2739/7122/2 2732/7123/2
f 2792/7056/5 2803/7081/41 2809/7124/47
f 2801/7070/45 2799/7069/46 2805/7125/46 2807/7126/45
f 2803/7038/50 2802/7037/48 2808/7127/48 2809/7128/50
f 2802/7037/48 2801/7070/45 2807/7126/45 2808/7127/48
f 2805/7051/49 2787/7050/6 2811/7129/55
f 2792/7056/5 2809/7124/47 2815/7130/53
f 2807/7131/51 2805/7132/52 2811/7133/52 2813/7134/51
f 2809/7135/56 2808/7136/54 2814/7137/54 2815/7138/56
f 2808/7136/54 2807/7131/51 2813/7134/51 2814/7137/54
f 2811/7129/55 2787/7050/6 2817/7139/61
f 2792/7056/5 2815/7130/53 2821/7140/59
f 2813/7134/57 2811/7133/58 2817/7141/58 2819/7142/57
f 2815/7138/62 2814/7137/60 2820/7143/60 2821/7144/62
f 2814/7137/60 2813/7134/57 2819/7142/57 2820/7143/60
f 2817/7139/61 2787/7050/6 2823/7145/67
f 2792/7056/5 2821/7140/59 2827/7146/65
f 2819/7147/63 2817/7148/64 2823/7149/64 2825/7150/63
f 2821/7151/68 2820/7152/66 2826/7153/66 2827/7154/68
f 2820/7152/66 2819/7147/63 2825/7150/63 2826/7153/66
f 2823/7145/67 2787/7050/6 2829/7155/73
f 2792/7056/5 2827/7146/65 2833/7156/71
f 2825/7150/69 2823/7149/70 2829/7157/70 2831/7158/69
f 2827/7154/74 2826/7153/72 2832/7159/72 2833/7160/74
f 2826/7153/72 2825/7150/69 2831/7158/69 2832/7159/72
f 2829/7155/73 2787/7050/6 2835/7071/35
f 2792/7056/5 2833/7156/71 2839/7057/31
f 2831/7161/75 2829/7162/76 2835/7047/76 2837/7040/75
f 2833/7163/78 2832/7164/77 2838/7039/77 2839/7110/78
f 2832/7164/77 2831/7161/75 2837/7040/75 2838/7039/77
f 2834/7165/283 2836/7166/283 2816/7167/283 2818/7168/283
f 2830/7169/284 2834/7165/284 2818/7168/284 2822/7170/284
f 2794/7171/5 2830/7172/281 2822/7173/282
f 2836/7174/285 2786/7175/6 2816/7176/286
f 2822/7177/288 2818/7178/288 2804/7179/288 2800/7180/288
f 2818/7178/289 2816/7181/289 2806/7182/289 2804/7179/289
f 2816/7176/286 2786/7175/6 2806/7183/287
f 2794/7171/5 2822/7173/282 2800/7184/290
f 2806/7183/287 2786/7175/6 2789/7185/292
f 2804/7186/293 2806/7187/293 2789/7188/293 2790/7189/293
f 2800/7190/291 2804/7186/291 2790/7189/291 2791/7191/291
f 2794/7171/5 2800/7184/290 2791/7192/294
f 2790/7189/298 2789/7188/298 2842/7193/298 2843/7194/298
f 2794/7171/5 2791/7192/294 2844/7195/297
f 2791/7191/295 2790/7189/295 2843/7194/295 2844/7196/295
f 2789/7185/292 2786/7175/6 2842/7197/296
f 2843/7198/301 2842/7199/301 2847/7200/301 2848/7201/301
f 2794/7171/5 2844/7195/297 2849/7202/302
f 2842/7197/296 2786/7175/6 2847/7203/300
f 2844/7204/299 2843/7198/299 2848/7201/299 2849/7205/299
f 2847/7203/300 2786/7175/6 2836/7174/285
f 2794/7171/5 2849/7202/302 2830/7172/281
f 2849/7206/303 2848/7207/303 2834/7165/303 2830/7169/303
f 2848/7207/304 2847/7208/304 2836/7166/304 2834/7165/304
f 2913/7209/305 2854/7210/306 2812/7211/307 2824/7212/308
f 2915/7213/309 2852/7214/310 2828/7215/310 2840/7216/311
f 2845/7217/5 2850/7218/312 2841/7219/313
f 2854/7220/314 2798/7221/6 2812/7222/307
f 2852/7214/310 2913/7209/305 2824/7212/308 2828/7215/310
f 2850/7223/315 2915/7213/309 2840/7216/311 2841/7224/313
f 2845/7217/5 2841/7219/313 2860/7225/321
f 2840/7226/311 2828/7227/316 2858/7228/317 2859/7229/318
f 2812/7222/307 2798/7221/6 2856/7230/319
f 2841/7231/313 2840/7226/311 2859/7229/318 2860/7232/321
f 2828/7227/316 2824/7233/308 2857/7234/320 2858/7228/317
f 2824/7233/308 2812/7235/307 2856/7236/319 2857/7234/320
f 2858/7228/317 2857/7234/320 2864/7237/323 2865/7238/324
f 2859/7229/318 2858/7228/317 2865/7238/324 2866/7239/326
f 2856/7230/319 2798/7221/6 2863/7240/325
f 2857/7234/320 2856/7236/319 2863/7241/325 2864/7237/323
f 2845/7217/5 2860/7225/321 2867/7242/322
f 2860/7232/321 2859/7229/318 2866/7239/326 2867/7243/322
f 2864/7237/323 2863/7241/325 2870/7244/327 2871/7245/328
f 2866/7239/326 2865/7238/324 2872/7246/329 2873/7247/330
f 2845/7217/5 2867/7242/322 2874/7248/331
f 2863/7240/325 2798/7221/6 2870/7249/327
f 2865/7238/324 2864/7237/323 2871/7245/328 2872/7246/329
f 2867/7243/322 2866/7239/326 2873/7247/330 2874/7250/331
f 2871/7251/328 2870/7252/327 2877/7253/332 2878/7254/333
f 2873/7255/330 2872/7256/334 2879/7257/334 2880/7258/335
f 2845/7217/5 2874/7248/331 2881/7259/336
f 2870/7249/327 2798/7221/6 2877/7260/337
f 2872/7256/334 2871/7251/328 2878/7254/333 2879/7257/334
f 2874/7261/331 2873/7255/330 2880/7258/335 2881/7262/338
f 2878/7254/339 2877/7253/340 2884/7263/341 2885/7264/342
f 2880/7258/343 2879/7257/344 2886/7265/344 2887/7266/345
f 2845/7217/5 2881/7259/336 2888/7267/346
f 2877/7260/337 2798/7221/6 2884/7268/341
f 2879/7257/344 2878/7254/339 2885/7264/342 2886/7265/344
f 2881/7262/347 2880/7258/343 2887/7266/345 2888/7269/346
f 2885/7270/342 2884/7271/341 2891/7272/352 2892/7273/353
f 2887/7274/345 2886/7275/348 2893/7276/349 2894/7277/350
f 2845/7217/5 2888/7267/346 2895/7278/351
f 2884/7268/341 2798/7221/6 2891/7279/352
f 2886/7275/348 2885/7270/342 2892/7273/353 2893/7276/349
f 2888/7280/346 2887/7274/345 2894/7277/350 2895/7281/351
f 2894/7277/350 2893/7276/349 2900/7282/357 2901/7283/358
f 2845/7217/5 2895/7278/351 2902/7284/354
f 2891/7279/352 2798/7221/6 2898/7285/355
f 2893/7276/349 2892/7273/353 2899/7286/356 2900/7282/357
f 2895/7281/351 2894/7277/350 2901/7283/358 2902/7287/354
f 2892/7273/353 2891/7272/352 2898/7288/355 2899/7286/356
f 2845/7217/5 2902/7284/354 2909/7289/363
f 2898/7285/355 2798/7221/6 2905/7290/359
f 2900/7282/357 2899/7286/356 2906/7291/360 2907/7292/361
f 2902/7287/354 2901/7283/358 2908/7293/362 2909/7294/363
f 2899/7286/356 2898/7288/355 2905/7295/359 2906/7291/360
f 2901/7283/358 2900/7282/357 2907/7292/361 2908/7293/362
f 2905/7290/359 2798/7221/6 2854/7220/314
f 2907/7296/364 2906/7297/360 2913/7209/365 2852/7214/364
f 2909/7298/363 2908/7299/362 2915/7213/366 2850/7223/367
f 2906/7297/360 2905/7300/359 2854/7210/368 2913/7209/365
f 2908/7299/362 2907/7296/364 2852/7214/364 2915/7213/366
f 2845/7217/5 2909/7289/363 2850/7218/312
f 2925/7301/1 2926/7302/1 2928/7303/1 2927/7304/1
f 2921/7305/377 2922/7306/377 2916/7307/377 2917/7308/377
f 2914/7309/369 2912/7310/369 2910/7311/369 2911/7312/369
f 2919/7313/378 2920/7314/378 2924/7315/378 2923/7316/378
f 2927/7317/379 2931/7318/379 2929/7319/379 2925/7320/379
f 2911/7321/3 2910/7322/3 2903/7323/3 2904/7324/3
f 2923/7325/3 2924/7326/3 2922/7327/3 2921/7328/3
f 2876/7329/370 2875/7330/370 2868/7331/370 2869/7332/370
f 2904/7333/371 2903/7334/371 2896/7335/371 2897/7336/371
f 2927/7337/378 2928/7338/378 2932/7339/378 2931/7340/378
f 2919/7341/379 2923/7342/379 2921/7343/379 2917/7344/379
f 2897/7336/372 2896/7335/372 2889/7345/372 2890/7346/372
f 2910/7347/6 2912/7348/6 2882/7349/6 2889/7350/6 2896/7351/6 2903/7352/6
f 2929/7353/377 2930/7354/377 2926/7355/377 2925/7356/377
f 2890/7357/1 2889/7358/1 2882/7359/1 2883/7360/1
f 2862/7361/373 2861/7362/373 2853/7363/373 2855/7364/373
f 2869/7365/3 2868/7366/3 2861/7367/3 2862/7368/3
f 2883/7369/374 2882/7370/374 2912/7310/374 2914/7309/374
f 2914/7371/5 2911/7372/5 2904/7373/5 2897/7374/5 2890/7375/5 2883/7376/5
f 2855/7364/375 2853/7363/375 2846/7377/375 2851/7378/375
f 2861/7379/4 2868/7380/4 2875/7381/4 2918/7382/4 2846/7383/4 2853/7384/4
f 2917/7385/1 2916/7386/1 2920/7387/1 2919/7388/1
f 2851/7389/1 2846/7390/1 2918/7391/1 2810/7392/1
f 2931/7393/3 2932/7394/3 2930/7395/3 2929/7396/3
f 2924/7397/380 2920/7398/380 2916/7399/380 2922/7400/380
f 2810/7401/376 2918/7402/376 2875/7330/376 2876/7329/376
f 2855/7403/2 2851/7404/2 2810/7405/2 2876/7406/2 2869/7407/2 2862/7408/2
f 2932/7409/380 2928/7410/380 2926/7411/380 2930/7412/380
f 3008/7413/101 3007/7414/102 2944/7415/103 2945/7416/104
f 3006/7417/105 3005/7418/106 2942/7419/107 2943/7420/105
f 3004/7421/99 2933/7422/6 2941/7423/100
f 2939/7424/5 3008/7425/101 2945/7426/104
f 3007/7414/102 3006/7417/105 2943/7420/105 2944/7415/103
f 3005/7418/106 3004/7427/99 2941/7428/100 2942/7419/107
f 2939/7424/5 2945/7426/104 2952/7429/111
f 2944/7430/103 2943/7431/108 2950/7432/109 2951/7433/110
f 2942/7434/107 2941/7435/100 2948/7436/112 2949/7437/113
f 2945/7438/104 2944/7430/103 2951/7433/110 2952/7439/111
f 2943/7431/108 2942/7434/107 2949/7437/113 2950/7432/109
f 2941/7423/100 2933/7422/6 2948/7440/112
f 2939/7424/5 2952/7429/111 2959/7441/115
f 2951/7433/110 2950/7432/109 2957/7442/117 2958/7443/114
f 2949/7437/113 2948/7436/112 2955/7444/118 2956/7445/116
f 2952/7439/111 2951/7433/110 2958/7443/114 2959/7446/115
f 2950/7432/109 2949/7437/113 2956/7445/116 2957/7442/117
f 2948/7440/112 2933/7422/6 2955/7447/118
f 2939/7424/5 2959/7441/115 2966/7448/123
f 2958/7443/114 2957/7442/117 2964/7449/121 2965/7450/122
f 2956/7445/116 2955/7444/118 2962/7451/119 2963/7452/120
f 2959/7446/115 2958/7443/114 2965/7450/122 2966/7453/123
f 2957/7442/117 2956/7445/116 2963/7452/120 2964/7449/121
f 2955/7447/118 2933/7422/6 2962/7454/119
f 2965/7455/122 2964/7456/126 2971/7457/126 2972/7458/127
f 2963/7459/120 2962/7460/119 2969/7461/124 2970/7462/125
f 2966/7463/123 2965/7455/122 2972/7458/127 2973/7464/128
f 2964/7456/126 2963/7459/120 2970/7462/125 2971/7457/126
f 2962/7454/119 2933/7422/6 2969/7465/124
f 2939/7424/5 2966/7448/123 2973/7466/128
f 2970/7462/125 2969/7461/124 2976/7467/129 2977/7468/130
f 2973/7464/128 2972/7458/127 2979/7469/132 2980/7470/133
f 2971/7457/131 2970/7462/125 2977/7468/130 2978/7471/131
f 2969/7465/124 2933/7422/6 2976/7472/129
f 2939/7424/5 2973/7466/128 2980/7473/133
f 2972/7458/127 2971/7457/131 2978/7471/131 2979/7469/132
f 2980/7474/133 2979/7475/132 2986/7476/136 2987/7477/137
f 2978/7478/134 2977/7479/130 2984/7480/139 2985/7481/135
f 2976/7472/129 2933/7422/6 2983/7482/138
f 2939/7424/5 2980/7473/133 2987/7483/137
f 2979/7475/132 2978/7478/134 2985/7481/135 2986/7476/136
f 2977/7479/130 2976/7484/129 2983/7485/138 2984/7480/139
f 2987/7477/137 2986/7476/136 2993/7486/144 2994/7487/140
f 2985/7481/135 2984/7480/139 2991/7488/142 2992/7489/143
f 2983/7482/138 2933/7422/6 2990/7490/141
f 2939/7424/5 2987/7483/137 2994/7491/140
f 2986/7476/136 2985/7481/135 2992/7489/143 2993/7486/144
f 2984/7480/139 2983/7485/138 2990/7492/141 2991/7488/142
f 2994/7487/140 2993/7486/144 3000/7493/148 3001/7494/149
f 2992/7489/143 2991/7488/142 2998/7495/146 2999/7496/147
f 2990/7490/141 2933/7422/6 2997/7497/145
f 2939/7424/5 2994/7491/140 3001/7498/149
f 2993/7486/144 2992/7489/143 2999/7496/147 3000/7493/148
f 2991/7488/142 2990/7492/141 2997/7499/145 2998/7495/146
f 3001/7500/149 3000/7501/148 3007/7414/102 3008/7413/101
f 2999/7502/150 2998/7503/146 3005/7418/106 3006/7417/150
f 2997/7497/145 2933/7422/6 3004/7421/99
f 2939/7424/5 3001/7498/149 3008/7425/101
f 3000/7501/148 2999/7502/150 3006/7417/150 3007/7414/102
f 2998/7503/146 2997/7504/145 3004/7427/99 3005/7418/106
f 3059/7505/153 3060/7506/161 2967/7507/157 2968/7508/154
f 3056/7509/159 3055/7510/2 2974/7511/155 2975/7512/160
f 2937/7513/5 3057/7514/151 2981/7515/152
f 3055/7510/2 3059/7505/153 2968/7508/154 2974/7511/155
f 3060/7516/156 2960/7517/6 2967/7518/157
f 3057/7519/158 3056/7509/159 2975/7512/160 2981/7520/152
f 2981/7521/152 2975/7522/160 2946/7523/163 2940/7524/164
f 2967/7518/157 2960/7517/6 2954/7525/165
f 2974/7526/155 2968/7527/154 2953/7528/166 2947/7529/162
f 2937/7513/5 2981/7515/152 2940/7530/164
f 2968/7527/154 2967/7531/157 2954/7532/165 2953/7528/166
f 2975/7522/160 2974/7526/155 2947/7529/162 2946/7523/163
f 2953/7528/166 2954/7532/165 3011/7533/167 3010/7534/170
f 2937/7513/5 2940/7530/164 2936/7535/169
f 2954/7525/165 2960/7517/6 3011/7536/167
f 2940/7524/164 2946/7523/163 2935/7537/168 2936/7538/169
f 2947/7529/3 2953/7528/166 3010/7534/170 2934/7539/3
f 2946/7523/163 2947/7529/3 2934/7539/3 2935/7537/168
f 2935/7537/168 2934/7539/173 3013/7540/174 3014/7541/171
f 2937/7513/5 2936/7535/169 3015/7542/172
f 3010/7534/170 3011/7533/167 3018/7543/175 3017/7544/176
f 2936/7538/169 2935/7537/168 3014/7541/171 3015/7545/172
f 2934/7539/173 3010/7534/170 3017/7544/176 3013/7540/174
f 3011/7536/167 2960/7517/6 3018/7546/175
f 3017/7547/176 3018/7548/175 3025/7549/181 3024/7550/182
f 3014/7551/171 3013/7552/174 3020/7553/4 3021/7554/177
f 2937/7513/5 3015/7542/172 3022/7555/179
f 3018/7546/175 2960/7517/6 3025/7556/180
f 3013/7552/174 3017/7547/176 3024/7550/182 3020/7553/4
f 3015/7557/172 3014/7551/171 3021/7554/177 3022/7558/178
f 3022/7558/178 3021/7554/177 3028/7559/186 3029/7560/187
f 3024/7550/182 3025/7549/181 3032/7561/183 3031/7562/184
f 3021/7554/177 3020/7553/4 3027/7563/185 3028/7559/186
f 2937/7513/5 3022/7555/179 3029/7564/187
f 3025/7556/180 2960/7517/6 3032/7565/183
f 3020/7553/4 3024/7550/182 3031/7562/184 3027/7563/185
f 3031/7566/184 3032/7567/183 3039/7568/192 3038/7569/188
f 3028/7570/186 3027/7571/185 3034/7572/189 3035/7573/190
f 2937/7513/5 3029/7564/187 3036/7574/191
f 3032/7565/183 2960/7517/6 3039/7575/192
f 3027/7571/185 3031/7566/184 3038/7569/188 3034/7572/189
f 3029/7576/187 3028/7570/186 3035/7573/190 3036/7577/191
f 3038/7569/188 3039/7568/192 3046/7578/195 3045/7579/196
f 3035/7573/190 3034/7572/1 3041/7580/1 3042/7581/193
f 2937/7513/5 3036/7574/191 3043/7582/194
f 3039/7575/192 2960/7517/6 3046/7583/195
f 3034/7572/1 3038/7569/188 3045/7579/196 3041/7580/1
f 3036/7577/191 3035/7573/190 3042/7581/193 3043/7584/194
f 3045/7585/196 3046/7583/195 3053/7586/198 3052/7587/199
f 3042/7581/193 3041/7580/200 3048/7588/201 3049/7589/202
f 2937/7513/5 3043/7582/194 3050/7590/197
f 3046/7583/195 2960/7517/6 3053/7586/198
f 3041/7580/200 3045/7579/196 3052/7591/199 3048/7588/201
f 3043/7582/194 3042/7592/193 3049/7593/202 3050/7590/197
f 3052/7594/199 3053/7595/198 3060/7506/161 3059/7505/153
f 3049/7596/202 3048/7597/201 3055/7510/2 3056/7509/159
f 2937/7513/5 3050/7590/197 3057/7514/151
f 3053/7586/198 2960/7517/6 3060/7516/156
f 3048/7597/201 3052/7594/199 3059/7505/153 3055/7510/2
f 3050/7598/197 3049/7596/202 3056/7509/159 3057/7519/158
f 3108/7599/209 3051/7600/203 3026/7601/203 3030/7602/210
f 3051/7600/203 3111/7603/204 3023/7604/205 3026/7601/203
f 3058/7605/206 3012/7606/6 3019/7607/207
f 3111/7603/204 3058/7608/206 3019/7609/207 3023/7604/205
f 3044/7610/208 3108/7599/209 3030/7602/210 3033/7611/211
f 2988/7612/5 3044/7613/208 3033/7614/211
f 3033/7614/211 3030/7615/210 2996/7616/216 2995/7617/212
f 3019/7607/207 3012/7606/6 3009/7618/213
f 2988/7612/5 3033/7614/211 2995/7617/212
f 3023/7619/205 3019/7607/207 3009/7618/213 3003/7620/214
f 3030/7621/210 3026/7622/215 3002/7623/215 2996/7624/216
f 3026/7622/215 3023/7625/205 3003/7626/214 3002/7623/215
f 3003/7626/214 3009/7627/213 3063/7628/219 3062/7629/220
f 2988/7612/5 2995/7617/212 2982/7630/218
f 3002/7623/3 3003/7626/214 3062/7629/220 2938/7631/3
f 3009/7618/213 3012/7606/6 3063/7632/219
f 2995/7633/212 2996/7624/216 2961/7634/217 2982/7635/218
f 2996/7624/216 3002/7623/3 2938/7631/3 2961/7634/217
f 2982/7630/218 2961/7636/217 3066/7637/224 3067/7638/221
f 3063/7632/219 3012/7606/6 3070/7639/225
f 2938/7631/222 3062/7629/220 3069/7640/223 3065/7641/222
f 2988/7612/5 2982/7630/218 3067/7638/221
f 3062/7642/220 3063/7632/219 3070/7639/225 3069/7643/223
f 2961/7634/217 2938/7631/222 3065/7641/222 3066/7644/224
f 3066/7645/224 3065/7646/228 3072/7647/228 3073/7648/226
f 3067/7638/221 3066/7637/224 3073/7649/226 3074/7650/227
f 3065/7646/228 3069/7651/223 3076/7652/229 3072/7647/228
f 3070/7639/225 3012/7606/6 3077/7653/230
f 3069/7643/223 3070/7639/225 3077/7653/230 3076/7654/229
f 2988/7612/5 3067/7638/221 3074/7650/227
f 3072/7647/235 3076/7652/229 3083/7655/234 3079/7656/235
f 3074/7650/227 3073/7649/226 3080/7657/231 3081/7658/232
f 3076/7654/229 3077/7653/230 3084/7659/233 3083/7660/234
f 3073/7648/226 3072/7647/235 3079/7656/235 3080/7661/231
f 2988/7612/5 3074/7650/227 3081/7658/232
f 3077/7653/230 3012/7606/6 3084/7659/233
f 3081/7658/232 3080/7657/231 3087/7662/239 3088/7663/240
f 3083/7660/234 3084/7659/233 3091/7664/236 3090/7665/237
f 3080/7666/231 3079/7667/238 3086/7668/238 3087/7669/239
f 2988/7612/5 3081/7658/232 3088/7663/240
f 3084/7659/233 3012/7606/6 3091/7664/236
f 3079/7667/238 3083/7670/234 3090/7671/237 3086/7668/238
f 3088/7672/240 3087/7669/239 3094/7673/241 3095/7674/242
f 3090/7671/237 3091/7675/236 3098/7676/243 3097/7677/244
f 3087/7669/239 3086/7668/1 3093/7678/1 3094/7673/241
f 2988/7612/5 3088/7663/240 3095/7679/242
f 3091/7664/236 3012/7606/6 3098/7680/243
f 3086/7668/1 3090/7671/237 3097/7677/244 3093/7678/1
f 3095/7679/242 3094/7681/241 3101/7682/249 3102/7683/245
f 3097/7684/244 3098/7680/243 3105/7685/246 3104/7686/248
f 3094/7673/241 3093/7678/247 3100/7687/247 3101/7688/249
f 2988/7612/5 3095/7679/242 3102/7683/245
f 3098/7680/243 3012/7606/6 3105/7685/246
f 3093/7678/247 3097/7677/244 3104/7689/248 3100/7687/247
f 3102/7690/245 3101/7691/249 3108/7599/209 3044/7610/208
f 3104/7692/248 3105/7693/246 3058/7608/206 3111/7603/204
f 3101/7691/249 3100/7694/250 3051/7600/250 3108/7599/209
f 2988/7612/5 3102/7683/245 3044/7613/208
f 3105/7685/246 3012/7606/6 3058/7605/206
f 3100/7694/250 3104/7692/248 3111/7603/204 3051/7600/250
f 3121/7695/251 3122/7696/251 3124/7697/251 3123/7698/251
f 3115/7699/252 3116/7700/252 3118/7701/252 3117/7702/252
f 3110/7703/253 3109/7704/253 3106/7705/253 3107/7706/253
f 3137/7707/254 3138/7708/254 3140/7709/254 3139/7710/254
f 3160/7711/48 3159/7712/45 3165/7713/45 3166/7714/48
f 3107/7715/255 3106/7716/255 3099/7717/255 3103/7718/255
f 3154/7719/42 3153/7720/39 3159/7712/39 3160/7711/42
f 3153/7720/39 3152/7721/40 3158/7722/40 3159/7712/39
f 3103/7718/256 3099/7717/256 3092/7723/256 3096/7724/256
f 3119/7725/257 3120/7726/257 3122/7696/257 3121/7695/257
f 2989/7727/258 3114/7728/258 3116/7700/258 3115/7699/258
f 3096/7724/259 3092/7723/259 3085/7729/259 3089/7730/259
f 3155/7731/44 3154/7719/42 3160/7711/42 3161/7732/44
f 3196/7733/33 3195/7734/34 3153/7735/34 3154/7736/33
f 3089/7737/260 3085/7738/260 3078/7739/260 3082/7740/260
f 3194/7741/35 3112/7742/6 3152/7743/36
f 3136/7744/261 3134/7745/261 3132/7746/261 3146/7747/261 3144/7748/261 3142/7749/261 3140/7750/261 3138/7751/261
f 3082/7740/262 3078/7739/262 3071/7752/262 3075/7753/262
f 3117/7702/263 3118/7701/263 3120/7754/263 3119/7755/263
f 3037/7756/264 3016/7757/264 3114/7758/264 2989/7759/264
f 3075/7760/265 3071/7761/265 3064/7762/265 3068/7763/265
f 3133/7764/266 3134/7765/266 3136/7766/266 3135/7767/266
f 3135/7767/267 3136/7766/267 3138/7768/267 3137/7769/267
f 3068/7763/268 3064/7762/268 3054/7770/268 3061/7771/268
f 3106/7772/261 3109/7773/261 3040/7774/261 3054/7775/261 3064/7776/261 3071/7777/261 3078/7778/261 3085/7779/261 3092/7780/261 3099/7781/261
f 3141/7782/269 3142/7783/269 3144/7784/269 3143/7785/269
f 3061/7771/270 3054/7770/270 3040/7786/270 3047/7787/270
f 3161/7732/50 3160/7711/48 3166/7714/48 3167/7788/50
f 3139/7710/271 3140/7709/271 3142/7789/271 3141/7790/271
f 3047/7791/272 3040/7792/272 3109/7704/272 3110/7703/272
f 3110/7793/273 3107/7794/273 3103/7795/273 3096/7796/273 3089/7797/273 3082/7798/273 3075/7799/273 3068/7800/273 3061/7801/273 3047/7802/273
f 3131/7803/274 3132/7804/274 3134/7805/274 3133/7806/274
f 3123/7807/275 3124/7808/275 3126/7809/275 3125/7810/275
f 3197/7811/37 3196/7733/33 3154/7736/33 3155/7812/37
f 3152/7743/36 3112/7742/6 3158/7813/43
f 3125/7810/276 3126/7809/276 3128/7814/276 3127/7815/276
f 3118/7816/261 3116/7817/261 3114/7818/261 3016/7819/261 3130/7820/261 3128/7821/261 3126/7822/261 3124/7823/261 3122/7824/261 3120/7825/261
f 3150/7826/5 3161/7827/41 3167/7828/47
f 3127/7815/277 3128/7814/277 3130/7829/277 3129/7830/277
f 3195/7734/34 3194/7831/38 3152/7832/38 3153/7735/34
f 3158/7813/43 3112/7742/6 3164/7833/49
f 3129/7834/278 3130/7835/278 3016/7757/278 3037/7756/278
f 3123/7836/273 3125/7837/273 3127/7838/273 3129/7839/273 3037/7840/273 2989/7841/273 3115/7842/273 3117/7843/273 3119/7844/273 3121/7845/273
f 3150/7826/5 3197/7846/31 3155/7847/32
f 3143/7785/279 3144/7784/279 3146/7848/279 3145/7849/279
f 3159/7712/45 3158/7722/46 3164/7850/46 3165/7713/45
f 3150/7826/5 3155/7847/32 3161/7827/41
f 3145/7851/280 3146/7852/280 3132/7804/280 3131/7803/280
f 3135/7853/273 3137/7854/273 3139/7855/273 3141/7856/273 3143/7857/273 3145/7858/273 3131/7859/273 3133/7860/273
f 3164/7833/49 3112/7742/6 3170/7861/55
f 3166/7862/54 3165/7863/51 3171/7864/51 3172/7865/54
f 3165/7863/51 3164/7866/52 3170/7867/52 3171/7864/51
f 3150/7826/5 3167/7828/47 3173/7868/53
f 3167/7869/56 3166/7862/54 3172/7865/54 3173/7870/56
f 3170/7861/55 3112/7742/6 3176/7871/61
f 3172/7865/60 3171/7864/57 3177/7872/57 3178/7873/60
f 3171/7864/57 3170/7867/58 3176/7874/58 3177/7872/57
f 3150/7826/5 3173/7868/53 3179/7875/59
f 3173/7870/62 3172/7865/60 3178/7873/60 3179/7876/62
f 3176/7871/61 3112/7742/6 3182/7877/67
f 3178/7878/66 3177/7879/63 3183/7880/63 3184/7881/66
f 3177/7879/63 3176/7882/64 3182/7883/64 3183/7880/63
f 3150/7826/5 3179/7875/59 3185/7884/65
f 3179/7885/68 3178/7878/66 3184/7881/66 3185/7886/68
f 3182/7877/67 3112/7742/6 3188/7887/73
f 3184/7881/72 3183/7880/69 3189/7888/69 3190/7889/72
f 3183/7880/69 3182/7883/70 3188/7890/70 3189/7888/69
f 3150/7826/5 3185/7884/65 3191/7891/71
f 3185/7886/74 3184/7881/72 3190/7889/72 3191/7892/74
f 3188/7887/73 3112/7742/6 3194/7741/35
f 3190/7893/77 3189/7894/75 3195/7734/75 3196/7733/77
f 3189/7894/75 3188/7895/76 3194/7831/76 3195/7734/75
f 3150/7826/5 3191/7891/71 3197/7846/31
f 3191/7896/78 3190/7893/77 3196/7733/77 3197/7811/78
f 3187/7897/284 3192/7898/284 3175/7899/284 3180/7900/284
f 3192/7898/283 3193/7901/283 3174/7902/283 3175/7899/283
f 3151/7903/5 3187/7904/281 3180/7905/282
f 3193/7906/285 3113/7907/6 3174/7908/286
f 3175/7909/381 3174/7910/381 3163/7911/381 3162/7912/381
f 3180/7913/382 3175/7909/382 3162/7912/382 3157/7914/382
f 3174/7908/286 3113/7907/6 3163/7915/287
f 3151/7903/5 3180/7905/282 3157/7916/290
f 3162/7917/293 3163/7918/293 3147/7919/293 3148/7920/293
f 3163/7915/287 3113/7907/6 3147/7921/292
f 3157/7922/383 3162/7917/383 3148/7920/383 3149/7923/383
f 3151/7903/5 3157/7916/290 3149/7924/294
f 3151/7903/5 3149/7924/294 3202/7925/297
f 3147/7921/292 3113/7907/6 3200/7926/296
f 3149/7923/384 3148/7920/384 3201/7927/384 3202/7928/384
f 3148/7920/385 3147/7919/385 3200/7929/385 3201/7927/385
f 3151/7903/5 3202/7925/297 3207/7930/302
f 3202/7931/386 3201/7932/386 3206/7933/386 3207/7934/386
f 3200/7926/296 3113/7907/6 3205/7935/300
f 3201/7932/387 3200/7936/387 3205/7937/387 3206/7933/387
f 3206/7938/388 3205/7939/388 3193/7901/388 3192/7898/388
f 3151/7903/5 3207/7930/302 3187/7904/281
f 3205/7935/300 3113/7907/6 3193/7906/285
f 3207/7940/389 3206/7938/389 3192/7898/389 3187/7897/389
f 3212/7941/314 3156/7942/6 3169/7943/307
f 3210/7944/310 3271/7945/305 3181/7946/308 3186/7947/310
f 3208/7948/315 3273/7949/309 3198/7950/311 3199/7951/313
f 3271/7945/305 3212/7952/306 3169/7953/307 3181/7946/308
f 3273/7949/309 3210/7944/310 3186/7947/310 3198/7950/311
f 3203/7954/5 3208/7955/312 3199/7956/313
f 3181/7957/308 3169/7958/307 3214/7959/319 3215/7960/320
f 3203/7954/5 3199/7956/313 3218/7961/321
f 3198/7962/311 3186/7963/316 3216/7964/317 3217/7965/318
f 3169/7943/307 3156/7942/6 3214/7966/319
f 3199/7967/313 3198/7962/311 3217/7965/318 3218/7968/321
f 3186/7963/316 3181/7957/308 3215/7960/320 3216/7964/317
f 3218/7968/321 3217/7965/318 3224/7969/326 3225/7970/322
f 3217/7965/318 3216/7964/317 3223/7971/324 3224/7969/326
f 3216/7964/317 3215/7960/320 3222/7972/323 3223/7971/324
f 3214/7966/319 3156/7942/6 3221/7973/325
f 3215/7960/320 3214/7959/319 3221/7974/325 3222/7972/323
f 3203/7954/5 3218/7961/321 3225/7975/322
f 3221/7973/325 3156/7942/6 3228/7976/390
f 3223/7971/324 3222/7972/323 3229/7977/328 3230/7978/329
f 3225/7970/322 3224/7969/326 3231/7979/330 3232/7980/331
f 3222/7972/323 3221/7974/325 3228/7981/390 3229/7977/328
f 3224/7969/326 3223/7971/324 3230/7978/329 3231/7979/330
f 3203/7954/5 3225/7975/322 3232/7982/331
f 3230/7983/334 3229/7984/328 3236/7985/333 3237/7986/334
f 3232/7987/331 3231/7988/330 3238/7989/335 3239/7990/338
f 3229/7984/328 3228/7991/390 3235/7992/332 3236/7985/333
f 3231/7988/330 3230/7983/334 3237/7986/334 3238/7989/335
f 3203/7954/5 3232/7982/331 3239/7993/336
f 3228/7976/390 3156/7942/6 3235/7994/337
f 3239/7990/347 3238/7989/343 3245/7995/345 3246/7996/346
f 3236/7985/339 3235/7992/340 3242/7997/341 3243/7998/342
f 3238/7989/343 3237/7986/344 3244/7999/344 3245/7995/345
f 3203/7954/5 3239/7993/336 3246/8000/346
f 3235/7994/337 3156/7942/6 3242/8001/341
f 3237/7986/344 3236/7985/339 3243/7998/342 3244/7999/344
f 3243/8002/342 3242/8003/341 3249/8004/352 3250/8005/353
f 3245/8006/345 3244/8007/348 3251/8008/349 3252/8009/350
f 3203/7954/5 3246/8000/346 3253/8010/351
f 3242/8001/341 3156/7942/6 3249/8011/352
f 3244/8007/348 3243/8002/342 3250/8005/353 3251/8008/349
f 3246/8012/346 3245/8006/345 3252/8009/350 3253/8013/351
f 3250/8005/353 3249/8004/352 3256/8014/355 3257/8015/356
f 3252/8009/350 3251/8008/349 3258/8016/357 3259/8017/358
f 3203/7954/5 3253/8010/351 3260/8018/354
f 3249/8011/352 3156/7942/6 3256/8019/355
f 3251/8008/349 3250/8005/353 3257/8015/356 3258/8016/357
f 3253/8013/351 3252/8009/350 3259/8017/358 3260/8020/354
f 3257/8015/356 3256/8014/355 3263/8021/359 3264/8022/360
f 3259/8017/358 3258/8016/357 3265/8023/361 3266/8024/362
f 3203/7954/5 3260/8018/354 3267/8025/363
f 3256/8019/355 3156/7942/6 3263/8026/359
f 3258/8016/357 3257/8015/356 3264/8022/360 3265/8023/361
f 3260/8020/354 3259/8017/358 3266/8024/362 3267/8027/363
f 3264/8028/360 3263/8029/359 3212/7952/368 3271/7945/365
f 3266/8030/362 3265/8031/364 3210/7944/364 3273/7949/366
f 3203/7954/5 3267/8025/363 3208/7955/312
f 3263/8026/359 3156/7942/6 3212/7941/314
f 3265/8031/364 3264/8028/360 3271/7945/365 3210/7944/364
f 3267/8032/363 3266/8030/362 3273/7949/366 3208/7948/367
f 3280/8033/5 3285/8034/32 3291/8035/41
f 3325/8036/34 3323/8037/38 3281/8038/38 3283/8039/34
f 3272/8040/369 3270/8041/369 3268/8042/369 3269/8043/369
f 3280/8033/5 3327/8044/31 3285/8034/32
f 3289/8045/45 3287/8046/46 3293/8047/46 3295/8048/45
f 3269/8049/3 3268/8050/3 3261/8051/3 3262/8052/3
f 3323/8053/35 3275/8054/6 3281/8055/36
f 3234/8056/370 3233/8057/370 3226/8058/370 3227/8059/370
f 3262/8060/371 3261/8061/371 3254/8062/371 3255/8063/371
f 3285/8064/44 3284/8065/42 3290/8066/42 3291/8067/44
f 3326/8068/33 3325/8036/34 3283/8039/34 3284/8069/33
f 3255/8063/372 3254/8062/372 3247/8070/372 3248/8071/372
f 3268/8072/6 3270/8073/6 3240/8074/6 3247/8075/6 3254/8076/6 3261/8077/6
f 3284/8065/42 3283/8078/39 3289/8045/39 3290/8066/42
f 3248/8079/1 3247/8080/1 3240/8081/1 3241/8082/1
f 3220/8083/373 3219/8084/373 3211/8085/373 3213/8086/373
f 3227/8087/3 3226/8088/3 3219/8089/3 3220/8090/3
f 3241/8091/374 3240/8092/374 3270/8041/374 3272/8040/374
f 3272/8093/5 3269/8094/5 3262/8095/5 3255/8096/5 3248/8097/5 3241/8098/5
f 3213/8086/375 3211/8085/375 3204/8099/375 3209/8100/375
f 3219/8101/4 3226/8102/4 3233/8103/4 3276/8104/4 3204/8105/4 3211/8106/4
f 3327/8107/37 3326/8068/33 3284/8069/33 3285/8108/37
f 3209/8109/1 3204/8110/1 3276/8111/1 3168/8112/1
f 3283/8078/39 3281/8113/40 3287/8046/40 3289/8045/39
f 3281/8055/36 3275/8054/6 3287/8114/43
f 3168/8115/376 3276/8116/376 3233/8057/376 3234/8056/376
f 3213/8117/2 3209/8118/2 3168/8119/2 3234/8120/2 3227/8121/2 3220/8122/2
f 3291/8067/50 3290/8066/48 3296/8123/48 3297/8124/50
f 3290/8066/48 3289/8045/45 3295/8048/45 3296/8123/48
f 3287/8114/43 3275/8054/6 3293/8125/49
f 3280/8033/5 3291/8035/41 3297/8126/47
f 3297/8127/56 3296/8128/54 3302/8129/54 3303/8130/56
f 3296/8128/54 3295/8131/51 3301/8132/51 3302/8129/54
f 3293/8125/49 3275/8054/6 3299/8133/55
f 3280/8033/5 3297/8126/47 3303/8134/53
f 3295/8131/51 3293/8135/52 3299/8136/52 3301/8132/51
f 3303/8130/62 3302/8129/60 3308/8137/60 3309/8138/62
f 3302/8129/60 3301/8132/57 3307/8139/57 3308/8137/60
f 3299/8133/55 3275/8054/6 3305/8140/61
f 3280/8033/5 3303/8134/53 3309/8141/59
f 3301/8132/57 3299/8136/58 3305/8142/58 3307/8139/57
f 3309/8143/68 3308/8144/66 3314/8145/66 3315/8146/68
f 3308/8144/66 3307/8147/63 3313/8148/63 3314/8145/66
f 3305/8140/61 3275/8054/6 3311/8149/67
f 3280/8033/5 3309/8141/59 3315/8150/65
f 3307/8147/63 3305/8151/64 3311/8152/64 3313/8148/63
f 3315/8146/74 3314/8145/72 3320/8153/72 3321/8154/74
f 3314/8145/72 3313/8148/69 3319/8155/69 3320/8153/72
f 3311/8149/67 3275/8054/6 3317/8156/73
f 3280/8033/5 3315/8150/65 3321/8157/71
f 3313/8148/69 3311/8152/70 3317/8158/70 3319/8155/69
f 3321/8159/78 3320/8160/77 3326/8068/77 3327/8107/78
f 3320/8160/77 3319/8161/75 3325/8036/75 3326/8068/77
f 3317/8156/73 3275/8054/6 3323/8053/35
f 3280/8033/5 3321/8157/71 3327/8044/31
f 3319/8161/75 3317/8162/76 3323/8037/76 3325/8036/75
f 3324/8163/285 3274/8164/6 3304/8165/286
f 3318/8166/284 3322/8167/284 3306/8168/284 3310/8169/284
f 3282/8170/5 3318/8171/281 3310/8172/282
f 3322/8167/283 3324/8173/283 3304/8174/283 3306/8168/283
f 3282/8170/5 3310/8172/282 3288/8175/290
f 3306/8176/381 3304/8177/381 3294/8178/381 3292/8179/381
f 3304/8165/286 3274/8164/6 3294/8180/287
f 3310/8181/382 3306/8176/382 3292/8179/382 3288/8182/382
f 3282/8170/5 3288/8175/290 3279/8183/294
f 3292/8184/293 3294/8185/293 3277/8186/293 3278/8187/293
f 3288/8188/383 3292/8184/383 3278/8187/383 3279/8189/383
f 3294/8180/287 3274/8164/6 3277/8190/292
f 3278/8187/385 3277/8186/385 3330/8191/385 3331/8192/385
f 3277/8190/292 3274/8164/6 3330/8193/296
f 3282/8170/5 3279/8183/294 3332/8194/297
f 3279/8189/384 3278/8187/384 3331/8192/384 3332/8195/384
f 3332/8196/386 3331/8197/386 3336/8198/386 3337/8199/386
f 3331/8197/387 3330/8200/387 3335/8201/387 3336/8198/387
f 3282/8170/5 3332/8194/297 3337/8202/302
f 3330/8193/296 3274/8164/6 3335/8203/300
f 3336/8204/388 3335/8205/388 3324/8173/388 3322/8167/388
f 3282/8170/5 3337/8202/302 3318/8171/281
f 3335/8203/300 3274/8164/6 3324/8163/285
f 3337/8206/389 3336/8204/389 3322/8167/389 3318/8166/389
f 3342/8207/314 3286/8208/6 3300/8209/307
f 3340/8210/310 3401/8211/305 3312/8212/308 3316/8213/310
f 3338/8214/315 3403/8215/309 3328/8216/311 3329/8217/313
f 3401/8211/305 3342/8218/306 3300/8219/307 3312/8212/308
f 3403/8215/309 3340/8210/310 3316/8213/310 3328/8216/311
f 3333/8220/5 3338/8221/312 3329/8222/313
f 3329/8223/313 3328/8224/311 3347/8225/318 3348/8226/321
f 3316/8227/316 3312/8228/308 3345/8229/320 3346/8230/317
f 3333/8220/5 3329/8222/313 3348/8231/321
f 3328/8224/311 3316/8227/316 3346/8230/317 3347/8225/318
f 3312/8228/308 3300/8232/307 3344/8233/319 3345/8229/320
f 3300/8209/307 3286/8208/6 3344/8234/319
f 3348/8226/321 3347/8225/318 3354/8235/326 3355/8236/322
f 3344/8234/319 3286/8208/6 3351/8237/325
f 3347/8225/318 3346/8230/317 3353/8238/324 3354/8235/326
f 3345/8229/320 3344/8233/319 3351/8239/325 3352/8240/323
f 3333/8220/5 3348/8231/321 3355/8241/322
f 3346/8230/317 3345/8229/320 3352/8240/323 3353/8238/324
f 3351/8237/325 3286/8208/6 3358/8242/390
f 3353/8238/324 3352/8240/323 3359/8243/328 3360/8244/329
f 3355/8236/322 3354/8235/326 3361/8245/330 3362/8246/331
f 3352/8240/323 3351/8239/325 3358/8247/390 3359/8243/328
f 3354/8235/326 3353/8238/324 3360/8244/329 3361/8245/330
f 3333/8220/5 3355/8241/322 3362/8248/331
f 3358/8242/390 3286/8208/6 3365/8249/337
f 3360/8250/334 3359/8251/328 3366/8252/333 3367/8253/334
f 3362/8254/331 3361/8255/330 3368/8256/335 3369/8257/338
f 3359/8251/328 3358/8258/390 3365/8259/332 3366/8252/333
f 3361/8255/330 3360/8250/334 3367/8253/334 3368/8256/335
f 3333/8220/5 3362/8248/331 3369/8260/336
f 3365/8249/337 3286/8208/6 3372/8261/341
f 3367/8253/344 3366/8252/339 3373/8262/342 3374/8263/344
f 3369/8257/347 3368/8256/343 3375/8264/345 3376/8265/346
f 3366/8252/339 3365/8259/340 3372/8266/341 3373/8262/342
f 3368/8256/343 3367/8253/344 3374/8263/344 3375/8264/345
f 3333/8220/5 3369/8260/336 3376/8267/346
f 3374/8268/348 3373/8269/342 3380/8270/353 3381/8271/349
f 3376/8272/346 3375/8273/345 3382/8274/350 3383/8275/351
f 3373/8269/342 3372/8276/341 3379/8277/352 3380/8270/353
f 3375/8273/345 3374/8268/348 3381/8271/349 3382/8274/350
f 3333/8220/5 3376/8267/346 3383/8278/351
f 3372/8261/341 3286/8208/6 3379/8279/352
f 3383/8275/351 3382/8274/350 3389/8280/358 3390/8281/354
f 3380/8270/353 3379/8277/352 3386/8282/355 3387/8283/356
f 3382/8274/350 3381/8271/349 3388/8284/357 3389/8280/358
f 3333/8220/5 3383/8278/351 3390/8285/354
f 3379/8279/352 3286/8208/6 3386/8286/355
f 3381/8271/349 3380/8270/353 3387/8283/356 3388/8284/357
f 3387/8283/356 3386/8282/355 3393/8287/359 3394/8288/360
f 3389/8280/358 3388/8284/357 3395/8289/361 3396/8290/362
f 3333/8220/5 3390/8285/354 3397/8291/363
f 3386/8286/355 3286/8208/6 3393/8292/359
f 3388/8284/357 3387/8283/356 3394/8288/360 3395/8289/361
f 3390/8281/354 3389/8280/358 3396/8290/362 3397/8293/363
f 3394/8294/360 3393/8295/359 3342/8218/368 3401/8211/365
f 3396/8296/362 3395/8297/364 3340/8210/364 3403/8215/366
f 3333/8220/5 3397/8291/363 3338/8221/312
f 3393/8292/359 3286/8208/6 3342/8207/314
f 3395/8297/364 3394/8294/360 3401/8211/365 3340/8210/364
f 3397/8298/363 3396/8296/362 3403/8215/366 3338/8214/367
f 3413/8299/1 3414/8300/1 3416/8301/1 3415/8302/1
f 3409/8303/377 3410/8304/377 3404/8305/377 3405/8306/377
f 3402/8307/369 3400/8308/369 3398/8309/369 3399/8310/369
f 3407/8311/378 3408/8312/378 3412/8313/378 3411/8314/378
f 3415/8315/379 3419/8316/379 3417/8317/379 3413/8318/379
f 3399/8319/3 3398/8320/3 3391/8321/3 3392/8322/3
f 3411/8323/3 3412/8324/3 3410/8325/3 3409/8326/3
f 3364/8327/370 3363/8328/370 3356/8329/370 3357/8330/370
f 3392/8331/371 3391/8332/371 3384/8333/371 3385/8334/371
f 3415/8335/378 3416/8336/378 3420/8337/378 3419/8338/378
f 3407/8339/379 3411/8340/379 3409/8341/379 3405/8342/379
f 3385/8334/372 3384/8333/372 3377/8343/372 3378/8344/372
f 3398/8345/6 3400/8346/6 3370/8347/6 3377/8348/6 3384/8349/6 3391/8350/6
f 3417/8351/377 3418/8352/377 3414/8353/377 3413/8354/377
f 3378/8355/1 3377/8356/1 3370/8357/1 3371/8358/1
f 3350/8359/373 3349/8360/373 3341/8361/373 3343/8362/373
f 3357/8363/3 3356/8364/3 3349/8365/3 3350/8366/3
f 3371/8367/374 3370/8368/374 3400/8308/374 3402/8307/374
f 3402/8369/5 3399/8370/5 3392/8371/5 3385/8372/5 3378/8373/5 3371/8374/5
f 3343/8362/375 3341/8361/375 3334/8375/375 3339/8376/375
f 3349/8377/4 3356/8378/4 3363/8379/4 3406/8380/4 3334/8381/4 3341/8382/4
f 3405/8383/1 3404/8384/1 3408/8385/1 3407/8386/1
f 3339/8387/1 3334/8388/1 3406/8389/1 3298/8390/1
f 3419/8391/3 3420/8392/3 3418/8393/3 3417/8394/3
f 3412/8395/380 3408/8396/380 3404/8397/380 3410/8398/380
f 3298/8399/376 3406/8400/376 3363/8328/376 3364/8327/376
f 3343/8401/2 3339/8402/2 3298/8403/2 3364/8404/2 3357/8405/2 3350/8406/2
f 3420/8407/380 3416/8408/380 3414/8409/380 3418/8410/380
f 3455/8411/391 3456/8412/391 3460/8413/391 3459/8414/391
f 3445/8415/392 3446/8416/392 3448/8417/392 3447/8418/392
f 3423/8419/393 3424/8420/393 3426/8421/393 3425/8422/393
f 3459/8423/394 3460/8424/394 3458/8425/394 3457/8426/394
f 3444/8427/6 3440/8428/6 3421/8429/6 3442/8430/6
f 3425/8431/395 3426/8432/395 3428/8433/395 3427/8434/395
f 3452/8435/6 3448/8436/6 3446/8437/6 3450/8438/6
f 3439/8439/5 3443/8440/5 3441/8441/5 3422/8442/5
f 3427/8434/396 3428/8433/396 3430/8443/396 3429/8444/396
f 3447/8445/5 3451/8446/5 3449/8447/5 3445/8448/5
f 3441/8449/4 3442/8450/4 3421/8451/4 3422/8452/4
f 3429/8453/397 3430/8454/397 3432/8455/397 3431/8456/397
f 3449/8457/398 3450/8458/398 3446/8459/398 3445/8460/398
f 3443/8461/3 3444/8462/3 3442/8463/3 3441/8464/3
f 3431/8456/399 3432/8455/399 3434/8465/399 3433/8466/399
f 3451/8467/394 3452/8468/394 3450/8469/394 3449/8470/394
f 3439/8471/2 3440/8472/2 3444/8473/2 3443/8474/2
f 3433/8475/400 3434/8476/400 3436/8477/400 3435/8478/400
f 3426/8479/6 3424/8480/6 3438/8481/6 3436/8482/6 3434/8483/6 3432/8484/6 3430/8485/6 3428/8486/6
f 3422/8487/1 3421/8488/1 3440/8489/1 3439/8490/1
f 3435/8478/401 3436/8477/401 3438/8491/401 3437/8492/401
f 3453/8493/392 3454/8494/392 3456/8495/392 3455/8496/392
f 3447/8497/391 3448/8498/391 3452/8499/391 3451/8500/391
f 3437/8501/402 3438/8502/402 3424/8420/402 3423/8419/402
f 3423/8503/5 3425/8504/5 3427/8505/5 3429/8506/5 3431/8507/5 3433/8508/5 3435/8509/5 3437/8510/5
f 3457/8511/398 3458/8512/398 3454/8513/398 3453/8514/398
f 3455/8515/5 3459/8516/5 3457/8517/5 3453/8518/5
f 3460/8519/6 3456/8520/6 3454/8521/6 3458/8522/6
f 3461/8523/392 3462/8524/392 3464/8525/392 3463/8526/392
f 3463/8527/391 3464/8528/391 3468/8529/391 3467/8530/391
f 3467/8531/394 3468/8532/394 3466/8533/394 3465/8534/394
f 3465/8535/398 3466/8536/398 3462/8537/398 3461/8538/398
f 3463/8539/5 3467/8540/5 3465/8541/5 3461/8542/5
f 3468/8543/6 3464/8544/6 3462/8545/6 3466/8546/6
f 3474/8547/5 3473/8548/31 3479/8549/32
f 3472/8550/33 3471/8551/34 3477/8552/34 3478/8553/33
f 3470/8554/35 3469/8555/6 3476/8556/36
f 3473/8557/37 3472/8550/33 3478/8553/33 3479/8558/37
f 3471/8551/34 3470/8559/38 3476/8560/38 3477/8552/34
f 3479/8561/44 3478/8562/42 3484/8563/42 3485/8564/44
f 3477/8565/39 3476/8566/40 3482/8567/40 3483/8568/39
f 3474/8547/5 3479/8549/32 3485/8569/41
f 3478/8562/42 3477/8565/39 3483/8568/39 3484/8563/42
f 3476/8556/36 3469/8555/6 3482/8570/43
f 3485/8564/50 3484/8563/48 3490/8571/48 3491/8572/50
f 3483/8568/45 3482/8567/46 3488/8573/46 3489/8574/45
f 3474/8547/5 3485/8569/41 3491/8575/47
f 3484/8563/48 3483/8568/45 3489/8574/45 3490/8571/48
f 3482/8570/43 3469/8555/6 3488/8576/49
f 3491/8577/56 3490/8578/54 3496/8579/54 3497/8580/56
f 3489/8581/51 3488/8582/52 3494/8583/52 3495/8584/51
f 3474/8547/5 3491/8575/47 3497/8585/53
f 3490/8578/54 3489/8581/51 3495/8584/51 3496/8579/54
f 3488/8576/49 3469/8555/6 3494/8586/55
f 3497/8580/62 3496/8579/60 3502/8587/60 3503/8588/62
f 3495/8584/57 3494/8583/58 3500/8589/58 3501/8590/57
f 3474/8547/5 3497/8585/53 3503/8591/59
f 3496/8579/60 3495/8584/57 3501/8590/57 3502/8587/60
f 3494/8586/55 3469/8555/6 3500/8592/61
f 3503/8593/68 3502/8594/66 3508/8595/66 3509/8596/68
f 3501/8597/63 3500/8598/64 3506/8599/64 3507/8600/63
f 3474/8547/5 3503/8591/59 3509/8601/65
f 3502/8594/66 3501/8597/63 3507/8600/63 3508/8595/66
f 3500/8592/61 3469/8555/6 3506/8602/67
f 3509/8596/74 3508/8595/72 3514/8603/72 3515/8604/74
f 3507/8600/69 3506/8599/70 3512/8605/70 3513/8606/69
f 3474/8547/5 3509/8601/65 3515/8607/71
f 3508/8595/72 3507/8600/69 3513/8606/69 3514/8603/72
f 3506/8602/67 3469/8555/6 3512/8608/73
f 3515/8609/78 3514/8610/77 3472/8550/77 3473/8557/78
f 3513/8611/75 3512/8612/76 3470/8559/76 3471/8551/75
f 3474/8547/5 3515/8607/71 3473/8548/31
f 3514/8610/77 3513/8611/75 3471/8551/75 3472/8550/77
f 3512/8608/73 3469/8555/6 3470/8554/35
f 3521/8613/35 3498/8614/6 3504/8615/36
f 3519/8616/33 3520/8617/34 3505/8618/34 3510/8619/33
f 3480/8620/5 3518/8621/31 3511/8622/32
f 3520/8617/34 3521/8623/38 3504/8624/38 3505/8618/34
f 3518/8625/37 3519/8616/33 3510/8619/33 3511/8626/37
f 3510/8627/42 3505/8628/39 3492/8629/39 3487/8630/42
f 3504/8615/36 3498/8614/6 3493/8631/43
f 3511/8632/44 3510/8627/42 3487/8630/42 3486/8633/44
f 3505/8628/39 3504/8634/40 3493/8635/40 3492/8629/39
f 3480/8620/5 3511/8622/32 3486/8636/41
f 3486/8633/50 3487/8630/48 3523/8637/48 3475/8638/50
f 3492/8629/45 3493/8635/46 3525/8639/46 3524/8640/45
f 3487/8630/48 3492/8629/45 3524/8640/45 3523/8637/48
f 3493/8631/43 3498/8614/6 3525/8641/49
f 3480/8620/5 3486/8636/41 3475/8642/47
f 3480/8620/5 3475/8642/47 3527/8643/53
f 3525/8641/49 3498/8614/6 3531/8644/55
f 3523/8645/54 3524/8646/51 3530/8647/51 3529/8648/54
f 3524/8646/51 3525/8649/52 3531/8650/52 3530/8647/51
f 3475/8651/56 3523/8645/54 3529/8648/54 3527/8652/56
f 3480/8620/5 3527/8643/53 3533/8653/59
f 3529/8648/60 3530/8647/57 3536/8654/57 3535/8655/60
f 3531/8644/55 3498/8614/6 3537/8656/61
f 3527/8652/62 3529/8648/60 3535/8655/60 3533/8657/62
f 3530/8647/57 3531/8650/58 3537/8658/58 3536/8654/57
f 3480/8620/5 3533/8653/59 3539/8659/65
f 3535/8660/66 3536/8661/63 3542/8662/63 3541/8663/66
f 3537/8656/61 3498/8614/6 3543/8664/67
f 3533/8665/68 3535/8660/66 3541/8663/66 3539/8666/68
f 3536/8661/63 3537/8667/64 3543/8668/64 3542/8662/63
f 3480/8620/5 3539/8659/65 3545/8669/71
f 3541/8663/72 3542/8662/69 3548/8670/69 3547/8671/72
f 3543/8664/67 3498/8614/6 3549/8672/73
f 3539/8666/74 3541/8663/72 3547/8671/72 3545/8673/74
f 3542/8662/69 3543/8668/70 3549/8674/70 3548/8670/69
f 3480/8620/5 3545/8669/71 3518/8621/31
f 3547/8675/77 3548/8676/75 3520/8617/75 3519/8616/77
f 3549/8672/73 3498/8614/6 3521/8613/35
f 3545/8677/78 3547/8675/77 3519/8616/77 3518/8625/78
f 3548/8676/75 3549/8678/76 3521/8623/76 3520/8617/75
f 3553/8679/33 3554/8680/34 3540/8681/34 3544/8682/33
f 3499/8683/5 3552/8684/31 3546/8685/32
f 3554/8680/34 3555/8686/38 3538/8687/38 3540/8681/34
f 3552/8688/37 3553/8679/33 3544/8682/33 3546/8689/37
f 3555/8690/35 3532/8691/6 3538/8692/36
f 3546/8693/44 3544/8694/42 3522/8695/42 3517/8696/44
f 3540/8697/39 3538/8698/40 3528/8699/40 3526/8700/39
f 3499/8683/5 3546/8685/32 3517/8701/41
f 3544/8694/42 3540/8697/39 3526/8700/39 3522/8695/42
f 3538/8692/36 3532/8691/6 3528/8702/43
f 3526/8700/45 3528/8699/46 3559/8703/46 3558/8704/45
f 3522/8695/48 3526/8700/45 3558/8704/45 3557/8705/48
f 3528/8702/43 3532/8691/6 3559/8706/49
f 3499/8683/5 3517/8701/41 3481/8707/47
f 3517/8696/50 3522/8695/48 3557/8705/48 3481/8708/50
f 3557/8709/54 3558/8710/51 3564/8711/51 3563/8712/54
f 3558/8710/51 3559/8713/52 3565/8714/52 3564/8711/51
f 3499/8683/5 3481/8707/47 3561/8715/53
f 3559/8706/49 3532/8691/6 3565/8716/55
f 3481/8717/56 3557/8709/54 3563/8712/54 3561/8718/56
f 3563/8712/60 3564/8711/57 3570/8719/57 3569/8720/60
f 3561/8718/62 3563/8712/60 3569/8720/60 3567/8721/62
f 3564/8711/57 3565/8714/58 3571/8722/58 3570/8719/57
f 3565/8716/55 3532/8691/6 3571/8723/61
f 3499/8683/5 3561/8715/53 3567/8724/59
f 3569/8725/66 3570/8726/63 3576/8727/63 3575/8728/66
f 3571/8723/61 3532/8691/6 3577/8729/67
f 3567/8730/68 3569/8725/66 3575/8728/66 3573/8731/68
f 3570/8726/63 3571/8732/64 3577/8733/64 3576/8727/63
f 3499/8683/5 3567/8724/59 3573/8734/65
f 3575/8728/72 3576/8727/69 3582/8735/69 3581/8736/72
f 3577/8729/67 3532/8691/6 3583/8737/73
f 3573/8731/74 3575/8728/72 3581/8736/72 3579/8738/74
f 3576/8727/69 3577/8733/70 3583/8739/70 3582/8735/69
f 3499/8683/5 3573/8734/65 3579/8740/71
f 3581/8741/77 3582/8742/75 3554/8680/75 3553/8679/77
f 3583/8737/73 3532/8691/6 3555/8690/35
f 3579/8743/78 3581/8741/77 3553/8679/77 3552/8688/78
f 3582/8742/75 3583/8744/76 3555/8686/76 3554/8680/75
f 3499/8683/5 3579/8740/71 3552/8684/31
f 3588/8745/34 3589/8746/38 3572/8747/38 3574/8748/34
f 3586/8749/37 3587/8750/33 3578/8751/33 3580/8752/37
f 3589/8753/35 3566/8754/6 3572/8755/36
f 3587/8750/33 3588/8745/34 3574/8748/34 3578/8751/33
f 3534/8756/5 3586/8757/31 3580/8758/32
f 3574/8759/39 3572/8760/40 3562/8761/40 3560/8762/39
f 3534/8756/5 3580/8758/32 3551/8763/41
f 3578/8764/42 3574/8759/39 3560/8762/39 3556/8765/42
f 3572/8755/36 3566/8754/6 3562/8766/43
f 3580/8767/44 3578/8764/42 3556/8765/42 3551/8768/44
f 3556/8765/48 3560/8762/45 3592/8769/45 3591/8770/48
f 3534/8756/5 3551/8763/41 3516/8771/47
f 3551/8768/50 3556/8765/48 3591/8770/48 3516/8772/50
f 3562/8766/43 3566/8754/6 3593/8773/49
f 3560/8762/45 3562/8761/46 3593/8774/46 3592/8769/45
f 3534/8756/5 3516/8771/47 3595/8775/53
f 3592/8776/51 3593/8777/52 3599/8778/52 3598/8779/51
f 3516/8780/56 3591/8781/54 3597/8782/54 3595/8783/56
f 3591/8781/54 3592/8776/51 3598/8779/51 3597/8782/54
f 3593/8773/49 3566/8754/6 3599/8784/55
f 3595/8783/62 3597/8782/60 3603/8785/60 3601/8786/62
f 3598/8779/57 3599/8778/58 3605/8787/58 3604/8788/57
f 3534/8756/5 3595/8775/53 3601/8789/59
f 3599/8784/55 3566/8754/6 3605/8790/61
f 3597/8782/60 3598/8779/57 3604/8788/57 3603/8785/60
f 3601/8791/68 3603/8792/66 3609/8793/66 3607/8794/68
f 3604/8795/63 3605/8796/64 3611/8797/64 3610/8798/63
f 3534/8756/5 3601/8789/59 3607/8799/65
f 3603/8792/66 3604/8795/63 3610/8798/63 3609/8793/66
f 3605/8790/61 3566/8754/6 3611/8800/67
f 3607/8794/74 3609/8793/72 3615/8801/72 3613/8802/74
f 3610/8798/69 3611/8797/70 3617/8803/70 3616/8804/69
f 3534/8756/5 3607/8799/65 3613/8805/71
f 3609/8793/72 3610/8798/69 3616/8804/69 3615/8801/72
f 3611/8800/67 3566/8754/6 3617/8806/73
f 3613/8807/78 3615/8808/77 3587/8750/77 3586/8749/78
f 3616/8809/75 3617/8810/76 3589/8746/76 3588/8745/75
f 3534/8756/5 3613/8805/71 3586/8757/31
f 3615/8808/77 3616/8809/75 3588/8745/75 3587/8750/77
f 3617/8806/73 3566/8754/6 3589/8753/35
f 3620/8811/37 3621/8812/33 3612/8813/33 3614/8814/37
f 3623/8815/35 3600/8816/6 3606/8817/36
f 3621/8812/33 3622/8818/34 3608/8819/34 3612/8813/33
f 3568/8820/5 3620/8821/31 3614/8822/32
f 3622/8818/34 3623/8823/38 3606/8824/38 3608/8819/34
f 3568/8820/5 3614/8822/32 3585/8825/41
f 3612/8826/42 3608/8827/39 3594/8828/39 3590/8829/42
f 3606/8817/36 3600/8816/6 3596/8830/43
f 3614/8831/44 3612/8826/42 3590/8829/42 3585/8832/44
f 3608/8827/39 3606/8833/40 3596/8834/40 3594/8828/39
f 3585/8832/50 3590/8829/48 3625/8835/48 3550/8836/50
f 3594/8828/45 3596/8834/46 3627/8837/46 3626/8838/45
f 3590/8829/48 3594/8828/45 3626/8838/45 3625/8835/48
f 3596/8830/43 3600/8816/6 3627/8839/49
f 3568/8820/5 3585/8825/41 3550/8840/47
f 3626/8841/51 3627/8842/52 3633/8843/52 3632/8844/51
f 3550/8845/56 3625/8846/54 3631/8847/54 3629/8848/56
f 3625/8846/54 3626/8841/51 3632/8844/51 3631/8847/54
f 3627/8839/49 3600/8816/6 3633/8849/55
f 3568/8820/5 3550/8840/47 3629/8850/53
f 3632/8844/57 3633/8843/58 3639/8851/58 3638/8852/57
f 3568/8820/5 3629/8850/53 3635/8853/59
f 3631/8847/60 3632/8844/57 3638/8852/57 3637/8854/60
f 3633/8849/55 3600/8816/6 3639/8855/61
f 3629/8848/62 3631/8847/60 3637/8854/60 3635/8856/62
f 3638/8857/63 3639/8858/64 3645/8859/64 3644/8860/63
f 3568/8820/5 3635/8853/59 3641/8861/65
f 3637/8862/66 3638/8857/63 3644/8860/63 3643/8863/66
f 3639/8855/61 3600/8816/6 3645/8864/67
f 3635/8865/68 3637/8862/66 3643/8863/66 3641/8866/68
f 3644/8860/69 3645/8859/70 3651/8867/70 3650/8868/69
f 3568/8820/5 3641/8861/65 3647/8869/71
f 3643/8863/72 3644/8860/69 3650/8868/69 3649/8870/72
f 3645/8864/67 3600/8816/6 3651/8871/73
f 3641/8866/74 3643/8863/72 3649/8870/72 3647/8872/74
f 3650/8873/75 3651/8874/76 3623/8823/76 3622/8818/75
f 3568/8820/5 3647/8869/71 3620/8821/31
f 3649/8875/77 3650/8873/75 3622/8818/75 3621/8812/77
f 3651/8871/73 3600/8816/6 3623/8815/35
f 3647/8876/78 3649/8875/77 3621/8812/77 3620/8811/78
f 3658/8877/403 3657/8878/403 3655/8879/403 3656/8880/403
f 3656/8881/404 3655/8882/404 3648/8883/404 3652/8884/404
f 3652/8885/405 3648/8886/405 3653/8887/405 3654/8888/405
f 3654/8889/406 3653/8890/406 3657/8891/406 3658/8892/406
f 3656/8893/5 3652/8894/5 3654/8895/5 3658/8896/5
f 3648/8897/6 3655/8898/6 3657/8899/6 3653/8900/6
f 3646/8901/403 3642/8902/403 3636/8903/403 3640/8904/403
f 3640/8905/404 3636/8906/404 3624/8907/404 3628/8908/404
f 3628/8909/405 3624/8910/405 3630/8911/405 3634/8912/405
f 3634/8913/406 3630/8914/406 3642/8915/406 3646/8916/406
f 3640/8917/5 3628/8918/5 3634/8919/5 3646/8920/5
f 3624/8921/6 3636/8922/6 3642/8923/6 3630/8924/6
f 3619/8925/403 3618/8926/403 3584/8927/403 3602/8928/403
f 3602/8929/404 3584/8930/404 3662/8931/404 3661/8932/404
f 3661/8933/405 3662/8934/405 3660/8935/405 3659/8936/405
f 3659/8937/406 3660/8938/406 3618/8939/406 3619/8940/406
f 3602/8941/5 3661/8942/5 3659/8943/5 3619/8944/5
f 3662/8945/6 3584/8946/6 3618/8947/6 3660/8948/6
f 3668/8949/5 3667/8950/31 3673/8951/32
f 3664/8952/35 3663/8953/6 3670/8954/36
f 3666/8955/33 3665/8956/34 3671/8957/34 3672/8958/33
f 3667/8959/37 3666/8955/33 3672/8958/33 3673/8960/37
f 3665/8956/34 3664/8961/38 3670/8962/38 3671/8957/34
f 3673/8963/44 3672/8964/42 3678/8965/42 3679/8966/44
f 3671/8967/39 3670/8968/40 3676/8969/40 3677/8970/39
f 3668/8949/5 3673/8951/32 3679/8971/41
f 3670/8954/36 3663/8953/6 3676/8972/43
f 3672/8964/42 3671/8967/39 3677/8970/39 3678/8965/42
f 3677/8970/45 3676/8969/46 3682/8973/46 3683/8974/45
f 3679/8966/50 3678/8965/48 3684/8975/48 3685/8976/50
f 3676/8972/43 3663/8953/6 3682/8977/49
f 3678/8965/48 3677/8970/45 3683/8974/45 3684/8975/48
f 3668/8949/5 3679/8971/41 3685/8978/47
f 3684/8979/54 3683/8980/51 3689/8981/51 3690/8982/54
f 3685/8983/56 3684/8979/54 3690/8982/54 3691/8984/56
f 3683/8980/51 3682/8985/52 3688/8986/52 3689/8981/51
f 3668/8949/5 3685/8978/47 3691/8987/53
f 3682/8977/49 3663/8953/6 3688/8988/55
f 3690/8982/60 3689/8981/57 3695/8989/57 3696/8990/60
f 3691/8984/62 3690/8982/60 3696/8990/60 3697/8991/62
f 3689/8981/57 3688/8986/58 3694/8992/58 3695/8989/57
f 3668/8949/5 3691/8987/53 3697/8993/59
f 3688/8988/55 3663/8953/6 3694/8994/61
f 3696/8995/66 3695/8996/63 3701/8997/63 3702/8998/66
f 3697/8999/68 3696/8995/66 3702/8998/66 3703/9000/68
f 3695/8996/63 3694/9001/64 3700/9002/64 3701/8997/63
f 3668/8949/5 3697/8993/59 3703/9003/65
f 3694/8994/61 3663/8953/6 3700/9004/67
f 3702/8998/72 3701/8997/69 3707/9005/69 3708/9006/72
f 3703/9000/74 3702/8998/72 3708/9006/72 3709/9007/74
f 3701/8997/69 3700/9002/70 3706/9008/70 3707/9005/69
f 3668/8949/5 3703/9003/65 3709/9009/71
f 3700/9004/67 3663/8953/6 3706/9010/73
f 3708/9011/77 3707/9012/75 3665/8956/75 3666/8955/77
f 3709/9013/78 3708/9011/77 3666/8955/77 3667/8959/78
f 3707/9012/75 3706/9014/76 3664/8961/76 3665/8956/75
f 3668/8949/5 3709/9009/71 3667/8950/31
f 3706/9010/73 3663/8953/6 3664/8952/35
f 3714/9015/34 3715/9016/38 3698/9017/38 3699/9018/34
f 3712/9019/37 3713/9020/33 3704/9021/33 3705/9022/37
f 3715/9023/35 3692/9024/6 3698/9025/36
f 3713/9020/33 3714/9015/34 3699/9018/34 3704/9021/33
f 3674/9026/5 3712/9027/31 3705/9028/32
f 3674/9026/5 3705/9028/32 3680/9029/41
f 3704/9030/42 3699/9031/39 3686/9032/39 3681/9033/42
f 3698/9025/36 3692/9024/6 3687/9034/43
f 3705/9035/44 3704/9030/42 3681/9033/42 3680/9036/44
f 3699/9031/39 3698/9037/40 3687/9038/40 3686/9032/39
f 3687/9034/43 3692/9024/6 3719/9039/49
f 3674/9026/5 3680/9029/41 3669/9040/47
f 3680/9036/50 3681/9033/48 3717/9041/48 3669/9042/50
f 3686/9032/45 3687/9038/46 3719/9043/46 3718/9044/45
f 3681/9033/48 3686/9032/45 3718/9044/45 3717/9041/48
f 3669/9045/56 3717/9046/54 3723/9047/54 3721/9048/56
f 3674/9026/5 3669/9040/47 3721/9049/53
f 3719/9039/49 3692/9024/6 3725/9050/55
f 3717/9046/54 3718/9051/51 3724/9052/51 3723/9047/54
f 3718/9051/51 3719/9053/52 3725/9054/52 3724/9052/51
f 3721/9048/62 3723/9047/60 3729/9055/60 3727/9056/62
f 3724/9052/57 3725/9054/58 3731/9057/58 3730/9058/57
f 3674/9026/5 3721/9049/53 3727/9059/59
f 3725/9050/55 3692/9024/6 3731/9060/61
f 3723/9047/60 3724/9052/57 3730/9058/57 3729/9055/60
f 3727/9061/68 3729/9062/66 3735/9063/66 3733/9064/68
f 3730/9065/63 3731/9066/64 3737/9067/64 3736/9068/63
f 3674/9026/5 3727/9059/59 3733/9069/65
f 3729/9062/66 3730/9065/63 3736/9068/63 3735/9063/66
f 3731/9060/61 3692/9024/6 3737/9070/67
f 3733/9064/74 3735/9063/72 3741/9071/72 3739/9072/74
f 3736/9068/69 3737/9067/70 3743/9073/70 3742/9074/69
f 3674/9026/5 3733/9069/65 3739/9075/71
f 3735/9063/72 3736/9068/69 3742/9074/69 3741/9071/72
f 3737/9070/67 3692/9024/6 3743/9076/73
f 3739/9077/78 3741/9078/77 3713/9020/77 3712/9019/78
f 3742/9079/75 3743/9080/76 3715/9016/76 3714/9015/75
f 3674/9026/5 3739/9075/71 3712/9027/31
f 3741/9078/77 3742/9079/75 3714/9015/75 3713/9020/77
f 3743/9076/73 3692/9024/6 3715/9023/35
f 3749/9081/35 3726/9082/6 3732/9083/36
f 3747/9084/33 3748/9085/34 3734/9086/34 3738/9087/33
f 3693/9088/5 3746/9089/31 3740/9090/32
f 3748/9085/34 3749/9091/38 3732/9092/38 3734/9086/34
f 3746/9093/37 3747/9084/33 3738/9087/33 3740/9094/37
f 3693/9088/5 3740/9090/32 3711/9095/41
f 3738/9096/42 3734/9097/39 3720/9098/39 3716/9099/42
f 3732/9083/36 3726/9082/6 3722/9100/43
f 3740/9101/44 3738/9096/42 3716/9099/42 3711/9102/44
f 3734/9097/39 3732/9103/40 3722/9104/40 3720/9098/39
f 3711/9102/50 3716/9099/48 3751/9105/48 3675/9106/50
f 3720/9098/45 3722/9104/46 3753/9107/46 3752/9108/45
f 3716/9099/48 3720/9098/45 3752/9108/45 3751/9105/48
f 3722/9100/43 3726/9082/6 3753/9109/49
f 3693/9088/5 3711/9095/41 3675/9110/47
f 3675/9111/56 3751/9112/54 3757/9113/54 3755/9114/56
f 3751/9112/54 3752/9115/51 3758/9116/51 3757/9113/54
f 3753/9109/49 3726/9082/6 3759/9117/55
f 3693/9088/5 3675/9110/47 3755/9118/53
f 3752/9115/51 3753/9119/52 3759/9120/52 3758/9116/51
f 3693/9088/5 3755/9118/53 3761/9121/59
f 3757/9113/60 3758/9116/57 3764/9122/57 3763/9123/60
f 3759/9117/55 3726/9082/6 3765/9124/61
f 3755/9114/62 3757/9113/60 3763/9123/60 3761/9125/62
f 3758/9116/57 3759/9120/58 3765/9126/58 3764/9122/57
f 3693/9088/5 3761/9121/59 3767/9127/65
f 3763/9128/66 3764/9129/63 3770/9130/63 3769/9131/66
f 3765/9124/61 3726/9082/6 3771/9132/67
f 3761/9133/68 3763/9128/66 3769/9131/66 3767/9134/68
f 3764/9129/63 3765/9135/64 3771/9136/64 3770/9130/63
f 3693/9088/5 3767/9127/65 3773/9137/71
f 3769/9131/72 3770/9130/69 3776/9138/69 3775/9139/72
f 3771/9132/67 3726/9082/6 3777/9140/73
f 3767/9134/74 3769/9131/72 3775/9139/72 3773/9141/74
f 3770/9130/69 3771/9136/70 3777/9142/70 3776/9138/69
f 3693/9088/5 3773/9137/71 3746/9089/31
f 3775/9143/77 3776/9144/75 3748/9085/75 3747/9084/77
f 3777/9140/73 3726/9082/6 3749/9081/35
f 3773/9145/78 3775/9143/77 3747/9084/77 3746/9093/78
f 3776/9144/75 3777/9146/76 3749/9091/76 3748/9085/75
f 3783/9147/35 3760/9148/6 3766/9149/36
f 3781/9150/33 3782/9151/34 3768/9152/34 3772/9153/33
f 3728/9154/5 3780/9155/31 3774/9156/32
f 3782/9151/34 3783/9157/38 3766/9158/38 3768/9152/34
f 3780/9159/37 3781/9150/33 3772/9153/33 3774/9160/37
f 3774/9161/44 3772/9162/42 3750/9163/42 3745/9164/44
f 3768/9165/39 3766/9166/40 3756/9167/40 3754/9168/39
f 3728/9154/5 3774/9156/32 3745/9169/41
f 3772/9162/42 3768/9165/39 3754/9168/39 3750/9163/42
f 3766/9149/36 3760/9148/6 3756/9170/43
f 3745/9164/50 3750/9163/48 3785/9171/48 3710/9172/50
f 3754/9168/45 3756/9167/46 3787/9173/46 3786/9174/45
f 3750/9163/48 3754/9168/45 3786/9174/45 3785/9171/48
f 3756/9170/43 3760/9148/6 3787/9175/49
f 3728/9154/5 3745/9169/41 3710/9176/47
f 3710/9177/56 3785/9178/54 3791/9179/54 3789/9180/56
f 3785/9178/54 3786/9181/51 3792/9182/51 3791/9179/54
f 3786/9181/51 3787/9183/52 3793/9184/52 3792/9182/51
f 3728/9154/5 3710/9176/47 3789/9185/53
f 3787/9175/49 3760/9148/6 3793/9186/55
f 3728/9154/5 3789/9185/53 3795/9187/59
f 3791/9179/60 3792/9182/57 3798/9188/57 3797/9189/60
f 3793/9186/55 3760/9148/6 3799/9190/61
f 3789/9180/62 3791/9179/60 3797/9189/60 3795/9191/62
f 3792/9182/57 3793/9184/58 3799/9192/58 3798/9188/57
f 3728/9154/5 3795/9187/59 3801/9193/65
f 3797/9194/66 3798/9195/63 3804/9196/63 3803/9197/66
f 3799/9190/61 3760/9148/6 3805/9198/67
f 3795/9199/68 3797/9194/66 3803/9197/66 3801/9200/68
f 3798/9195/63 3799/9201/64 3805/9202/64 3804/9196/63
f 3728/9154/5 3801/9193/65 3807/9203/71
f 3803/9197/72 3804/9196/69 3810/9204/69 3809/9205/72
f 3805/9198/67 3760/9148/6 3811/9206/73
f 3801/9200/74 3803/9197/72 3809/9205/72 3807/9207/74
f 3804/9196/69 3805/9202/70 3811/9208/70 3810/9204/69
f 3728/9154/5 3807/9203/71 3780/9155/31
f 3809/9209/77 3810/9210/75 3782/9151/75 3781/9150/77
f 3811/9206/73 3760/9148/6 3783/9147/35
f 3807/9211/78 3809/9209/77 3781/9150/77 3780/9159/78
f 3810/9210/75 3811/9212/76 3783/9157/76 3782/9151/75
f 3816/9213/34 3817/9214/38 3800/9215/38 3802/9216/34
f 3814/9217/37 3815/9218/33 3806/9219/33 3808/9220/37
f 3817/9221/35 3794/9222/6 3800/9223/36
f 3815/9218/33 3816/9213/34 3802/9216/34 3806/9219/33
f 3762/9224/5 3814/9225/31 3808/9226/32
f 3808/9227/44 3806/9228/42 3784/9229/42 3779/9230/44
f 3802/9231/39 3800/9232/40 3790/9233/40 3788/9234/39
f 3762/9224/5 3808/9226/32 3779/9235/41
f 3806/9228/42 3802/9231/39 3788/9234/39 3784/9229/42
f 3800/9223/36 3794/9222/6 3790/9236/43
f 3788/9234/45 3790/9233/46 3821/9237/46 3820/9238/45
f 3784/9229/48 3788/9234/45 3820/9238/45 3819/9239/48
f 3790/9236/43 3794/9222/6 3821/9240/49
f 3762/9224/5 3779/9235/41 3744/9241/47
f 3779/9230/50 3784/9229/48 3819/9239/48 3744/9242/50
f 3820/9243/51 3821/9244/52 3827/9245/52 3826/9246/51
f 3762/9224/5 3744/9241/47 3823/9247/53
f 3821/9240/49 3794/9222/6 3827/9248/55
f 3744/9249/56 3819/9250/54 3825/9251/54 3823/9252/56
f 3819/9250/54 3820/9243/51 3826/9246/51 3825/9251/54
f 3823/9252/62 3825/9251/60 3831/9253/60 3829/9254/62
f 3826/9246/57 3827/9245/58 3833/9255/58 3832/9256/57
f 3827/9248/55 3794/9222/6 3833/9257/61
f 3762/9224/5 3823/9247/53 3829/9258/59
f 3825/9251/60 3826/9246/57 3832/9256/57 3831/9253/60
f 3829/9259/68 3831/9260/66 3837/9261/66 3835/9262/68
f 3832/9263/63 3833/9264/64 3839/9265/64 3838/9266/63
f 3762/9224/5 3829/9258/59 3835/9267/65
f 3831/9260/66 3832/9263/63 3838/9266/63 3837/9261/66
f 3833/9257/61 3794/9222/6 3839/9268/67
f 3835/9262/74 3837/9261/72 3843/9269/72 3841/9270/74
f 3838/9266/69 3839/9265/70 3845/9271/70 3844/9272/69
f 3762/9224/5 3835/9267/65 3841/9273/71
f 3837/9261/72 3838/9266/69 3844/9272/69 3843/9269/72
f 3839/9268/67 3794/9222/6 3845/9274/73
f 3841/9275/78 3843/9276/77 3815/9218/77 3814/9217/78
f 3844/9277/75 3845/9278/76 3817/9214/76 3816/9213/75
f 3762/9224/5 3841/9273/71 3814/9225/31
f 3843/9276/77 3844/9277/75 3816/9213/75 3815/9218/77
f 3845/9274/73 3794/9222/6 3817/9221/35
f 3852/9279/407 3851/9280/407 3849/9281/407 3850/9282/407
f 3850/9283/408 3849/9284/408 3842/9285/408 3846/9286/408
f 3846/9287/409 3842/9288/409 3847/9289/409 3848/9290/409
f 3848/9291/410 3847/9292/410 3851/9293/410 3852/9294/410
f 3850/9295/5 3846/9296/5 3848/9297/5 3852/9298/5
f 3842/9299/6 3849/9300/6 3851/9301/6 3847/9302/6
f 3840/9303/407 3836/9304/407 3830/9305/407 3834/9306/407
f 3834/9307/408 3830/9308/408 3818/9309/408 3822/9310/408
f 3822/9311/409 3818/9312/409 3824/9313/409 3828/9314/409
f 3828/9315/410 3824/9316/410 3836/9317/410 3840/9318/410
f 3834/9319/5 3822/9320/5 3828/9321/5 3840/9322/5
f 3818/9323/6 3830/9324/6 3836/9325/6 3824/9326/6
f 3813/9327/407 3812/9328/407 3778/9329/407 3796/9330/407
f 3796/9331/408 3778/9332/408 3856/9333/408 3855/9334/408
f 3855/9335/409 3856/9336/409 3854/9337/409 3853/9338/409
f 3853/9339/410 3854/9340/410 3812/9341/410 3813/9342/410
f 3796/9343/5 3855/9344/5 3853/9345/5 3813/9346/5
f 3856/9347/6 3778/9348/6 3812/9349/6 3854/9350/6
f 3861/9351/37 3860/9352/33 3866/9353/33 3867/9354/37
f 3862/9355/5 3861/9356/31 3867/9357/32
f 3860/9352/33 3859/9358/34 3865/9359/34 3866/9353/33
f 3858/9360/35 3857/9361/6 3864/9362/36
f 3859/9358/34 3858/9363/38 3864/9364/38 3865/9359/34
f 3866/9365/42 3865/9366/39 3871/9367/39 3872/9368/42
f 3867/9369/44 3866/9365/42 3872/9368/42 3873/9370/44
f 3865/9366/39 3864/9371/40 3870/9372/40 3871/9367/39
f 3862/9355/5 3867/9357/32 3873/9373/41
f 3864/9362/36 3857/9361/6 3870/9374/43
f 3872/9368/48 3871/9367/45 3877/9375/45 3878/9376/48
f 3873/9370/50 3872/9368/48 3878/9376/48 3879/9377/50
f 3871/9367/45 3870/9372/46 3876/9378/46 3877/9375/45
f 3862/9355/5 3873/9373/41 3879/9379/47
f 3870/9374/43 3857/9361/6 3876/9380/49
f 3878/9381/54 3877/9382/51 3883/9383/51 3884/9384/54
f 3879/9385/56 3878/9381/54 3884/9384/54 3885/9386/56
f 3877/9382/51 3876/9387/52 3882/9388/52 3883/9383/51
f 3862/9355/5 3879/9379/47 3885/9389/53
f 3876/9380/49 3857/9361/6 3882/9390/55
f 3884/9384/60 3883/9383/57 3889/9391/57 3890/9392/60
f 3885/9386/62 3884/9384/60 3890/9392/60 3891/9393/62
f 3883/9383/57 3882/9388/58 3888/9394/58 3889/9391/57
f 3862/9355/5 3885/9389/53 3891/9395/59
f 3882/9390/55 3857/9361/6 3888/9396/61
f 3890/9397/66 3889/9398/63 3895/9399/63 3896/9400/66
f 3891/9401/68 3890/9397/66 3896/9400/66 3897/9402/68
f 3889/9398/63 3888/9403/64 3894/9404/64 3895/9399/63
f 3862/9355/5 3891/9395/59 3897/9405/65
f 3888/9396/61 3857/9361/6 3894/9406/67
f 3896/9400/72 3895/9399/69 3901/9407/69 3902/9408/72
f 3897/9402/74 3896/9400/72 3902/9408/72 3903/9409/74
f 3895/9399/69 3894/9404/70 3900/9410/70 3901/9407/69
f 3862/9355/5 3897/9405/65 3903/9411/71
f 3894/9406/67 3857/9361/6 3900/9412/73
f 3902/9413/77 3901/9414/75 3859/9358/75 3860/9352/77
f 3903/9415/78 3902/9413/77 3860/9352/77 3861/9351/78
f 3901/9414/75 3900/9416/76 3858/9363/76 3859/9358/75
f 3862/9355/5 3903/9411/71 3861/9356/31
f 3900/9412/73 3857/9361/6 3858/9360/35
f 3908/9417/34 3909/9418/38 3892/9419/38 3893/9420/34
f 3906/9421/37 3907/9422/33 3898/9423/33 3899/9424/37
f 3909/9425/35 3886/9426/6 3892/9427/36
f 3907/9422/33 3908/9417/34 3893/9420/34 3898/9423/33
f 3868/9428/5 3906/9429/31 3899/9430/32
f 3868/9428/5 3899/9430/32 3874/9431/41
f 3898/9432/42 3893/9433/39 3880/9434/39 3875/9435/42
f 3892/9427/36 3886/9426/6 3881/9436/43
f 3899/9437/44 3898/9432/42 3875/9435/42 3874/9438/44
f 3893/9433/39 3892/9439/40 3881/9440/40 3880/9434/39
f 3881/9436/43 3886/9426/6 3913/9441/49
f 3868/9428/5 3874/9431/41 3863/9442/47
f 3874/9438/50 3875/9435/48 3911/9443/48 3863/9444/50
f 3880/9434/45 3881/9440/46 3913/9445/46 3912/9446/45
f 3875/9435/48 3880/9434/45 3912/9446/45 3911/9443/48
f 3863/9447/56 3911/9448/54 3917/9449/54 3915/9450/56
f 3868/9428/5 3863/9442/47 3915/9451/53
f 3913/9441/49 3886/9426/6 3919/9452/55
f 3911/9448/54 3912/9453/51 3918/9454/51 3917/9449/54
f 3912/9453/51 3913/9455/52 3919/9456/52 3918/9454/51
f 3915/9450/62 3917/9449/60 3923/9457/60 3921/9458/62
f 3918/9454/57 3919/9456/58 3925/9459/58 3924/9460/57
f 3868/9428/5 3915/9451/53 3921/9461/59
f 3917/9449/60 3918/9454/57 3924/9460/57 3923/9457/60
f 3919/9452/55 3886/9426/6 3925/9462/61
f 3921/9463/68 3923/9464/66 3929/9465/66 3927/9466/68
f 3924/9467/63 3925/9468/64 3931/9469/64 3930/9470/63
f 3868/9428/5 3921/9461/59 3927/9471/65
f 3923/9464/66 3924/9467/63 3930/9470/63 3929/9465/66
f 3925/9462/61 3886/9426/6 3931/9472/67
f 3927/9466/74 3929/9465/72 3935/9473/72 3933/9474/74
f 3930/9470/69 3931/9469/70 3937/9475/70 3936/9476/69
f 3868/9428/5 3927/9471/65 3933/9477/71
f 3929/9465/72 3930/9470/69 3936/9476/69 3935/9473/72
f 3931/9472/67 3886/9426/6 3937/9478/73
f 3933/9479/78 3935/9480/77 3907/9422/77 3906/9421/78
f 3936/9481/75 3937/9482/76 3909/9418/76 3908/9417/75
f 3868/9428/5 3933/9477/71 3906/9429/31
f 3935/9480/77 3936/9481/75 3908/9417/75 3907/9422/77
f 3937/9478/73 3886/9426/6 3909/9425/35
f 3943/9483/35 3920/9484/6 3926/9485/36
f 3941/9486/33 3942/9487/34 3928/9488/34 3932/9489/33
f 3887/9490/5 3940/9491/31 3934/9492/32
f 3942/9487/34 3943/9493/38 3926/9494/38 3928/9488/34
f 3940/9495/37 3941/9486/33 3932/9489/33 3934/9496/37
f 3887/9490/5 3934/9492/32 3905/9497/41
f 3932/9498/42 3928/9499/39 3914/9500/39 3910/9501/42
f 3926/9485/36 3920/9484/6 3916/9502/43
f 3934/9503/44 3932/9498/42 3910/9501/42 3905/9504/44
f 3928/9499/39 3926/9505/40 3916/9506/40 3914/9500/39
f 3905/9504/50 3910/9501/48 3945/9507/48 3869/9508/50
f 3914/9500/45 3916/9506/46 3947/9509/46 3946/9510/45
f 3910/9501/48 3914/9500/45 3946/9510/45 3945/9507/48
f 3916/9502/43 3920/9484/6 3947/9511/49
f 3887/9490/5 3905/9497/41 3869/9512/47
f 3869/9513/56 3945/9514/54 3951/9515/54 3949/9516/56
f 3945/9514/54 3946/9517/51 3952/9518/51 3951/9515/54
f 3947/9511/49 3920/9484/6 3953/9519/55
f 3887/9490/5 3869/9512/47 3949/9520/53
f 3946/9517/51 3947/9521/52 3953/9522/52 3952/9518/51
f 3887/9490/5 3949/9520/53 3955/9523/59
f 3951/9515/60 3952/9518/57 3958/9524/57 3957/9525/60
f 3949/9516/62 3951/9515/60 3957/9525/60 3955/9526/62
f 3953/9519/55 3920/9484/6 3959/9527/61
f 3952/9518/57 3953/9522/58 3959/9528/58 3958/9524/57
f 3887/9490/5 3955/9523/59 3961/9529/65
f 3957/9530/66 3958/9531/63 3964/9532/63 3963/9533/66
f 3959/9527/61 3920/9484/6 3965/9534/67
f 3955/9535/68 3957/9530/66 3963/9533/66 3961/9536/68
f 3958/9531/63 3959/9537/64 3965/9538/64 3964/9532/63
f 3887/9490/5 3961/9529/65 3967/9539/71
f 3963/9533/72 3964/9532/69 3970/9540/69 3969/9541/72
f 3965/9534/67 3920/9484/6 3971/9542/73
f 3961/9536/74 3963/9533/72 3969/9541/72 3967/9543/74
f 3964/9532/69 3965/9538/70 3971/9544/70 3970/9540/69
f 3887/9490/5 3967/9539/71 3940/9491/31
f 3969/9545/77 3970/9546/75 3942/9487/75 3941/9486/77
f 3971/9542/73 3920/9484/6 3943/9483/35
f 3967/9547/78 3969/9545/77 3941/9486/77 3940/9495/78
f 3970/9546/75 3971/9548/76 3943/9493/76 3942/9487/75
f 3977/9549/35 3954/9550/6 3960/9551/36
f 3975/9552/33 3976/9553/34 3962/9554/34 3966/9555/33
f 3922/9556/5 3974/9557/31 3968/9558/32
f 3976/9553/34 3977/9559/38 3960/9560/38 3962/9554/34
f 3974/9561/37 3975/9552/33 3966/9555/33 3968/9562/37
f 3968/9563/44 3966/9564/42 3944/9565/42 3939/9566/44
f 3962/9567/39 3960/9568/40 3950/9569/40 3948/9570/39
f 3922/9556/5 3968/9558/32 3939/9571/41
f 3966/9564/42 3962/9567/39 3948/9570/39 3944/9565/42
f 3960/9551/36 3954/9550/6 3950/9572/43
f 3939/9566/50 3944/9565/48 3979/9573/48 3904/9574/50
f 3948/9570/45 3950/9569/46 3981/9575/46 3980/9576/45
f 3944/9565/48 3948/9570/45 3980/9576/45 3979/9573/48
f 3950/9572/43 3954/9550/6 3981/9577/49
f 3922/9556/5 3939/9571/41 3904/9578/47
f 3904/9579/56 3979/9580/54 3985/9581/54 3983/9582/56
f 3979/9580/54 3980/9583/51 3986/9584/51 3985/9581/54
f 3980/9583/51 3981/9585/52 3987/9586/52 3986/9584/51
f 3922/9556/5 3904/9578/47 3983/9587/53
f 3981/9577/49 3954/9550/6 3987/9588/55
f 3922/9556/5 3983/9587/53 3989/9589/59
f 3985/9581/60 3986/9584/57 3992/9590/57 3991/9591/60
f 3983/9582/62 3985/9581/60 3991/9591/60 3989/9592/62
f 3986/9584/57 3987/9586/58 3993/9593/58 3992/9590/57
f 3987/9588/55 3954/9550/6 3993/9594/61
f 3922/9556/5 3989/9589/59 3995/9595/65
f 3991/9596/66 3992/9597/63 3998/9598/63 3997/9599/66
f 3993/9594/61 3954/9550/6 3999/9600/67
f 3989/9601/68 3991/9596/66 3997/9599/66 3995/9602/68
f 3992/9597/63 3993/9603/64 3999/9604/64 3998/9598/63
f 3922/9556/5 3995/9595/65 4001/9605/71
f 3997/9599/72 3998/9598/69 4004/9606/69 4003/9607/72
f 3999/9600/67 3954/9550/6 4005/9608/73
f 3995/9602/74 3997/9599/72 4003/9607/72 4001/9609/74
f 3998/9598/69 3999/9604/70 4005/9610/70 4004/9606/69
f 3922/9556/5 4001/9605/71 3974/9557/31
f 4003/9611/77 4004/9612/75 3976/9553/75 3975/9552/77
f 4005/9608/73 3954/9550/6 3977/9549/35
f 4001/9613/78 4003/9611/77 3975/9552/77 3974/9561/78
f 4004/9612/75 4005/9614/76 3977/9559/76 3976/9553/75
f 4010/9615/34 4011/9616/38 3994/9617/38 3996/9618/34
f 4008/9619/37 4009/9620/33 4000/9621/33 4002/9622/37
f 4011/9623/35 3988/9624/6 3994/9625/36
f 4009/9620/33 4010/9615/34 3996/9618/34 4000/9621/33
f 3956/9626/5 4008/9627/31 4002/9628/32
f 4002/9629/44 4000/9630/42 3978/9631/42 3973/9632/44
f 3996/9633/39 3994/9634/40 3984/9635/40 3982/9636/39
f 3956/9626/5 4002/9628/32 3973/9637/41
f 4000/9630/42 3996/9633/39 3982/9636/39 3978/9631/42
f 3994/9625/36 3988/9624/6 3984/9638/43
f 3982/9636/45 3984/9635/46 4015/9639/46 4014/9640/45
f 3978/9631/48 3982/9636/45 4014/9640/45 4013/9641/48
f 3984/9638/43 3988/9624/6 4015/9642/49
f 3956/9626/5 3973/9637/41 3938/9643/47
f 3973/9632/50 3978/9631/48 4013/9641/48 3938/9644/50
f 4014/9645/51 4015/9646/52 4021/9647/52 4020/9648/51
f 3956/9626/5 3938/9643/47 4017/9649/53
f 4015/9642/49 3988/9624/6 4021/9650/55
f 3938/9651/56 4013/9652/54 4019/9653/54 4017/9654/56
f 4013/9652/54 4014/9645/51 4020/9648/51 4019/9653/54
f 4017/9654/62 4019/9653/60 4025/9655/60 4023/9656/62
f 4020/9648/57 4021/9647/58 4027/9657/58 4026/9658/57
f 3956/9626/5 4017/9649/53 4023/9659/59
f 4019/9653/60 4020/9648/57 4026/9658/57 4025/9655/60
f 4021/9650/55 3988/9624/6 4027/9660/61
f 4023/9661/68 4025/9662/66 4031/9663/66 4029/9664/68
f 4026/9665/63 4027/9666/64 4033/9667/64 4032/9668/63
f 3956/9626/5 4023/9659/59 4029/9669/65
f 4025/9662/66 4026/9665/63 4032/9668/63 4031/9663/66
f 4027/9660/61 3988/9624/6 4033/9670/67
f 4029/9664/74 4031/9663/72 4037/9671/72 4035/9672/74
f 4032/9668/69 4033/9667/70 4039/9673/70 4038/9674/69
f 3956/9626/5 4029/9669/65 4035/9675/71
f 4031/9663/72 4032/9668/69 4038/9674/69 4037/9671/72
f 4033/9670/67 3988/9624/6 4039/9676/73
f 4035/9677/78 4037/9678/77 4009/9620/77 4008/9619/78
f 4038/9679/75 4039/9680/76 4011/9616/76 4010/9615/75
f 3956/9626/5 4035/9675/71 4008/9627/31
f 4037/9678/77 4038/9679/75 4010/9615/75 4009/9620/77
f 4039/9676/73 3988/9624/6 4011/9623/35
f 4046/9681/411 4045/9682/411 4043/9683/411 4044/9684/411
f 4044/9685/412 4043/9686/412 4036/9687/412 4040/9688/412
f 4040/9689/413 4036/9690/413 4041/9691/413 4042/9692/413
f 4042/9693/414 4041/9694/414 4045/9695/414 4046/9696/414
f 4044/9697/5 4040/9698/5 4042/9699/5 4046/9700/5
f 4036/9701/6 4043/9702/6 4045/9703/6 4041/9704/6
f 4034/9705/411 4030/9706/411 4024/9707/411 4028/9708/411
f 4028/9709/412 4024/9710/412 4012/9711/412 4016/9712/412
f 4016/9713/413 4012/9714/413 4018/9715/413 4022/9716/413
f 4022/9717/414 4018/9718/414 4030/9719/414 4034/9720/414
f 4028/9721/5 4016/9722/5 4022/9723/5 4034/9724/5
f 4012/9725/6 4024/9726/6 4030/9727/6 4018/9728/6
f 4007/9729/411 4006/9730/411 3972/9731/411 3990/9732/411
f 3990/9733/412 3972/9734/412 4050/9735/412 4049/9736/412
f 4049/9737/413 4050/9738/413 4048/9739/413 4047/9740/413
f 4047/9741/414 4048/9742/414 4006/9743/414 4007/9744/414
f 3990/9745/5 4049/9746/5 4047/9747/5 4007/9748/5
f 4050/9749/6 3972/9750/6 4006/9751/6 4048/9752/6
f 4055/9753/37 4054/9754/33 4060/9755/33 4061/9756/37
f 4056/9757/5 4055/9758/31 4061/9759/32
f 4052/9760/35 4051/9761/6 4058/9762/36
f 4053/9763/34 4052/9764/38 4058/9765/38 4059/9766/34
f 4054/9754/33 4053/9763/34 4059/9766/34 4060/9755/33
f 4060/9767/42 4059/9768/39 4065/9769/39 4066/9770/42
f 4061/9771/44 4060/9767/42 4066/9770/42 4067/9772/44
f 4059/9768/39 4058/9773/40 4064/9774/40 4065/9769/39
f 4056/9757/5 4061/9759/32 4067/9775/41
f 4058/9762/36 4051/9761/6 4064/9776/43
f 4066/9770/48 4065/9769/45 4071/9777/45 4072/9778/48
f 4067/9772/50 4066/9770/48 4072/9778/48 4073/9779/50
f 4065/9769/45 4064/9774/46 4070/9780/46 4071/9777/45
f 4056/9757/5 4067/9775/41 4073/9781/47
f 4064/9776/43 4051/9761/6 4070/9782/49
f 4072/9783/54 4071/9784/51 4077/9785/51 4078/9786/54
f 4073/9787/56 4072/9783/54 4078/9786/54 4079/9788/56
f 4071/9784/51 4070/9789/52 4076/9790/52 4077/9785/51
f 4056/9757/5 4073/9781/47 4079/9791/53
f 4070/9782/49 4051/9761/6 4076/9792/55
f 4078/9786/60 4077/9785/57 4083/9793/57 4084/9794/60
f 4079/9788/62 4078/9786/60 4084/9794/60 4085/9795/62
f 4077/9785/57 4076/9790/58 4082/9796/58 4083/9793/57
f 4056/9757/5 4079/9791/53 4085/9797/59
f 4076/9792/55 4051/9761/6 4082/9798/61
f 4084/9799/66 4083/9800/63 4089/9801/63 4090/9802/66
f 4085/9803/68 4084/9799/66 4090/9802/66 4091/9804/68
f 4083/9800/63 4082/9805/64 4088/9806/64 4089/9801/63
f 4056/9757/5 4085/9797/59 4091/9807/65
f 4082/9798/61 4051/9761/6 4088/9808/67
f 4090/9802/72 4089/9801/69 4095/9809/69 4096/9810/72
f 4091/9804/74 4090/9802/72 4096/9810/72 4097/9811/74
f 4089/9801/69 4088/9806/70 4094/9812/70 4095/9809/69
f 4056/9757/5 4091/9807/65 4097/9813/71
f 4088/9808/67 4051/9761/6 4094/9814/73
f 4096/9815/77 4095/9816/75 4053/9763/75 4054/9754/77
f 4097/9817/78 4096/9815/77 4054/9754/77 4055/9753/78
f 4095/9816/75 4094/9818/76 4052/9764/76 4053/9763/75
f 4056/9757/5 4097/9813/71 4055/9758/31
f 4094/9814/73 4051/9761/6 4052/9760/35
f 4102/9819/34 4103/9820/38 4086/9821/38 4087/9822/34
f 4100/9823/37 4101/9824/33 4092/9825/33 4093/9826/37
f 4103/9827/35 4080/9828/6 4086/9829/36
f 4101/9824/33 4102/9819/34 4087/9822/34 4092/9825/33
f 4062/9830/5 4100/9831/31 4093/9832/32
f 4062/9830/5 4093/9832/32 4068/9833/41
f 4092/9834/42 4087/9835/39 4074/9836/39 4069/9837/42
f 4086/9829/36 4080/9828/6 4075/9838/43
f 4093/9839/44 4092/9834/42 4069/9837/42 4068/9840/44
f 4087/9835/39 4086/9841/40 4075/9842/40 4074/9836/39
f 4075/9838/43 4080/9828/6 4107/9843/49
f 4062/9830/5 4068/9833/41 4057/9844/47
f 4068/9840/50 4069/9837/48 4105/9845/48 4057/9846/50
f 4074/9836/45 4075/9842/46 4107/9847/46 4106/9848/45
f 4069/9837/48 4074/9836/45 4106/9848/45 4105/9845/48
f 4057/9849/56 4105/9850/54 4111/9851/54 4109/9852/56
f 4062/9830/5 4057/9844/47 4109/9853/53
f 4107/9843/49 4080/9828/6 4113/9854/55
f 4105/9850/54 4106/9855/51 4112/9856/51 4111/9851/54
f 4106/9855/51 4107/9857/52 4113/9858/52 4112/9856/51
f 4109/9852/62 4111/9851/60 4117/9859/60 4115/9860/62
f 4112/9856/57 4113/9858/58 4119/9861/58 4118/9862/57
f 4062/9830/5 4109/9853/53 4115/9863/59
f 4111/9851/60 4112/9856/57 4118/9862/57 4117/9859/60
f 4113/9854/55 4080/9828/6 4119/9864/61
f 4115/9865/68 4117/9866/66 4123/9867/66 4121/9868/68
f 4118/9869/63 4119/9870/64 4125/9871/64 4124/9872/63
f 4062/9830/5 4115/9863/59 4121/9873/65
f 4117/9866/66 4118/9869/63 4124/9872/63 4123/9867/66
f 4119/9864/61 4080/9828/6 4125/9874/67
f 4121/9868/74 4123/9867/72 4129/9875/72 4127/9876/74
f 4124/9872/69 4125/9871/70 4131/9877/70 4130/9878/69
f 4062/9830/5 4121/9873/65 4127/9879/71
f 4123/9867/72 4124/9872/69 4130/9878/69 4129/9875/72
f 4125/9874/67 4080/9828/6 4131/9880/73
f 4127/9881/78 4129/9882/77 4101/9824/77 4100/9823/78
f 4130/9883/75 4131/9884/76 4103/9820/76 4102/9819/75
f 4062/9830/5 4127/9879/71 4100/9831/31
f 4129/9882/77 4130/9883/75 4102/9819/75 4101/9824/77
f 4131/9880/73 4080/9828/6 4103/9827/35
f 4137/9885/35 4114/9886/6 4120/9887/36
f 4135/9888/33 4136/9889/34 4122/9890/34 4126/9891/33
f 4081/9892/5 4134/9893/31 4128/9894/32
f 4136/9889/34 4137/9895/38 4120/9896/38 4122/9890/34
f 4134/9897/37 4135/9888/33 4126/9891/33 4128/9898/37
f 4081/9892/5 4128/9894/32 4099/9899/41
f 4126/9900/42 4122/9901/39 4108/9902/39 4104/9903/42
f 4120/9887/36 4114/9886/6 4110/9904/43
f 4128/9905/44 4126/9900/42 4104/9903/42 4099/9906/44
f 4122/9901/39 4120/9907/40 4110/9908/40 4108/9902/39
f 4099/9906/50 4104/9903/48 4139/9909/48 4063/9910/50
f 4108/9902/45 4110/9908/46 4141/9911/46 4140/9912/45
f 4104/9903/48 4108/9902/45 4140/9912/45 4139/9909/48
f 4110/9904/43 4114/9886/6 4141/9913/49
f 4081/9892/5 4099/9899/41 4063/9914/47
f 4063/9915/56 4139/9916/54 4145/9917/54 4143/9918/56
f 4139/9916/54 4140/9919/51 4146/9920/51 4145/9917/54
f 4141/9913/49 4114/9886/6 4147/9921/55
f 4081/9892/5 4063/9914/47 4143/9922/53
f 4140/9919/51 4141/9923/52 4147/9924/52 4146/9920/51
f 4081/9892/5 4143/9922/53 4149/9925/59
f 4145/9917/60 4146/9920/57 4152/9926/57 4151/9927/60
f 4143/9918/62 4145/9917/60 4151/9927/60 4149/9928/62
f 4147/9921/55 4114/9886/6 4153/9929/61
f 4146/9920/57 4147/9924/58 4153/9930/58 4152/9926/57
f 4081/9892/5 4149/9925/59 4155/9931/65
f 4151/9932/66 4152/9933/63 4158/9934/63 4157/9935/66
f 4153/9929/61 4114/9886/6 4159/9936/67
f 4149/9937/68 4151/9932/66 4157/9935/66 4155/9938/68
f 4152/9933/63 4153/9939/64 4159/9940/64 4158/9934/63
f 4081/9892/5 4155/9931/65 4161/9941/71
f 4157/9935/72 4158/9934/69 4164/9942/69 4163/9943/72
f 4159/9936/67 4114/9886/6 4165/9944/73
f 4155/9938/74 4157/9935/72 4163/9943/72 4161/9945/74
f 4158/9934/69 4159/9940/70 4165/9946/70 4164/9942/69
f 4081/9892/5 4161/9941/71 4134/9893/31
f 4163/9947/77 4164/9948/75 4136/9889/75 4135/9888/77
f 4165/9944/73 4114/9886/6 4137/9885/35
f 4161/9949/78 4163/9947/77 4135/9888/77 4134/9897/78
f 4164/9948/75 4165/9950/76 4137/9895/76 4136/9889/75
f 4171/9951/35 4148/9952/6 4154/9953/36
f 4169/9954/33 4170/9955/34 4156/9956/34 4160/9957/33
f 4116/9958/5 4168/9959/31 4162/9960/32
f 4170/9955/34 4171/9961/38 4154/9962/38 4156/9956/34
f 4168/9963/37 4169/9954/33 4160/9957/33 4162/9964/37
f 4162/9965/44 4160/9966/42 4138/9967/42 4133/9968/44
f 4156/9969/39 4154/9970/40 4144/9971/40 4142/9972/39
f 4116/9958/5 4162/9960/32 4133/9973/41
f 4160/9966/42 4156/9969/39 4142/9972/39 4138/9967/42
f 4154/9953/36 4148/9952/6 4144/9974/43
f 4133/9968/50 4138/9967/48 4173/9975/48 4098/9976/50
f 4142/9972/45 4144/9971/46 4175/9977/46 4174/9978/45
f 4138/9967/48 4142/9972/45 4174/9978/45 4173/9975/48
f 4144/9974/43 4148/9952/6 4175/9979/49
f 4116/9958/5 4133/9973/41 4098/9980/47
f 4098/9981/56 4173/9982/54 4179/9983/54 4177/9984/56
f 4173/9982/54 4174/9985/51 4180/9986/51 4179/9983/54
f 4174/9985/51 4175/9987/52 4181/9988/52 4180/9986/51
f 4116/9958/5 4098/9980/47 4177/9989/53
f 4175/9979/49 4148/9952/6 4181/9990/55
f 4116/9958/5 4177/9989/53 4183/9991/59
f 4179/9983/60 4180/9986/57 4186/9992/57 4185/9993/60
f 4177/9984/62 4179/9983/60 4185/9993/60 4183/9994/62
f 4180/9986/57 4181/9988/58 4187/9995/58 4186/9992/57
f 4181/9990/55 4148/9952/6 4187/9996/61
f 4116/9958/5 4183/9991/59 4189/9997/65
f 4185/9998/66 4186/9999/63 4192/10000/63 4191/10001/66
f 4187/9996/61 4148/9952/6 4193/10002/67
f 4183/10003/68 4185/9998/66 4191/10001/66 4189/10004/68
f 4186/9999/63 4187/10005/64 4193/10006/64 4192/10000/63
f 4116/9958/5 4189/9997/65 4195/10007/71
f 4191/10001/72 4192/10000/69 4198/10008/69 4197/10009/72
f 4193/10002/67 4148/9952/6 4199/10010/73
f 4189/10004/74 4191/10001/72 4197/10009/72 4195/10011/74
f 4192/10000/69 4193/10006/70 4199/10012/70 4198/10008/69
f 4116/9958/5 4195/10007/71 4168/9959/31
f 4197/10013/77 4198/10014/75 4170/9955/75 4169/9954/77
f 4199/10010/73 4148/9952/6 4171/9951/35
f 4195/10015/78 4197/10013/77 4169/9954/77 4168/9963/78
f 4198/10014/75 4199/10016/76 4171/9961/76 4170/9955/75
f 4204/10017/34 4205/10018/38 4188/10019/38 4190/10020/34
f 4202/10021/37 4203/10022/33 4194/10023/33 4196/10024/37
f 4205/10025/35 4182/10026/6 4188/10027/36
f 4203/10022/33 4204/10017/34 4190/10020/34 4194/10023/33
f 4150/10028/5 4202/10029/31 4196/10030/32
f 4196/10031/44 4194/10032/42 4172/10033/42 4167/10034/44
f 4190/10035/39 4188/10036/40 4178/10037/40 4176/10038/39
f 4150/10028/5 4196/10030/32 4167/10039/41
f 4194/10032/42 4190/10035/39 4176/10038/39 4172/10033/42
f 4188/10027/36 4182/10026/6 4178/10040/43
f 4176/10038/45 4178/10037/46 4209/10041/46 4208/10042/45
f 4172/10033/48 4176/10038/45 4208/10042/45 4207/10043/48
f 4178/10040/43 4182/10026/6 4209/10044/49
f 4150/10028/5 4167/10039/41 4132/10045/47
f 4167/10034/50 4172/10033/48 4207/10043/48 4132/10046/50
f 4208/10047/51 4209/10048/52 4215/10049/52 4214/10050/51
f 4150/10028/5 4132/10045/47 4211/10051/53
f 4209/10044/49 4182/10026/6 4215/10052/55
f 4132/10053/56 4207/10054/54 4213/10055/54 4211/10056/56
f 4207/10054/54 4208/10047/51 4214/10050/51 4213/10055/54
f 4211/10056/62 4213/10055/60 4219/10057/60 4217/10058/62
f 4214/10050/57 4215/10049/58 4221/10059/58 4220/10060/57
f 4150/10028/5 4211/10051/53 4217/10061/59
f 4213/10055/60 4214/10050/57 4220/10060/57 4219/10057/60
f 4215/10052/55 4182/10026/6 4221/10062/61
f 4217/10063/68 4219/10064/66 4225/10065/66 4223/10066/68
f 4220/10067/63 4221/10068/64 4227/10069/64 4226/10070/63
f 4150/10028/5 4217/10061/59 4223/10071/65
f 4219/10064/66 4220/10067/63 4226/10070/63 4225/10065/66
f 4221/10062/61 4182/10026/6 4227/10072/67
f 4223/10066/74 4225/10065/72 4231/10073/72 4229/10074/74
f 4226/10070/69 4227/10069/70 4233/10075/70 4232/10076/69
f 4150/10028/5 4223/10071/65 4229/10077/71
f 4225/10065/72 4226/10070/69 4232/10076/69 4231/10073/72
f 4227/10072/67 4182/10026/6 4233/10078/73
f 4229/10079/78 4231/10080/77 4203/10022/77 4202/10021/78
f 4232/10081/75 4233/10082/76 4205/10018/76 4204/10017/75
f 4150/10028/5 4229/10077/71 4202/10029/31
f 4231/10080/77 4232/10081/75 4204/10017/75 4203/10022/77
f 4233/10078/73 4182/10026/6 4205/10025/35
f 4240/10083/415 4239/10084/415 4237/10085/415 4238/10086/415
f 4238/10087/416 4237/10088/416 4230/10089/416 4234/10090/416
f 4234/10091/417 4230/10092/417 4235/10093/417 4236/10094/417
f 4236/10095/418 4235/10096/418 4239/10097/418 4240/10098/418
f 4238/10099/5 4234/10100/5 4236/10101/5 4240/10102/5
f 4230/10103/6 4237/10104/6 4239/10105/6 4235/10106/6
f 4228/10107/415 4224/10108/415 4218/10109/415 4222/10110/415
f 4222/10111/416 4218/10112/416 4206/10113/416 4210/10114/416
f 4210/10115/417 4206/10116/417 4212/10117/417 4216/10118/417
f 4216/10119/418 4212/10120/418 4224/10121/418 4228/10122/418
f 4222/10123/5 4210/10124/5 4216/10125/5 4228/10126/5
f 4206/10127/6 4218/10128/6 4224/10129/6 4212/10130/6
f 4201/10131/415 4200/10132/415 4166/10133/415 4184/10134/415
f 4184/10135/416 4166/10136/416 4244/10137/416 4243/10138/416
f 4243/10139/417 4244/10140/417 4242/10141/417 4241/10142/417
f 4241/10143/418 4242/10144/418 4200/10145/418 4201/10146/418
f 4184/10147/5 4243/10148/5 4241/10149/5 4201/10150/5
f 4244/10151/6 4166/10152/6 4200/10153/6 4242/10154/6
f 4249/10155/37 4248/10156/33 4254/10157/33 4255/10158/37
f 4250/10159/5 4249/10160/31 4255/10161/32
f 4246/10162/35 4245/10163/6 4252/10164/36
f 4247/10165/34 4246/10166/38 4252/10167/38 4253/10168/34
f 4248/10156/33 4247/10165/34 4253/10168/34 4254/10157/33
f 4254/10169/42 4253/10170/39 4259/10171/39 4260/10172/42
f 4255/10173/44 4254/10169/42 4260/10172/42 4261/10174/44
f 4253/10170/39 4252/10175/40 4258/10176/40 4259/10171/39
f 4250/10159/5 4255/10161/32 4261/10177/41
f 4252/10164/36 4245/10163/6 4258/10178/43
f 4260/10172/48 4259/10171/45 4265/10179/45 4266/10180/48
f 4261/10174/50 4260/10172/48 4266/10180/48 4267/10181/50
f 4259/10171/45 4258/10176/46 4264/10182/46 4265/10179/45
f 4250/10159/5 4261/10177/41 4267/10183/47
f 4258/10178/43 4245/10163/6 4264/10184/49
f 4266/10185/54 4265/10186/51 4271/10187/51 4272/10188/54
f 4267/10189/56 4266/10185/54 4272/10188/54 4273/10190/56
f 4265/10186/51 4264/10191/52 4270/10192/52 4271/10187/51
f 4250/10159/5 4267/10183/47 4273/10193/53
f 4264/10184/49 4245/10163/6 4270/10194/55
f 4272/10188/60 4271/10187/57 4277/10195/57 4278/10196/60
f 4273/10190/62 4272/10188/60 4278/10196/60 4279/10197/62
f 4271/10187/57 4270/10192/58 4276/10198/58 4277/10195/57
f 4250/10159/5 4273/10193/53 4279/10199/59
f 4270/10194/55 4245/10163/6 4276/10200/61
f 4278/10201/66 4277/10202/63 4283/10203/63 4284/10204/66
f 4279/10205/68 4278/10201/66 4284/10204/66 4285/10206/68
f 4277/10202/63 4276/10207/64 4282/10208/64 4283/10203/63
f 4250/10159/5 4279/10199/59 4285/10209/65
f 4276/10200/61 4245/10163/6 4282/10210/67
f 4284/10204/72 4283/10203/69 4289/10211/69 4290/10212/72
f 4285/10206/74 4284/10204/72 4290/10212/72 4291/10213/74
f 4283/10203/69 4282/10208/70 4288/10214/70 4289/10211/69
f 4250/10159/5 4285/10209/65 4291/10215/71
f 4282/10210/67 4245/10163/6 4288/10216/73
f 4290/10217/77 4289/10218/75 4247/10165/75 4248/10156/77
f 4291/10219/78 4290/10217/77 4248/10156/77 4249/10155/78
f 4289/10218/75 4288/10220/76 4246/10166/76 4247/10165/75
f 4250/10159/5 4291/10215/71 4249/10160/31
f 4288/10216/73 4245/10163/6 4246/10162/35
f 4296/10221/34 4297/10222/38 4280/10223/38 4281/10224/34
f 4294/10225/37 4295/10226/33 4286/10227/33 4287/10228/37
f 4297/10229/35 4274/10230/6 4280/10231/36
f 4295/10226/33 4296/10221/34 4281/10224/34 4286/10227/33
f 4256/10232/5 4294/10233/31 4287/10234/32
f 4256/10232/5 4287/10234/32 4262/10235/41
f 4286/10236/42 4281/10237/39 4268/10238/39 4263/10239/42
f 4280/10231/36 4274/10230/6 4269/10240/43
f 4287/10241/44 4286/10236/42 4263/10239/42 4262/10242/44
f 4281/10237/39 4280/10243/40 4269/10244/40 4268/10238/39
f 4269/10240/43 4274/10230/6 4301/10245/49
f 4256/10232/5 4262/10235/41 4251/10246/47
f 4262/10242/50 4263/10239/48 4299/10247/48 4251/10248/50
f 4268/10238/45 4269/10244/46 4301/10249/46 4300/10250/45
f 4263/10239/48 4268/10238/45 4300/10250/45 4299/10247/48
f 4251/10251/56 4299/10252/54 4305/10253/54 4303/10254/56
f 4256/10232/5 4251/10246/47 4303/10255/53
f 4301/10245/49 4274/10230/6 4307/10256/55
f 4299/10252/54 4300/10257/51 4306/10258/51 4305/10253/54
f 4300/10257/51 4301/10259/52 4307/10260/52 4306/10258/51
f 4303/10254/62 4305/10253/60 4311/10261/60 4309/10262/62
f 4306/10258/57 4307/10260/58 4313/10263/58 4312/10264/57
f 4256/10232/5 4303/10255/53 4309/10265/59
f 4305/10253/60 4306/10258/57 4312/10264/57 4311/10261/60
f 4307/10256/55 4274/10230/6 4313/10266/61
f 4309/10267/68 4311/10268/66 4317/10269/66 4315/10270/68
f 4312/10271/63 4313/10272/64 4319/10273/64 4318/10274/63
f 4256/10232/5 4309/10265/59 4315/10275/65
f 4311/10268/66 4312/10271/63 4318/10274/63 4317/10269/66
f 4313/10266/61 4274/10230/6 4319/10276/67
f 4315/10270/74 4317/10269/72 4323/10277/72 4321/10278/74
f 4318/10274/69 4319/10273/70 4325/10279/70 4324/10280/69
f 4256/10232/5 4315/10275/65 4321/10281/71
f 4317/10269/72 4318/10274/69 4324/10280/69 4323/10277/72
f 4319/10276/67 4274/10230/6 4325/10282/73
f 4321/10283/78 4323/10284/77 4295/10226/77 4294/10225/78
f 4324/10285/75 4325/10286/76 4297/10222/76 4296/10221/75
f 4256/10232/5 4321/10281/71 4294/10233/31
f 4323/10284/77 4324/10285/75 4296/10221/75 4295/10226/77
f 4325/10282/73 4274/10230/6 4297/10229/35
f 4331/10287/35 4308/10288/6 4314/10289/36
f 4329/10290/33 4330/10291/34 4316/10292/34 4320/10293/33
f 4275/10294/5 4328/10295/31 4322/10296/32
f 4330/10291/34 4331/10297/38 4314/10298/38 4316/10292/34
f 4328/10299/37 4329/10290/33 4320/10293/33 4322/10300/37
f 4275/10294/5 4322/10296/32 4293/10301/41
f 4320/10302/42 4316/10303/39 4302/10304/39 4298/10305/42
f 4314/10289/36 4308/10288/6 4304/10306/43
f 4322/10307/44 4320/10302/42 4298/10305/42 4293/10308/44
f 4316/10303/39 4314/10309/40 4304/10310/40 4302/10304/39
f 4293/10308/50 4298/10305/48 4333/10311/48 4257/10312/50
f 4302/10304/45 4304/10310/46 4335/10313/46 4334/10314/45
f 4298/10305/48 4302/10304/45 4334/10314/45 4333/10311/48
f 4304/10306/43 4308/10288/6 4335/10315/49
f 4275/10294/5 4293/10301/41 4257/10316/47
f 4257/10317/56 4333/10318/54 4339/10319/54 4337/10320/56
f 4333/10318/54 4334/10321/51 4340/10322/51 4339/10319/54
f 4335/10315/49 4308/10288/6 4341/10323/55
f 4275/10294/5 4257/10316/47 4337/10324/53
f 4334/10321/51 4335/10325/52 4341/10326/52 4340/10322/51
f 4275/10294/5 4337/10324/53 4343/10327/59
f 4339/10319/60 4340/10322/57 4346/10328/57 4345/10329/60
f 4337/10320/62 4339/10319/60 4345/10329/60 4343/10330/62
f 4341/10323/55 4308/10288/6 4347/10331/61
f 4340/10322/57 4341/10326/58 4347/10332/58 4346/10328/57
f 4275/10294/5 4343/10327/59 4349/10333/65
f 4345/10334/66 4346/10335/63 4352/10336/63 4351/10337/66
f 4347/10331/61 4308/10288/6 4353/10338/67
f 4343/10339/68 4345/10334/66 4351/10337/66 4349/10340/68
f 4346/10335/63 4347/10341/64 4353/10342/64 4352/10336/63
f 4275/10294/5 4349/10333/65 4355/10343/71
f 4351/10337/72 4352/10336/69 4358/10344/69 4357/10345/72
f 4353/10338/67 4308/10288/6 4359/10346/73
f 4349/10340/74 4351/10337/72 4357/10345/72 4355/10347/74
f 4352/10336/69 4353/10342/70 4359/10348/70 4358/10344/69
f 4275/10294/5 4355/10343/71 4328/10295/31
f 4357/10349/77 4358/10350/75 4330/10291/75 4329/10290/77
f 4359/10346/73 4308/10288/6 4331/10287/35
f 4355/10351/78 4357/10349/77 4329/10290/77 4328/10299/78
f 4358/10350/75 4359/10352/76 4331/10297/76 4330/10291/75
f 4365/10353/35 4342/10354/6 4348/10355/36
f 4363/10356/33 4364/10357/34 4350/10358/34 4354/10359/33
f 4310/10360/5 4362/10361/31 4356/10362/32
f 4364/10357/34 4365/10363/38 4348/10364/38 4350/10358/34
f 4362/10365/37 4363/10356/33 4354/10359/33 4356/10366/37
f 4356/10367/44 4354/10368/42 4332/10369/42 4327/10370/44
f 4350/10371/39 4348/10372/40 4338/10373/40 4336/10374/39
f 4310/10360/5 4356/10362/32 4327/10375/41
f 4354/10368/42 4350/10371/39 4336/10374/39 4332/10369/42
f 4348/10355/36 4342/10354/6 4338/10376/43
f 4327/10370/50 4332/10369/48 4367/10377/48 4292/10378/50
f 4336/10374/45 4338/10373/46 4369/10379/46 4368/10380/45
f 4332/10369/48 4336/10374/45 4368/10380/45 4367/10377/48
f 4338/10376/43 4342/10354/6 4369/10381/49
f 4310/10360/5 4327/10375/41 4292/10382/47
f 4292/10383/56 4367/10384/54 4373/10385/54 4371/10386/56
f 4367/10384/54 4368/10387/51 4374/10388/51 4373/10385/54
f 4368/10387/51 4369/10389/52 4375/10390/52 4374/10388/51
f 4310/10360/5 4292/10382/47 4371/10391/53
f 4369/10381/49 4342/10354/6 4375/10392/55
f 4310/10360/5 4371/10391/53 4377/10393/59
f 4373/10385/60 4374/10388/57 4380/10394/57 4379/10395/60
f 4371/10386/62 4373/10385/60 4379/10395/60 4377/10396/62
f 4374/10388/57 4375/10390/58 4381/10397/58 4380/10394/57
f 4375/10392/55 4342/10354/6 4381/10398/61
f 4310/10360/5 4377/10393/59 4383/10399/65
f 4379/10400/66 4380/10401/63 4386/10402/63 4385/10403/66
f 4381/10398/61 4342/10354/6 4387/10404/67
f 4377/10405/68 4379/10400/66 4385/10403/66 4383/10406/68
f 4380/10401/63 4381/10407/64 4387/10408/64 4386/10402/63
f 4310/10360/5 4383/10399/65 4389/10409/71
f 4385/10403/72 4386/10402/69 4392/10410/69 4391/10411/72
f 4387/10404/67 4342/10354/6 4393/10412/73
f 4383/10406/74 4385/10403/72 4391/10411/72 4389/10413/74
f 4386/10402/69 4387/10408/70 4393/10414/70 4392/10410/69
f 4310/10360/5 4389/10409/71 4362/10361/31
f 4391/10415/77 4392/10416/75 4364/10357/75 4363/10356/77
f 4393/10412/73 4342/10354/6 4365/10353/35
f 4389/10417/78 4391/10415/77 4363/10356/77 4362/10365/78
f 4392/10416/75 4393/10418/76 4365/10363/76 4364/10357/75
f 4398/10419/34 4399/10420/38 4382/10421/38 4384/10422/34
f 4396/10423/37 4397/10424/33 4388/10425/33 4390/10426/37
f 4399/10427/35 4376/10428/6 4382/10429/36
f 4397/10424/33 4398/10419/34 4384/10422/34 4388/10425/33
f 4344/10430/5 4396/10431/31 4390/10432/32
f 4390/10433/44 4388/10434/42 4366/10435/42 4361/10436/44
f 4384/10437/39 4382/10438/40 4372/10439/40 4370/10440/39
f 4344/10430/5 4390/10432/32 4361/10441/41
f 4388/10434/42 4384/10437/39 4370/10440/39 4366/10435/42
f 4382/10429/36 4376/10428/6 4372/10442/43
f 4370/10440/45 4372/10439/46 4403/10443/46 4402/10444/45
f 4366/10435/48 4370/10440/45 4402/10444/45 4401/10445/48
f 4372/10442/43 4376/10428/6 4403/10446/49
f 4344/10430/5 4361/10441/41 4326/10447/47
f 4361/10436/50 4366/10435/48 4401/10445/48 4326/10448/50
f 4402/10449/51 4403/10450/52 4409/10451/52 4408/10452/51
f 4344/10430/5 4326/10447/47 4405/10453/53
f 4403/10446/49 4376/10428/6 4409/10454/55
f 4326/10455/56 4401/10456/54 4407/10457/54 4405/10458/56
f 4401/10456/54 4402/10449/51 4408/10452/51 4407/10457/54
f 4405/10458/62 4407/10457/60 4413/10459/60 4411/10460/62
f 4408/10452/57 4409/10451/58 4415/10461/58 4414/10462/57
f 4344/10430/5 4405/10453/53 4411/10463/59
f 4407/10457/60 4408/10452/57 4414/10462/57 4413/10459/60
f 4409/10454/55 4376/10428/6 4415/10464/61
f 4411/10465/68 4413/10466/66 4419/10467/66 4417/10468/68
f 4414/10469/63 4415/10470/64 4421/10471/64 4420/10472/63
f 4344/10430/5 4411/10463/59 4417/10473/65
f 4413/10466/66 4414/10469/63 4420/10472/63 4419/10467/66
f 4415/10464/61 4376/10428/6 4421/10474/67
f 4417/10468/74 4419/10467/72 4425/10475/72 4423/10476/74
f 4420/10472/69 4421/10471/70 4427/10477/70 4426/10478/69
f 4344/10430/5 4417/10473/65 4423/10479/71
f 4419/10467/72 4420/10472/69 4426/10478/69 4425/10475/72
f 4421/10474/67 4376/10428/6 4427/10480/73
f 4423/10481/78 4425/10482/77 4397/10424/77 4396/10423/78
f 4426/10483/75 4427/10484/76 4399/10420/76 4398/10419/75
f 4344/10430/5 4423/10479/71 4396/10431/31
f 4425/10482/77 4426/10483/75 4398/10419/75 4397/10424/77
f 4427/10480/73 4376/10428/6 4399/10427/35
f 4473/10485/419 4474/10486/419 4476/10487/371 4475/10488/371
f 4514/10489/420 4510/10490/420 4508/10491/420 4512/10492/420
f 4432/10493/2 4431/10494/2 4429/10495/369 4430/10496/369
f 4495/10497/372 4496/10498/372 4498/10499/372 4497/10500/372
f 4513/10501/421 4514/10502/421 4512/10503/421 4511/10504/421
f 4430/10496/369 4429/10495/369 4424/10505/422 4428/10506/422
f 4515/10507/423 4516/10508/423 4518/10509/423 4517/10510/423
f 4445/10511/422 4446/10512/422 4448/10513/3 4447/10514/3
f 4428/10515/422 4424/10516/422 4418/10517/3 4422/10518/3
f 4491/10519/3 4492/10520/3 4494/10521/3 4493/10522/3
f 4469/10523/422 4470/10524/422 4472/10525/3 4471/10526/3
f 4422/10518/3 4418/10517/3 4412/10527/419 4416/10528/419
f 4451/10529/371 4452/10530/371 4454/10531/4 4453/10532/4
f 4503/10533/424 4504/10534/424 4433/10535/424 4434/10536/424
f 4416/10528/419 4412/10527/419 4406/10537/371 4410/10538/371
f 4467/10539/369 4468/10540/369 4470/10541/422 4469/10542/422
f 4443/10543/369 4444/10544/369 4446/10545/422 4445/10546/422
f 4410/10547/371 4406/10548/371 4400/10549/4 4404/10550/4
f 4509/10551/425 4513/10552/425 4511/10553/425 4507/10554/425
f 4509/10555/426 4510/10556/426 4514/10557/426 4513/10558/426
f 4404/10550/4 4400/10549/4 4394/10559/372 4395/10560/372
f 4449/10561/419 4450/10562/419 4452/10563/371 4451/10564/371
f 4497/10565/1 4498/10566/1 4500/10567/1 4499/10568/1
f 4395/10569/372 4394/10570/372 4360/10571/427 4378/10572/427
f 4493/10573/371 4494/10574/371 4496/10498/371 4495/10497/371
f 4441/10575/2 4442/10576/2 4444/10544/369 4443/10543/369
f 4378/10572/427 4360/10571/427 4436/10577/1 4435/10578/1
f 4475/10579/371 4476/10580/371 4478/10581/4 4477/10582/4
f 4494/10583/6 4492/10584/6 4490/10585/6 4500/10586/6 4498/10587/6 4496/10588/6
f 4435/10578/1 4436/10577/1 4438/10589/428 4437/10590/428
f 4429/10591/6 4431/10592/6 4440/10593/6 4438/10594/6 4436/10595/6 4360/10596/6 4394/10597/6 4400/10598/6 4406/10599/6 4412/10600/6 4418/10601/6 4424/10602/6
f 4506/10603/429 4502/10604/429 4433/10605/429 4504/10606/429
f 4437/10607/428 4438/10608/428 4440/10609/374 4439/10610/374
f 4453/10532/4 4454/10531/4 4456/10611/372 4455/10612/372
f 4447/10514/3 4448/10513/3 4450/10562/419 4449/10561/419
f 4439/10610/374 4440/10609/374 4431/10494/2 4432/10493/2
f 4432/10613/5 4430/10614/5 4428/10615/5 4422/10616/5 4416/10617/5 4410/10618/5 4404/10619/5 4395/10620/5 4378/10621/5 4435/10622/5 4437/10623/5 4439/10624/5
f 4455/10625/372 4456/10626/372 4458/10627/427 4457/10628/427
f 4499/10629/374 4500/10630/374 4490/10631/374 4489/10632/374
f 4465/10633/2 4466/10634/2 4468/10540/369 4467/10539/369
f 4457/10628/427 4458/10627/427 4460/10635/1 4459/10636/1
f 4505/10637/430 4506/10638/430 4504/10639/430 4503/10640/430
f 4517/10641/431 4518/10642/431 4522/10643/431 4521/10644/431
f 4459/10636/1 4460/10635/1 4462/10645/428 4461/10646/428
f 4450/10647/6 4448/10648/6 4446/10649/6 4444/10650/6 4442/10651/6 4464/10652/6 4462/10653/6 4460/10654/6 4458/10655/6 4456/10656/6 4454/10657/6 4452/10658/6
f 4507/10659/432 4508/10660/432 4510/10661/432 4509/10662/432
f 4461/10663/428 4462/10664/428 4464/10665/374 4463/10666/374
f 4477/10582/4 4478/10581/4 4480/10667/372 4479/10668/372
f 4471/10526/3 4472/10525/3 4474/10486/419 4473/10485/419
f 4463/10666/374 4464/10665/374 4442/10576/2 4441/10575/2
f 4455/10669/5 4457/10670/5 4459/10671/5 4461/10672/5 4463/10673/5 4441/10674/5 4443/10675/5 4445/10676/5 4447/10677/5 4449/10678/5 4451/10679/5 4453/10680/5
f 4479/10681/372 4480/10682/372 4482/10683/427 4481/10684/427
f 4489/10632/369 4490/10631/369 4492/10685/369 4491/10686/369
f 4499/10687/5 4489/10688/5 4491/10689/5 4493/10690/5 4495/10691/5 4497/10692/5
f 4481/10684/427 4482/10683/427 4484/10693/1 4483/10694/1
f 4511/10695/433 4512/10696/433 4508/10697/433 4507/10698/433
f 4434/10699/434 4433/10700/434 4502/10701/434 4501/10702/434
f 4483/10694/1 4484/10693/1 4486/10703/428 4485/10704/428
f 4501/10705/435 4505/10706/435 4503/10707/435 4434/10708/435
f 4467/10709/5 4469/10710/5 4471/10711/5 4473/10712/5 4475/10713/5 4477/10714/5 4479/10715/5 4481/10716/5 4483/10717/5 4485/10718/5 4487/10719/5 4465/10720/5
f 4485/10721/428 4486/10722/428 4488/10723/374 4487/10724/374
f 4501/10725/436 4502/10726/436 4506/10727/436 4505/10728/436
f 4521/10729/437 4522/10730/437 4520/10731/437 4519/10732/437
f 4487/10724/374 4488/10723/374 4466/10634/2 4465/10633/2
f 4472/10733/6 4470/10734/6 4468/10735/6 4466/10736/6 4488/10737/6 4486/10738/6 4484/10739/6 4482/10740/6 4480/10741/6 4478/10742/6 4476/10743/6 4474/10744/6
f 4519/10745/438 4520/10746/438 4516/10747/438 4515/10748/438
f 4517/10749/439 4521/10750/439 4519/10751/439 4515/10752/439
f 4522/10753/440 4518/10754/440 4516/10755/440 4520/10756/440
f 4523/10757/441 4524/10758/441 4526/10759/441 4525/10760/441
f 4525/10761/442 4526/10762/442 4530/10763/442 4529/10764/442
f 4529/10765/443 4530/10766/443 4528/10767/443 4527/10768/443
f 4527/10769/444 4528/10770/444 4524/10771/444 4523/10772/444
f 4525/10773/445 4529/10774/445 4527/10775/445 4523/10776/445
f 4530/10777/446 4526/10778/446 4524/10779/446 4528/10780/446
f 4531/10781/447 4532/10782/447 4534/10783/447 4533/10784/447
f 4533/10785/448 4534/10786/448 4538/10787/448 4537/10788/448
f 4537/10789/449 4538/10790/449 4536/10791/449 4535/10792/449
f 4535/10793/450 4536/10794/450 4532/10795/450 4531/10796/450
f 4533/10797/451 4537/10798/451 4535/10799/451 4531/10800/451
f 4538/10801/452 4534/10802/452 4532/10803/452 4536/10804/452
f 4597/10805/419 4598/10806/419 4600/10807/371 4599/10808/371
f 4638/10809/420 4634/10810/420 4632/10811/420 4636/10812/420
f 4541/10813/2 4542/10814/2 4544/10815/369 4543/10816/369
f 4619/10817/372 4620/10818/372 4622/10819/372 4621/10820/372
f 4637/10821/421 4638/10822/421 4636/10823/421 4635/10824/421
f 4543/10816/369 4544/10815/369 4546/10825/422 4545/10826/422
f 4639/10827/423 4640/10828/423 4642/10829/423 4641/10830/423
f 4569/10831/422 4570/10832/422 4572/10833/3 4571/10834/3
f 4545/10835/422 4546/10836/422 4548/10837/3 4547/10838/3
f 4615/10839/3 4616/10840/3 4618/10841/3 4617/10842/3
f 4593/10843/422 4594/10844/422 4596/10845/3 4595/10846/3
f 4547/10838/3 4548/10837/3 4550/10847/419 4549/10848/419
f 4575/10849/371 4576/10850/371 4578/10851/4 4577/10852/4
f 4627/10853/424 4628/10854/424 4540/10855/424 4539/10856/424
f 4549/10848/419 4550/10847/419 4552/10857/371 4551/10858/371
f 4591/10859/369 4592/10860/369 4594/10861/422 4593/10862/422
f 4567/10863/369 4568/10864/369 4570/10865/422 4569/10866/422
f 4551/10867/371 4552/10868/371 4554/10869/4 4553/10870/4
f 4633/10871/425 4637/10872/425 4635/10873/425 4631/10874/425
f 4633/10875/426 4634/10876/426 4638/10877/426 4637/10878/426
f 4553/10870/4 4554/10869/4 4556/10879/372 4555/10880/372
f 4573/10881/419 4574/10882/419 4576/10883/371 4575/10884/371
f 4621/10885/1 4622/10886/1 4624/10887/1 4623/10888/1
f 4555/10889/372 4556/10890/372 4558/10891/427 4557/10892/427
f 4617/10893/371 4618/10894/371 4620/10818/371 4619/10817/371
f 4565/10895/2 4566/10896/2 4568/10864/369 4567/10863/369
f 4557/10892/427 4558/10891/427 4560/10897/1 4559/10898/1
f 4599/10899/371 4600/10900/371 4602/10901/4 4601/10902/4
f 4618/10903/6 4616/10904/6 4614/10905/6 4624/10906/6 4622/10907/6 4620/10908/6
f 4559/10898/1 4560/10897/1 4562/10909/428 4561/10910/428
f 4544/10911/6 4542/10912/6 4564/10913/6 4562/10914/6 4560/10915/6 4558/10916/6 4556/10917/6 4554/10918/6 4552/10919/6 4550/10920/6 4548/10921/6 4546/10922/6
f 4630/10923/429 4626/10924/429 4540/10925/429 4628/10926/429
f 4561/10927/428 4562/10928/428 4564/10929/374 4563/10930/374
f 4577/10852/4 4578/10851/4 4580/10931/372 4579/10932/372
f 4571/10834/3 4572/10833/3 4574/10882/419 4573/10881/419
f 4563/10930/374 4564/10929/374 4542/10814/2 4541/10813/2
f 4541/10933/5 4543/10934/5 4545/10935/5 4547/10936/5 4549/10937/5 4551/10938/5 4553/10939/5 4555/10940/5 4557/10941/5 4559/10942/5 4561/10943/5 4563/10944/5
f 4579/10945/372 4580/10946/372 4582/10947/427 4581/10948/427
f 4623/10949/374 4624/10950/374 4614/10951/374 4613/10952/374
f 4589/10953/2 4590/10954/2 4592/10860/369 4591/10859/369
f 4581/10948/427 4582/10947/427 4584/10955/1 4583/10956/1
f 4629/10957/430 4630/10958/430 4628/10959/430 4627/10960/430
f 4641/10961/453 4642/10962/453 4646/10963/453 4645/10964/453
f 4583/10956/1 4584/10955/1 4586/10965/428 4585/10966/428
f 4574/10967/6 4572/10968/6 4570/10969/6 4568/10970/6 4566/10971/6 4588/10972/6 4586/10973/6 4584/10974/6 4582/10975/6 4580/10976/6 4578/10977/6 4576/10978/6
f 4631/10979/432 4632/10980/432 4634/10981/432 4633/10982/432
f 4585/10983/428 4586/10984/428 4588/10985/374 4587/10986/374
f 4601/10902/4 4602/10901/4 4604/10987/372 4603/10988/372
f 4595/10846/3 4596/10845/3 4598/10806/419 4597/10805/419
f 4587/10986/374 4588/10985/374 4566/10896/2 4565/10895/2
f 4579/10989/5 4581/10990/5 4583/10991/5 4585/10992/5 4587/10993/5 4565/10994/5 4567/10995/5 4569/10996/5 4571/10997/5 4573/10998/5 4575/10999/5 4577/11000/5
f 4603/11001/372 4604/11002/372 4606/11003/427 4605/11004/427
f 4613/10952/369 4614/10951/369 4616/11005/369 4615/11006/369
f 4623/11007/5 4613/11008/5 4615/11009/5 4617/11010/5 4619/11011/5 4621/11012/5
f 4605/11004/427 4606/11003/427 4608/11013/1 4607/11014/1
f 4635/11015/433 4636/11016/433 4632/11017/433 4631/11018/433
f 4539/11019/434 4540/11020/434 4626/11021/434 4625/11022/434
f 4607/11014/1 4608/11013/1 4610/11023/428 4609/11024/428
f 4625/11025/435 4629/11026/435 4627/11027/435 4539/11028/435
f 4591/11029/5 4593/11030/5 4595/11031/5 4597/11032/5 4599/11033/5 4601/11034/5 4603/11035/5 4605/11036/5 4607/11037/5 4609/11038/5 4611/11039/5 4589/11040/5
f 4609/11041/428 4610/11042/428 4612/11043/374 4611/11044/374
f 4625/11045/436 4626/11046/436 4630/11047/436 4629/11048/436
f 4645/11049/437 4646/11050/437 4644/11051/437 4643/11052/437
f 4611/11044/374 4612/11043/374 4590/10954/2 4589/10953/2
f 4596/11053/6 4594/11054/6 4592/11055/6 4590/11056/6 4612/11057/6 4610/11058/6 4608/11059/6 4606/11060/6 4604/11061/6 4602/11062/6 4600/11063/6 4598/11064/6
f 4643/11065/438 4644/11066/438 4640/11067/438 4639/11068/438
f 4641/11069/439 4645/11070/439 4643/11071/439 4639/11072/439
f 4646/11073/440 4642/11074/440 4640/11075/440 4644/11076/440
f 4647/11077/441 4648/11078/441 4650/11079/441 4649/11080/441
f 4649/11081/442 4650/11082/442 4654/11083/442 4653/11084/442
f 4653/11085/443 4654/11086/443 4652/11087/443 4651/11088/443
f 4651/11089/444 4652/11090/444 4648/11091/444 4647/11092/444
f 4649/11093/445 4653/11094/445 4651/11095/445 4647/11096/445
f 4654/11097/446 4650/11098/446 4648/11099/446 4652/11100/446
f 4655/11101/447 4656/11102/447 4658/11103/447 4657/11104/447
f 4657/11105/448 4658/11106/448 4662/11107/448 4661/11108/448
f 4661/11109/449 4662/11110/449 4660/11111/449 4659/11112/449
f 4659/11113/450 4660/11114/450 4656/11115/450 4655/11116/450
f 4657/11117/451 4661/11118/451 4659/11119/451 4655/11120/451
f 4662/11121/452 4658/11122/452 4656/11123/452 4660/11124/452
f 4698/11125/33 4697/11126/34 4703/11127/34 4704/11128/33
f 4687/11129/1 4688/11130/1 4690/11131/1 4689/11132/1
f 4665/11133/393 4666/11134/393 4668/11135/393 4667/11136/393
f 4696/11137/35 4695/11138/6 4702/11139/36
f 4686/11140/6 4682/11141/6 4663/11142/6 4684/11143/6
f 4667/11144/395 4668/11145/395 4670/11146/395 4669/11147/395
f 4694/11148/6 4690/11149/6 4688/11150/6 4692/11151/6
f 4681/11152/5 4685/11153/5 4683/11154/5 4664/11155/5
f 4669/11147/396 4670/11146/396 4672/11156/396 4671/11157/396
f 4689/11158/5 4693/11159/5 4691/11160/5 4687/11161/5
f 4683/11162/4 4684/11163/4 4663/11164/4 4664/11165/4
f 4671/11166/397 4672/11167/397 4674/11168/397 4673/11169/397
f 4691/11170/4 4692/11171/4 4688/11172/4 4687/11173/4
f 4685/11174/3 4686/11175/3 4684/11176/3 4683/11177/3
f 4673/11169/399 4674/11168/399 4676/11178/399 4675/11179/399
f 4693/11180/3 4694/11181/3 4692/11182/3 4691/11183/3
f 4681/11184/2 4682/11185/2 4686/11186/2 4685/11187/2
f 4675/11188/400 4676/11189/400 4678/11190/400 4677/11191/400
f 4668/11192/6 4666/11193/6 4680/11194/6 4678/11195/6 4676/11196/6 4674/11197/6 4672/11198/6 4670/11199/6
f 4664/11200/1 4663/11201/1 4682/11202/1 4681/11203/1
f 4677/11191/401 4678/11190/401 4680/11204/401 4679/11205/401
f 4700/11206/5 4699/11207/31 4705/11208/32
f 4689/11209/2 4690/11210/2 4694/11211/2 4693/11212/2
f 4679/11213/402 4680/11214/402 4666/11134/402 4665/11133/402
f 4665/11215/5 4667/11216/5 4669/11217/5 4671/11218/5 4673/11219/5 4675/11220/5 4677/11221/5 4679/11222/5
f 4699/11223/37 4698/11125/33 4704/11128/33 4705/11224/37
f 4697/11126/34 4696/11225/38 4702/11226/38 4703/11127/34
f 4700/11206/5 4705/11208/32 4711/11227/41
f 4704/11228/42 4703/11229/39 4709/11230/39 4710/11231/42
f 4702/11139/36 4695/11138/6 4708/11232/43
f 4705/11233/44 4704/11228/42 4710/11231/42 4711/11234/44
f 4703/11229/39 4702/11235/40 4708/11236/40 4709/11230/39
f 4700/11206/5 4711/11227/41 4717/11237/47
f 4710/11231/48 4709/11230/45 4715/11238/45 4716/11239/48
f 4708/11232/43 4695/11138/6 4714/11240/49
f 4711/11234/50 4710/11231/48 4716/11239/48 4717/11241/50
f 4709/11230/45 4708/11236/46 4714/11242/46 4715/11238/45
f 4700/11206/5 4717/11237/47 4723/11243/53
f 4716/11244/54 4715/11245/51 4721/11246/51 4722/11247/54
f 4714/11240/49 4695/11138/6 4720/11248/55
f 4717/11249/56 4716/11244/54 4722/11247/54 4723/11250/56
f 4715/11245/51 4714/11251/52 4720/11252/52 4721/11246/51
f 4700/11206/5 4723/11243/53 4729/11253/59
f 4722/11247/60 4721/11246/57 4727/11254/57 4728/11255/60
f 4720/11248/55 4695/11138/6 4726/11256/61
f 4723/11250/62 4722/11247/60 4728/11255/60 4729/11257/62
f 4721/11246/57 4720/11252/58 4726/11258/58 4727/11254/57
f 4700/11206/5 4729/11253/59 4735/11259/65
f 4728/11260/66 4727/11261/63 4733/11262/63 4734/11263/66
f 4726/11256/61 4695/11138/6 4732/11264/67
f 4729/11265/68 4728/11260/66 4734/11263/66 4735/11266/68
f 4727/11261/63 4726/11267/64 4732/11268/64 4733/11262/63
f 4700/11206/5 4735/11259/65 4741/11269/71
f 4734/11263/72 4733/11262/69 4739/11270/69 4740/11271/72
f 4732/11264/67 4695/11138/6 4738/11272/73
f 4735/11266/74 4734/11263/72 4740/11271/72 4741/11273/74
f 4733/11262/69 4732/11268/70 4738/11274/70 4739/11270/69
f 4700/11206/5 4741/11269/71 4699/11207/31
f 4740/11275/77 4739/11276/75 4697/11126/75 4698/11125/77
f 4738/11272/73 4695/11138/6 4696/11137/35
f 4741/11277/78 4740/11275/77 4698/11125/77 4699/11223/78
f 4739/11276/75 4738/11278/76 4696/11225/76 4697/11126/75
f 4763/11279/34 4762/11280/38 4767/11281/38 4768/11282/34
f 4753/11283/1 4754/11284/1 4756/11285/1 4755/11286/1
f 4746/11287/393 4745/11288/393 4743/11289/393 4744/11290/393
f 4766/11291/5 4765/11292/31 4770/11293/32
f 4752/11294/6 4701/11295/6 4748/11296/6 4750/11297/6
f 4744/11298/395 4743/11299/395 4737/11300/395 4742/11301/395
f 4760/11302/6 4756/11303/6 4754/11304/6 4758/11305/6
f 4706/11306/5 4751/11307/5 4749/11308/5 4747/11309/5
f 4742/11301/396 4737/11300/396 4731/11310/396 4736/11311/396
f 4755/11312/5 4759/11313/5 4757/11314/5 4753/11315/5
f 4749/11316/4 4750/11317/4 4748/11318/4 4747/11319/4
f 4736/11320/397 4731/11321/397 4725/11322/397 4730/11323/397
f 4757/11324/4 4758/11325/4 4754/11326/4 4753/11327/4
f 4751/11328/3 4752/11329/3 4750/11330/3 4749/11331/3
f 4730/11323/399 4725/11322/399 4719/11332/399 4724/11333/399
f 4759/11334/3 4760/11335/3 4758/11336/3 4757/11337/3
f 4706/11338/2 4701/11339/2 4752/11340/2 4751/11341/2
f 4724/11342/400 4719/11343/400 4713/11344/400 4718/11345/400
f 4743/11346/6 4745/11347/6 4707/11348/6 4713/11349/6 4719/11350/6 4725/11351/6 4731/11352/6 4737/11353/6
f 4747/11354/1 4748/11355/1 4701/11356/1 4706/11357/1
f 4718/11345/401 4713/11344/401 4707/11358/401 4712/11359/401
f 4765/11360/37 4764/11361/33 4769/11362/33 4770/11363/37
f 4755/11364/2 4756/11365/2 4760/11366/2 4759/11367/2
f 4712/11368/402 4707/11369/402 4745/11288/402 4746/11287/402
f 4746/11370/5 4744/11371/5 4742/11372/5 4736/11373/5 4730/11374/5 4724/11375/5 4718/11376/5 4712/11377/5
f 4764/11361/33 4763/11279/34 4768/11282/34 4769/11362/33
f 4762/11378/35 4761/11379/6 4767/11380/36
f 4767/11380/36 4761/11379/6 4771/11381/43
f 4770/11382/44 4769/11383/42 4773/11384/42 4774/11385/44
f 4768/11386/39 4767/11387/40 4771/11388/40 4772/11389/39
f 4766/11291/5 4770/11293/32 4774/11390/41
f 4769/11383/42 4768/11386/39 4772/11389/39 4773/11384/42
f 4771/11381/43 4761/11379/6 4775/11391/49
f 4774/11385/50 4773/11384/48 4777/11392/48 4778/11393/50
f 4772/11389/45 4771/11388/46 4775/11394/46 4776/11395/45
f 4766/11291/5 4774/11390/41 4778/11396/47
f 4773/11384/48 4772/11389/45 4776/11395/45 4777/11392/48
f 4775/11391/49 4761/11379/6 4779/11397/55
f 4778/11398/56 4777/11399/54 4781/11400/54 4782/11401/56
f 4776/11402/51 4775/11403/52 4779/11404/52 4780/11405/51
f 4766/11291/5 4778/11396/47 4782/11406/53
f 4777/11399/54 4776/11402/51 4780/11405/51 4781/11400/54
f 4779/11397/55 4761/11379/6 4783/11407/61
f 4782/11401/62 4781/11400/60 4785/11408/60 4786/11409/62
f 4780/11405/57 4779/11404/58 4783/11410/58 4784/11411/57
f 4766/11291/5 4782/11406/53 4786/11412/59
f 4781/11400/60 4780/11405/57 4784/11411/57 4785/11408/60
f 4783/11407/61 4761/11379/6 4787/11413/67
f 4786/11414/68 4785/11415/66 4789/11416/66 4790/11417/68
f 4784/11418/63 4783/11419/64 4787/11420/64 4788/11421/63
f 4766/11291/5 4786/11412/59 4790/11422/65
f 4785/11415/66 4784/11418/63 4788/11421/63 4789/11416/66
f 4787/11413/67 4761/11379/6 4791/11423/73
f 4790/11417/74 4789/11416/72 4793/11424/72 4794/11425/74
f 4788/11421/69 4787/11420/70 4791/11426/70 4792/11427/69
f 4766/11291/5 4790/11422/65 4794/11428/71
f 4789/11416/72 4788/11421/69 4792/11427/69 4793/11424/72
f 4791/11423/73 4761/11379/6 4762/11378/35
f 4794/11429/78 4793/11430/77 4764/11361/77 4765/11360/78
f 4792/11431/75 4791/11432/76 4762/11280/76 4763/11279/75
f 4766/11291/5 4794/11428/71 4765/11292/31
f 4793/11430/77 4792/11431/75 4763/11279/75 4764/11361/77
o AvisToucanPipes
v -18.450001 0.000000 17.950001
v -18.450001 17.000000 17.950001
v -18.450001 0.000000 17.049999
v -18.450001 17.000000 17.049999
v -17.549999 0.000000 17.950001
v -17.549999 17.000000 17.950001
v -17.549999 0.000000 17.049999
v -17.549999 17.000000 17.049999
v -18.199999 16.250000 17.850000
v -18.199999 16.950001 17.850000
v -18.199999 16.250000 17.150000
v -18.199999 16.950001 17.150000
v -13.599999 16.250000 17.850000
v -13.599999 16.950001 17.850000
v -13.599999 16.250000 17.150000
v -13.599999 16.950001 17.150000
v -17.612501 14.154848 17.750000
v -17.942192 14.530751 17.750000
v -17.612501 14.154848 17.250000
v -17.942192 14.530751 17.250000
v -15.657805 15.869248 17.750000
v -15.987498 16.245152 17.750000
v -15.657805 15.869248 17.250000
v -15.987498 16.245152 17.250000
v -14.687500 4.183000 18.695000
v -14.687500 0.267000 18.695000
v -14.000000 0.000000 16.250000
v -14.000000 4.450000 16.250000
v -13.521646 0.000000 16.345150
v -13.521646 4.450000 16.345150
v -13.116117 0.000000 16.616116
v -13.116117 4.450000 16.616116
v -12.845151 0.000000 17.021646
v -12.845151 4.450000 17.021646
v -12.750000 0.000000 17.500000
v -12.750000 4.450000 17.500000
v -12.845151 0.000000 17.978354
v -12.845151 4.450000 17.978354
v -13.116117 0.000000 18.383884
v -13.116117 4.450000 18.383884
v -13.521646 0.000000 18.654850
v -13.521646 4.450000 18.654850
v -14.000000 0.000000 18.750000
v -14.000000 4.450000 18.750000
v -14.478354 0.000000 18.654850
v -14.478354 4.450000 18.654850
v -14.883883 0.000000 18.383884
v -14.883883 4.450000 18.383884
v -15.154849 0.000000 17.978354
v -15.154849 4.450000 17.978354
v -15.250000 0.000000 17.500000
v -15.250000 4.450000 17.500000
v -15.154849 0.000000 17.021646
v -15.154849 4.450000 17.021646
v -14.883883 0.000000 16.616116
v -14.883883 4.450000 16.616116
v -14.478354 0.000000 16.345150
v -14.478354 4.450000 16.345150
v -14.000000 4.450000 15.880000
v -14.000000 5.600000 15.880000
v -13.380053 4.450000 16.003315
v -13.380053 5.600000 16.003315
v -12.854487 4.450000 16.354486
v -12.854487 5.600000 16.354486
v -12.503315 4.450000 16.880053
v -12.503315 5.600000 16.880053
v -12.380000 4.450000 17.500000
v -12.380000 5.600000 17.500000
v -12.503315 4.450000 18.119947
v -12.503315 5.600000 18.119947
v -12.854487 4.450000 18.645514
v -12.854487 5.600000 18.645514
v -13.380053 4.450000 18.996685
v -13.380053 5.600000 18.996685
v -14.000000 4.450000 19.120001
v -14.000000 5.600000 19.120001
v -14.619947 4.450000 18.996685
v -14.619947 5.600000 18.996685
v -15.145513 4.450000 18.645514
v -15.145513 5.600000 18.645514
v -15.496685 4.450000 18.119947
v -15.496685 5.600000 18.119947
v -15.620000 4.450000 17.500000
v -15.620000 5.600000 17.500000
v -15.496685 4.450000 16.880053
v -15.496685 5.600000 16.880053
v -15.145513 4.450000 16.354486
v -15.145513 5.600000 16.354486
v -14.619947 4.450000 16.003315
v -14.619947 5.600000 16.003315
v -14.000000 5.470000 15.831400
v -14.000000 5.730000 15.831400
v -13.361454 5.470000 15.958415
v -13.361454 5.730000 15.958415
v -12.820122 5.470000 16.320122
v -12.820122 5.730000 16.320122
v -12.458415 5.470000 16.861454
v -12.458415 5.730000 16.861454
v -12.331400 5.470000 17.500000
v -12.331400 5.730000 17.500000
v -12.458415 5.470000 18.138546
v -12.458415 5.730000 18.138546
v -12.820122 5.470000 18.679878
v -12.820122 5.730000 18.679878
v -13.361454 5.470000 19.041586
v -13.361454 5.730000 19.041586
v -14.000000 5.470000 19.168600
v -14.000000 5.730000 19.168600
v -14.638546 5.470000 19.041586
v -14.638546 5.730000 19.041586
v -15.179878 5.470000 18.679878
v -15.179878 5.730000 18.679878
v -15.541585 5.470000 18.138546
v -15.541585 5.730000 18.138546
v -15.668600 5.470000 17.500000
v -15.668600 5.730000 17.500000
v -15.541585 5.470000 16.861454
v -15.541585 5.730000 16.861454
v -15.179878 5.470000 16.320122
v -15.179878 5.730000 16.320122
v -14.638546 5.470000 15.958415
v -14.638546 5.730000 15.958415
v -14.000000 4.350000 15.863800
v -14.000000 4.550000 15.863800
v -13.373854 4.350000 15.988348
v -13.373854 4.550000 15.988348
v -12.843032 4.350000 16.343033
v -12.843032 4.550000 16.343033
v -12.488348 4.350000 16.873854
v -12.488348 4.550000 16.873854
v -12.363800 4.350000 17.500000
v -12.363800 4.550000 17.500000
v -12.488348 4.350000 18.126146
v -12.488348 4.550000 18.126146
v -12.843032 4.350000 18.656967
v -12.843032 4.550000 18.656967
v -13.373854 4.350000 19.011652
v -13.373854 4.550000 19.011652
v -14.000000 4.350000 19.136200
v -14.000000 4.550000 19.136200
v -14.626146 4.350000 19.011652
v -14.626146 4.550000 19.011652
v -15.156968 4.350000 18.656967
v -15.156968 4.550000 18.656967
v -15.511652 4.350000 18.126146
v -15.511652 4.550000 18.126146
v -15.636200 4.350000 17.500000
v -15.636200 4.550000 17.500000
v -15.511652 4.350000 16.873854
v -15.511652 4.550000 16.873854
v -15.156968 4.350000 16.343033
v -15.156968 4.550000 16.343033
v -14.626146 4.350000 15.988348
v -14.626146 4.550000 15.988348
v -14.000000 3.440000 16.225000
v -14.000000 3.660000 16.225000
v -13.512078 3.440000 16.322054
v -13.512078 3.660000 16.322054
v -13.098439 3.440000 16.598438
v -13.098439 3.660000 16.598438
v -12.822054 3.440000 17.012079
v -12.822054 3.660000 17.012079
v -12.725000 3.440000 17.500000
v -12.725000 3.660000 17.500000
v -12.822054 3.440000 17.987921
v -12.822054 3.660000 17.987921
v -13.098439 3.440000 18.401562
v -13.098439 3.660000 18.401562
v -13.512078 3.440000 18.677946
v -13.512078 3.660000 18.677946
v -14.000000 3.440000 18.775000
v -14.000000 3.660000 18.775000
v -14.487922 3.440000 18.677946
v -14.487922 3.660000 18.677946
v -14.901561 3.440000 18.401562
v -14.901561 3.660000 18.401562
v -15.177946 3.440000 17.987921
v -15.177946 3.660000 17.987921
v -15.275000 3.440000 17.500000
v -15.275000 3.660000 17.500000
v -15.177946 3.440000 17.012079
v -15.177946 3.660000 17.012079
v -14.901561 3.440000 16.598438
v -14.901561 3.660000 16.598438
v -14.487922 3.440000 16.322054
v -14.487922 3.660000 16.322054
v -14.687500 0.267000 18.605000
v -14.687500 4.183000 18.605000
v -14.312500 0.267000 18.695000
v -14.312500 4.183000 18.695000
v -14.312500 0.267000 18.605000
v -14.312500 4.183000 18.605000
v -14.687500 11.653000 18.695000
v -14.687500 16.097000 18.695000
v -14.000000 11.350000 16.250000
v -14.000000 16.400000 16.250000
v -13.521646 11.350000 16.345150
v -13.521646 16.400000 16.345150
v -13.116117 11.350000 16.616116
v -13.116117 16.400000 16.616116
v -12.845151 11.350000 17.021646
v -12.845151 16.400000 17.021646
v -12.750000 11.350000 17.500000
v -12.750000 16.400000 17.500000
v -12.845151 11.350000 17.978354
v -12.845151 16.400000 17.978354
v -13.116117 11.350000 18.383884
v -13.116117 16.400000 18.383884
v -13.521646 11.350000 18.654850
v -13.521646 16.400000 18.654850
v -14.000000 11.350000 18.750000
v -14.000000 16.400000 18.750000
v -14.478354 11.350000 18.654850
v -14.478354 16.400000 18.654850
v -14.883883 11.350000 18.383884
v -14.883883 16.400000 18.383884
v -15.154849 11.350000 17.978354
v -15.154849 16.400000 17.978354
v -15.250000 11.350000 17.500000
v -15.250000 16.400000 17.500000
v -15.154849 11.350000 17.021646
v -15.154849 16.400000 17.021646
v -14.883883 11.350000 16.616116
v -14.883883 16.400000 16.616116
v -14.478354 11.350000 16.345150
v -14.478354 16.400000 16.345150
v -14.000000 10.200000 15.880000
v -14.000000 11.349999 15.880000
v -13.380053 10.200000 16.003315
v -13.380053 11.349999 16.003315
v -12.854487 10.200000 16.354486
v -12.854487 11.349999 16.354486
v -12.503315 10.200000 16.880053
v -12.503315 11.349999 16.880053
v -12.380000 10.200000 17.500000
v -12.380000 11.349999 17.500000
v -12.503315 10.200000 18.119947
v -12.503315 11.349999 18.119947
v -12.854487 10.200000 18.645514
v -12.854487 11.349999 18.645514
v -13.380053 10.200000 18.996685
v -13.380053 11.349999 18.996685
v -14.000000 10.200000 19.120001
v -14.000000 11.349999 19.120001
v -14.619947 10.200000 18.996685
v -14.619947 11.349999 18.996685
v -15.145513 10.200000 18.645514
v -15.145513 11.349999 18.645514
v -15.496685 10.200000 18.119947
v -15.496685 11.349999 18.119947
v -15.620000 10.200000 17.500000
v -15.620000 11.349999 17.500000
v -15.496685 10.200000 16.880053
v -15.496685 11.349999 16.880053
v -15.145513 10.200000 16.354486
v -15.145513 11.349999 16.354486
v -14.619947 10.200000 16.003315
v -14.619947 11.349999 16.003315
v -14.000000 10.070000 15.831400
v -14.000000 10.330000 15.831400
v -13.361454 10.070000 15.958415
v -13.361454 10.330000 15.958415
v -12.820122 10.070000 16.320122
v -12.820122 10.330000 16.320122
v -12.458415 10.070000 16.861454
v -12.458415 10.330000 16.861454
v -12.331400 10.070000 17.500000
v -12.331400 10.330000 17.500000
v -12.458415 10.070000 18.138546
v -12.458415 10.330000 18.138546
v -12.820122 10.070000 18.679878
v -12.820122 10.330000 18.679878
v -13.361454 10.070000 19.041586
v -13.361454 10.330000 19.041586
v -14.000000 10.070000 19.168600
v -14.000000 10.330000 19.168600
v -14.638546 10.070000 19.041586
v -14.638546 10.330000 19.041586
v -15.179878 10.070000 18.679878
v -15.179878 10.330000 18.679878
v -15.541585 10.070000 18.138546
v -15.541585 10.330000 18.138546
v -15.668600 10.070000 17.500000
v -15.668600 10.330000 17.500000
v -15.541585 10.070000 16.861454
v -15.541585 10.330000 16.861454
v -15.179878 10.070000 16.320122
v -15.179878 10.330000 16.320122
v -14.638546 10.070000 15.958415
v -14.638546 10.330000 15.958415
v -14.000000 11.250000 15.863800
v -14.000000 11.450001 15.863800
v -13.373854 11.250000 15.988348
v -13.373854 11.450001 15.988348
v -12.843032 11.250000 16.343033
v -12.843032 11.450001 16.343033
v -12.488348 11.250000 16.873854
v -12.488348 11.450001 16.873854
v -12.363800 11.250000 17.500000
v -12.363800 11.450001 17.500000
v -12.488348 11.250000 18.126146
v -12.488348 11.450001 18.126146
v -12.843032 11.250000 18.656967
v -12.843032 11.450001 18.656967
v -13.373854 11.250000 19.011652
v -13.373854 11.450001 19.011652
v -14.000000 11.250000 19.136200
v -14.000000 11.450001 19.136200
v -14.626146 11.250000 19.011652
v -14.626146 11.450001 19.011652
v -15.156968 11.250000 18.656967
v -15.156968 11.450001 18.656967
v -15.511652 11.250000 18.126146
v -15.511652 11.450001 18.126146
v -15.636200 11.250000 17.500000
v -15.636200 11.450001 17.500000
v -15.511652 11.250000 16.873854
v -15.511652 11.450001 16.873854
v -15.156968 11.250000 16.343033
v -15.156968 11.450001 16.343033
v -14.626146 11.250000 15.988348
v -14.626146 11.450001 15.988348
v -14.000000 12.140000 16.225000
v -14.000000 12.360000 16.225000
v -13.512078 12.140000 16.322054
v -13.512078 12.360000 16.322054
v -13.098439 12.140000 16.598438
v -13.098439 12.360000 16.598438
v -12.822054 12.140000 17.012079
v -12.822054 12.360000 17.012079
v -12.725000 12.140000 17.500000
v -12.725000 12.360000 17.500000
v -12.822054 12.140000 17.987921
v -12.822054 12.360000 17.987921
v -13.098439 12.140000 18.401562
v -13.098439 12.360000 18.401562
v -13.512078 12.140000 18.677946
v -13.512078 12.360000 18.677946
v -14.000000 12.140000 18.775000
v -14.000000 12.360000 18.775000
v -14.487922 12.140000 18.677946
v -14.487922 12.360000 18.677946
v -14.901561 12.140000 18.401562
v -14.901561 12.360000 18.401562
v -15.177946 12.140000 17.987921
v -15.177946 12.360000 17.987921
v -15.275000 12.140000 17.500000
v -15.275000 12.360000 17.500000
v -15.177946 12.140000 17.012079
v -15.177946 12.360000 17.012079
v -14.901561 12.140000 16.598438
v -14.901561 12.360000 16.598438
v -14.487922 12.140000 16.322054
v -14.487922 12.360000 16.322054
v -14.687500 11.653000 18.605000
v -14.687500 16.097000 18.605000
v -14.312500 11.653000 18.695000
v -14.312500 16.097000 18.695000
v -14.312500 11.653000 18.605000
v -14.312500 16.097000 18.605000
v 17.549999 0.000000 17.950001
v 17.549999 17.000000 17.950001
v 17.549999 0.000000 17.049999
v 17.549999 17.000000 17.049999
v 18.450001 0.000000 17.950001
v 18.450001 17.000000 17.950001
v 18.450001 0.000000 17.049999
v 18.450001 17.000000 17.049999
v 13.599999 16.250000 17.850000
v 13.599999 16.950001 17.850000
v 13.599999 16.250000 17.150000
v 13.599999 16.950001 17.150000
v 18.199999 16.250000 17.850000
v 18.199999 16.950001 17.850000
v 18.199999 16.250000 17.150000
v 18.199999 16.950001 17.150000
v 15.657805 15.869248 17.750000
v 15.987498 16.245152 17.750000
v 15.657805 15.869248 17.250000
v 15.987498 16.245152 17.250000
v 17.612501 14.154848 17.750000
v 17.942192 14.530751 17.750000
v 17.612501 14.154848 17.250000
v 17.942192 14.530751 17.250000
v 13.312500 4.183000 18.695000
v 13.312500 0.267000 18.695000
v 14.000000 0.000000 16.250000
v 14.000000 4.450000 16.250000
v 14.478354 0.000000 16.345150
v 14.478354 4.450000 16.345150
v 14.883883 0.000000 16.616116
v 14.883883 4.450000 16.616116
v 15.154849 0.000000 17.021646
v 15.154849 4.450000 17.021646
v 15.250000 0.000000 17.500000
v 15.250000 4.450000 17.500000
v 15.154849 0.000000 17.978354
v 15.154849 4.450000 17.978354
v 14.883883 0.000000 18.383884
v 14.883883 4.450000 18.383884
v 14.478354 0.000000 18.654850
v 14.478354 4.450000 18.654850
v 14.000000 0.000000 18.750000
v 14.000000 4.450000 18.750000
v 13.521646 0.000000 18.654850
v 13.521646 4.450000 18.654850
v 13.116117 0.000000 18.383884
v 13.116117 4.450000 18.383884
v 12.845151 0.000000 17.978354
v 12.845151 4.450000 17.978354
v 12.750000 0.000000 17.500000
v 12.750000 4.450000 17.500000
v 12.845151 0.000000 17.021646
v 12.845151 4.450000 17.021646
v 13.116117 0.000000 16.616116
v 13.116117 4.450000 16.616116
v 13.521646 0.000000 16.345150
v 13.521646 4.450000 16.345150
v 14.000000 4.450000 15.880000
v 14.000000 5.600000 15.880000
v 14.619947 4.450000 16.003315
v 14.619947 5.600000 16.003315
v 15.145513 4.450000 16.354486
v 15.145513 5.600000 16.354486
v 15.496685 4.450000 16.880053
v 15.496685 5.600000 16.880053
v 15.620000 4.450000 17.500000
v 15.620000 5.600000 17.500000
v 15.496685 4.450000 18.119947
v 15.496685 5.600000 18.119947
v 15.145513 4.450000 18.645514
v 15.145513 5.600000 18.645514
v 14.619947 4.450000 18.996685
v 14.619947 5.600000 18.996685
v 14.000000 4.450000 19.120001
v 14.000000 5.600000 19.120001
v 13.380053 4.450000 18.996685
v 13.380053 5.600000 18.996685
v 12.854487 4.450000 18.645514
v 12.854487 5.600000 18.645514
v 12.503315 4.450000 18.119947
v 12.503315 5.600000 18.119947
v 12.380000 4.450000 17.500000
v 12.380000 5.600000 17.500000
v 12.503315 4.450000 16.880053
v 12.503315 5.600000 16.880053
v 12.854487 4.450000 16.354486
v 12.854487 5.600000 16.354486
v 13.380053 4.450000 16.003315
v 13.380053 5.600000 16.003315
v 14.000000 5.470000 15.831400
v 14.000000 5.730000 15.831400
v 14.638546 5.470000 15.958415
v 14.638546 5.730000 15.958415
v 15.179878 5.470000 16.320122
v 15.179878 5.730000 16.320122
v 15.541585 5.470000 16.861454
v 15.541585 5.730000 16.861454
v 15.668600 5.470000 17.500000
v 15.668600 5.730000 17.500000
v 15.541585 5.470000 18.138546
v 15.541585 5.730000 18.138546
v 15.179878 5.470000 18.679878
v 15.179878 5.730000 18.679878
v 14.638546 5.470000 19.041586
v 14.638546 5.730000 19.041586
v 14.000000 5.470000 19.168600
v 14.000000 5.730000 19.168600
v 13.361454 5.470000 19.041586
v 13.361454 5.730000 19.041586
v 12.820122 5.470000 18.679878
v 12.820122 5.730000 18.679878
v 12.458415 5.470000 18.138546
v 12.458415 5.730000 18.138546
v 12.331400 5.470000 17.500000
v 12.331400 5.730000 17.500000
v 12.458415 5.470000 16.861454
v 12.458415 5.730000 16.861454
v 12.820122 5.470000 16.320122
v 12.820122 5.730000 16.320122
v 13.361454 5.470000 15.958415
v 13.361454 5.730000 15.958415
v 14.000000 4.350000 15.863800
v 14.000000 4.550000 15.863800
v 14.626146 4.350000 15.988348
v 14.626146 4.550000 15.988348
v 15.156968 4.350000 16.343033
v 15.156968 4.550000 16.343033
v 15.511652 4.350000 16.873854
v 15.511652 4.550000 16.873854
v 15.636200 4.350000 17.500000
v 15.636200 4.550000 17.500000
v 15.511652 4.350000 18.126146
v 15.511652 4.550000 18.126146
v 15.156968 4.350000 18.656967
v 15.156968 4.550000 18.656967
v 14.626146 4.350000 19.011652
v 14.626146 4.550000 19.011652
v 14.000000 4.350000 19.136200
v 14.000000 4.550000 19.136200
v 13.373854 4.350000 19.011652
v 13.373854 4.550000 19.011652
v 12.843032 4.350000 18.656967
v 12.843032 4.550000 18.656967
v 12.488348 4.350000 18.126146
v 12.488348 4.550000 18.126146
v 12.363800 4.350000 17.500000
v 12.363800 4.550000 17.500000
v 12.488348 4.350000 16.873854
v 12.488348 4.550000 16.873854
v 12.843032 4.350000 16.343033
v 12.843032 4.550000 16.343033
v 13.373854 4.350000 15.988348
v 13.373854 4.550000 15.988348
v 14.000000 3.440000 16.225000
v 14.000000 3.660000 16.225000
v 14.487922 3.440000 16.322054
v 14.487922 3.660000 16.322054
v 14.901561 3.440000 16.598438
v 14.901561 3.660000 16.598438
v 15.177946 3.440000 17.012079
v 15.177946 3.660000 17.012079
v 15.275000 3.440000 17.500000
v 15.275000 3.660000 17.500000
v 15.177946 3.440000 17.987921
v 15.177946 3.660000 17.987921
v 14.901561 3.440000 18.401562
v 14.901561 3.660000 18.401562
v 14.487922 3.440000 18.677946
v 14.487922 3.660000 18.677946
v 14.000000 3.440000 18.775000
v 14.000000 3.660000 18.775000
v 13.512078 3.440000 18.677946
v 13.512078 3.660000 18.677946
v 13.098439 3.440000 18.401562
v 13.098439 3.660000 18.401562
v 12.822054 3.440000 17.987921
v 12.822054 3.660000 17.987921
v 12.725000 3.440000 17.500000
v 12.725000 3.660000 17.500000
v 12.822054 3.440000 17.012079
v 12.822054 3.660000 17.012079
v 13.098439 3.440000 16.598438
v 13.098439 3.660000 16.598438
v 13.512078 3.440000 16.322054
v 13.512078 3.660000 16.322054
v 13.312500 0.267000 18.605000
v 13.312500 4.183000 18.605000
v 13.687500 0.267000 18.695000
v 13.687500 4.183000 18.695000
v 13.687500 0.267000 18.605000
v 13.687500 4.183000 18.605000
v 13.312500 11.653000 18.695000
v 13.312500 16.097000 18.695000
v 14.000000 11.350000 16.250000
v 14.000000 16.400000 16.250000
v 14.478354 11.350000 16.345150
v 14.478354 16.400000 16.345150
v 14.883883 11.350000 16.616116
v 14.883883 16.400000 16.616116
v 15.154849 11.350000 17.021646
v 15.154849 16.400000 17.021646
v 15.250000 11.350000 17.500000
v 15.250000 16.400000 17.500000
v 15.154849 11.350000 17.978354
v 15.154849 16.400000 17.978354
v 14.883883 11.350000 18.383884
v 14.883883 16.400000 18.383884
v 14.478354 11.350000 18.654850
v 14.478354 16.400000 18.654850
v 14.000000 11.350000 18.750000
v 14.000000 16.400000 18.750000
v 13.521646 11.350000 18.654850
v 13.521646 16.400000 18.654850
v 13.116117 11.350000 18.383884
v 13.116117 16.400000 18.383884
v 12.845151 11.350000 17.978354
v 12.845151 16.400000 17.978354
v 12.750000 11.350000 17.500000
v 12.750000 16.400000 17.500000
v 12.845151 11.350000 17.021646
v 12.845151 16.400000 17.021646
v 13.116117 11.350000 16.616116
v 13.116117 16.400000 16.616116
v 13.521646 11.350000 16.345150
v 13.521646 16.400000 16.345150
v 14.000000 10.200000 15.880000
v 14.000000 11.349999 15.880000
v 14.619947 10.200000 16.003315
v 14.619947 11.349999 16.003315
v 15.145513 10.200000 16.354486
v 15.145513 11.349999 16.354486
v 15.496685 10.200000 16.880053
v 15.496685 11.349999 16.880053
v 15.620000 10.200000 17.500000
v 15.620000 11.349999 17.500000
v 15.496685 10.200000 18.119947
v 15.496685 11.349999 18.119947
v 15.145513 10.200000 18.645514
v 15.145513 11.349999 18.645514
v 14.619947 10.200000 18.996685
v 14.619947 11.349999 18.996685
v 14.000000 10.200000 19.120001
v 14.000000 11.349999 19.120001
v 13.380053 10.200000 18.996685
v 13.380053 11.349999 18.996685
v 12.854487 10.200000 18.645514
v 12.854487 11.349999 18.645514
v 12.503315 10.200000 18.119947
v 12.503315 11.349999 18.119947
v 12.380000 10.200000 17.500000
v 12.380000 11.349999 17.500000
v 12.503315 10.200000 16.880053
v 12.503315 11.349999 16.880053
v 12.854487 10.200000 16.354486
v 12.854487 11.349999 16.354486
v 13.380053 10.200000 16.003315
v 13.380053 11.349999 16.003315
v 14.000000 10.070000 15.831400
v 14.000000 10.330000 15.831400
v 14.638546 10.070000 15.958415
v 14.638546 10.330000 15.958415
v 15.179878 10.070000 16.320122
v 15.179878 10.330000 16.320122
v 15.541585 10.070000 16.861454
v 15.541585 10.330000 16.861454
v 15.668600 10.070000 17.500000
v 15.668600 10.330000 17.500000
v 15.541585 10.070000 18.138546
v 15.541585 10.330000 18.138546
v 15.179878 10.070000 18.679878
v 15.179878 10.330000 18.679878
v 14.638546 10.070000 19.041586
v 14.638546 10.330000 19.041586
v 14.000000 10.070000 19.168600
v 14.000000 10.330000 19.168600
v 13.361454 10.070000 19.041586
v 13.361454 10.330000 19.041586
v 12.820122 10.070000 18.679878
v 12.820122 10.330000 18.679878
v 12.458415 10.070000 18.138546
v 12.458415 10.330000 18.138546
v 12.331400 10.070000 17.500000
v 12.331400 10.330000 17.500000
v 12.458415 10.070000 16.861454
v 12.458415 10.330000 16.861454
v 12.820122 10.070000 16.320122
v 12.820122 10.330000 16.320122
v 13.361454 10.070000 15.958415
v 13.361454 10.330000 15.958415
v 14.000000 11.250000 15.863800
v 14.000000 11.450001 15.863800
v 14.626146 11.250000 15.988348
v 14.626146 11.450001 15.988348
v 15.156968 11.250000 16.343033
v 15.156968 11.450001 16.343033
v 15.511652 11.250000 16.873854
v 15.511652 11.450001 16.873854
v 15.636200 11.250000 17.500000
v 15.636200 11.450001 17.500000
v 15.511652 11.250000 18.126146
v 15.511652 11.450001 18.126146
v 15.156968 11.250000 18.656967
v 15.156968 11.450001 18.656967
v 14.626146 11.250000 19.011652
v 14.626146 11.450001 19.011652
v 14.000000 11.250000 19.136200
v 14.000000 11.450001 19.136200
v 13.373854 11.250000 19.011652
v 13.373854 11.450001 19.011652
v 12.843032 11.250000 18.656967
v 12.843032 11.450001 18.656967
v 12.488348 11.250000 18.126146
v 12.488348 11.450001 18.126146
v 12.363800 11.250000 17.500000
v 12.363800 11.450001 17.500000
v 12.488348 11.250000 16.873854
v 12.488348 11.450001 16.873854
v 12.843032 11.250000 16.343033
v 12.843032 11.450001 16.343033
v 13.373854 11.250000 15.988348
v 13.373854 11.450001 15.988348
v 14.000000 12.140000 16.225000
v 14.000000 12.360000 16.225000
v 14.487922 12.140000 16.322054
v 14.487922 12.360000 16.322054
v 14.901561 12.140000 16.598438
v 14.901561 12.360000 16.598438
v 15.177946 12.140000 17.012079
v 15.177946 12.360000 17.012079
v 15.275000 12.140000 17.500000
v 15.275000 12.360000 17.500000
v 15.177946 12.140000 17.987921
v 15.177946 12.360000 17.987921
v 14.901561 12.140000 18.401562
v 14.901561 12.360000 18.401562
v 14.487922 12.140000 18.677946
v 14.487922 12.360000 18.677946
v 14.000000 12.140000 18.775000
v 14.000000 12.360000 18.775000
v 13.512078 12.140000 18.677946
v 13.512078 12.360000 18.677946
v 13.098439 12.140000 18.401562
v 13.098439 12.360000 18.401562
v 12.822054 12.140000 17.987921
v 12.822054 12.360000 17.987921
v 12.725000 12.140000 17.500000
v 12.725000 12.360000 17.500000
v 12.822054 12.140000 17.012079
v 12.822054 12.360000 17.012079
v 13.098439 12.140000 16.598438
v 13.098439 12.360000 16.598438
v 13.512078 12.140000 16.322054
v 13.512078 12.360000 16.322054
v 13.312500 11.653000 18.605000
v 13.312500 16.097000 18.605000
v 13.687500 11.653000 18.695000
v 13.687500 16.097000 18.695000
v 13.687500 11.653000 18.605000
v 13.687500 16.097000 18.605000
v -15.287500 0.831000 -13.305000
v -15.287500 13.019000 -13.305000
v -14.600000 0.000000 -15.750000
v -14.600000 13.850000 -15.750000
v -14.121646 0.000000 -15.654849
v -14.121646 13.850000 -15.654849
v -13.716117 0.000000 -15.383883
v -13.716117 13.850000 -15.383883
v -13.445151 0.000000 -14.978354
v -13.445151 13.850000 -14.978354
v -13.350000 0.000000 -14.500000
v -13.350000 13.850000 -14.500000
v -13.445151 0.000000 -14.021646
v -13.445151 13.850000 -14.021646
v -13.716117 0.000000 -13.616117
v -13.716117 13.850000 -13.616117
v -14.121646 0.000000 -13.345151
v -14.121646 13.850000 -13.345151
v -14.600000 0.000000 -13.250000
v -14.600000 13.850000 -13.250000
v -15.078355 0.000000 -13.345151
v -15.078355 13.850000 -13.345151
v -15.483884 0.000000 -13.616117
v -15.483884 13.850000 -13.616117
v -15.754849 0.000000 -14.021646
v -15.754849 13.850000 -14.021646
v -15.850000 0.000000 -14.500000
v -15.850000 13.850000 -14.500000
v -15.754849 0.000000 -14.978354
v -15.754849 13.850000 -14.978354
v -15.483884 0.000000 -15.383883
v -15.483884 13.850000 -15.383883
v -15.078355 0.000000 -15.654849
v -15.078355 13.850000 -15.654849
v -14.600000 13.850000 -16.120001
v -14.600000 15.000000 -16.120001
v -13.980053 13.850000 -15.996685
v -13.980053 15.000000 -15.996685
v -13.454488 13.850000 -15.645513
v -13.454488 15.000000 -15.645513
v -13.103315 13.850000 -15.119947
v -13.103315 15.000000 -15.119947
v -12.980000 13.850000 -14.500000
v -12.980000 15.000000 -14.500000
v -13.103315 13.850000 -13.880053
v -13.103315 15.000000 -13.880053
v -13.454488 13.850000 -13.354487
v -13.454488 15.000000 -13.354487
v -13.980053 13.850000 -13.003315
v -13.980053 15.000000 -13.003315
v -14.600000 13.850000 -12.880000
v -14.600000 15.000000 -12.880000
v -15.219948 13.850000 -13.003315
v -15.219948 15.000000 -13.003315
v -15.745513 13.850000 -13.354487
v -15.745513 15.000000 -13.354487
v -16.096685 13.850000 -13.880053
v -16.096685 15.000000 -13.880053
v -16.220001 13.850000 -14.500000
v -16.220001 15.000000 -14.500000
v -16.096685 13.850000 -15.119947
v -16.096685 15.000000 -15.119947
v -15.745513 13.850000 -15.645513
v -15.745513 15.000000 -15.645513
v -15.219948 13.850000 -15.996685
v -15.219948 15.000000 -15.996685
v -14.600000 14.870000 -16.168600
v -14.600000 15.130000 -16.168600
v -13.961454 14.870000 -16.041586
v -13.961454 15.130000 -16.041586
v -13.420122 14.870000 -15.679878
v -13.420122 15.130000 -15.679878
v -13.058415 14.870000 -15.138546
v -13.058415 15.130000 -15.138546
v -12.931400 14.870000 -14.500000
v -12.931400 15.130000 -14.500000
v -13.058415 14.870000 -13.861454
v -13.058415 15.130000 -13.861454
v -13.420122 14.870000 -13.320122
v -13.420122 15.130000 -13.320122
v -13.961454 14.870000 -12.958415
v -13.961454 15.130000 -12.958415
v -14.600000 14.870000 -12.831400
v -14.600000 15.130000 -12.831400
v -15.238546 14.870000 -12.958415
v -15.238546 15.130000 -12.958415
v -15.779879 14.870000 -13.320122
v -15.779879 15.130000 -13.320122
v -16.141586 14.870000 -13.861454
v -16.141586 15.130000 -13.861454
v -16.268600 14.870000 -14.500000
v -16.268600 15.130000 -14.500000
v -16.141586 14.870000 -15.138546
v -16.141586 15.130000 -15.138546
v -15.779879 14.870000 -15.679878
v -15.779879 15.130000 -15.679878
v -15.238546 14.870000 -16.041586
v -15.238546 15.130000 -16.041586
v -14.600000 13.750000 -16.136200
v -14.600000 13.950001 -16.136200
v -13.973854 13.750000 -16.011652
v -13.973854 13.950001 -16.011652
v -13.443032 13.750000 -15.656968
v -13.443032 13.950001 -15.656968
v -13.088348 13.750000 -15.126146
v -13.088348 13.950001 -15.126146
v -12.963800 13.750000 -14.500000
v -12.963800 13.950001 -14.500000
v -13.088348 13.750000 -13.873854
v -13.088348 13.950001 -13.873854
v -13.443032 13.750000 -13.343032
v -13.443032 13.950001 -13.343032
v -13.973854 13.750000 -12.988348
v -13.973854 13.950001 -12.988348
v -14.600000 13.750000 -12.863800
v -14.600000 13.950001 -12.863800
v -15.226147 13.750000 -12.988348
v -15.226147 13.950001 -12.988348
v -15.756968 13.750000 -13.343032
v -15.756968 13.950001 -13.343032
v -16.111652 13.750000 -13.873854
v -16.111652 13.950001 -13.873854
v -16.236200 13.750000 -14.500000
v -16.236200 13.950001 -14.500000
v -16.111652 13.750000 -15.126146
v -16.111652 13.950001 -15.126146
v -15.756968 13.750000 -15.656968
v -15.756968 13.950001 -15.656968
v -15.226147 13.750000 -16.011652
v -15.226147 13.950001 -16.011652
v -14.600000 12.840000 -15.775000
v -14.600000 13.059999 -15.775000
v -14.112079 12.840000 -15.677946
v -14.112079 13.059999 -15.677946
v -13.698440 12.840000 -15.401561
v -13.698440 13.059999 -15.401561
v -13.422054 12.840000 -14.987922
v -13.422054 13.059999 -14.987922
v -13.325001 12.840000 -14.500000
v -13.325001 13.059999 -14.500000
v -13.422054 12.840000 -14.012078
v -13.422054 13.059999 -14.012078
v -13.698440 12.840000 -13.598439
v -13.698440 13.059999 -13.598439
v -14.112079 12.840000 -13.322054
v -14.112079 13.059999 -13.322054
v -14.600000 12.840000 -13.225000
v -14.600000 13.059999 -13.225000
v -15.087922 12.840000 -13.322054
v -15.087922 13.059999 -13.322054
v -15.501561 12.840000 -13.598439
v -15.501561 13.059999 -13.598439
v -15.777946 12.840000 -14.012078
v -15.777946 13.059999 -14.012078
v -15.875000 12.840000 -14.500000
v -15.875000 13.059999 -14.500000
v -15.777946 12.840000 -14.987922
v -15.777946 13.059999 -14.987922
v -15.501561 12.840000 -15.401561
v -15.501561 13.059999 -15.401561
v -15.087922 12.840000 -15.677946
v -15.087922 13.059999 -15.677946
v -15.287500 0.831000 -13.395000
v -15.287500 13.019000 -13.395000
v -14.912500 0.831000 -13.305000
v -14.912500 13.019000 -13.305000
v -14.912500 0.831000 -13.395000
v -14.912500 13.019000 -13.395000
v 13.912500 0.831000 -13.305000
v 13.912500 13.019000 -13.305000
v 14.600000 0.000000 -15.750000
v 14.600000 13.850000 -15.750000
v 15.078355 0.000000 -15.654849
v 15.078355 13.850000 -15.654849
v 15.483884 0.000000 -15.383883
v 15.483884 13.850000 -15.383883
v 15.754849 0.000000 -14.978354
v 15.754849 13.850000 -14.978354
v 15.850000 0.000000 -14.500000
v 15.850000 13.850000 -14.500000
v 15.754849 0.000000 -14.021646
v 15.754849 13.850000 -14.021646
v 15.483884 0.000000 -13.616117
v 15.483884 13.850000 -13.616117
v 15.078355 0.000000 -13.345151
v 15.078355 13.850000 -13.345151
v 14.600000 0.000000 -13.250000
v 14.600000 13.850000 -13.250000
v 14.121646 0.000000 -13.345151
v 14.121646 13.850000 -13.345151
v 13.716117 0.000000 -13.616117
v 13.716117 13.850000 -13.616117
v 13.445151 0.000000 -14.021646
v 13.445151 13.850000 -14.021646
v 13.350000 0.000000 -14.500000
v 13.350000 13.850000 -14.500000
v 13.445151 0.000000 -14.978354
v 13.445151 13.850000 -14.978354
v 13.716117 0.000000 -15.383883
v 13.716117 13.850000 -15.383883
v 14.121646 0.000000 -15.654849
v 14.121646 13.850000 -15.654849
v 14.600000 13.850000 -16.120001
v 14.600000 15.000000 -16.120001
v 15.219948 13.850000 -15.996685
v 15.219948 15.000000 -15.996685
v 15.745513 13.850000 -15.645513
v 15.745513 15.000000 -15.645513
v 16.096685 13.850000 -15.119947
v 16.096685 15.000000 -15.119947
v 16.220001 13.850000 -14.500000
v 16.220001 15.000000 -14.500000
v 16.096685 13.850000 -13.880053
v 16.096685 15.000000 -13.880053
v 15.745513 13.850000 -13.354487
v 15.745513 15.000000 -13.354487
v 15.219948 13.850000 -13.003315
v 15.219948 15.000000 -13.003315
v 14.600000 13.850000 -12.880000
v 14.600000 15.000000 -12.880000
v 13.980053 13.850000 -13.003315
v 13.980053 15.000000 -13.003315
v 13.454488 13.850000 -13.354487
v 13.454488 15.000000 -13.354487
v 13.103315 13.850000 -13.880053
v 13.103315 15.000000 -13.880053
v 12.980000 13.850000 -14.500000
v 12.980000 15.000000 -14.500000
v 13.103315 13.850000 -15.119947
v 13.103315 15.000000 -15.119947
v 13.454488 13.850000 -15.645513
v 13.454488 15.000000 -15.645513
v 13.980053 13.850000 -15.996685
v 13.980053 15.000000 -15.996685
v 14.600000 14.870000 -16.168600
v 14.600000 15.130000 -16.168600
v 15.238546 14.870000 -16.041586
v 15.238546 15.130000 -16.041586
v 15.779879 14.870000 -15.679878
v 15.779879 15.130000 -15.679878
v 16.141586 14.870000 -15.138546
v 16.141586 15.130000 -15.138546
v 16.268600 14.870000 -14.500000
v 16.268600 15.130000 -14.500000
v 16.141586 14.870000 -13.861454
v 16.141586 15.130000 -13.861454
v 15.779879 14.870000 -13.320122
v 15.779879 15.130000 -13.320122
v 15.238546 14.870000 -12.958415
v 15.238546 15.130000 -12.958415
v 14.600000 14.870000 -12.831400
v 14.600000 15.130000 -12.831400
v 13.961454 14.870000 -12.958415
v 13.961454 15.130000 -12.958415
v 13.420122 14.870000 -13.320122
v 13.420122 15.130000 -13.320122
v 13.058415 14.870000 -13.861454
v 13.058415 15.130000 -13.861454
v 12.931400 14.870000 -14.500000
v 12.931400 15.130000 -14.500000
v 13.058415 14.870000 -15.138546
v 13.058415 15.130000 -15.138546
v 13.420122 14.870000 -15.679878
v 13.420122 15.130000 -15.679878
v 13.961454 14.870000 -16.041586
v 13.961454 15.130000 -16.041586
v 14.600000 13.750000 -16.136200
v 14.600000 13.950001 -16.136200
v 15.226147 13.750000 -16.011652
v 15.226147 13.950001 -16.011652
v 15.756968 13.750000 -15.656968
v 15.756968 13.950001 -15.656968
v 16.111652 13.750000 -15.126146
v 16.111652 13.950001 -15.126146
v 16.236200 13.750000 -14.500000
v 16.236200 13.950001 -14.500000
v 16.111652 13.750000 -13.873854
v 16.111652 13.950001 -13.873854
v 15.756968 13.750000 -13.343032
v 15.756968 13.950001 -13.343032
v 15.226147 13.750000 -12.988348
v 15.226147 13.950001 -12.988348
v 14.600000 13.750000 -12.863800
v 14.600000 13.950001 -12.863800
v 13.973854 13.750000 -12.988348
v 13.973854 13.950001 -12.988348
v 13.443032 13.750000 -13.343032
v 13.443032 13.950001 -13.343032
v 13.088348 13.750000 -13.873854
v 13.088348 13.950001 -13.873854
v 12.963800 13.750000 -14.500000
v 12.963800 13.950001 -14.500000
v 13.088348 13.750000 -15.126146
v 13.088348 13.950001 -15.126146
v 13.443032 13.750000 -15.656968
v 13.443032 13.950001 -15.656968
v 13.973854 13.750000 -16.011652
v 13.973854 13.950001 -16.011652
v 14.600000 12.840000 -15.775000
v 14.600000 13.059999 -15.775000
v 15.087922 12.840000 -15.677946
v 15.087922 13.059999 -15.677946
v 15.501561 12.840000 -15.401561
v 15.501561 13.059999 -15.401561
v 15.777946 12.840000 -14.987922
v 15.777946 13.059999 -14.987922
v 15.875000 12.840000 -14.500000
v 15.875000 13.059999 -14.500000
v 15.777946 12.840000 -14.012078
v 15.777946 13.059999 -14.012078
v 15.501561 12.840000 -13.598439
v 15.501561 13.059999 -13.598439
v 15.087922 12.840000 -13.322054
v 15.087922 13.059999 -13.322054
v 14.600000 12.840000 -13.225000
v 14.600000 13.059999 -13.225000
v 14.112079 12.840000 -13.322054
v 14.112079 13.059999 -13.322054
v 13.698440 12.840000 -13.598439
v 13.698440 13.059999 -13.598439
v 13.422054 12.840000 -14.012078
v 13.422054 13.059999 -14.012078
v 13.325001 12.840000 -14.500000
v 13.325001 13.059999 -14.500000
v 13.422054 12.840000 -14.987922
v 13.422054 13.059999 -14.987922
v 13.698440 12.840000 -15.401561
v 13.698440 13.059999 -15.401561
v 14.112079 12.840000 -15.677946
v 14.112079 13.059999 -15.677946
v 13.912500 0.831000 -13.395000
v 13.912500 13.019000 -13.395000
v 14.287500 0.831000 -13.305000
v 14.287500 13.019000 -13.305000
v 14.287500 0.831000 -13.395000
v 14.287500 13.019000 -13.395000
vn -1.0000 -0.0000 -0.0000
vn -0.0000 -0.0000 -1.0000
vn 1.0000 -0.0000 -0.0000
vn -0.0000 -0.0000 1.0000
vn -0.0000 -1.0000 -0.0000
vn -0.0000 1.0000 -0.0000
vn -0.7518 -0.6594 -0.0000
vn 0.7518 0.6594 -0.0000
vn 0.6594 -0.7518 -0.0000
vn -0.6594 0.7518 -0.0000
vn -0.3827 -0.0000 0.9239
vn -0.7071 -0.0000 0.7071
vn 0.9239 -0.0000 0.3827
vn 0.3827 -0.0000 -0.9239
vn 0.3827 -0.0000 0.9239
vn 0.7071 -0.0000 -0.7071
vn 0.7071 -0.0000 0.7071
vn -0.6594 -0.7518 -0.0000
vn 0.9239 -0.0000 -0.3827
vn -0.9239 -0.0000 0.3827
vn -0.9239 -0.0000 -0.3827
vn -0.7071 -0.0000 -0.7071
vn -0.3827 -0.0000 -0.9239
vn 0.7518 -0.6594 -0.0000
vn 0.6594 0.7518 -0.0000
vn -0.7518 0.6594 -0.0000
vt 0.413041 0.413642
vt 0.413041 0.004264
vt 0.434714 0.004264
vt 0.434714 0.413642
vt 0.443241 0.413642
vt 0.443241 0.004264
vt 0.464914 0.004264
vt 0.464914 0.413642
vt 0.473442 0.413642
vt 0.473442 0.004264
vt 0.495115 0.004264
vt 0.495115 0.413642
vt 0.503642 0.413642
vt 0.503642 0.004264
vt 0.525315 0.004264
vt 0.525315 0.413642
vt 0.848929 0.692463
vt 0.848929 0.714136
vt 0.827256 0.714136
vt 0.827256 0.692463
vt 0.863562 0.071837
vt 0.863562 0.093510
vt 0.841889 0.093510
vt 0.841889 0.071837
vt 0.756552 0.411531
vt 0.739695 0.411531
vt 0.739695 0.394674
vt 0.756552 0.394674
vt 0.227383 0.919100
vt 0.210526 0.919100
vt 0.210526 0.808328
vt 0.227383 0.808328
vt 0.781936 0.411531
vt 0.765079 0.411531
vt 0.765079 0.394674
vt 0.781936 0.394674
vt 0.860322 0.298298
vt 0.843465 0.298298
vt 0.843465 0.187525
vt 0.860322 0.187525
vt 0.567406 0.767730
vt 0.567406 0.878502
vt 0.550549 0.878502
vt 0.550549 0.767730
vt 0.252767 0.808328
vt 0.252767 0.919100
vt 0.235910 0.919100
vt 0.235910 0.808328
vt 0.339419 0.724483
vt 0.330367 0.724483
vt 0.330367 0.712442
vt 0.339419 0.712442
vt 0.806862 0.929496
vt 0.794821 0.929496
vt 0.794821 0.866885
vt 0.806862 0.866885
vt 0.870097 0.412764
vt 0.861045 0.412764
vt 0.861045 0.400724
vt 0.870097 0.400724
vt 0.185367 0.877082
vt 0.197407 0.877082
vt 0.197407 0.939693
vt 0.185367 0.939693
vt 0.640910 0.900996
vt 0.640910 0.948067
vt 0.628870 0.948067
vt 0.628870 0.900996
vt 0.466217 0.904057
vt 0.466217 0.951128
vt 0.454177 0.951128
vt 0.454177 0.904057
vt 0.031957 0.889738
vt 0.004264 0.889738
vt 0.004264 0.877082
vt 0.031957 0.877082
vt 0.871159 0.334411
vt 0.843465 0.334411
vt 0.843465 0.319482
vt 0.871159 0.319482
vt 0.178840 0.799800
vt 0.178840 0.692639
vt 0.190359 0.692639
vt 0.190359 0.799800
vt 0.993433 0.465109
vt 0.988617 0.465109
vt 0.988617 0.450030
vt 0.993433 0.450030
vt 0.988617 0.434952
vt 0.993433 0.434952
vt 0.200125 0.692639
vt 0.200125 0.799800
vt 0.729659 0.401293
vt 0.723398 0.401293
vt 0.723398 0.388257
vt 0.729659 0.388257
vt 0.425081 0.904057
vt 0.425081 0.951128
vt 0.413041 0.951128
vt 0.413041 0.904057
vt 0.261712 0.799035
vt 0.261712 0.691874
vt 0.271478 0.691874
vt 0.271478 0.799035
vt 0.031957 0.904667
vt 0.004264 0.904667
vt 0.871159 0.349340
vt 0.843465 0.349340
vt 0.282997 0.691874
vt 0.282997 0.799035
vt 0.662749 0.793081
vt 0.656488 0.793081
vt 0.656488 0.777704
vt 0.662749 0.777704
vt 0.481006 0.947847
vt 0.474745 0.947847
vt 0.474745 0.932470
vt 0.481006 0.932470
vt 0.294516 0.691874
vt 0.294516 0.799035
vt 0.495794 0.917093
vt 0.489533 0.917093
vt 0.489533 0.904057
vt 0.495794 0.904057
vt 0.729659 0.372880
vt 0.723398 0.372880
vt 0.723398 0.357503
vt 0.729659 0.357503
vt 0.304282 0.691874
vt 0.304282 0.799035
vt 0.031957 0.919596
vt 0.004264 0.919596
vt 0.871159 0.361996
vt 0.843465 0.361996
vt 0.208652 0.799800
vt 0.208652 0.692639
vt 0.218418 0.692639
vt 0.218418 0.799800
vt 0.969973 0.228726
vt 0.964675 0.228726
vt 0.964675 0.218765
vt 0.969973 0.218765
vt 0.914760 0.101422
vt 0.909462 0.101422
vt 0.909462 0.089672
vt 0.914760 0.089672
vt 0.229937 0.692639
vt 0.229937 0.799800
vt 0.533842 0.413642
vt 0.533842 0.004264
vt 0.555515 0.004264
vt 0.555515 0.413642
vt 0.340809 0.950713
vt 0.335993 0.950713
vt 0.335993 0.937930
vt 0.340809 0.937930
vt 0.241456 0.692639
vt 0.241456 0.799800
vt 0.031957 0.932252
vt 0.004264 0.932252
vt 0.068178 0.889738
vt 0.040484 0.889738
vt 0.040484 0.877082
vt 0.068178 0.877082
vt 0.251222 0.692639
vt 0.251222 0.799800
vt 0.481006 0.960882
vt 0.474745 0.960882
vt 0.865138 0.370523
vt 0.865138 0.392196
vt 0.843465 0.392196
vt 0.843465 0.370523
vt 0.004264 0.799800
vt 0.004264 0.692639
vt 0.014029 0.692639
vt 0.014029 0.799800
vt 0.104398 0.919596
vt 0.076705 0.919596
vt 0.076705 0.904667
vt 0.104398 0.904667
vt 0.025549 0.692639
vt 0.025549 0.799800
vt 0.843465 0.306825
vt 0.871159 0.306825
vt 0.068178 0.904667
vt 0.040484 0.904667
vt 0.037068 0.692639
vt 0.037068 0.799800
vt 0.380840 0.980870
vt 0.376024 0.980870
vt 0.376024 0.965792
vt 0.380840 0.965792
vt 0.474745 0.917093
vt 0.481006 0.917093
vt 0.046833 0.692639
vt 0.046833 0.799800
vt 0.881807 0.671136
vt 0.873502 0.679441
vt 0.862651 0.683935
vt 0.850906 0.683935
vt 0.840055 0.679441
vt 0.831750 0.671136
vt 0.827256 0.660285
vt 0.827256 0.648540
vt 0.831750 0.637689
vt 0.840055 0.629384
vt 0.850906 0.624889
vt 0.862651 0.624889
vt 0.873502 0.629384
vt 0.881807 0.637689
vt 0.886302 0.648540
vt 0.886302 0.660285
vt 0.723398 0.344467
vt 0.729659 0.344467
vt 0.157555 0.799800
vt 0.157555 0.692639
vt 0.167321 0.692639
vt 0.167321 0.799800
vt 0.510583 0.917093
vt 0.504322 0.917093
vt 0.504322 0.904057
vt 0.510583 0.904057
vt 0.844057 0.102037
vt 0.844057 0.111068
vt 0.841889 0.111068
vt 0.841889 0.102037
vt 0.822498 0.778748
vt 0.814193 0.770443
vt 0.809698 0.759592
vt 0.809698 0.747847
vt 0.814193 0.736996
vt 0.822498 0.728691
vt 0.833348 0.724197
vt 0.845093 0.724197
vt 0.855944 0.728691
vt 0.864249 0.736996
vt 0.868744 0.747847
vt 0.868744 0.759592
vt 0.864249 0.770443
vt 0.855944 0.778748
vt 0.845093 0.783243
vt 0.833348 0.783243
vt 0.280354 0.949975
vt 0.275056 0.949975
vt 0.275056 0.940014
vt 0.280354 0.940014
vt 0.904965 0.779367
vt 0.877271 0.779367
vt 0.877271 0.766711
vt 0.904965 0.766711
vt 0.380840 0.993653
vt 0.376024 0.993653
vt 0.855048 0.893290
vt 0.827355 0.893290
vt 0.827355 0.878361
vt 0.855048 0.878361
vt 0.877271 0.751782
vt 0.904965 0.751782
vt 0.474745 0.904057
vt 0.481006 0.904057
vt 0.510583 0.932470
vt 0.504322 0.932470
vt 0.877271 0.736853
vt 0.904965 0.736853
vt 0.104398 0.889738
vt 0.076705 0.889738
vt 0.076705 0.877082
vt 0.104398 0.877082
vt 0.988617 0.422169
vt 0.993433 0.422169
vt 0.877271 0.724197
vt 0.904965 0.724197
vt 0.733485 0.748021
vt 0.719423 0.753846
vt 0.704201 0.753846
vt 0.690138 0.748021
vt 0.679375 0.737257
vt 0.673550 0.723195
vt 0.673550 0.707973
vt 0.679375 0.693910
vt 0.690138 0.683147
vt 0.704201 0.677322
vt 0.719422 0.677322
vt 0.733485 0.683147
vt 0.744248 0.693910
vt 0.750073 0.707973
vt 0.750073 0.723195
vt 0.744249 0.737257
vt 0.376024 0.950713
vt 0.380840 0.950713
vt 0.068178 0.932252
vt 0.040484 0.932252
vt 0.040484 0.919596
vt 0.068178 0.919596
vt 0.993433 0.477891
vt 0.988617 0.477891
vt 0.969973 0.207015
vt 0.964675 0.207015
vt 0.964675 0.195266
vt 0.969973 0.195266
vt 0.321647 0.612648
vt 0.332411 0.623412
vt 0.338236 0.637474
vt 0.338236 0.652696
vt 0.332411 0.666759
vt 0.321647 0.677522
vt 0.307585 0.683347
vt 0.292363 0.683347
vt 0.278300 0.677522
vt 0.267537 0.666759
vt 0.261712 0.652696
vt 0.261712 0.637474
vt 0.267537 0.623412
vt 0.278300 0.612648
vt 0.292363 0.606823
vt 0.307585 0.606823
vt 0.914760 0.111383
vt 0.909462 0.111383
vt 0.525371 0.960882
vt 0.519110 0.960882
vt 0.519110 0.947847
vt 0.525371 0.947847
vt 0.854751 0.102037
vt 0.854751 0.111068
vt 0.852584 0.111068
vt 0.852584 0.102037
vt 0.519110 0.932470
vt 0.525371 0.932470
vt 0.340809 0.965791
vt 0.335993 0.965791
vt 0.376024 0.937931
vt 0.380840 0.937931
vt 0.519110 0.917093
vt 0.525371 0.917093
vt 0.909462 0.077922
vt 0.914760 0.077922
vt 0.772499 0.256010
vt 0.772499 0.134400
vt 0.782265 0.134400
vt 0.782265 0.256010
vt 0.519110 0.904057
vt 0.525371 0.904057
vt 0.964675 0.185305
vt 0.969973 0.185305
vt 0.004264 0.377885
vt 0.010263 0.363400
vt 0.021349 0.352314
vt 0.035834 0.346314
vt 0.051512 0.346314
vt 0.065997 0.352314
vt 0.077083 0.363400
vt 0.083083 0.377884
vt 0.083083 0.393563
vt 0.077083 0.408047
vt 0.065997 0.419133
vt 0.051512 0.425133
vt 0.035834 0.425133
vt 0.021350 0.419133
vt 0.010263 0.408047
vt 0.004264 0.393563
vt 0.510583 0.960882
vt 0.504322 0.960882
vt 0.504322 0.947847
vt 0.510583 0.947847
vt 0.739695 0.386147
vt 0.739695 0.264537
vt 0.749461 0.264537
vt 0.749461 0.386147
vt 0.386454 0.467923
vt 0.386454 0.346314
vt 0.396220 0.346314
vt 0.396220 0.467923
vt 0.138859 0.346314
vt 0.153344 0.352314
vt 0.164430 0.363400
vt 0.170429 0.377884
vt 0.170429 0.393563
vt 0.164430 0.408047
vt 0.153344 0.419133
vt 0.138859 0.425133
vt 0.123181 0.425133
vt 0.108696 0.419133
vt 0.097610 0.408047
vt 0.091610 0.393563
vt 0.091610 0.377884
vt 0.097610 0.363400
vt 0.108696 0.352314
vt 0.123181 0.346314
vt 0.779886 0.789604
vt 0.779886 0.682443
vt 0.791405 0.682443
vt 0.791405 0.789604
vt 0.394184 0.993653
vt 0.389368 0.993653
vt 0.389368 0.980870
vt 0.394184 0.980870
vt 0.760980 0.256010
vt 0.760980 0.134400
vt 0.855048 0.908219
vt 0.827355 0.908219
vt 0.389368 0.965791
vt 0.394184 0.965792
vt 0.909462 0.067961
vt 0.914760 0.067961
vt 0.280354 0.961725
vt 0.275056 0.961725
vt 0.389368 0.950713
vt 0.394184 0.950713
vt 0.855048 0.920875
vt 0.827355 0.920875
vt 0.760980 0.264537
vt 0.760980 0.386147
vt 0.389368 0.937930
vt 0.394184 0.937930
vt 0.665022 0.453127
vt 0.665022 0.468500
vt 0.659139 0.482704
vt 0.648268 0.493575
vt 0.634065 0.499458
vt 0.618691 0.499458
vt 0.604488 0.493575
vt 0.593617 0.482704
vt 0.587734 0.468500
vt 0.587734 0.453127
vt 0.593617 0.438923
vt 0.604488 0.428052
vt 0.618691 0.422169
vt 0.634065 0.422169
vt 0.648268 0.428052
vt 0.659139 0.438923
vt 0.353650 0.467923
vt 0.353650 0.346314
vt 0.363416 0.346314
vt 0.363416 0.467923
vt 0.340809 0.993653
vt 0.335993 0.993653
vt 0.335993 0.980870
vt 0.340809 0.980870
vt 0.374935 0.467923
vt 0.374935 0.346314
vt 0.354153 0.980870
vt 0.349337 0.980870
vt 0.349337 0.965791
vt 0.354153 0.965791
vt 0.634065 0.507985
vt 0.648268 0.513869
vt 0.659139 0.524739
vt 0.665023 0.538943
vt 0.665023 0.554317
vt 0.659139 0.568520
vt 0.648268 0.579391
vt 0.634065 0.585274
vt 0.618691 0.585274
vt 0.604488 0.579391
vt 0.593617 0.568520
vt 0.587734 0.554316
vt 0.587734 0.538943
vt 0.593617 0.524739
vt 0.604488 0.513869
vt 0.618691 0.507985
vt 0.037212 0.950740
vt 0.031914 0.950740
vt 0.031914 0.940780
vt 0.037212 0.940780
vt 0.927031 0.410069
vt 0.921733 0.410069
vt 0.921733 0.400108
vt 0.927031 0.400108
vt 0.879686 0.401127
vt 0.879686 0.306826
vt 0.888716 0.306826
vt 0.888716 0.401127
vt 0.540160 0.947847
vt 0.533898 0.947847
vt 0.533898 0.932470
vt 0.540160 0.932470
vt 0.921733 0.388358
vt 0.927031 0.388358
vt 0.881133 0.960006
vt 0.881133 0.865704
vt 0.883301 0.865704
vt 0.883301 0.960006
vt 0.921733 0.376609
vt 0.927031 0.376609
vt 0.947117 0.214253
vt 0.947117 0.119952
vt 0.956148 0.119952
vt 0.956148 0.214253
vt 0.921733 0.366648
vt 0.927031 0.366648
vt 0.957954 0.333554
vt 0.957954 0.239252
vt 0.960121 0.239252
vt 0.960121 0.333554
vt 0.678768 0.344467
vt 0.690747 0.344467
vt 0.701815 0.349052
vt 0.710286 0.357523
vt 0.714871 0.368591
vt 0.714871 0.380571
vt 0.710286 0.391639
vt 0.701815 0.400110
vt 0.690747 0.404694
vt 0.678768 0.404694
vt 0.667700 0.400110
vt 0.659229 0.391639
vt 0.654644 0.380571
vt 0.654644 0.368591
vt 0.659229 0.357523
vt 0.667700 0.349052
vt 0.280354 0.983435
vt 0.275056 0.983435
vt 0.275056 0.973475
vt 0.280354 0.973475
vt 0.662749 0.821494
vt 0.656488 0.821494
vt 0.656488 0.808458
vt 0.662749 0.808458
vt 0.982846 0.059986
vt 0.978029 0.059986
vt 0.978029 0.047203
vt 0.982846 0.047203
vt 0.261712 0.831686
vt 0.266297 0.820618
vt 0.274768 0.812147
vt 0.285836 0.807562
vt 0.297815 0.807562
vt 0.308883 0.812147
vt 0.317354 0.820618
vt 0.321939 0.831686
vt 0.321939 0.843666
vt 0.317354 0.854734
vt 0.308883 0.863205
vt 0.297815 0.867789
vt 0.285836 0.867789
vt 0.274768 0.863205
vt 0.266297 0.854734
vt 0.261712 0.843666
vt 0.865446 0.102037
vt 0.865446 0.111068
vt 0.863279 0.111068
vt 0.863279 0.102037
vt 0.772499 0.264537
vt 0.772499 0.386147
vt 0.140619 0.889738
vt 0.112926 0.889738
vt 0.112926 0.877082
vt 0.140619 0.877082
vt 0.104398 0.932252
vt 0.076705 0.932252
vt 0.782265 0.264537
vt 0.782265 0.386147
vt 0.051037 0.962490
vt 0.045739 0.962490
vt 0.045739 0.950740
vt 0.051037 0.950740
vt 0.540160 0.960882
vt 0.533898 0.960882
vt 0.353650 0.598060
vt 0.353650 0.476451
vt 0.363416 0.476451
vt 0.363416 0.598060
vt 0.051037 0.974240
vt 0.045739 0.974240
vt 0.374935 0.476451
vt 0.374935 0.598060
vt 0.140619 0.904667
vt 0.112926 0.904667
vt 0.827355 0.865704
vt 0.855048 0.865704
vt 0.386454 0.476451
vt 0.386454 0.598060
vt 0.533898 0.917093
vt 0.540160 0.917093
vt 0.982846 0.032125
vt 0.978029 0.032125
vt 0.978029 0.017046
vt 0.982846 0.017046
vt 0.396220 0.476451
vt 0.396220 0.598060
vt 0.656488 0.764668
vt 0.662749 0.764668
vt 0.840055 0.426664
vt 0.850906 0.422169
vt 0.862651 0.422169
vt 0.873502 0.426664
vt 0.881807 0.434969
vt 0.886302 0.445820
vt 0.886302 0.457565
vt 0.881807 0.468416
vt 0.873502 0.476721
vt 0.862651 0.481215
vt 0.850906 0.481215
vt 0.840055 0.476721
vt 0.831750 0.468416
vt 0.827256 0.457565
vt 0.827256 0.445820
vt 0.831750 0.434969
vt 0.739695 0.256010
vt 0.739695 0.134400
vt 0.749461 0.134400
vt 0.749461 0.256010
vt 0.776761 0.973522
vt 0.771944 0.973522
vt 0.771944 0.958444
vt 0.776761 0.958444
vt 0.776761 0.986305
vt 0.771944 0.986305
vt 0.862751 0.798131
vt 0.873601 0.802626
vt 0.881906 0.810931
vt 0.886401 0.821782
vt 0.886401 0.833527
vt 0.881906 0.844378
vt 0.873601 0.852682
vt 0.862751 0.857177
vt 0.851006 0.857177
vt 0.840155 0.852682
vt 0.831850 0.844378
vt 0.827355 0.833527
vt 0.827355 0.821782
vt 0.831850 0.810931
vt 0.840155 0.802626
vt 0.851006 0.798131
vt 0.599774 0.963607
vt 0.587734 0.963607
vt 0.587734 0.900996
vt 0.599774 0.900996
vt 0.786294 0.922056
vt 0.758601 0.922056
vt 0.758601 0.909399
vt 0.786294 0.909399
vt 0.349337 0.950713
vt 0.354153 0.950713
vt 0.758601 0.894470
vt 0.786294 0.894470
vt 0.533898 0.904057
vt 0.540160 0.904057
vt 0.495794 0.932470
vt 0.489533 0.932470
vt 0.758601 0.879541
vt 0.786294 0.879541
vt 0.321829 0.973474
vt 0.316531 0.973474
vt 0.316531 0.961725
vt 0.321829 0.961725
vt 0.771944 0.943366
vt 0.776761 0.943366
vt 0.758601 0.866885
vt 0.786294 0.866885
vt 0.647669 0.685443
vt 0.658432 0.696206
vt 0.664257 0.710269
vt 0.664257 0.725490
vt 0.658432 0.739553
vt 0.647669 0.750316
vt 0.633606 0.756141
vt 0.618385 0.756141
vt 0.604322 0.750316
vt 0.593559 0.739553
vt 0.587734 0.725490
vt 0.587734 0.710269
vt 0.593559 0.696206
vt 0.604322 0.685443
vt 0.618385 0.679618
vt 0.633606 0.679618
vt 0.978029 0.004264
vt 0.982846 0.004264
vt 0.140619 0.932252
vt 0.112926 0.932252
vt 0.112926 0.919596
vt 0.140619 0.919596
vt 0.982859 0.810914
vt 0.978043 0.810914
vt 0.978043 0.798131
vt 0.982859 0.798131
vt 0.888946 0.088694
vt 0.872090 0.088694
vt 0.872090 0.071837
vt 0.888946 0.071837
vt 0.685295 0.004264
vt 0.700516 0.004264
vt 0.714579 0.010089
vt 0.725343 0.020852
vt 0.731167 0.034915
vt 0.731168 0.050136
vt 0.725343 0.064199
vt 0.714579 0.074962
vt 0.700517 0.080787
vt 0.685295 0.080787
vt 0.671232 0.074962
vt 0.660469 0.064199
vt 0.654644 0.050136
vt 0.654644 0.034915
vt 0.660469 0.020852
vt 0.671232 0.010089
vt 0.852517 0.412764
vt 0.843465 0.412764
vt 0.843465 0.400724
vt 0.852517 0.400724
vt 0.964215 0.398906
vt 0.957954 0.398906
vt 0.957954 0.385871
vt 0.964215 0.385871
vt 0.321829 0.983435
vt 0.316531 0.983435
vt 0.564043 0.413642
vt 0.564043 0.004264
vt 0.585716 0.004264
vt 0.585716 0.413642
vt 0.957954 0.370494
vt 0.964215 0.370494
vt 0.771944 0.930583
vt 0.776761 0.930583
vt 0.982859 0.825992
vt 0.978043 0.825992
vt 0.957954 0.355117
vt 0.964215 0.355117
vt 0.594243 0.413642
vt 0.594243 0.004264
vt 0.615916 0.004264
vt 0.615916 0.413642
vt 0.045739 0.940780
vt 0.051037 0.940780
vt 0.957954 0.342081
vt 0.964215 0.342081
vt 0.196043 0.352314
vt 0.210527 0.346314
vt 0.226206 0.346314
vt 0.240690 0.352314
vt 0.251776 0.363400
vt 0.257776 0.377885
vt 0.257776 0.393563
vt 0.251776 0.408047
vt 0.240690 0.419133
vt 0.226206 0.425133
vt 0.210527 0.425133
vt 0.196043 0.419133
vt 0.184957 0.408047
vt 0.178957 0.393563
vt 0.178957 0.377885
vt 0.184957 0.363400
vt 0.316531 0.949975
vt 0.321829 0.949975
vt 0.495794 0.960882
vt 0.489533 0.960882
vt 0.489533 0.947847
vt 0.495794 0.947847
vt 0.051037 0.984201
vt 0.045739 0.984201
vt 0.879129 0.692463
vt 0.879129 0.714136
vt 0.857456 0.714136
vt 0.857456 0.692463
vt 0.328037 0.352314
vt 0.339123 0.363400
vt 0.345123 0.377884
vt 0.345123 0.393563
vt 0.339123 0.408047
vt 0.328037 0.419133
vt 0.313552 0.425133
vt 0.297874 0.425133
vt 0.283389 0.419133
vt 0.272303 0.408047
vt 0.266304 0.393563
vt 0.266303 0.377885
vt 0.272303 0.363400
vt 0.283389 0.352314
vt 0.297874 0.346314
vt 0.313552 0.346314
vt 0.445649 0.904057
vt 0.445649 0.951128
vt 0.433609 0.951128
vt 0.433609 0.904057
vt 0.986875 0.740788
vt 0.982059 0.740788
vt 0.982059 0.728005
vt 0.986875 0.728005
vt 0.937169 0.908904
vt 0.920313 0.908904
vt 0.920313 0.798131
vt 0.937169 0.798131
vt 0.624444 0.413642
vt 0.624444 0.004264
vt 0.646117 0.004264
vt 0.646117 0.413642
vt 0.982059 0.712927
vt 0.986875 0.712927
vt 0.037212 0.962490
vt 0.031914 0.962490
vt 0.316531 0.940014
vt 0.321829 0.940014
vt 0.982059 0.697848
vt 0.986875 0.697848
vt 0.801171 0.682443
vt 0.801171 0.789604
vt 0.176839 0.889738
vt 0.149146 0.889738
vt 0.149146 0.877082
vt 0.176839 0.877082
vt 0.982059 0.685066
vt 0.986875 0.685066
vt 0.567406 0.967584
vt 0.550549 0.967584
vt 0.550549 0.950728
vt 0.567406 0.950728
vt 0.587734 0.640133
vt 0.587734 0.624759
vt 0.593617 0.610555
vt 0.604488 0.599685
vt 0.618691 0.593801
vt 0.634065 0.593801
vt 0.648269 0.599685
vt 0.659139 0.610556
vt 0.665023 0.624759
vt 0.665023 0.640133
vt 0.659139 0.654336
vt 0.648268 0.665207
vt 0.634065 0.671090
vt 0.618691 0.671090
vt 0.604488 0.665207
vt 0.593617 0.654336
vt 0.982859 0.853853
vt 0.978043 0.853853
vt 0.978043 0.841070
vt 0.982859 0.841070
vt 0.363686 0.901818
vt 0.335993 0.901818
vt 0.335993 0.886889
vt 0.363686 0.886889
vt 0.876140 0.102037
vt 0.876140 0.111068
vt 0.873973 0.111068
vt 0.873973 0.102037
vt 0.429795 0.602746
vt 0.443998 0.596862
vt 0.459372 0.596862
vt 0.473575 0.602746
vt 0.484446 0.613617
vt 0.490329 0.627820
vt 0.490329 0.643194
vt 0.484446 0.657397
vt 0.473575 0.668268
vt 0.459372 0.674151
vt 0.443998 0.674151
vt 0.429795 0.668268
vt 0.418924 0.657397
vt 0.413041 0.643194
vt 0.413041 0.627820
vt 0.418924 0.613617
vt 0.608302 0.900996
vt 0.620342 0.900996
vt 0.620342 0.963607
vt 0.608302 0.963607
vt 0.983798 0.228726
vt 0.978500 0.228726
vt 0.978500 0.218765
vt 0.983798 0.218765
vt 0.312809 0.798890
vt 0.312809 0.691874
vt 0.321840 0.691874
vt 0.321840 0.798890
vt 0.339419 0.703915
vt 0.330367 0.703915
vt 0.330367 0.691874
vt 0.339419 0.691874
vt 0.978500 0.207015
vt 0.983798 0.207015
vt 0.742304 0.869389
vt 0.742304 0.762373
vt 0.744471 0.762373
vt 0.744471 0.869389
vt 0.885706 0.187525
vt 0.885706 0.298298
vt 0.868849 0.298298
vt 0.868850 0.187525
vt 0.978500 0.195266
vt 0.983798 0.195266
vt 0.655307 0.940439
vt 0.655307 0.833423
vt 0.664338 0.833423
vt 0.664338 0.940439
vt 0.938590 0.119952
vt 0.938590 0.230725
vt 0.921733 0.230725
vt 0.921733 0.119952
vt 0.978500 0.185305
vt 0.983798 0.185305
vt 0.575933 0.874746
vt 0.575933 0.767730
vt 0.578101 0.767730
vt 0.578101 0.874746
vt 0.391635 0.749780
vt 0.396220 0.760848
vt 0.396220 0.772828
vt 0.391635 0.783896
vt 0.383164 0.792367
vt 0.372096 0.796951
vt 0.360117 0.796951
vt 0.349049 0.792367
vt 0.340578 0.783896
vt 0.335993 0.772828
vt 0.335993 0.760848
vt 0.340578 0.749780
vt 0.349049 0.741309
vt 0.360117 0.736724
vt 0.372096 0.736724
vt 0.383164 0.741309
vt 0.037212 0.984201
vt 0.031914 0.984201
vt 0.031914 0.974240
vt 0.037212 0.974240
vt 0.911785 0.908904
vt 0.894928 0.908904
vt 0.894928 0.798131
vt 0.911785 0.798131
vt 0.969395 0.581824
vt 0.963134 0.581824
vt 0.963134 0.568788
vt 0.969395 0.568788
vt 0.004264 0.832451
vt 0.008848 0.821383
vt 0.017319 0.812912
vt 0.028387 0.808327
vt 0.040367 0.808327
vt 0.051435 0.812912
vt 0.059906 0.821383
vt 0.064490 0.832451
vt 0.064490 0.844431
vt 0.059906 0.855499
vt 0.051435 0.863970
vt 0.040367 0.868554
vt 0.028387 0.868554
vt 0.017319 0.863970
vt 0.008848 0.855499
vt 0.004264 0.844431
vt 0.055361 0.799800
vt 0.055361 0.692639
vt 0.065126 0.692639
vt 0.065126 0.799800
vt 0.176839 0.904667
vt 0.149146 0.904667
vt 0.363686 0.916747
vt 0.335993 0.916747
vt 0.076646 0.692639
vt 0.076646 0.799800
vt 0.969395 0.618764
vt 0.963134 0.618764
vt 0.963134 0.603387
vt 0.969395 0.603387
vt 0.969502 0.048053
vt 0.963241 0.048053
vt 0.963241 0.032676
vt 0.969502 0.032676
vt 0.088165 0.692639
vt 0.088165 0.799800
vt 0.969516 0.811167
vt 0.963254 0.811167
vt 0.963254 0.798131
vt 0.969516 0.798131
vt 0.969395 0.553411
vt 0.963134 0.553411
vt 0.963134 0.538034
vt 0.969395 0.538034
vt 0.097931 0.692639
vt 0.097931 0.799800
vt 0.176839 0.919596
vt 0.149146 0.919596
vt 0.363686 0.929403
vt 0.335993 0.929403
vt 0.790792 0.111424
vt 0.790792 0.004264
vt 0.800558 0.004264
vt 0.800558 0.111424
vt 0.294179 0.983435
vt 0.288881 0.983435
vt 0.288881 0.973475
vt 0.294179 0.973475
vt 0.928586 0.101422
vt 0.923288 0.101422
vt 0.923288 0.089672
vt 0.928586 0.089672
vt 0.812077 0.004264
vt 0.812077 0.111424
vt 0.937156 0.016920
vt 0.909462 0.016920
vt 0.909462 0.004264
vt 0.937156 0.004264
vt 0.367496 0.950713
vt 0.362680 0.950713
vt 0.362680 0.937931
vt 0.367496 0.937931
vt 0.823596 0.004264
vt 0.823596 0.111424
vt 0.176839 0.932252
vt 0.149146 0.932252
vt 0.941185 0.736853
vt 0.913492 0.736853
vt 0.913492 0.724197
vt 0.941185 0.724197
vt 0.833362 0.004264
vt 0.833362 0.111424
vt 0.969502 0.061089
vt 0.963241 0.061089
vt 0.969515 0.876520
vt 0.963254 0.876520
vt 0.963254 0.863484
vt 0.969515 0.863484
vt 0.106458 0.799800
vt 0.106458 0.692639
vt 0.116224 0.692639
vt 0.116224 0.799800
vt 0.578242 0.929544
vt 0.550549 0.929544
vt 0.550549 0.914615
vt 0.578242 0.914615
vt 0.127743 0.692639
vt 0.127743 0.799800
vt 0.335993 0.874233
vt 0.363686 0.874233
vt 0.941185 0.751782
vt 0.913492 0.751782
vt 0.139262 0.692639
vt 0.139262 0.799800
vt 0.799638 0.980963
vt 0.794821 0.980963
vt 0.794821 0.965884
vt 0.799638 0.965884
vt 0.963241 0.017300
vt 0.969502 0.017300
vt 0.149028 0.692639
vt 0.149028 0.799800
vt 0.862651 0.548789
vt 0.850906 0.548789
vt 0.840055 0.544294
vt 0.831750 0.535989
vt 0.827256 0.525138
vt 0.827256 0.513393
vt 0.831750 0.502542
vt 0.840055 0.494237
vt 0.850906 0.489743
vt 0.862651 0.489743
vt 0.873502 0.494237
vt 0.881807 0.502542
vt 0.886302 0.513393
vt 0.886302 0.525138
vt 0.881807 0.535989
vt 0.873502 0.544294
vt 0.963134 0.524998
vt 0.969395 0.524998
vt 0.758601 0.789604
vt 0.758601 0.682443
vt 0.768366 0.682443
vt 0.768366 0.789604
vt 0.951958 0.926711
vt 0.945697 0.926711
vt 0.945697 0.913675
vt 0.951958 0.913675
vt 0.886835 0.102037
vt 0.886835 0.111068
vt 0.884668 0.111068
vt 0.884668 0.102037
vt 0.708946 0.890173
vt 0.697201 0.890173
vt 0.686350 0.885679
vt 0.678045 0.877374
vt 0.673550 0.866523
vt 0.673550 0.854778
vt 0.678045 0.843927
vt 0.686350 0.835622
vt 0.697201 0.831127
vt 0.708946 0.831127
vt 0.719796 0.835622
vt 0.728101 0.843927
vt 0.732596 0.854778
vt 0.732596 0.866523
vt 0.728101 0.877374
vt 0.719796 0.885679
vt 0.308004 0.949975
vt 0.302706 0.949975
vt 0.302706 0.940014
vt 0.308004 0.940014
vt 0.399907 0.929403
vt 0.372214 0.929403
vt 0.372214 0.916747
vt 0.399907 0.916747
vt 0.799638 0.993745
vt 0.794821 0.993745
vt 0.289405 0.903902
vt 0.261712 0.903902
vt 0.261712 0.888973
vt 0.289405 0.888973
vt 0.372214 0.901818
vt 0.399907 0.901818
vt 0.963241 0.004264
vt 0.969502 0.004264
vt 0.951958 0.942088
vt 0.945697 0.942088
vt 0.372214 0.886889
vt 0.399907 0.886889
vt 0.578242 0.899686
vt 0.550549 0.899686
vt 0.550549 0.887030
vt 0.578242 0.887030
vt 0.349337 0.937930
vt 0.354153 0.937930
vt 0.372214 0.874233
vt 0.399907 0.874233
vt 0.725343 0.105903
vt 0.731167 0.119966
vt 0.731168 0.135187
vt 0.725343 0.149250
vt 0.714579 0.160013
vt 0.700517 0.165838
vt 0.685295 0.165838
vt 0.671232 0.160013
vt 0.660469 0.149250
vt 0.654644 0.135187
vt 0.654644 0.119966
vt 0.660469 0.105903
vt 0.671232 0.095140
vt 0.685295 0.089315
vt 0.700516 0.089315
vt 0.714579 0.095140
vt 0.794821 0.950806
vt 0.799638 0.950806
vt 0.941185 0.779367
vt 0.913492 0.779367
vt 0.913492 0.766711
vt 0.941185 0.766711
vt 0.354153 0.993653
vt 0.349337 0.993653
vt 0.294179 0.961725
vt 0.288881 0.961725
vt 0.288881 0.949975
vt 0.294179 0.949975
vt 0.483739 0.742614
vt 0.472976 0.753377
vt 0.458913 0.759202
vt 0.443692 0.759202
vt 0.429629 0.753377
vt 0.418866 0.742614
vt 0.413041 0.728551
vt 0.413041 0.713330
vt 0.418866 0.699267
vt 0.429629 0.688504
vt 0.443692 0.682679
vt 0.458913 0.682679
vt 0.472976 0.688504
vt 0.483739 0.699267
vt 0.489564 0.713329
vt 0.489564 0.728551
vt 0.928586 0.111383
vt 0.923288 0.111383
vt 0.970936 0.176777
vt 0.964675 0.176777
vt 0.964675 0.163741
vt 0.970936 0.163741
vt 0.744471 0.877917
vt 0.744471 0.886947
vt 0.742304 0.886947
vt 0.742304 0.877917
vt 0.964675 0.148365
vt 0.970936 0.148365
vt 0.367496 0.965792
vt 0.362680 0.965792
vt 0.794822 0.938023
vt 0.799638 0.938023
vt 0.964675 0.132988
vt 0.970936 0.132988
vt 0.923288 0.077922
vt 0.928586 0.077922
vt 0.791405 0.543779
vt 0.791405 0.422169
vt 0.801171 0.422169
vt 0.801171 0.543779
vt 0.964675 0.119952
vt 0.970936 0.119952
vt 0.288881 0.940014
vt 0.294179 0.940014
vt 0.430127 0.494989
vt 0.419041 0.483903
vt 0.413041 0.469418
vt 0.413041 0.453740
vt 0.419041 0.439255
vt 0.430127 0.428169
vt 0.444611 0.422169
vt 0.460289 0.422169
vt 0.474774 0.428169
vt 0.485860 0.439255
vt 0.491860 0.453740
vt 0.491860 0.469418
vt 0.485860 0.483903
vt 0.474774 0.494989
vt 0.460289 0.500988
vt 0.444611 0.500988
vt 0.951958 0.970500
vt 0.945697 0.970500
vt 0.945697 0.957464
vt 0.951958 0.957464
vt 0.758601 0.673916
vt 0.758601 0.552306
vt 0.768366 0.552306
vt 0.768366 0.673916
vt 0.386454 0.728197
vt 0.386454 0.606588
vt 0.396220 0.606588
vt 0.396220 0.728197
vt 0.083083 0.465231
vt 0.083083 0.480909
vt 0.077083 0.495394
vt 0.065997 0.506480
vt 0.051512 0.512480
vt 0.035834 0.512480
vt 0.021350 0.506480
vt 0.010263 0.495394
vt 0.004264 0.480909
vt 0.004264 0.465231
vt 0.010263 0.450747
vt 0.021349 0.439660
vt 0.035834 0.433661
vt 0.051512 0.433661
vt 0.065997 0.439660
vt 0.077083 0.450746
vt 0.004264 0.337787
vt 0.004264 0.004264
vt 0.014029 0.004264
vt 0.014029 0.337787
vt 0.266528 0.995736
vt 0.261712 0.995736
vt 0.261712 0.982954
vt 0.266528 0.982954
vt 0.779886 0.543779
vt 0.779886 0.422169
vt 0.289405 0.918831
vt 0.261712 0.918831
vt 0.261712 0.967875
vt 0.266528 0.967875
vt 0.923288 0.067961
vt 0.928586 0.067961
vt 0.308004 0.961725
vt 0.302706 0.961725
vt 0.261712 0.952797
vt 0.266528 0.952797
vt 0.289405 0.931487
vt 0.261712 0.931487
vt 0.779886 0.552306
vt 0.779886 0.673916
vt 0.261712 0.940014
vt 0.266528 0.940014
vt 0.559391 0.668268
vt 0.545188 0.674151
vt 0.529814 0.674151
vt 0.515611 0.668268
vt 0.504740 0.657397
vt 0.498857 0.643194
vt 0.498857 0.627820
vt 0.504740 0.613616
vt 0.515611 0.602746
vt 0.529814 0.596862
vt 0.545188 0.596862
vt 0.559391 0.602746
vt 0.570262 0.613617
vt 0.576145 0.627820
vt 0.576145 0.643194
vt 0.570262 0.657397
vt 0.353650 0.728197
vt 0.353650 0.606588
vt 0.363416 0.606588
vt 0.363416 0.728197
vt 0.367496 0.993653
vt 0.362680 0.993653
vt 0.362680 0.980870
vt 0.367496 0.980870
vt 0.374935 0.728197
vt 0.374935 0.606588
vt 0.949427 0.251908
vt 0.921733 0.251908
vt 0.921733 0.239252
vt 0.949427 0.239252
vt 0.010147 0.623577
vt 0.021018 0.612706
vt 0.035221 0.606823
vt 0.050595 0.606823
vt 0.064798 0.612706
vt 0.075669 0.623577
vt 0.081552 0.637781
vt 0.081552 0.653154
vt 0.075669 0.667358
vt 0.064798 0.678229
vt 0.050595 0.684112
vt 0.035221 0.684112
vt 0.021018 0.678229
vt 0.010147 0.667358
vt 0.004264 0.653154
vt 0.004264 0.637781
vt 0.064862 0.950740
vt 0.059565 0.950740
vt 0.059565 0.940780
vt 0.064862 0.940780
vt 0.940856 0.410069
vt 0.935559 0.410069
vt 0.935559 0.400108
vt 0.940856 0.400108
vt 0.949713 0.779367
vt 0.949713 0.685066
vt 0.958743 0.685066
vt 0.958743 0.779367
vt 0.973531 0.728855
vt 0.967270 0.728855
vt 0.967270 0.713478
vt 0.973531 0.713478
vt 0.935559 0.388358
vt 0.940856 0.388358
vt 0.815390 0.961187
vt 0.815390 0.866885
vt 0.817557 0.866885
vt 0.817557 0.961187
vt 0.935559 0.376609
vt 0.940856 0.376609
vt 0.863576 0.960006
vt 0.863576 0.865704
vt 0.872606 0.865704
vt 0.872606 0.960006
vt 0.935559 0.366648
vt 0.940856 0.366648
vt 0.963134 0.516471
vt 0.963134 0.422169
vt 0.965301 0.422169
vt 0.965301 0.516471
vt 0.097141 0.868554
vt 0.086073 0.863970
vt 0.077602 0.855499
vt 0.073018 0.844431
vt 0.073018 0.832451
vt 0.077602 0.821383
vt 0.086073 0.812912
vt 0.097141 0.808327
vt 0.109121 0.808327
vt 0.120189 0.812912
vt 0.128660 0.821383
vt 0.133245 0.832451
vt 0.133245 0.844431
vt 0.128660 0.855499
vt 0.120189 0.863970
vt 0.109121 0.868554
vt 0.308004 0.983435
vt 0.302706 0.983435
vt 0.302706 0.973475
vt 0.308004 0.973475
vt 0.969395 0.647177
vt 0.963134 0.647177
vt 0.963134 0.634141
vt 0.969395 0.634141
vt 0.982859 0.919206
vt 0.978043 0.919206
vt 0.978043 0.906423
vt 0.982859 0.906423
vt 0.733777 0.786497
vt 0.733777 0.798476
vt 0.729192 0.809544
vt 0.720721 0.818015
vt 0.709653 0.822600
vt 0.697673 0.822600
vt 0.686606 0.818015
vt 0.678135 0.809544
vt 0.673550 0.798476
vt 0.673550 0.786497
vt 0.678134 0.775429
vt 0.686606 0.766958
vt 0.697673 0.762373
vt 0.709653 0.762373
vt 0.720721 0.766958
vt 0.729192 0.775429
vt 0.897530 0.102037
vt 0.897530 0.111068
vt 0.895362 0.111068
vt 0.895362 0.102037
vt 0.791405 0.552306
vt 0.791405 0.673916
vt 0.949427 0.315606
vt 0.921733 0.315606
vt 0.921733 0.302950
vt 0.949427 0.302950
vt 0.578242 0.942200
vt 0.550549 0.942200
vt 0.801171 0.552306
vt 0.801171 0.673916
vt 0.078688 0.962490
vt 0.073390 0.962490
vt 0.073390 0.950740
vt 0.078688 0.950740
vt 0.973531 0.741891
vt 0.967270 0.741891
vt 0.739695 0.125873
vt 0.739695 0.004264
vt 0.749461 0.004264
vt 0.749461 0.125873
vt 0.078688 0.974240
vt 0.073390 0.974240
vt 0.760980 0.004264
vt 0.760980 0.125873
vt 0.949427 0.330535
vt 0.921733 0.330535
vt 0.261712 0.876317
vt 0.289405 0.876317
vt 0.772499 0.004264
vt 0.772499 0.125873
vt 0.967270 0.698102
vt 0.973531 0.698102
vt 0.982859 0.891345
vt 0.978043 0.891345
vt 0.978043 0.876267
vt 0.982859 0.876267
vt 0.782265 0.004264
vt 0.782265 0.125873
vt 0.963134 0.590351
vt 0.969395 0.590351
vt 0.587734 0.868818
vt 0.587734 0.857073
vt 0.592229 0.846222
vt 0.600534 0.837917
vt 0.611384 0.833423
vt 0.623129 0.833423
vt 0.633980 0.837917
vt 0.642285 0.846222
vt 0.646780 0.857073
vt 0.646780 0.868818
vt 0.642285 0.879669
vt 0.633980 0.887974
vt 0.623129 0.892469
vt 0.611384 0.892469
vt 0.600533 0.887974
vt 0.592229 0.879669
vt 0.758601 0.543779
vt 0.758601 0.422169
vt 0.768366 0.422169
vt 0.768366 0.543779
vt 0.988253 0.282191
vt 0.983437 0.282191
vt 0.983437 0.267113
vt 0.988253 0.267113
vt 0.988253 0.294974
vt 0.983437 0.294974
vt 0.886302 0.580966
vt 0.886302 0.592711
vt 0.881807 0.603562
vt 0.873502 0.611867
vt 0.862651 0.616362
vt 0.850906 0.616362
vt 0.840055 0.611867
vt 0.831750 0.603562
vt 0.827256 0.592711
vt 0.827256 0.580966
vt 0.831750 0.570116
vt 0.840055 0.561811
vt 0.850906 0.557316
vt 0.862651 0.557316
vt 0.873502 0.561811
vt 0.881807 0.570116
vt 0.901189 0.945844
vt 0.894928 0.945844
vt 0.894928 0.930467
vt 0.901189 0.930467
vt 0.325626 0.931487
vt 0.297933 0.931487
vt 0.297933 0.918831
vt 0.325626 0.918831
vt 0.055361 0.337787
vt 0.055361 0.004264
vt 0.065126 0.004264
vt 0.065126 0.337787
vt 0.297933 0.903902
vt 0.325626 0.903902
vt 0.967270 0.685066
vt 0.973531 0.685066
vt 0.969516 0.826544
vt 0.963254 0.826544
vt 0.297933 0.888973
vt 0.325626 0.888973
vt 0.009562 0.974240
vt 0.004264 0.974240
vt 0.004264 0.962490
vt 0.009562 0.962490
vt 0.983437 0.252035
vt 0.988253 0.252035
vt 0.297933 0.876317
vt 0.325626 0.876317
vt 0.660469 0.190954
vt 0.671232 0.180191
vt 0.685295 0.174366
vt 0.700516 0.174366
vt 0.714579 0.180191
vt 0.725343 0.190954
vt 0.731167 0.205017
vt 0.731168 0.220238
vt 0.725343 0.234301
vt 0.714579 0.245064
vt 0.700517 0.250889
vt 0.685295 0.250889
vt 0.671232 0.245064
vt 0.660469 0.234301
vt 0.654644 0.220238
vt 0.654644 0.205017
vt 0.978043 0.863484
vt 0.982859 0.863484
vt 0.949427 0.358120
vt 0.921733 0.358120
vt 0.921733 0.345464
vt 0.949427 0.345464
vt 0.215343 0.940411
vt 0.210526 0.940411
vt 0.210526 0.927628
vt 0.215343 0.927628
vt 0.915978 0.930467
vt 0.909717 0.930467
vt 0.909717 0.917431
vt 0.915978 0.917431
vt 0.575380 0.713330
vt 0.575380 0.728551
vt 0.569555 0.742614
vt 0.558792 0.753377
vt 0.544729 0.759202
vt 0.529508 0.759202
vt 0.515445 0.753377
vt 0.504682 0.742614
vt 0.498857 0.728551
vt 0.498857 0.713330
vt 0.504682 0.699267
vt 0.515445 0.688504
vt 0.529508 0.682679
vt 0.544729 0.682679
vt 0.558792 0.688504
vt 0.569555 0.699267
vt 0.127743 0.337787
vt 0.127743 0.004264
vt 0.139262 0.004264
vt 0.139262 0.337787
vt 0.930766 0.974257
vt 0.924505 0.974257
vt 0.924505 0.961221
vt 0.930766 0.961221
vt 0.009562 0.984201
vt 0.004264 0.984201
vt 0.924505 0.945844
vt 0.930766 0.945844
vt 0.983437 0.239252
vt 0.988253 0.239252
vt 0.215343 0.955489
vt 0.210526 0.955489
vt 0.924505 0.930467
vt 0.930766 0.930467
vt 0.701243 0.926286
vt 0.673550 0.926286
vt 0.673550 0.911357
vt 0.701243 0.911357
vt 0.073390 0.940780
vt 0.078688 0.940780
vt 0.924505 0.917431
vt 0.930766 0.917431
vt 0.153344 0.439660
vt 0.164430 0.450746
vt 0.170429 0.465231
vt 0.170429 0.480909
vt 0.164430 0.495394
vt 0.153344 0.506480
vt 0.138859 0.512480
vt 0.123181 0.512480
vt 0.108696 0.506480
vt 0.097610 0.495394
vt 0.091610 0.480909
vt 0.091610 0.465231
vt 0.097610 0.450746
vt 0.108696 0.439660
vt 0.123181 0.433661
vt 0.138859 0.433661
vt 0.004264 0.950740
vt 0.009562 0.950740
vt 0.969516 0.854957
vt 0.963254 0.854957
vt 0.963254 0.841921
vt 0.969516 0.841921
vt 0.078688 0.984201
vt 0.073390 0.984201
vt 0.190359 0.337787
vt 0.190359 0.004264
vt 0.200125 0.004264
vt 0.200125 0.337787
vt 0.196043 0.439660
vt 0.210527 0.433661
vt 0.226206 0.433661
vt 0.240690 0.439660
vt 0.251776 0.450746
vt 0.257776 0.465231
vt 0.257776 0.480909
vt 0.251776 0.495394
vt 0.240690 0.506480
vt 0.226206 0.512480
vt 0.210527 0.512480
vt 0.196043 0.506480
vt 0.184957 0.495394
vt 0.178957 0.480909
vt 0.178957 0.465231
vt 0.184957 0.450746
vt 0.149028 0.004264
vt 0.149028 0.337787
vt 0.992347 0.397803
vt 0.987531 0.397803
vt 0.987531 0.385020
vt 0.992347 0.385020
vt 0.701243 0.941215
vt 0.673550 0.941215
vt 0.178840 0.337787
vt 0.178840 0.004264
vt 0.987531 0.369942
vt 0.992347 0.369942
vt 0.064862 0.962490
vt 0.059565 0.962490
vt 0.004264 0.940780
vt 0.009562 0.940780
vt 0.987531 0.354864
vt 0.992347 0.354864
vt 0.025549 0.004264
vt 0.025549 0.337787
vt 0.701243 0.953871
vt 0.673550 0.953871
vt 0.987531 0.342081
vt 0.992347 0.342081
vt 0.106458 0.337787
vt 0.106458 0.004264
vt 0.116224 0.004264
vt 0.116224 0.337787
vt 0.121037 0.684112
vt 0.106834 0.678229
vt 0.095963 0.667358
vt 0.090080 0.653154
vt 0.090080 0.637781
vt 0.095963 0.623577
vt 0.106834 0.612707
vt 0.121037 0.606823
vt 0.136411 0.606823
vt 0.150614 0.612706
vt 0.161485 0.623577
vt 0.167369 0.637781
vt 0.167369 0.653154
vt 0.161485 0.667358
vt 0.150615 0.678229
vt 0.136411 0.684112
vt 0.215343 0.983350
vt 0.210526 0.983350
vt 0.210526 0.970567
vt 0.215343 0.970567
vt 0.937156 0.046778
vt 0.909462 0.046778
vt 0.909462 0.031849
vt 0.937156 0.031849
vt 0.899641 0.071837
vt 0.899641 0.080867
vt 0.897474 0.080867
vt 0.897474 0.071837
vt 0.236431 0.612707
vt 0.247301 0.623577
vt 0.253185 0.637781
vt 0.253185 0.653154
vt 0.247301 0.667358
vt 0.236430 0.678229
vt 0.222227 0.684112
vt 0.206853 0.684112
vt 0.192650 0.678229
vt 0.181779 0.667358
vt 0.175896 0.653154
vt 0.175896 0.637781
vt 0.181779 0.623577
vt 0.192650 0.612706
vt 0.206853 0.606823
vt 0.222227 0.606823
vt 0.092513 0.950740
vt 0.087215 0.950740
vt 0.087215 0.940780
vt 0.092513 0.940780
vt 0.023387 0.984201
vt 0.018089 0.984201
vt 0.018089 0.974240
vt 0.023387 0.974240
vt 0.945683 0.111280
vt 0.945683 0.004264
vt 0.954714 0.004264
vt 0.954714 0.111280
vt 0.974910 0.283042
vt 0.968649 0.283042
vt 0.968649 0.267665
vt 0.974910 0.267665
vt 0.018089 0.962490
vt 0.023387 0.962490
vt 0.894234 0.294541
vt 0.894234 0.187525
vt 0.896401 0.187525
vt 0.896401 0.294541
vt 0.018089 0.950740
vt 0.023387 0.950740
vt 0.945697 0.905147
vt 0.945697 0.798131
vt 0.954727 0.798131
vt 0.954727 0.905147
vt 0.018089 0.940779
vt 0.023387 0.940779
vt 0.900344 0.413452
vt 0.900344 0.306436
vt 0.902511 0.306436
vt 0.902511 0.413452
vt 0.141772 0.844431
vt 0.141772 0.832451
vt 0.146357 0.821383
vt 0.154828 0.812912
vt 0.165896 0.808327
vt 0.177875 0.808327
vt 0.188943 0.812912
vt 0.197414 0.821383
vt 0.201999 0.832451
vt 0.201999 0.844431
vt 0.197414 0.855499
vt 0.188943 0.863970
vt 0.177875 0.868554
vt 0.165896 0.868554
vt 0.154828 0.863970
vt 0.146357 0.855499
vt 0.064862 0.984201
vt 0.059565 0.984201
vt 0.059565 0.974240
vt 0.064862 0.974240
vt 0.901189 0.974257
vt 0.894928 0.974257
vt 0.894928 0.961221
vt 0.901189 0.961221
vt 0.228686 0.983350
vt 0.223870 0.983350
vt 0.223870 0.970567
vt 0.228686 0.970567
vt 0.647961 0.788792
vt 0.647961 0.800772
vt 0.643376 0.811840
vt 0.634905 0.820311
vt 0.623837 0.824895
vt 0.611857 0.824895
vt 0.600789 0.820311
vt 0.592318 0.811840
vt 0.587734 0.800772
vt 0.587734 0.788792
vt 0.592318 0.777724
vt 0.600789 0.769253
vt 0.611857 0.764669
vt 0.623837 0.764669
vt 0.634905 0.769253
vt 0.643376 0.777724
vt 0.748159 0.898700
vt 0.748159 0.907731
vt 0.745991 0.907731
vt 0.745991 0.898700
vt 0.037068 0.004264
vt 0.037068 0.337787
vt 0.737464 0.911357
vt 0.709771 0.911357
vt 0.709771 0.898700
vt 0.737464 0.898700
vt 0.937156 0.059434
vt 0.909462 0.059434
vt 0.046833 0.004264
vt 0.046833 0.337787
vt 0.106338 0.962490
vt 0.101040 0.962490
vt 0.101040 0.950740
vt 0.106338 0.950740
vt 0.974910 0.296078
vt 0.968649 0.296078
vt 0.208652 0.337787
vt 0.208652 0.004264
vt 0.218418 0.004264
vt 0.218418 0.337787
vt 0.106338 0.974240
vt 0.101040 0.974240
vt 0.229937 0.004264
vt 0.229937 0.337787
vt 0.737464 0.926286
vt 0.709771 0.926286
vt 0.673550 0.898700
vt 0.701243 0.898700
vt 0.241456 0.004264
vt 0.241456 0.337787
vt 0.968649 0.252288
vt 0.974910 0.252288
vt 0.228686 0.955489
vt 0.223870 0.955489
vt 0.223870 0.940411
vt 0.228686 0.940411
vt 0.251222 0.004264
vt 0.251222 0.337787
vt 0.894928 0.917431
vt 0.901189 0.917431
vt 0.467592 0.849283
vt 0.472087 0.860134
vt 0.472087 0.871879
vt 0.467592 0.882730
vt 0.459287 0.891035
vt 0.448436 0.895530
vt 0.436691 0.895530
vt 0.425840 0.891035
vt 0.417535 0.882730
vt 0.413041 0.871879
vt 0.413041 0.860134
vt 0.417535 0.849283
vt 0.425840 0.840978
vt 0.436691 0.836484
vt 0.448436 0.836484
vt 0.459287 0.840978
vt 0.157555 0.337787
vt 0.157555 0.004264
vt 0.167321 0.004264
vt 0.167321 0.337787
vt 0.242030 0.970567
vt 0.237214 0.970567
vt 0.237214 0.955489
vt 0.242030 0.955489
vt 0.242030 0.983350
vt 0.237214 0.983350
vt 0.888135 0.008758
vt 0.896440 0.017063
vt 0.900935 0.027914
vt 0.900935 0.039659
vt 0.896440 0.050510
vt 0.888135 0.058815
vt 0.877285 0.063310
vt 0.865540 0.063310
vt 0.854689 0.058815
vt 0.846384 0.050510
vt 0.841889 0.039659
vt 0.841889 0.027914
vt 0.846384 0.017063
vt 0.854689 0.008758
vt 0.865540 0.004264
vt 0.877285 0.004264
vt 0.979003 0.370494
vt 0.972742 0.370494
vt 0.972742 0.355117
vt 0.979003 0.355117
vt 0.954606 0.477340
vt 0.926913 0.477340
vt 0.926913 0.464683
vt 0.954606 0.464683
vt 0.926913 0.449754
vt 0.954606 0.449754
vt 0.968649 0.239252
vt 0.974910 0.239252
vt 0.969515 0.891897
vt 0.963254 0.891897
vt 0.926913 0.434825
vt 0.954606 0.434825
vt 0.120163 0.974240
vt 0.114865 0.974240
vt 0.114865 0.962490
vt 0.120163 0.962490
vt 0.237214 0.940411
vt 0.242030 0.940411
vt 0.926913 0.422169
vt 0.954606 0.422169
vt 0.654644 0.305289
vt 0.654644 0.290067
vt 0.660469 0.276005
vt 0.671232 0.265241
vt 0.685295 0.259416
vt 0.700516 0.259416
vt 0.714579 0.265242
vt 0.725343 0.276005
vt 0.731167 0.290068
vt 0.731167 0.305289
vt 0.725342 0.319352
vt 0.714579 0.330115
vt 0.700516 0.335940
vt 0.685295 0.335940
vt 0.671232 0.330115
vt 0.660469 0.319352
vt 0.223870 0.927628
vt 0.228686 0.927628
vt 0.737464 0.953871
vt 0.709771 0.953871
vt 0.709771 0.941215
vt 0.737464 0.941215
vt 0.982859 0.940516
vt 0.978043 0.940516
vt 0.978043 0.927733
vt 0.982859 0.927733
vt 0.744248 0.438757
vt 0.750073 0.452820
vt 0.750073 0.468042
vt 0.744249 0.482105
vt 0.733485 0.492868
vt 0.719423 0.498693
vt 0.704201 0.498693
vt 0.690138 0.492868
vt 0.679375 0.482105
vt 0.673550 0.468042
vt 0.673550 0.452820
vt 0.679375 0.438758
vt 0.690138 0.427994
vt 0.704201 0.422169
vt 0.719422 0.422169
vt 0.733485 0.427994
vt 0.281034 0.337787
vt 0.281034 0.004264
vt 0.292554 0.004264
vt 0.292554 0.337787
vt 0.980089 0.478995
vt 0.973828 0.478995
vt 0.973828 0.465959
vt 0.980089 0.465959
vt 0.120163 0.984201
vt 0.114865 0.984201
vt 0.973828 0.450582
vt 0.980089 0.450582
vt 0.237214 0.927628
vt 0.242030 0.927628
vt 0.982859 0.955594
vt 0.978043 0.955594
vt 0.973828 0.435205
vt 0.980089 0.435205
vt 0.954606 0.513452
vt 0.926913 0.513452
vt 0.926913 0.498523
vt 0.954606 0.498523
vt 0.101040 0.940780
vt 0.106338 0.940780
vt 0.973828 0.422169
vt 0.980089 0.422169
vt 0.297874 0.512480
vt 0.283389 0.506480
vt 0.272303 0.495394
vt 0.266304 0.480909
vt 0.266304 0.465231
vt 0.272303 0.450746
vt 0.283389 0.439660
vt 0.297874 0.433661
vt 0.313552 0.433661
vt 0.328037 0.439660
vt 0.339123 0.450746
vt 0.345123 0.465231
vt 0.345123 0.480909
vt 0.339123 0.495394
vt 0.328037 0.506480
vt 0.313552 0.512480
vt 0.114865 0.950740
vt 0.120163 0.950740
vt 0.969515 0.920309
vt 0.963254 0.920309
vt 0.963254 0.907274
vt 0.969515 0.907274
vt 0.106338 0.984201
vt 0.101040 0.984201
vt 0.343651 0.337787
vt 0.343651 0.004264
vt 0.353416 0.004264
vt 0.353416 0.337787
vt 0.500387 0.469418
vt 0.500387 0.453740
vt 0.506387 0.439255
vt 0.517473 0.428169
vt 0.531958 0.422169
vt 0.547636 0.422169
vt 0.562121 0.428169
vt 0.573207 0.439255
vt 0.579207 0.453740
vt 0.579207 0.469418
vt 0.573207 0.483903
vt 0.562121 0.494989
vt 0.547636 0.500988
vt 0.531958 0.500988
vt 0.517473 0.494989
vt 0.506387 0.483903
vt 0.302319 0.004264
vt 0.302319 0.337787
vt 0.984280 0.175674
vt 0.979464 0.175674
vt 0.979464 0.162891
vt 0.984280 0.162891
vt 0.954606 0.528381
vt 0.926913 0.528381
vt 0.332131 0.337787
vt 0.332131 0.004264
vt 0.979464 0.147813
vt 0.984280 0.147813
vt 0.092513 0.962490
vt 0.087215 0.962490
vt 0.114865 0.940780
vt 0.120163 0.940780
vt 0.979464 0.132735
vt 0.984280 0.132735
vt 0.076646 0.004264
vt 0.076646 0.337787
vt 0.954606 0.541037
vt 0.926913 0.541037
vt 0.979464 0.119952
vt 0.984280 0.119952
vt 0.259749 0.337787
vt 0.259749 0.004264
vt 0.269515 0.004264
vt 0.269515 0.337787
vt 0.035221 0.521007
vt 0.050595 0.521007
vt 0.064798 0.526890
vt 0.075669 0.537761
vt 0.081552 0.551965
vt 0.081552 0.567338
vt 0.075669 0.581542
vt 0.064798 0.592413
vt 0.050595 0.598296
vt 0.035221 0.598296
vt 0.021018 0.592413
vt 0.010147 0.581542
vt 0.004264 0.567338
vt 0.004264 0.551965
vt 0.010147 0.537761
vt 0.021018 0.526890
vt 0.982859 0.983455
vt 0.978043 0.983455
vt 0.978043 0.970673
vt 0.982859 0.970673
vt 0.949427 0.281766
vt 0.921733 0.281766
vt 0.921733 0.266837
vt 0.949427 0.266837
vt 0.748159 0.916258
vt 0.748159 0.925289
vt 0.745991 0.925289
vt 0.745991 0.916258
vt 0.167369 0.551965
vt 0.167369 0.567338
vt 0.161485 0.581542
vt 0.150614 0.592413
vt 0.136411 0.598296
vt 0.121037 0.598296
vt 0.106834 0.592413
vt 0.095963 0.581542
vt 0.090080 0.567338
vt 0.090080 0.551965
vt 0.095963 0.537761
vt 0.106834 0.526890
vt 0.121037 0.521007
vt 0.136411 0.521007
vt 0.150615 0.526890
vt 0.161485 0.537761
vt 0.133989 0.950740
vt 0.128691 0.950740
vt 0.128691 0.940780
vt 0.133989 0.940780
vt 0.147814 0.984201
vt 0.142516 0.984201
vt 0.142516 0.974240
vt 0.147814 0.974240
vt 0.790792 0.413452
vt 0.790792 0.119952
vt 0.799822 0.119952
vt 0.799822 0.413452
vt 0.984183 0.568788
vt 0.977922 0.568788
vt 0.977922 0.553411
vt 0.984183 0.553411
vt 0.142516 0.962490
vt 0.147814 0.962490
vt 0.894829 0.715669
vt 0.894829 0.422169
vt 0.896996 0.422169
vt 0.896996 0.715669
vt 0.142516 0.950740
vt 0.147814 0.950740
vt 0.808350 0.413452
vt 0.808350 0.119952
vt 0.817380 0.119952
vt 0.817380 0.413452
vt 0.142516 0.940780
vt 0.147814 0.940780
vt 0.905524 0.715669
vt 0.905524 0.422169
vt 0.907691 0.422169
vt 0.907691 0.715669
vt 0.417625 0.780785
vt 0.426096 0.772314
vt 0.437164 0.767729
vt 0.449144 0.767729
vt 0.460212 0.772314
vt 0.468683 0.780785
vt 0.473267 0.791853
vt 0.473267 0.803833
vt 0.468683 0.814901
vt 0.460212 0.823372
vt 0.449144 0.827956
vt 0.437164 0.827956
vt 0.426096 0.823372
vt 0.417625 0.814901
vt 0.413041 0.803833
vt 0.413041 0.791853
vt 0.092513 0.984201
vt 0.087215 0.984201
vt 0.087215 0.974240
vt 0.092513 0.974240
vt 0.979003 0.398906
vt 0.972742 0.398906
vt 0.972742 0.385871
vt 0.979003 0.385871
vt 0.968071 0.984559
vt 0.963254 0.984559
vt 0.963254 0.971776
vt 0.968071 0.971776
vt 0.528966 0.772314
vt 0.537437 0.780785
vt 0.542022 0.791853
vt 0.542022 0.803833
vt 0.537437 0.814901
vt 0.528966 0.823372
vt 0.517898 0.827956
vt 0.505918 0.827956
vt 0.494850 0.823372
vt 0.486379 0.814901
vt 0.481795 0.803833
vt 0.481795 0.791853
vt 0.486379 0.780785
vt 0.494850 0.772314
vt 0.505918 0.767729
vt 0.517898 0.767729
vt 0.929080 0.676960
vt 0.929080 0.685991
vt 0.926913 0.685991
vt 0.926913 0.676960
vt 0.088165 0.004264
vt 0.088165 0.337787
vt 0.954606 0.562221
vt 0.926913 0.562221
vt 0.926913 0.549565
vt 0.954606 0.549565
vt 0.949427 0.294423
vt 0.921733 0.294423
vt 0.097931 0.004264
vt 0.097931 0.337787
vt 0.161639 0.962490
vt 0.156341 0.962490
vt 0.156341 0.950740
vt 0.161639 0.950740
vt 0.984183 0.581824
vt 0.977922 0.581824
vt 0.361944 0.337787
vt 0.361944 0.004264
vt 0.371709 0.004264
vt 0.371709 0.337787
vt 0.161639 0.974240
vt 0.156341 0.974240
vt 0.383228 0.004264
vt 0.383228 0.337787
vt 0.954606 0.577150
vt 0.926913 0.577150
vt 0.926913 0.485867
vt 0.954606 0.485867
vt 0.394748 0.004264
vt 0.394748 0.337787
vt 0.977922 0.538034
vt 0.984183 0.538034
vt 0.968071 0.956698
vt 0.963254 0.956698
vt 0.963254 0.941619
vt 0.968071 0.941619
vt 0.404513 0.004264
vt 0.404513 0.337787
vt 0.972742 0.342081
vt 0.979003 0.342081
vt 0.856265 0.124446
vt 0.867116 0.119952
vt 0.878861 0.119952
vt 0.889712 0.124446
vt 0.898017 0.132751
vt 0.902511 0.143602
vt 0.902511 0.155347
vt 0.898017 0.166198
vt 0.889712 0.174503
vt 0.878861 0.178998
vt 0.867116 0.178998
vt 0.856265 0.174503
vt 0.847960 0.166198
vt 0.843465 0.155347
vt 0.843465 0.143602
vt 0.847960 0.132751
vt 0.310846 0.337787
vt 0.310846 0.004264
vt 0.320612 0.004264
vt 0.320612 0.337787
vt 0.832171 0.972341
vt 0.827355 0.972341
vt 0.827355 0.957263
vt 0.832171 0.957263
vt 0.832171 0.985124
vt 0.827355 0.985124
vt 0.535165 0.882730
vt 0.526860 0.891035
vt 0.516009 0.895530
vt 0.504264 0.895530
vt 0.493414 0.891035
vt 0.485109 0.882730
vt 0.480614 0.871879
vt 0.480614 0.860134
vt 0.485109 0.849283
vt 0.493414 0.840978
vt 0.504264 0.836484
vt 0.516009 0.836484
vt 0.526860 0.840978
vt 0.535165 0.849283
vt 0.539660 0.860134
vt 0.539660 0.871879
vt 0.954606 0.668433
vt 0.926913 0.668433
vt 0.926913 0.655777
vt 0.954606 0.655777
vt 0.926913 0.640848
vt 0.954606 0.640848
vt 0.977922 0.524998
vt 0.984183 0.524998
vt 0.915978 0.945844
vt 0.909717 0.945844
vt 0.926913 0.625919
vt 0.954606 0.625919
vt 0.175464 0.974240
vt 0.170166 0.974240
vt 0.170166 0.962490
vt 0.175464 0.962490
vt 0.827355 0.942185
vt 0.832171 0.942185
vt 0.926913 0.613263
vt 0.954606 0.613263
vt 0.719422 0.507220
vt 0.733485 0.513045
vt 0.744248 0.523808
vt 0.750073 0.537871
vt 0.750073 0.553093
vt 0.744248 0.567155
vt 0.733485 0.577919
vt 0.719422 0.583744
vt 0.704201 0.583744
vt 0.690138 0.577919
vt 0.679375 0.567156
vt 0.673550 0.553093
vt 0.673550 0.537871
vt 0.679375 0.523808
vt 0.690138 0.513045
vt 0.704201 0.507220
vt 0.963254 0.928837
vt 0.968071 0.928837
vt 0.954606 0.604735
vt 0.926913 0.604735
vt 0.926913 0.592079
vt 0.954606 0.592079
vt 0.845515 0.942185
vt 0.840699 0.942185
vt 0.840699 0.929402
vt 0.845515 0.929402
vt 0.679375 0.608859
vt 0.690138 0.598096
vt 0.704201 0.592271
vt 0.719422 0.592271
vt 0.733485 0.598096
vt 0.744248 0.608859
vt 0.750073 0.622922
vt 0.750073 0.638144
vt 0.744248 0.652206
vt 0.733485 0.662970
vt 0.719422 0.668795
vt 0.704201 0.668795
vt 0.690138 0.662970
vt 0.679375 0.652206
vt 0.673550 0.638144
vt 0.673550 0.622922
vt 0.984183 0.647177
vt 0.977922 0.647177
vt 0.977922 0.634141
vt 0.984183 0.634141
vt 0.175464 0.984201
vt 0.170166 0.984201
vt 0.977922 0.618764
vt 0.984183 0.618764
vt 0.827355 0.929402
vt 0.832171 0.929402
vt 0.845515 0.957263
vt 0.840699 0.957263
vt 0.977922 0.603387
vt 0.984183 0.603387
vt 0.156341 0.940780
vt 0.161639 0.940780
vt 0.977922 0.590351
vt 0.984183 0.590351
vt 0.474774 0.515516
vt 0.485860 0.526602
vt 0.491860 0.541086
vt 0.491860 0.556765
vt 0.485860 0.571249
vt 0.474774 0.582335
vt 0.460289 0.588335
vt 0.444611 0.588335
vt 0.430127 0.582335
vt 0.419041 0.571249
vt 0.413041 0.556765
vt 0.413041 0.541086
vt 0.419040 0.526602
vt 0.430127 0.515516
vt 0.444611 0.509516
vt 0.460289 0.509516
vt 0.170166 0.950740
vt 0.175464 0.950740
vt 0.915978 0.974257
vt 0.909717 0.974257
vt 0.909717 0.961221
vt 0.915978 0.961221
vt 0.161639 0.984201
vt 0.156341 0.984201
vt 0.573207 0.526602
vt 0.579207 0.541086
vt 0.579206 0.556765
vt 0.573207 0.571249
vt 0.562121 0.582335
vt 0.547636 0.588335
vt 0.531958 0.588335
vt 0.517473 0.582335
vt 0.506387 0.571249
vt 0.500387 0.556764
vt 0.500387 0.541086
vt 0.506387 0.526602
vt 0.517473 0.515516
vt 0.531958 0.509516
vt 0.547636 0.509516
vt 0.562121 0.515516
vt 0.763417 0.986305
vt 0.758601 0.986305
vt 0.758601 0.973522
vt 0.763417 0.973522
vt 0.758601 0.958444
vt 0.763417 0.958444
vt 0.133989 0.962490
vt 0.128691 0.962490
vt 0.170166 0.940780
vt 0.175464 0.940780
vt 0.758601 0.943366
vt 0.763417 0.943366
vt 0.758601 0.930583
vt 0.763417 0.930583
vt 0.206854 0.521007
vt 0.222227 0.521007
vt 0.236431 0.526890
vt 0.247301 0.537761
vt 0.253185 0.551965
vt 0.253185 0.567338
vt 0.247301 0.581542
vt 0.236431 0.592413
vt 0.222227 0.598296
vt 0.206853 0.598296
vt 0.192650 0.592413
vt 0.181779 0.581542
vt 0.175896 0.567338
vt 0.175896 0.551965
vt 0.181779 0.537761
vt 0.192650 0.526890
vt 0.845515 0.985124
vt 0.840699 0.985124
vt 0.840699 0.972341
vt 0.845515 0.972341
vt 0.929080 0.694518
vt 0.929080 0.703548
vt 0.926913 0.703548
vt 0.926913 0.694518
vt 0.339001 0.551965
vt 0.339001 0.567338
vt 0.333118 0.581542
vt 0.322247 0.592413
vt 0.308043 0.598296
vt 0.292670 0.598296
vt 0.278466 0.592413
vt 0.267595 0.581542
vt 0.261712 0.567338
vt 0.261712 0.551965
vt 0.267595 0.537761
vt 0.278466 0.526890
vt 0.292670 0.521007
vt 0.308043 0.521007
vt 0.322247 0.526890
vt 0.333118 0.537761
vt 0.190665 0.991641
vt 0.185367 0.991641
vt 0.185367 0.981680
vt 0.190665 0.981680
vt 0.809698 0.715669
vt 0.809698 0.422169
vt 0.818728 0.422169
vt 0.818728 0.715669
vt 0.185367 0.969931
vt 0.190665 0.969931
vt 0.911039 0.413452
vt 0.911039 0.119952
vt 0.913206 0.119952
vt 0.913206 0.413452
vt 0.185367 0.958181
vt 0.190665 0.958181
vt 0.825908 0.413452
vt 0.825908 0.119952
vt 0.834938 0.119952
vt 0.834938 0.413452
vt 0.185367 0.948220
vt 0.190665 0.948220
vt 0.916218 0.715669
vt 0.916218 0.422169
vt 0.918386 0.422169
vt 0.918386 0.715669
vt 0.794704 0.798131
vt 0.805772 0.802716
vt 0.814243 0.811187
vt 0.818828 0.822255
vt 0.818828 0.834234
vt 0.814243 0.845302
vt 0.805772 0.853773
vt 0.794704 0.858358
vt 0.782724 0.858358
vt 0.771656 0.853773
vt 0.763185 0.845302
vt 0.758601 0.834234
vt 0.758601 0.822255
vt 0.763185 0.811187
vt 0.771656 0.802716
vt 0.782724 0.798131
vt 0.133989 0.984201
vt 0.128691 0.984201
vt 0.128691 0.974240
vt 0.133989 0.974240
vt 0.349049 0.810063
vt 0.360117 0.805479
vt 0.372096 0.805479
vt 0.383164 0.810063
vt 0.391635 0.818534
vt 0.396220 0.829602
vt 0.396220 0.841582
vt 0.391635 0.852650
vt 0.383164 0.861121
vt 0.372096 0.865705
vt 0.360117 0.865705
vt 0.349049 0.861121
vt 0.340578 0.852650
vt 0.335993 0.841582
vt 0.335993 0.829602
vt 0.340578 0.818534
s 1
usemtl AvisToucanPipes_Baked
f 4795/11433/454 4796/11434/454 4798/11435/454 4797/11436/454
f 4797/11437/455 4798/11438/455 4802/11439/455 4801/11440/455
f 4801/11441/456 4802/11442/456 4800/11443/456 4799/11444/456
f 4799/11445/457 4800/11446/457 4796/11447/457 4795/11448/457
f 4797/11449/458 4801/11450/458 4799/11451/458 4795/11452/458
f 4802/11453/459 4798/11454/459 4796/11455/459 4800/11456/459
f 4803/11457/454 4804/11458/454 4806/11459/454 4805/11460/454
f 4805/11461/455 4806/11462/455 4810/11463/455 4809/11464/455
f 4809/11465/456 4810/11466/456 4808/11467/456 4807/11468/456
f 4807/11469/457 4808/11470/457 4804/11471/457 4803/11472/457
f 4805/11473/458 4809/11474/458 4807/11475/458 4803/11476/458
f 4810/11477/459 4806/11478/459 4804/11479/459 4808/11480/459
f 4811/11481/460 4812/11482/460 4814/11483/460 4813/11484/460
f 4813/11485/455 4814/11486/455 4818/11487/455 4817/11488/455
f 4817/11489/461 4818/11490/461 4816/11491/461 4815/11492/461
f 4815/11493/457 4816/11494/457 4812/11495/457 4811/11496/457
f 4813/11497/462 4817/11498/462 4815/11499/462 4811/11500/462
f 4818/11501/463 4814/11502/463 4812/11503/463 4816/11504/463
f 4871/11505/464 4872/11506/464 4874/11507/465 4873/11508/465
f 4861/11509/456 4862/11510/456 4864/11511/466 4863/11512/466
f 4821/11513/455 4822/11514/455 4824/11515/467 4823/11516/467
f 4931/11517/468 4932/11518/468 4934/11519/457 4933/11520/457
f 4933/11520/457 4934/11519/457 4936/11521/464 4935/11522/464
f 4823/11516/467 4824/11515/467 4826/11523/469 4825/11524/469
f 4897/11525/470 4898/11526/470 4900/11527/468 4899/11528/468
f 5173/11529/471 5177/11530/471 5175/11531/471 5171/11532/471
f 4825/11533/469 4826/11534/469 4828/11535/472 4827/11536/472
f 4869/11537/457 4870/11538/457 4872/11506/464 4871/11505/464
f 4859/11539/472 4860/11540/472 4862/11510/456 4861/11509/456
f 4827/11536/472 4828/11535/472 4830/11541/456 4829/11542/456
f 5069/11543/457 5070/11544/457 5072/11545/464 5071/11546/464
f 4891/11547/472 4892/11548/472 4894/11549/456 4893/11550/456
f 4829/11542/456 4830/11541/456 4832/11551/466 4831/11552/466
f 5055/11553/467 5056/11554/467 5058/11555/469 5057/11556/469
f 4901/11557/457 4902/11558/457 4904/11559/464 4903/11560/464
f 4831/11552/466 4832/11551/466 4834/11561/470 4833/11562/470
f 4867/11563/468 4868/11564/468 4870/11538/457 4869/11537/457
f 4857/11565/469 4858/11566/469 4860/11540/472 4859/11539/472
f 4833/11567/470 4834/11568/470 4836/11569/468 4835/11570/468
f 4961/11571/470 4962/11572/470 4964/11573/468 4963/11574/468
f 4955/11575/472 4956/11576/472 4958/11577/456 4957/11578/456
f 4835/11570/468 4836/11569/468 4838/11579/457 4837/11580/457
f 5157/11581/455 5158/11582/455 5162/11583/455 5161/11584/455
f 4919/11585/467 4920/11586/467 4922/11587/469 4921/11588/469
f 4837/11580/457 4838/11579/457 4840/11589/464 4839/11590/464
f 4865/11591/470 4866/11592/470 4868/11564/468 4867/11563/468
f 4855/11593/467 4856/11594/467 4858/11595/469 4857/11596/469
f 4839/11590/464 4840/11589/464 4842/11597/465 4841/11598/465
f 4889/11599/469 4890/11600/469 4892/11548/472 4891/11547/472
f 5157/11601/458 5161/11602/458 5159/11603/458 5155/11604/458
f 4841/11605/465 4842/11606/465 4844/11607/473 4843/11608/473
f 4899/11528/468 4900/11527/468 4902/11558/457 4901/11557/457
f 5035/11609/468 5036/11610/468 5038/11611/457 5037/11612/457
f 4843/11608/473 4844/11607/473 4846/11613/454 4845/11614/454
f 4863/11512/466 4864/11511/466 4866/11615/470 4865/11616/470
f 4853/11617/455 4854/11618/455 4856/11594/467 4855/11593/467
f 4845/11614/454 4846/11613/454 4848/11619/474 4847/11620/474
f 4923/11621/472 4924/11622/472 4926/11623/456 4925/11624/456
f 4893/11550/456 4894/11549/456 4896/11625/466 4895/11626/466
f 4847/11620/474 4848/11619/474 4850/11627/475 4849/11628/475
f 4824/11629/459 4822/11630/459 4852/11631/459 4850/11632/459 4848/11633/459 4846/11634/459 4844/11635/459 4842/11636/459 4840/11637/459 4838/11638/459 4836/11639/459 4834/11640/459 4832/11641/459 4830/11642/459 4828/11643/459 4826/11644/459
f 4903/11560/464 4904/11559/464 4906/11645/465 4905/11646/465
f 4849/11647/475 4850/11648/475 4852/11649/476 4851/11650/476
f 4887/11651/467 4888/11652/467 4890/11653/469 4889/11654/469
f 4986/11655/459 4982/11656/459 4819/11657/459 4984/11658/459
f 4851/11650/476 4852/11649/476 4822/11514/455 4821/11513/455
f 4821/11659/458 4823/11660/458 4825/11661/458 4827/11662/458 4829/11663/458 4831/11664/458 4833/11665/458 4835/11666/458 4837/11667/458 4839/11668/458 4841/11669/458 4843/11670/458 4845/11671/458 4847/11672/458 4849/11673/458 4851/11674/458
f 4951/11675/467 4952/11676/467 4954/11677/469 4953/11678/469
f 4873/11679/465 4874/11680/465 4876/11681/473 4875/11682/473
f 4921/11683/469 4922/11684/469 4924/11622/472 4923/11621/472
f 5029/11685/456 5030/11686/456 5032/11687/466 5031/11688/466
f 4875/11682/473 4876/11681/473 4878/11689/454 4877/11690/454
f 4895/11626/466 4896/11625/466 4898/11691/470 4897/11692/470
f 4885/11693/455 4886/11694/455 4888/11652/467 4887/11651/467
f 4877/11690/454 4878/11689/454 4880/11695/474 4879/11696/474
f 5039/11697/464 5040/11698/464 5042/11699/465 5041/11700/465
f 4935/11522/464 4936/11521/464 4938/11701/465 4937/11702/465
f 4879/11696/474 4880/11695/474 4882/11703/475 4881/11704/475
f 4864/11705/459 4862/11706/459 4860/11707/459 4858/11708/459 4856/11709/459 4854/11710/459 4884/11711/459 4882/11712/459 4880/11713/459 4878/11714/459 4876/11715/459 4874/11716/459 4872/11717/459 4870/11718/459 4868/11719/459 4866/11720/459
f 4925/11624/456 4926/11623/456 4928/11721/466 4927/11722/466
f 4881/11723/475 4882/11724/475 4884/11725/476 4883/11726/476
f 4929/11727/470 4930/11728/470 4932/11518/468 4931/11517/468
f 4965/11729/457 4966/11730/457 4968/11731/464 4967/11732/464
f 4883/11726/476 4884/11725/476 4854/11618/455 4853/11617/455
f 4873/11733/458 4875/11734/458 4877/11735/458 4879/11736/458 4881/11737/458 4883/11738/458 4853/11739/458 4855/11740/458 4857/11741/458 4859/11742/458 4861/11743/458 4863/11744/458 4865/11745/458 4867/11746/458 4869/11747/458 4871/11748/458
f 4953/11749/469 4954/11750/469 4956/11576/472 4955/11575/472
f 4905/11751/465 4906/11752/465 4908/11753/473 4907/11754/473
f 4981/11755/458 4985/11756/458 4983/11757/458 4820/11758/458
f 4963/11574/468 4964/11573/468 4966/11730/457 4965/11729/457
f 4907/11754/473 4908/11753/473 4910/11759/454 4909/11760/454
f 4917/11761/455 4918/11762/455 4920/11586/467 4919/11585/467
f 4927/11722/466 4928/11721/466 4930/11763/470 4929/11764/470
f 4909/11760/454 4910/11759/454 4912/11765/474 4911/11766/474
f 4957/11578/456 4958/11577/456 4960/11767/466 4959/11768/466
f 4991/11769/467 4992/11770/467 4994/11771/469 4993/11772/469
f 4911/11766/474 4912/11765/474 4914/11773/475 4913/11774/475
f 4967/11732/464 4968/11731/464 4970/11775/465 4969/11776/465
f 4889/11777/458 4891/11778/458 4893/11779/458 4895/11780/458 4897/11781/458 4899/11782/458 4901/11783/458 4903/11784/458 4905/11785/458 4907/11786/458 4909/11787/458 4911/11788/458 4913/11789/458 4915/11790/458 4885/11791/458 4887/11792/458
f 4913/11793/475 4914/11794/475 4916/11795/476 4915/11796/476
f 5001/11797/470 5002/11798/470 5004/11799/468 5003/11800/468
f 4999/11801/466 5000/11802/466 5002/11803/470 5001/11804/470
f 4915/11796/476 4916/11795/476 4886/11694/455 4885/11693/455
f 4900/11805/459 4898/11806/459 4896/11807/459 4894/11808/459 4892/11809/459 4890/11810/459 4888/11811/459 4886/11812/459 4916/11813/459 4914/11814/459 4912/11815/459 4910/11816/459 4908/11817/459 4906/11818/459 4904/11819/459 4902/11820/459
f 5181/11821/455 5182/11822/455 5184/11823/467 5183/11824/467
f 4937/11825/465 4938/11826/465 4940/11827/473 4939/11828/473
f 4989/11829/455 4990/11830/455 4992/11770/467 4991/11769/467
f 5027/11831/472 5028/11832/472 5030/11686/456 5029/11685/456
f 4939/11828/473 4940/11827/473 4942/11833/454 4941/11834/454
f 4959/11768/466 4960/11767/466 4962/11835/470 4961/11836/470
f 4949/11837/455 4950/11838/455 4952/11676/467 4951/11675/467
f 4941/11834/454 4942/11833/454 4944/11839/474 4943/11840/474
f 5025/11841/469 5026/11842/469 5028/11832/472 5027/11831/472
f 5003/11800/468 5004/11799/468 5006/11843/457 5005/11844/457
f 4943/11840/474 4944/11839/474 4946/11845/475 4945/11846/475
f 4924/11847/459 4922/11848/459 4920/11849/459 4918/11850/459 4948/11851/459 4946/11852/459 4944/11853/459 4942/11854/459 4940/11855/459 4938/11856/459 4936/11857/459 4934/11858/459 4932/11859/459 4930/11860/459 4928/11861/459 4926/11862/459
f 4993/11863/469 4994/11864/469 4996/11865/472 4995/11866/472
f 4945/11867/475 4946/11868/475 4948/11869/476 4947/11870/476
f 4997/11871/456 4998/11872/456 5000/11802/466 4999/11801/466
f 5291/11873/468 5292/11874/468 5294/11875/457 5293/11876/457
f 4947/11870/476 4948/11869/476 4918/11762/455 4917/11761/455
f 4931/11877/458 4933/11878/458 4935/11879/458 4937/11880/458 4939/11881/458 4941/11882/458 4943/11883/458 4945/11884/458 4947/11885/458 4917/11886/458 4919/11887/458 4921/11888/458 4923/11889/458 4925/11890/458 4927/11891/458 4929/11892/458
f 5119/11893/467 5120/11894/467 5122/11895/469 5121/11896/469
f 4969/11897/465 4970/11898/465 4972/11899/473 4971/11900/473
f 4983/11901/457 4984/11902/457 4819/11903/457 4820/11904/457
f 5059/11905/472 5060/11906/472 5062/11907/456 5061/11908/456
f 4971/11900/473 4972/11899/473 4974/11909/454 4973/11910/454
f 4985/11911/456 4986/11912/456 4984/11913/456 4983/11914/456
f 4995/11866/472 4996/11865/472 4998/11872/456 4997/11871/456
f 4973/11910/454 4974/11909/454 4976/11915/474 4975/11916/474
f 4981/11917/455 4982/11918/455 4986/11919/455 4985/11920/455
f 5037/11612/457 5038/11611/457 5040/11698/464 5039/11697/464
f 4975/11916/474 4976/11915/474 4978/11921/475 4977/11922/475
f 4820/11923/454 4819/11924/454 4982/11925/454 4981/11926/454
f 4957/11927/458 4959/11928/458 4961/11929/458 4963/11930/458 4965/11931/458 4967/11932/458 4969/11933/458 4971/11934/458 4973/11935/458 4975/11936/458 4977/11937/458 4979/11938/458 4949/11939/458 4951/11940/458 4953/11941/458 4955/11942/458
f 4977/11943/475 4978/11944/475 4980/11945/476 4979/11946/476
f 5065/11947/470 5066/11948/470 5068/11949/468 5067/11950/468
f 5097/11951/470 5098/11952/470 5100/11953/468 5099/11954/468
f 4979/11946/476 4980/11945/476 4950/11838/455 4949/11837/455
f 4966/11955/459 4964/11956/459 4962/11957/459 4960/11958/459 4958/11959/459 4956/11960/459 4954/11961/459 4952/11962/459 4950/11963/459 4980/11964/459 4978/11965/459 4976/11966/459 4974/11967/459 4972/11968/459 4970/11969/459 4968/11970/459
f 5154/11971/459 5150/11972/459 4988/11973/459 5152/11974/459
f 5005/11844/457 5006/11843/457 5008/11975/464 5007/11976/464
f 5023/11977/467 5024/11978/467 5026/11979/469 5025/11980/469
f 5033/11981/470 5034/11982/470 5036/11610/468 5035/11609/468
f 5007/11976/464 5008/11975/464 5010/11983/465 5009/11984/465
f 5133/11985/457 5134/11986/457 5136/11987/464 5135/11988/464
f 5057/11989/469 5058/11990/469 5060/11906/472 5059/11905/472
f 5009/11991/465 5010/11992/465 5012/11993/473 5011/11994/473
f 5131/11995/468 5132/11996/468 5134/11986/457 5133/11985/457
f 5067/11950/468 5068/11949/468 5070/11544/457 5069/11543/457
f 5011/11994/473 5012/11993/473 5014/11997/454 5013/11998/454
f 5021/11999/455 5022/12000/455 5024/11978/467 5023/11977/467
f 5031/11688/466 5032/11687/466 5034/12001/470 5033/12002/470
f 5013/11998/454 5014/11997/454 5016/12003/474 5015/12004/474
f 5061/11908/456 5062/11907/456 5064/12005/466 5063/12006/466
f 5101/12007/457 5102/12008/457 5104/12009/464 5103/12010/464
f 5015/12004/474 5016/12003/474 5018/12011/475 5017/12012/475
f 5071/11546/464 5072/11545/464 5074/12013/465 5073/12014/465
f 4999/12015/458 5001/12016/458 5003/12017/458 5005/12018/458 5007/12019/458 5009/12020/458 5011/12021/458 5013/12022/458 5015/12023/458 5017/12024/458 5019/12025/458 4989/12026/458 4991/12027/458 4993/12028/458 4995/12029/458 4997/12030/458
f 5017/12031/475 5018/12032/475 5020/12033/476 5019/12034/476
f 5091/12035/472 5092/12036/472 5094/12037/456 5093/12038/456
f 5089/12039/469 5090/12040/469 5092/12036/472 5091/12035/472
f 5019/12034/476 5020/12033/476 4990/11830/455 4989/11829/455
f 5002/12041/459 5000/12042/459 4998/12043/459 4996/12044/459 4994/12045/459 4992/12046/459 4990/12047/459 5020/12048/459 5018/12049/459 5016/12050/459 5014/12051/459 5012/12052/459 5010/12053/459 5008/12054/459 5006/12055/459 5004/12056/459
f 5175/12057/457 5176/12058/457 5172/12059/457 5171/12060/457
f 5041/12061/465 5042/12062/465 5044/12063/473 5043/12064/473
f 5099/11954/468 5100/11953/468 5102/12008/457 5101/12007/457
f 5293/11876/457 5294/11875/457 5296/12065/464 5295/12066/464
f 5043/12064/473 5044/12063/473 5046/12067/454 5045/12068/454
f 5063/12006/466 5064/12005/466 5066/12069/470 5065/12070/470
f 5053/12071/455 5054/12072/455 5056/11554/467 5055/11553/467
f 5045/12068/454 5046/12067/454 5048/12073/474 5047/12074/474
f 5123/12075/472 5124/12076/472 5126/12077/456 5125/12078/456
f 5093/12038/456 5094/12037/456 5096/12079/466 5095/12080/466
f 5047/12074/474 5048/12073/474 5050/12081/475 5049/12082/475
f 5042/12083/459 5040/12084/459 5038/12085/459 5036/12086/459 5034/12087/459 5032/12088/459 5030/12089/459 5028/12090/459 5026/12091/459 5024/12092/459 5022/12093/459 5052/12094/459 5050/12095/459 5048/12096/459 5046/12097/459 5044/12098/459
f 5103/12010/464 5104/12009/464 5106/12099/465 5105/12100/465
f 5049/12101/475 5050/12102/475 5052/12103/476 5051/12104/476
f 5087/12105/467 5088/12106/467 5090/12107/469 5089/12108/469
f 5163/12109/454 5164/12110/454 5166/12111/454 5165/12112/454
f 5051/12104/476 5052/12103/476 5022/12000/455 5021/11999/455
f 5037/12113/458 5039/12114/458 5041/12115/458 5043/12116/458 5045/12117/458 5047/12118/458 5049/12119/458 5051/12120/458 5021/12121/458 5023/12122/458 5025/12123/458 5027/12124/458 5029/12125/458 5031/12126/458 5033/12127/458 5035/12128/458
f 5177/12129/477 5178/12130/477 5176/12131/477 5175/12132/477
f 5073/12133/465 5074/12134/465 5076/12135/473 5075/12136/473
f 5121/12137/469 5122/12138/469 5124/12076/472 5123/12075/472
f 5159/12139/457 5160/12140/457 5156/12141/457 5155/12142/457
f 5075/12136/473 5076/12135/473 5078/12143/454 5077/12144/454
f 5095/12080/466 5096/12079/466 5098/12145/470 5097/12146/470
f 5085/12147/455 5086/12148/455 5088/12106/467 5087/12105/467
f 5077/12144/454 5078/12143/454 5080/12149/474 5079/12150/474
f 5155/12151/454 5156/12152/454 5158/12153/454 5157/12154/454
f 5135/11988/464 5136/11987/464 5138/12155/465 5137/12156/465
f 5079/12150/474 5080/12149/474 5082/12157/475 5081/12158/475
f 5072/12159/459 5070/12160/459 5068/12161/459 5066/12162/459 5064/12163/459 5062/12164/459 5060/12165/459 5058/12166/459 5056/12167/459 5054/12168/459 5084/12169/459 5082/12170/459 5080/12171/459 5078/12172/459 5076/12173/459 5074/12174/459
f 5125/12078/456 5126/12077/456 5128/12175/466 5127/12176/466
f 5081/12177/475 5082/12178/475 5084/12179/476 5083/12180/476
f 5129/12181/470 5130/12182/470 5132/11996/468 5131/11995/468
f 5162/12183/459 5158/12184/459 5156/12185/459 5160/12186/459
f 5083/12180/476 5084/12179/476 5054/12072/455 5053/12071/455
f 5067/12187/458 5069/12188/458 5071/12189/458 5073/12190/458 5075/12191/458 5077/12192/458 5079/12193/458 5081/12194/458 5083/12195/458 5053/12196/458 5055/12197/458 5057/12198/458 5059/12199/458 5061/12200/458 5063/12201/458 5065/12202/458
f 5178/12203/478 5174/12204/478 5172/12205/478 5176/12206/478
f 5105/12207/465 5106/12208/465 5108/12209/473 5107/12210/473
f 5167/12211/457 5168/12212/457 5164/12213/457 5163/12214/457
f 5161/12215/456 5162/12216/456 5160/12217/456 5159/12218/456
f 5107/12210/473 5108/12209/473 5110/12219/454 5109/12220/454
f 5117/12221/455 5118/12222/455 5120/11894/467 5119/11893/467
f 5127/12176/466 5128/12175/466 5130/12223/470 5129/12224/470
f 5109/12220/454 5110/12219/454 5112/12225/474 5111/12226/474
f 5183/11824/467 5184/11823/467 5186/12227/469 5185/12228/469
f 5231/12229/464 5232/12230/464 5234/12231/465 5233/12232/465
f 5111/12226/474 5112/12225/474 5114/12233/475 5113/12234/475
f 5169/12235/456 5170/12236/456 5168/12237/456 5167/12238/456
f 5089/12239/458 5091/12240/458 5093/12241/458 5095/12242/458 5097/12243/458 5099/12244/458 5101/12245/458 5103/12246/458 5105/12247/458 5107/12248/458 5109/12249/458 5111/12250/458 5113/12251/458 5115/12252/458 5085/12253/458 5087/12254/458
f 5113/12255/475 5114/12256/475 5116/12257/476 5115/12258/476
f 5221/12259/456 5222/12260/456 5224/12261/466 5223/12262/466
f 5149/12263/458 5153/12264/458 5151/12265/458 4987/12266/458
f 5115/12258/476 5116/12257/476 5086/12148/455 5085/12147/455
f 5102/12267/459 5100/12268/459 5098/12269/459 5096/12270/459 5094/12271/459 5092/12272/459 5090/12273/459 5088/12274/459 5086/12275/459 5116/12276/459 5114/12277/459 5112/12278/459 5110/12279/459 5108/12280/459 5106/12281/459 5104/12282/459
f 5173/12283/455 5174/12284/455 5178/12285/455 5177/12286/455
f 5137/12287/465 5138/12288/465 5140/12289/473 5139/12290/473
f 5151/12291/457 5152/12292/457 4988/12293/457 4987/12294/457
f 5171/12295/479 5172/12296/479 5174/12297/479 5173/12298/479
f 5139/12290/473 5140/12289/473 5142/12299/454 5141/12300/454
f 5153/12301/456 5154/12302/456 5152/12303/456 5151/12304/456
f 5170/12305/459 5166/12306/459 5164/12307/459 5168/12308/459
f 5141/12300/454 5142/12299/454 5144/12309/474 5143/12310/474
f 5149/12311/455 5150/12312/455 5154/12313/455 5153/12314/455
f 5165/12315/458 5169/12316/458 5167/12317/458 5163/12318/458
f 5143/12310/474 5144/12309/474 5146/12319/475 5145/12320/475
f 4987/12321/454 4988/12322/454 5150/12323/454 5149/12324/454
f 5131/12325/458 5133/12326/458 5135/12327/458 5137/12328/458 5139/12329/458 5141/12330/458 5143/12331/458 5145/12332/458 5147/12333/458 5117/12334/458 5119/12335/458 5121/12336/458 5123/12337/458 5125/12338/458 5127/12339/458 5129/12340/458
f 5145/12341/475 5146/12342/475 5148/12343/476 5147/12344/476
f 5165/12345/455 5166/12346/455 5170/12347/455 5169/12348/455
f 5257/12349/470 5258/12350/470 5260/12351/468 5259/12352/468
f 5147/12344/476 5148/12343/476 5118/12222/455 5117/12221/455
f 5134/12353/459 5132/12354/459 5130/12355/459 5128/12356/459 5126/12357/459 5124/12358/459 5122/12359/459 5120/12360/459 5118/12361/459 5148/12362/459 5146/12363/459 5144/12364/459 5142/12365/459 5140/12366/459 5138/12367/459 5136/12368/459
f 5185/12369/469 5186/12370/469 5188/12371/472 5187/12372/472
f 5229/12373/457 5230/12374/457 5232/12230/464 5231/12229/464
f 5219/12375/472 5220/12376/472 5222/12260/456 5221/12259/456
f 5187/12372/472 5188/12371/472 5190/12377/456 5189/12378/456
f 5429/12379/457 5430/12380/457 5432/12381/464 5431/12382/464
f 5251/12383/472 5252/12384/472 5254/12385/456 5253/12386/456
f 5189/12378/456 5190/12377/456 5192/12387/466 5191/12388/466
f 5415/12389/467 5416/12390/467 5418/12391/469 5417/12392/469
f 5261/12393/457 5262/12394/457 5264/12395/464 5263/12396/464
f 5191/12388/466 5192/12387/466 5194/12397/470 5193/12398/470
f 5227/12399/468 5228/12400/468 5230/12374/457 5229/12373/457
f 5217/12401/469 5218/12402/469 5220/12376/472 5219/12375/472
f 5193/12403/470 5194/12404/470 5196/12405/468 5195/12406/468
f 5321/12407/470 5322/12408/470 5324/12409/468 5323/12410/468
f 5315/12411/472 5316/12412/472 5318/12413/456 5317/12414/456
f 5195/12406/468 5196/12405/468 5198/12415/457 5197/12416/457
f 5567/12417/464 5568/12418/464 5570/12419/465 5569/12420/465
f 5279/12421/467 5280/12422/467 5282/12423/469 5281/12424/469
f 5197/12416/457 5198/12415/457 5200/12425/464 5199/12426/464
f 5225/12427/470 5226/12428/470 5228/12400/468 5227/12399/468
f 5215/12429/467 5216/12430/467 5218/12431/469 5217/12432/469
f 5199/12426/464 5200/12425/464 5202/12433/465 5201/12434/465
f 5249/12435/469 5250/12436/469 5252/12384/472 5251/12383/472
f 5583/12437/467 5584/12438/467 5586/12439/469 5585/12440/469
f 5201/12441/465 5202/12442/465 5204/12443/473 5203/12444/473
f 5259/12352/468 5260/12351/468 5262/12394/457 5261/12393/457
f 5395/12445/468 5396/12446/468 5398/12447/457 5397/12448/457
f 5203/12444/473 5204/12443/473 5206/12449/454 5205/12450/454
f 5223/12262/466 5224/12261/466 5226/12451/470 5225/12452/470
f 5213/12453/455 5214/12454/455 5216/12430/467 5215/12429/467
f 5205/12450/454 5206/12449/454 5208/12455/474 5207/12456/474
f 5283/12457/472 5284/12458/472 5286/12459/456 5285/12460/456
f 5253/12386/456 5254/12385/456 5256/12461/466 5255/12462/466
f 5207/12456/474 5208/12455/474 5210/12463/475 5209/12464/475
f 5186/12465/459 5184/12466/459 5182/12467/459 5212/12468/459 5210/12469/459 5208/12470/459 5206/12471/459 5204/12472/459 5202/12473/459 5200/12474/459 5198/12475/459 5196/12476/459 5194/12477/459 5192/12478/459 5190/12479/459 5188/12480/459
f 5263/12396/464 5264/12395/464 5266/12481/465 5265/12482/465
f 5209/12483/475 5210/12484/475 5212/12485/476 5211/12486/476
f 5247/12487/467 5248/12488/467 5250/12489/469 5249/12490/469
f 5346/12491/459 5342/12492/459 5179/12493/459 5344/12494/459
f 5211/12486/476 5212/12485/476 5182/11822/455 5181/11821/455
f 5183/12495/458 5185/12496/458 5187/12497/458 5189/12498/458 5191/12499/458 5193/12500/458 5195/12501/458 5197/12502/458 5199/12503/458 5201/12504/458 5203/12505/458 5205/12506/458 5207/12507/458 5209/12508/458 5211/12509/458 5181/12510/458
f 5311/12511/467 5312/12512/467 5314/12513/469 5313/12514/469
f 5233/12515/465 5234/12516/465 5236/12517/473 5235/12518/473
f 5281/12519/469 5282/12520/469 5284/12458/472 5283/12457/472
f 5389/12521/456 5390/12522/456 5392/12523/466 5391/12524/466
f 5235/12518/473 5236/12517/473 5238/12525/454 5237/12526/454
f 5255/12462/466 5256/12461/466 5258/12527/470 5257/12528/470
f 5245/12529/455 5246/12530/455 5248/12488/467 5247/12487/467
f 5237/12526/454 5238/12525/454 5240/12531/474 5239/12532/474
f 5399/12533/464 5400/12534/464 5402/12535/465 5401/12536/465
f 5295/12066/464 5296/12065/464 5298/12537/465 5297/12538/465
f 5239/12532/474 5240/12531/474 5242/12539/475 5241/12540/475
f 5224/12541/459 5222/12542/459 5220/12543/459 5218/12544/459 5216/12545/459 5214/12546/459 5244/12547/459 5242/12548/459 5240/12549/459 5238/12550/459 5236/12551/459 5234/12552/459 5232/12553/459 5230/12554/459 5228/12555/459 5226/12556/459
f 5285/12460/456 5286/12459/456 5288/12557/466 5287/12558/466
f 5241/12559/475 5242/12560/475 5244/12561/476 5243/12562/476
f 5289/12563/470 5290/12564/470 5292/11874/468 5291/11873/468
f 5325/12565/457 5326/12566/457 5328/12567/464 5327/12568/464
f 5243/12562/476 5244/12561/476 5214/12454/455 5213/12453/455
f 5233/12569/458 5235/12570/458 5237/12571/458 5239/12572/458 5241/12573/458 5243/12574/458 5213/12575/458 5215/12576/458 5217/12577/458 5219/12578/458 5221/12579/458 5223/12580/458 5225/12581/458 5227/12582/458 5229/12583/458 5231/12584/458
f 5313/12585/469 5314/12586/469 5316/12412/472 5315/12411/472
f 5265/12587/465 5266/12588/465 5268/12589/473 5267/12590/473
f 5341/12591/458 5345/12592/458 5343/12593/458 5180/12594/458
f 5323/12410/468 5324/12409/468 5326/12566/457 5325/12565/457
f 5267/12590/473 5268/12589/473 5270/12595/454 5269/12596/454
f 5277/12597/455 5278/12598/455 5280/12422/467 5279/12421/467
f 5287/12558/466 5288/12557/466 5290/12599/470 5289/12600/470
f 5269/12596/454 5270/12595/454 5272/12601/474 5271/12602/474
f 5317/12414/456 5318/12413/456 5320/12603/466 5319/12604/466
f 5351/12605/467 5352/12606/467 5354/12607/469 5353/12608/469
f 5271/12602/474 5272/12601/474 5274/12609/475 5273/12610/475
f 5327/12568/464 5328/12567/464 5330/12611/465 5329/12612/465
f 5249/12613/458 5251/12614/458 5253/12615/458 5255/12616/458 5257/12617/458 5259/12618/458 5261/12619/458 5263/12620/458 5265/12621/458 5267/12622/458 5269/12623/458 5271/12624/458 5273/12625/458 5275/12626/458 5245/12627/458 5247/12628/458
f 5273/12629/475 5274/12630/475 5276/12631/476 5275/12632/476
f 5361/12633/470 5362/12634/470 5364/12635/468 5363/12636/468
f 5359/12637/466 5360/12638/466 5362/12639/470 5361/12640/470
f 5275/12632/476 5276/12631/476 5246/12530/455 5245/12529/455
f 5260/12641/459 5258/12642/459 5256/12643/459 5254/12644/459 5252/12645/459 5250/12646/459 5248/12647/459 5246/12648/459 5276/12649/459 5274/12650/459 5272/12651/459 5270/12652/459 5268/12653/459 5266/12654/459 5264/12655/459 5262/12656/459
f 5529/12657/470 5530/12658/470 5532/12659/468 5531/12660/468
f 5297/12661/465 5298/12662/465 5300/12663/473 5299/12664/473
f 5349/12665/455 5350/12666/455 5352/12606/467 5351/12605/467
f 5387/12667/472 5388/12668/472 5390/12522/456 5389/12521/456
f 5299/12664/473 5300/12663/473 5302/12669/454 5301/12670/454
f 5319/12604/466 5320/12603/466 5322/12671/470 5321/12672/470
f 5309/12673/455 5310/12674/455 5312/12512/467 5311/12511/467
f 5301/12670/454 5302/12669/454 5304/12675/474 5303/12676/474
f 5385/12677/469 5386/12678/469 5388/12668/472 5387/12667/472
f 5363/12636/468 5364/12635/468 5366/12679/457 5365/12680/457
f 5303/12676/474 5304/12675/474 5306/12681/475 5305/12682/475
f 5284/12683/459 5282/12684/459 5280/12685/459 5278/12686/459 5308/12687/459 5306/12688/459 5304/12689/459 5302/12690/459 5300/12691/459 5298/12692/459 5296/12693/459 5294/12694/459 5292/12695/459 5290/12696/459 5288/12697/459 5286/12698/459
f 5353/12699/469 5354/12700/469 5356/12701/472 5355/12702/472
f 5305/12703/475 5306/12704/475 5308/12705/476 5307/12706/476
f 5357/12707/456 5358/12708/456 5360/12638/466 5359/12637/466
f 5735/12709/464 5736/12710/464 5738/12711/465 5737/12712/465
f 5307/12706/476 5308/12705/476 5278/12598/455 5277/12597/455
f 5291/12713/458 5293/12714/458 5295/12715/458 5297/12716/458 5299/12717/458 5301/12718/458 5303/12719/458 5305/12720/458 5307/12721/458 5277/12722/458 5279/12723/458 5281/12724/458 5283/12725/458 5285/12726/458 5287/12727/458 5289/12728/458
f 5479/12729/467 5480/12730/467 5482/12731/469 5481/12732/469
f 5329/12733/465 5330/12734/465 5332/12735/473 5331/12736/473
f 5343/12737/457 5344/12738/457 5179/12739/457 5180/12740/457
f 5419/12741/472 5420/12742/472 5422/12743/456 5421/12744/456
f 5331/12736/473 5332/12735/473 5334/12745/454 5333/12746/454
f 5345/12747/456 5346/12748/456 5344/12749/456 5343/12750/456
f 5355/12702/472 5356/12701/472 5358/12708/456 5357/12707/456
f 5333/12746/454 5334/12745/454 5336/12751/474 5335/12752/474
f 5341/12753/455 5342/12754/455 5346/12755/455 5345/12756/455
f 5397/12448/457 5398/12447/457 5400/12534/464 5399/12533/464
f 5335/12752/474 5336/12751/474 5338/12757/475 5337/12758/475
f 5180/12759/454 5179/12760/454 5342/12761/454 5341/12762/454
f 5317/12763/458 5319/12764/458 5321/12765/458 5323/12766/458 5325/12767/458 5327/12768/458 5329/12769/458 5331/12770/458 5333/12771/458 5335/12772/458 5337/12773/458 5339/12774/458 5309/12775/458 5311/12776/458 5313/12777/458 5315/12778/458
f 5337/12779/475 5338/12780/475 5340/12781/476 5339/12782/476
f 5425/12783/470 5426/12784/470 5428/12785/468 5427/12786/468
f 5457/12787/470 5458/12788/470 5460/12789/468 5459/12790/468
f 5339/12782/476 5340/12781/476 5310/12674/455 5309/12673/455
f 5326/12791/459 5324/12792/459 5322/12793/459 5320/12794/459 5318/12795/459 5316/12796/459 5314/12797/459 5312/12798/459 5310/12799/459 5340/12800/459 5338/12801/459 5336/12802/459 5334/12803/459 5332/12804/459 5330/12805/459 5328/12806/459
f 5514/12807/459 5510/12808/459 5348/12809/459 5512/12810/459
f 5365/12680/457 5366/12679/457 5368/12811/464 5367/12812/464
f 5383/12813/467 5384/12814/467 5386/12815/469 5385/12816/469
f 5393/12817/470 5394/12818/470 5396/12446/468 5395/12445/468
f 5367/12812/464 5368/12811/464 5370/12819/465 5369/12820/465
f 5493/12821/457 5494/12822/457 5496/12823/464 5495/12824/464
f 5417/12825/469 5418/12826/469 5420/12742/472 5419/12741/472
f 5369/12827/465 5370/12828/465 5372/12829/473 5371/12830/473
f 5491/12831/468 5492/12832/468 5494/12822/457 5493/12821/457
f 5427/12786/468 5428/12785/468 5430/12380/457 5429/12379/457
f 5371/12830/473 5372/12829/473 5374/12833/454 5373/12834/454
f 5381/12835/455 5382/12836/455 5384/12814/467 5383/12813/467
f 5391/12524/466 5392/12523/466 5394/12837/470 5393/12838/470
f 5373/12834/454 5374/12833/454 5376/12839/474 5375/12840/474
f 5421/12744/456 5422/12743/456 5424/12841/466 5423/12842/466
f 5461/12843/457 5462/12844/457 5464/12845/464 5463/12846/464
f 5375/12840/474 5376/12839/474 5378/12847/475 5377/12848/475
f 5431/12382/464 5432/12381/464 5434/12849/465 5433/12850/465
f 5359/12851/458 5361/12852/458 5363/12853/458 5365/12854/458 5367/12855/458 5369/12856/458 5371/12857/458 5373/12858/458 5375/12859/458 5377/12860/458 5379/12861/458 5349/12862/458 5351/12863/458 5353/12864/458 5355/12865/458 5357/12866/458
f 5377/12867/475 5378/12868/475 5380/12869/476 5379/12870/476
f 5451/12871/472 5452/12872/472 5454/12873/456 5453/12874/456
f 5449/12875/469 5450/12876/469 5452/12872/472 5451/12871/472
f 5379/12870/476 5380/12869/476 5350/12666/455 5349/12665/455
f 5362/12877/459 5360/12878/459 5358/12879/459 5356/12880/459 5354/12881/459 5352/12882/459 5350/12883/459 5380/12884/459 5378/12885/459 5376/12886/459 5374/12887/459 5372/12888/459 5370/12889/459 5368/12890/459 5366/12891/459 5364/12892/459
f 5597/12893/457 5598/12894/457 5600/12895/464 5599/12896/464
f 5401/12897/465 5402/12898/465 5404/12899/473 5403/12900/473
f 5459/12790/468 5460/12789/468 5462/12844/457 5461/12843/457
f 5697/12901/470 5698/12902/470 5700/12903/468 5699/12904/468
f 5403/12900/473 5404/12899/473 5406/12905/454 5405/12906/454
f 5423/12842/466 5424/12841/466 5426/12907/470 5425/12908/470
f 5413/12909/455 5414/12910/455 5416/12390/467 5415/12389/467
f 5405/12906/454 5406/12905/454 5408/12911/474 5407/12912/474
f 5483/12913/472 5484/12914/472 5486/12915/456 5485/12916/456
f 5453/12874/456 5454/12873/456 5456/12917/466 5455/12918/466
f 5407/12912/474 5408/12911/474 5410/12919/475 5409/12920/475
f 5402/12921/459 5400/12922/459 5398/12923/459 5396/12924/459 5394/12925/459 5392/12926/459 5390/12927/459 5388/12928/459 5386/12929/459 5384/12930/459 5382/12931/459 5412/12932/459 5410/12933/459 5408/12934/459 5406/12935/459 5404/12936/459
f 5463/12846/464 5464/12845/464 5466/12937/465 5465/12938/465
f 5409/12939/475 5410/12940/475 5412/12941/476 5411/12942/476
f 5447/12943/467 5448/12944/467 5450/12945/469 5449/12946/469
f 5751/12947/467 5752/12948/467 5754/12949/469 5753/12950/469
f 5411/12942/476 5412/12941/476 5382/12836/455 5381/12835/455
f 5397/12951/458 5399/12952/458 5401/12953/458 5403/12954/458 5405/12955/458 5407/12956/458 5409/12957/458 5411/12958/458 5381/12959/458 5383/12960/458 5385/12961/458 5387/12962/458 5389/12963/458 5391/12964/458 5393/12965/458 5395/12966/458
f 5525/12967/456 5526/12968/456 5528/12969/466 5527/12970/466
f 5433/12971/465 5434/12972/465 5436/12973/473 5435/12974/473
f 5481/12975/469 5482/12976/469 5484/12914/472 5483/12913/472
f 5435/12974/473 5436/12973/473 5438/12977/454 5437/12978/454
f 5455/12918/466 5456/12917/466 5458/12979/470 5457/12980/470
f 5445/12981/455 5446/12982/455 5448/12944/467 5447/12943/467
f 5437/12978/454 5438/12977/454 5440/12983/474 5439/12984/474
f 5557/12985/456 5558/12986/456 5560/12987/466 5559/12988/466
f 5495/12824/464 5496/12823/464 5498/12989/465 5497/12990/465
f 5439/12984/474 5440/12983/474 5442/12991/475 5441/12992/475
f 5432/12993/459 5430/12994/459 5428/12995/459 5426/12996/459 5424/12997/459 5422/12998/459 5420/12999/459 5418/13000/459 5416/13001/459 5414/13002/459 5444/13003/459 5442/13004/459 5440/13005/459 5438/13006/459 5436/13007/459 5434/13008/459
f 5485/12916/456 5486/12915/456 5488/13009/466 5487/13010/466
f 5441/13011/475 5442/13012/475 5444/13013/476 5443/13014/476
f 5489/13015/470 5490/13016/470 5492/12832/468 5491/12831/468
f 5519/13017/467 5520/13018/467 5522/13019/469 5521/13020/469
f 5443/13014/476 5444/13013/476 5414/12910/455 5413/12909/455
f 5427/13021/458 5429/13022/458 5431/13023/458 5433/13024/458 5435/13025/458 5437/13026/458 5439/13027/458 5441/13028/458 5443/13029/458 5413/13030/458 5415/13031/458 5417/13032/458 5419/13033/458 5421/13034/458 5423/13035/458 5425/13036/458
f 5527/12970/466 5528/12969/466 5530/13037/470 5529/13038/470
f 5465/13039/465 5466/13040/465 5468/13041/473 5467/13042/473
f 5555/13043/472 5556/13044/472 5558/12986/456 5557/12985/456
f 5517/13045/455 5518/13046/455 5520/13018/467 5519/13017/467
f 5467/13042/473 5468/13041/473 5470/13047/454 5469/13048/454
f 5477/13049/455 5478/13050/455 5480/12730/467 5479/12729/467
f 5487/13010/466 5488/13009/466 5490/13051/470 5489/13052/470
f 5469/13048/454 5470/13047/454 5472/13053/474 5471/13054/474
f 5531/12660/468 5532/12659/468 5534/13055/457 5533/13056/457
f 5553/13057/469 5554/13058/469 5556/13044/472 5555/13043/472
f 5471/13054/474 5472/13053/474 5474/13059/475 5473/13060/475
f 5521/13061/469 5522/13062/469 5524/13063/472 5523/13064/472
f 5449/13065/458 5451/13066/458 5453/13067/458 5455/13068/458 5457/13069/458 5459/13070/458 5461/13071/458 5463/13072/458 5465/13073/458 5467/13074/458 5469/13075/458 5471/13076/458 5473/13077/458 5475/13078/458 5445/13079/458 5447/13080/458
f 5473/13081/475 5474/13082/475 5476/13083/476 5475/13084/476
f 5563/13085/468 5564/13086/468 5566/13087/457 5565/13088/457
f 5509/13089/458 5513/13090/458 5511/13091/458 5347/13092/458
f 5475/13084/476 5476/13083/476 5446/12982/455 5445/12981/455
f 5462/13093/459 5460/13094/459 5458/13095/459 5456/13096/459 5454/13097/459 5452/13098/459 5450/13099/459 5448/13100/459 5446/13101/459 5476/13102/459 5474/13103/459 5472/13104/459 5470/13105/459 5468/13106/459 5466/13107/459 5464/13108/459
f 5647/13109/467 5648/13110/467 5650/13111/469 5649/13112/469
f 5497/13113/465 5498/13114/465 5500/13115/473 5499/13116/473
f 5511/13117/457 5512/13118/457 5348/13119/457 5347/13120/457
f 5587/13121/472 5588/13122/472 5590/13123/456 5589/13124/456
f 5499/13116/473 5500/13115/473 5502/13125/454 5501/13126/454
f 5513/13127/456 5514/13128/456 5512/13129/456 5511/13130/456
f 5523/13064/472 5524/13063/472 5526/12968/456 5525/12967/456
f 5501/13126/454 5502/13125/454 5504/13131/474 5503/13132/474
f 5509/13133/455 5510/13134/455 5514/13135/455 5513/13136/455
f 5565/13088/457 5566/13087/457 5568/12418/464 5567/12417/464
f 5503/13132/474 5504/13131/474 5506/13137/475 5505/13138/475
f 5347/13139/454 5348/13140/454 5510/13141/454 5509/13142/454
f 5491/13143/458 5493/13144/458 5495/13145/458 5497/13146/458 5499/13147/458 5501/13148/458 5503/13149/458 5505/13150/458 5507/13151/458 5477/13152/458 5479/13153/458 5481/13154/458 5483/13155/458 5485/13156/458 5487/13157/458 5489/13158/458
f 5505/13159/475 5506/13160/475 5508/13161/476 5507/13162/476
f 5593/13163/470 5594/13164/470 5596/13165/468 5595/13166/468
f 5625/13167/470 5626/13168/470 5628/13169/468 5627/13170/468
f 5507/13162/476 5508/13161/476 5478/13050/455 5477/13049/455
f 5494/13171/459 5492/13172/459 5490/13173/459 5488/13174/459 5486/13175/459 5484/13176/459 5482/13177/459 5480/13178/459 5478/13179/459 5508/13180/459 5506/13181/459 5504/13182/459 5502/13183/459 5500/13184/459 5498/13185/459 5496/13186/459
f 5682/13187/459 5678/13188/459 5516/13189/459 5680/13190/459
f 5533/13056/457 5534/13055/457 5536/13191/464 5535/13192/464
f 5551/13193/467 5552/13194/467 5554/13195/469 5553/13196/469
f 5561/13197/470 5562/13198/470 5564/13086/468 5563/13085/468
f 5535/13192/464 5536/13191/464 5538/13199/465 5537/13200/465
f 5661/13201/457 5662/13202/457 5664/13203/464 5663/13204/464
f 5585/13205/469 5586/13206/469 5588/13122/472 5587/13121/472
f 5537/13207/465 5538/13208/465 5540/13209/473 5539/13210/473
f 5659/13211/468 5660/13212/468 5662/13202/457 5661/13201/457
f 5595/13166/468 5596/13165/468 5598/12894/457 5597/12893/457
f 5539/13210/473 5540/13209/473 5542/13213/454 5541/13214/454
f 5549/13215/455 5550/13216/455 5552/13194/467 5551/13193/467
f 5559/12988/466 5560/12987/466 5562/13217/470 5561/13218/470
f 5541/13214/454 5542/13213/454 5544/13219/474 5543/13220/474
f 5589/13124/456 5590/13123/456 5592/13221/466 5591/13222/466
f 5629/13223/457 5630/13224/457 5632/13225/464 5631/13226/464
f 5543/13220/474 5544/13219/474 5546/13227/475 5545/13228/475
f 5599/12896/464 5600/12895/464 5602/13229/465 5601/13230/465
f 5531/13231/458 5533/13232/458 5535/13233/458 5537/13234/458 5539/13235/458 5541/13236/458 5543/13237/458 5545/13238/458 5547/13239/458 5517/13240/458 5519/13241/458 5521/13242/458 5523/13243/458 5525/13244/458 5527/13245/458 5529/13246/458
f 5545/13247/475 5546/13248/475 5548/13249/476 5547/13250/476
f 5619/13251/472 5620/13252/472 5622/13253/456 5621/13254/456
f 5617/13255/469 5618/13256/469 5620/13252/472 5619/13251/472
f 5547/13250/476 5548/13249/476 5518/13046/455 5517/13045/455
f 5530/13257/459 5528/13258/459 5526/13259/459 5524/13260/459 5522/13261/459 5520/13262/459 5518/13263/459 5548/13264/459 5546/13265/459 5544/13266/459 5542/13267/459 5540/13268/459 5538/13269/459 5536/13270/459 5534/13271/459 5532/13272/459
f 5765/13273/457 5766/13274/457 5768/13275/464 5767/13276/464
f 5569/13277/465 5570/13278/465 5572/13279/473 5571/13280/473
f 5627/13170/468 5628/13169/468 5630/13224/457 5629/13223/457
f 5571/13280/473 5572/13279/473 5574/13281/454 5573/13282/454
f 5591/13222/466 5592/13221/466 5594/13283/470 5593/13284/470
f 5581/13285/455 5582/13286/455 5584/12438/467 5583/12437/467
f 5573/13282/454 5574/13281/454 5576/13287/474 5575/13288/474
f 5651/13289/472 5652/13290/472 5654/13291/456 5653/13292/456
f 5621/13254/456 5622/13253/456 5624/13293/466 5623/13294/466
f 5575/13288/474 5576/13287/474 5578/13295/475 5577/13296/475
f 5570/13297/459 5568/13298/459 5566/13299/459 5564/13300/459 5562/13301/459 5560/13302/459 5558/13303/459 5556/13304/459 5554/13305/459 5552/13306/459 5550/13307/459 5580/13308/459 5578/13309/459 5576/13310/459 5574/13311/459 5572/13312/459
f 5631/13226/464 5632/13225/464 5634/13313/465 5633/13314/465
f 5577/13315/475 5578/13316/475 5580/13317/476 5579/13318/476
f 5615/13319/467 5616/13320/467 5618/13321/469 5617/13322/469
f 5579/13318/476 5580/13317/476 5550/13216/455 5549/13215/455
f 5565/13323/458 5567/13324/458 5569/13325/458 5571/13326/458 5573/13327/458 5575/13328/458 5577/13329/458 5579/13330/458 5549/13331/458 5551/13332/458 5553/13333/458 5555/13334/458 5557/13335/458 5559/13336/458 5561/13337/458 5563/13338/458
f 5693/13339/456 5694/13340/456 5696/13341/466 5695/13342/466
f 5601/13343/465 5602/13344/465 5604/13345/473 5603/13346/473
f 5649/13347/469 5650/13348/469 5652/13290/472 5651/13289/472
f 5603/13346/473 5604/13345/473 5606/13349/454 5605/13350/454
f 5623/13294/466 5624/13293/466 5626/13351/470 5625/13352/470
f 5613/13353/455 5614/13354/455 5616/13320/467 5615/13319/467
f 5605/13350/454 5606/13349/454 5608/13355/474 5607/13356/474
f 5725/13357/456 5726/13358/456 5728/13359/466 5727/13360/466
f 5663/13204/464 5664/13203/464 5666/13361/465 5665/13362/465
f 5607/13356/474 5608/13355/474 5610/13363/475 5609/13364/475
f 5588/13365/459 5586/13366/459 5584/13367/459 5582/13368/459 5612/13369/459 5610/13370/459 5608/13371/459 5606/13372/459 5604/13373/459 5602/13374/459 5600/13375/459 5598/13376/459 5596/13377/459 5594/13378/459 5592/13379/459 5590/13380/459
f 5653/13292/456 5654/13291/456 5656/13381/466 5655/13382/466
f 5609/13383/475 5610/13384/475 5612/13385/476 5611/13386/476
f 5657/13387/470 5658/13388/470 5660/13212/468 5659/13211/468
f 5687/13389/467 5688/13390/467 5690/13391/469 5689/13392/469
f 5611/13386/476 5612/13385/476 5582/13286/455 5581/13285/455
f 5595/13393/458 5597/13394/458 5599/13395/458 5601/13396/458 5603/13397/458 5605/13398/458 5607/13399/458 5609/13400/458 5611/13401/458 5581/13402/458 5583/13403/458 5585/13404/458 5587/13405/458 5589/13406/458 5591/13407/458 5593/13408/458
f 5695/13342/466 5696/13341/466 5698/13409/470 5697/13410/470
f 5633/13411/465 5634/13412/465 5636/13413/473 5635/13414/473
f 5723/13415/472 5724/13416/472 5726/13358/456 5725/13357/456
f 5685/13417/455 5686/13418/455 5688/13390/467 5687/13389/467
f 5635/13414/473 5636/13413/473 5638/13419/454 5637/13420/454
f 5645/13421/455 5646/13422/455 5648/13110/467 5647/13109/467
f 5655/13382/466 5656/13381/466 5658/13423/470 5657/13424/470
f 5637/13420/454 5638/13419/454 5640/13425/474 5639/13426/474
f 5699/12904/468 5700/12903/468 5702/13427/457 5701/13428/457
f 5721/13429/469 5722/13430/469 5724/13416/472 5723/13415/472
f 5639/13426/474 5640/13425/474 5642/13431/475 5641/13432/475
f 5689/13433/469 5690/13434/469 5692/13435/472 5691/13436/472
f 5621/13437/458 5623/13438/458 5625/13439/458 5627/13440/458 5629/13441/458 5631/13442/458 5633/13443/458 5635/13444/458 5637/13445/458 5639/13446/458 5641/13447/458 5643/13448/458 5613/13449/458 5615/13450/458 5617/13451/458 5619/13452/458
f 5641/13453/475 5642/13454/475 5644/13455/476 5643/13456/476
f 5731/13457/468 5732/13458/468 5734/13459/457 5733/13460/457
f 5677/13461/458 5681/13462/458 5679/13463/458 5515/13464/458
f 5643/13456/476 5644/13455/476 5614/13354/455 5613/13353/455
f 5630/13465/459 5628/13466/459 5626/13467/459 5624/13468/459 5622/13469/459 5620/13470/459 5618/13471/459 5616/13472/459 5614/13473/459 5644/13474/459 5642/13475/459 5640/13476/459 5638/13477/459 5636/13478/459 5634/13479/459 5632/13480/459
f 5815/13481/467 5816/13482/467 5818/13483/469 5817/13484/469
f 5665/13485/465 5666/13486/465 5668/13487/473 5667/13488/473
f 5679/13489/457 5680/13490/457 5516/13491/457 5515/13492/457
f 5755/13493/472 5756/13494/472 5758/13495/456 5757/13496/456
f 5667/13488/473 5668/13487/473 5670/13497/454 5669/13498/454
f 5681/13499/456 5682/13500/456 5680/13501/456 5679/13502/456
f 5691/13436/472 5692/13435/472 5694/13340/456 5693/13339/456
f 5669/13498/454 5670/13497/454 5672/13503/474 5671/13504/474
f 5677/13505/455 5678/13506/455 5682/13507/455 5681/13508/455
f 5733/13460/457 5734/13459/457 5736/12710/464 5735/12709/464
f 5671/13504/474 5672/13503/474 5674/13509/475 5673/13510/475
f 5515/13511/454 5516/13512/454 5678/13513/454 5677/13514/454
f 5659/13515/458 5661/13516/458 5663/13517/458 5665/13518/458 5667/13519/458 5669/13520/458 5671/13521/458 5673/13522/458 5675/13523/458 5645/13524/458 5647/13525/458 5649/13526/458 5651/13527/458 5653/13528/458 5655/13529/458 5657/13530/458
f 5673/13531/475 5674/13532/475 5676/13533/476 5675/13534/476
f 5761/13535/470 5762/13536/470 5764/13537/468 5763/13538/468
f 5793/13539/470 5794/13540/470 5796/13541/468 5795/13542/468
f 5675/13534/476 5676/13533/476 5646/13422/455 5645/13421/455
f 5662/13543/459 5660/13544/459 5658/13545/459 5656/13546/459 5654/13547/459 5652/13548/459 5650/13549/459 5648/13550/459 5646/13551/459 5676/13552/459 5674/13553/459 5672/13554/459 5670/13555/459 5668/13556/459 5666/13557/459 5664/13558/459
f 5850/13559/459 5846/13560/459 5684/13561/459 5848/13562/459
f 5701/13428/457 5702/13427/457 5704/13563/464 5703/13564/464
f 5719/13565/467 5720/13566/467 5722/13567/469 5721/13568/469
f 5729/13569/470 5730/13570/470 5732/13458/468 5731/13457/468
f 5703/13564/464 5704/13563/464 5706/13571/465 5705/13572/465
f 5829/13573/457 5830/13574/457 5832/13575/464 5831/13576/464
f 5753/13577/469 5754/13578/469 5756/13494/472 5755/13493/472
f 5705/13579/465 5706/13580/465 5708/13581/473 5707/13582/473
f 5827/13583/468 5828/13584/468 5830/13574/457 5829/13573/457
f 5763/13538/468 5764/13537/468 5766/13274/457 5765/13273/457
f 5707/13582/473 5708/13581/473 5710/13585/454 5709/13586/454
f 5717/13587/455 5718/13588/455 5720/13566/467 5719/13565/467
f 5727/13360/466 5728/13359/466 5730/13589/470 5729/13590/470
f 5709/13586/454 5710/13585/454 5712/13591/474 5711/13592/474
f 5757/13496/456 5758/13495/456 5760/13593/466 5759/13594/466
f 5797/13595/457 5798/13596/457 5800/13597/464 5799/13598/464
f 5711/13592/474 5712/13591/474 5714/13599/475 5713/13600/475
f 5767/13276/464 5768/13275/464 5770/13601/465 5769/13602/465
f 5699/13603/458 5701/13604/458 5703/13605/458 5705/13606/458 5707/13607/458 5709/13608/458 5711/13609/458 5713/13610/458 5715/13611/458 5685/13612/458 5687/13613/458 5689/13614/458 5691/13615/458 5693/13616/458 5695/13617/458 5697/13618/458
f 5713/13619/475 5714/13620/475 5716/13621/476 5715/13622/476
f 5787/13623/472 5788/13624/472 5790/13625/456 5789/13626/456
f 5785/13627/469 5786/13628/469 5788/13624/472 5787/13623/472
f 5715/13622/476 5716/13621/476 5686/13418/455 5685/13417/455
f 5698/13629/459 5696/13630/459 5694/13631/459 5692/13632/459 5690/13633/459 5688/13634/459 5686/13635/459 5716/13636/459 5714/13637/459 5712/13638/459 5710/13639/459 5708/13640/459 5706/13641/459 5704/13642/459 5702/13643/459 5700/13644/459
f 5737/13645/465 5738/13646/465 5740/13647/473 5739/13648/473
f 5795/13542/468 5796/13541/468 5798/13596/457 5797/13595/457
f 5739/13648/473 5740/13647/473 5742/13649/454 5741/13650/454
f 5759/13594/466 5760/13593/466 5762/13651/470 5761/13652/470
f 5749/13653/455 5750/13654/455 5752/12948/467 5751/12947/467
f 5741/13650/454 5742/13649/454 5744/13655/474 5743/13656/474
f 5819/13657/472 5820/13658/472 5822/13659/456 5821/13660/456
f 5789/13626/456 5790/13625/456 5792/13661/466 5791/13662/466
f 5743/13656/474 5744/13655/474 5746/13663/475 5745/13664/475
f 5738/13665/459 5736/13666/459 5734/13667/459 5732/13668/459 5730/13669/459 5728/13670/459 5726/13671/459 5724/13672/459 5722/13673/459 5720/13674/459 5718/13675/459 5748/13676/459 5746/13677/459 5744/13678/459 5742/13679/459 5740/13680/459
f 5799/13598/464 5800/13597/464 5802/13681/465 5801/13682/465
f 5745/13683/475 5746/13684/475 5748/13685/476 5747/13686/476
f 5783/13687/467 5784/13688/467 5786/13689/469 5785/13690/469
f 5747/13686/476 5748/13685/476 5718/13588/455 5717/13587/455
f 5733/13691/458 5735/13692/458 5737/13693/458 5739/13694/458 5741/13695/458 5743/13696/458 5745/13697/458 5747/13698/458 5717/13699/458 5719/13700/458 5721/13701/458 5723/13702/458 5725/13703/458 5727/13704/458 5729/13705/458 5731/13706/458
f 5769/13707/465 5770/13708/465 5772/13709/473 5771/13710/473
f 5817/13711/469 5818/13712/469 5820/13658/472 5819/13657/472
f 5771/13710/473 5772/13709/473 5774/13713/454 5773/13714/454
f 5791/13662/466 5792/13661/466 5794/13715/470 5793/13716/470
f 5781/13717/455 5782/13718/455 5784/13688/467 5783/13687/467
f 5773/13714/454 5774/13713/454 5776/13719/474 5775/13720/474
f 5831/13576/464 5832/13575/464 5834/13721/465 5833/13722/465
f 5775/13720/474 5776/13719/474 5778/13723/475 5777/13724/475
f 5756/13725/459 5754/13726/459 5752/13727/459 5750/13728/459 5780/13729/459 5778/13730/459 5776/13731/459 5774/13732/459 5772/13733/459 5770/13734/459 5768/13735/459 5766/13736/459 5764/13737/459 5762/13738/459 5760/13739/459 5758/13740/459
f 5821/13660/456 5822/13659/456 5824/13741/466 5823/13742/466
f 5777/13743/475 5778/13744/475 5780/13745/476 5779/13746/476
f 5825/13747/470 5826/13748/470 5828/13584/468 5827/13583/468
f 5779/13746/476 5780/13745/476 5750/13654/455 5749/13653/455
f 5763/13749/458 5765/13750/458 5767/13751/458 5769/13752/458 5771/13753/458 5773/13754/458 5775/13755/458 5777/13756/458 5779/13757/458 5749/13758/458 5751/13759/458 5753/13760/458 5755/13761/458 5757/13762/458 5759/13763/458 5761/13764/458
f 5801/13765/465 5802/13766/465 5804/13767/473 5803/13768/473
f 5803/13768/473 5804/13767/473 5806/13769/454 5805/13770/454
f 5813/13771/455 5814/13772/455 5816/13482/467 5815/13481/467
f 5823/13742/466 5824/13741/466 5826/13773/470 5825/13774/470
f 5805/13770/454 5806/13769/454 5808/13775/474 5807/13776/474
f 5807/13776/474 5808/13775/474 5810/13777/475 5809/13778/475
f 5789/13779/458 5791/13780/458 5793/13781/458 5795/13782/458 5797/13783/458 5799/13784/458 5801/13785/458 5803/13786/458 5805/13787/458 5807/13788/458 5809/13789/458 5811/13790/458 5781/13791/458 5783/13792/458 5785/13793/458 5787/13794/458
f 5809/13795/475 5810/13796/475 5812/13797/476 5811/13798/476
f 5845/13799/458 5849/13800/458 5847/13801/458 5683/13802/458
f 5811/13798/476 5812/13797/476 5782/13718/455 5781/13717/455
f 5798/13803/459 5796/13804/459 5794/13805/459 5792/13806/459 5790/13807/459 5788/13808/459 5786/13809/459 5784/13810/459 5782/13811/459 5812/13812/459 5810/13813/459 5808/13814/459 5806/13815/459 5804/13816/459 5802/13817/459 5800/13818/459
f 5833/13819/465 5834/13820/465 5836/13821/473 5835/13822/473
f 5847/13823/457 5848/13824/457 5684/13825/457 5683/13826/457
f 5835/13822/473 5836/13821/473 5838/13827/454 5837/13828/454
f 5849/13829/456 5850/13830/456 5848/13831/456 5847/13832/456
f 5837/13828/454 5838/13827/454 5840/13833/474 5839/13834/474
f 5845/13835/455 5846/13836/455 5850/13837/455 5849/13838/455
f 5839/13834/474 5840/13833/474 5842/13839/475 5841/13840/475
f 5683/13841/454 5684/13842/454 5846/13843/454 5845/13844/454
f 5827/13845/458 5829/13846/458 5831/13847/458 5833/13848/458 5835/13849/458 5837/13850/458 5839/13851/458 5841/13852/458 5843/13853/458 5813/13854/458 5815/13855/458 5817/13856/458 5819/13857/458 5821/13858/458 5823/13859/458 5825/13860/458
f 5841/13861/475 5842/13862/475 5844/13863/476 5843/13864/476
f 5843/13864/476 5844/13863/476 5814/13772/455 5813/13771/455
f 5830/13865/459 5828/13866/459 5826/13867/459 5824/13868/459 5822/13869/459 5820/13870/459 5818/13871/459 5816/13872/459 5814/13873/459 5844/13874/459 5842/13875/459 5840/13876/459 5838/13877/459 5836/13878/459 5834/13879/459 5832/13880/459
