# Blender 5.1.2
# www.blender.org
mtllib TurrisCasei.mtl
o TurrisCasei
v -14.000000 0.000000 4.000000
v -14.000000 2.200000 4.000000
v -14.000000 0.000000 -20.000000
v -14.000000 2.200000 -20.000000
v 14.000000 0.000000 4.000000
v 14.000000 2.200000 4.000000
v 14.000000 0.000000 -20.000000
v 14.000000 2.200000 -20.000000
v -14.250000 0.075000 4.250000
v -14.250000 0.925000 4.250000
v -14.250000 0.075000 3.150000
v -14.250000 0.925000 3.150000
v -13.150000 0.075000 4.250000
v -13.150000 0.925000 4.250000
v -13.150000 0.075000 3.150000
v -13.150000 0.925000 3.150000
v -14.250000 0.075000 -19.150002
v -14.250000 0.925000 -19.150002
v -14.250000 0.075000 -20.250000
v -14.250000 0.925000 -20.250000
v -13.150000 0.075000 -19.150002
v -13.150000 0.925000 -19.150002
v -13.150000 0.075000 -20.250000
v -13.150000 0.925000 -20.250000
v 13.150000 0.075000 4.250000
v 13.150000 0.925000 4.250000
v 13.150000 0.075000 3.150000
v 13.150000 0.925000 3.150000
v 14.250000 0.075000 4.250000
v 14.250000 0.925000 4.250000
v 14.250000 0.075000 3.150000
v 14.250000 0.925000 3.150000
v 13.150000 0.075000 -19.150002
v 13.150000 0.925000 -19.150002
v 13.150000 0.075000 -20.250000
v 13.150000 0.925000 -20.250000
v 14.250000 0.075000 -19.150002
v 14.250000 0.925000 -19.150002
v 14.250000 0.075000 -20.250000
v 14.250000 0.925000 -20.250000
v -14.250000 1.175000 4.250000
v -14.250000 2.025000 4.250000
v -14.250000 1.175000 3.150000
v -14.250000 2.025000 3.150000
v -13.150000 1.175000 4.250000
v -13.150000 2.025000 4.250000
v -13.150000 1.175000 3.150000
v -13.150000 2.025000 3.150000
v -14.250000 1.175000 -19.150002
v -14.250000 2.025000 -19.150002
v -14.250000 1.175000 -20.250000
v -14.250000 2.025000 -20.250000
v -13.150000 1.175000 -19.150002
v -13.150000 2.025000 -19.150002
v -13.150000 1.175000 -20.250000
v -13.150000 2.025000 -20.250000
v 13.150000 1.175000 4.250000
v 13.150000 2.025000 4.250000
v 13.150000 1.175000 3.150000
v 13.150000 2.025000 3.150000
v 14.250000 1.175000 4.250000
v 14.250000 2.025000 4.250000
v 14.250000 1.175000 3.150000
v 14.250000 2.025000 3.150000
v 13.150000 1.175000 -19.150002
v 13.150000 2.025000 -19.150002
v 13.150000 1.175000 -20.250000
v 13.150000 2.025000 -20.250000
v 14.250000 1.175000 -19.150002
v 14.250000 2.025000 -19.150002
v 14.250000 1.175000 -20.250000
v 14.250000 2.025000 -20.250000
v -14.600000 2.200000 4.600000
v -14.600000 6.800000 4.600000
v -14.600000 2.200000 -20.600000
v -14.600000 6.800000 -20.600000
v 14.600000 2.200000 4.600000
v 14.600000 6.800000 4.600000
v 14.600000 2.200000 -20.600000
v 14.600000 6.800000 -20.600000
v -14.750000 2.125000 4.750000
v -14.750000 2.575000 4.750000
v -14.750000 2.125000 -20.750000
v -14.750000 2.575000 -20.750000
v 14.750000 2.125000 4.750000
v 14.750000 2.575000 4.750000
v 14.750000 2.125000 -20.750000
v 14.750000 2.575000 -20.750000
v -14.810000 2.550000 4.940000
v -14.810000 6.800000 4.940000
v -14.810000 2.550000 4.600000
v -14.810000 6.800000 4.600000
v -14.390000 2.550000 4.940000
v -14.390000 6.800000 4.940000
v -14.390000 2.550000 4.600000
v -14.390000 6.800000 4.600000
v -9.943334 2.550000 4.940000
v -9.943334 6.800000 4.940000
v -9.943334 2.550000 4.600000
v -9.943334 6.800000 4.600000
v -9.523334 2.550000 4.940000
v -9.523334 6.800000 4.940000
v -9.523334 2.550000 4.600000
v -9.523334 6.800000 4.600000
v -5.076667 2.550000 4.940000
v -5.076667 6.800000 4.940000
v -5.076667 2.550000 4.600000
v -5.076667 6.800000 4.600000
v -4.656667 2.550000 4.940000
v -4.656667 6.800000 4.940000
v -4.656667 2.550000 4.600000
v -4.656667 6.800000 4.600000
v -0.210000 2.550000 4.940000
v -0.210000 6.800000 4.940000
v -0.210000 2.550000 4.600000
v -0.210000 6.800000 4.600000
v 0.210000 2.550000 4.940000
v 0.210000 6.800000 4.940000
v 0.210000 2.550000 4.600000
v 0.210000 6.800000 4.600000
v 4.656667 2.550000 4.940000
v 4.656667 6.800000 4.940000
v 4.656667 2.550000 4.600000
v 4.656667 6.800000 4.600000
v 5.076667 2.550000 4.940000
v 5.076667 6.800000 4.940000
v 5.076667 2.550000 4.600000
v 5.076667 6.800000 4.600000
v 9.523334 2.550000 4.940000
v 9.523334 6.800000 4.940000
v 9.523334 2.550000 4.600000
v 9.523334 6.800000 4.600000
v 9.943334 2.550000 4.940000
v 9.943334 6.800000 4.940000
v 9.943334 2.550000 4.600000
v 9.943334 6.800000 4.600000
v 14.390000 2.550000 4.940000
v 14.390000 6.800000 4.940000
v 14.390000 2.550000 4.600000
v 14.390000 6.800000 4.600000
v 14.810000 2.550000 4.940000
v 14.810000 6.800000 4.940000
v 14.810000 2.550000 4.600000
v 14.810000 6.800000 4.600000
v -14.600000 2.545000 4.940000
v -14.600000 2.995000 4.940000
v -14.600000 2.545000 4.600000
v -14.600000 2.995000 4.600000
v 14.600000 2.545000 4.940000
v 14.600000 2.995000 4.940000
v 14.600000 2.545000 4.600000
v 14.600000 2.995000 4.600000
v -14.600000 6.355000 4.940000
v -14.600000 6.805000 4.940000
v -14.600000 6.355000 4.600000
v -14.600000 6.805000 4.600000
v 14.600000 6.355000 4.940000
v 14.600000 6.805000 4.940000
v 14.600000 6.355000 4.600000
v 14.600000 6.805000 4.600000
v -14.509279 2.868206 4.940000
v -14.690722 3.131794 4.940000
v -14.509279 2.868206 4.600000
v -14.690722 3.131794 4.600000
v -9.642612 6.218206 4.940000
v -9.824055 6.481794 4.940000
v -9.642612 6.218206 4.600000
v -9.824055 6.481794 4.600000
v -14.690722 6.218206 4.940000
v -14.509279 6.481794 4.940000
v -14.690722 6.218206 4.600000
v -14.509279 6.481794 4.600000
v -9.824055 2.868206 4.940000
v -9.642612 3.131794 4.940000
v -9.824055 2.868206 4.600000
v -9.642612 3.131794 4.600000
v -9.642612 2.868206 4.940000
v -9.824055 3.131794 4.940000
v -9.642612 2.868206 4.600000
v -9.824055 3.131794 4.600000
v -4.775946 6.218206 4.940000
v -4.957388 6.481794 4.940000
v -4.775946 6.218206 4.600000
v -4.957388 6.481794 4.600000
v -9.824055 6.218206 4.940000
v -9.642612 6.481794 4.940000
v -9.824055 6.218206 4.600000
v -9.642612 6.481794 4.600000
v -4.957388 2.868206 4.940000
v -4.775946 3.131794 4.940000
v -4.957388 2.868206 4.600000
v -4.775946 3.131794 4.600000
v -4.775946 2.868206 4.940000
v -4.957388 3.131794 4.940000
v -4.775946 2.868206 4.600000
v -4.957388 3.131794 4.600000
v 0.090721 6.218206 4.940000
v -0.090721 6.481794 4.940000
v 0.090721 6.218206 4.600000
v -0.090721 6.481794 4.600000
v -4.957388 6.218206 4.940000
v -4.775946 6.481794 4.940000
v -4.957388 6.218206 4.600000
v -4.775946 6.481794 4.600000
v -0.090721 2.868206 4.940000
v 0.090721 3.131794 4.940000
v -0.090721 2.868206 4.600000
v 0.090721 3.131794 4.600000
v 0.090721 2.868206 4.940000
v -0.090721 3.131794 4.940000
v 0.090721 2.868206 4.600000
v -0.090721 3.131794 4.600000
v 4.957388 6.218206 4.940000
v 4.775946 6.481794 4.940000
v 4.957388 6.218206 4.600000
v 4.775946 6.481794 4.600000
v -0.090721 6.218206 4.940000
v 0.090721 6.481794 4.940000
v -0.090721 6.218206 4.600000
v 0.090721 6.481794 4.600000
v 4.775946 2.868206 4.940000
v 4.957388 3.131794 4.940000
v 4.775946 2.868206 4.600000
v 4.957388 3.131794 4.600000
v 4.957388 2.868206 4.940000
v 4.775946 3.131794 4.940000
v 4.957388 2.868206 4.600000
v 4.775946 3.131794 4.600000
v 9.824055 6.218206 4.940000
v 9.642612 6.481794 4.940000
v 9.824055 6.218206 4.600000
v 9.642612 6.481794 4.600000
v 4.775946 6.218206 4.940000
v 4.957388 6.481794 4.940000
v 4.775946 6.218206 4.600000
v 4.957388 6.481794 4.600000
v 9.642612 2.868206 4.940000
v 9.824055 3.131794 4.940000
v 9.642612 2.868206 4.600000
v 9.824055 3.131794 4.600000
v 9.824055 2.868206 4.940000
v 9.642612 3.131794 4.940000
v 9.824055 2.868206 4.600000
v 9.642612 3.131794 4.600000
v 14.690722 6.218206 4.940000
v 14.509279 6.481794 4.940000
v 14.690722 6.218206 4.600000
v 14.509279 6.481794 4.600000
v 9.642612 6.218206 4.940000
v 9.824055 6.481794 4.940000
v 9.642612 6.218206 4.600000
v 9.824055 6.481794 4.600000
v 14.509279 2.868206 4.940000
v 14.690722 3.131794 4.940000
v 14.509279 2.868206 4.600000
v 14.690722 3.131794 4.600000
v -14.810000 2.550000 -20.600000
v -14.810000 6.800000 -20.600000
v -14.810000 2.550000 -20.940001
v -14.810000 6.800000 -20.940001
v -14.390000 2.550000 -20.600000
v -14.390000 6.800000 -20.600000
v -14.390000 2.550000 -20.940001
v -14.390000 6.800000 -20.940001
v -9.943334 2.550000 -20.600000
v -9.943334 6.800000 -20.600000
v -9.943334 2.550000 -20.940001
v -9.943334 6.800000 -20.940001
v -9.523334 2.550000 -20.600000
v -9.523334 6.800000 -20.600000
v -9.523334 2.550000 -20.940001
v -9.523334 6.800000 -20.940001
v -5.076667 2.550000 -20.600000
v -5.076667 6.800000 -20.600000
v -5.076667 2.550000 -20.940001
v -5.076667 6.800000 -20.940001
v -4.656667 2.550000 -20.600000
v -4.656667 6.800000 -20.600000
v -4.656667 2.550000 -20.940001
v -4.656667 6.800000 -20.940001
v -0.210000 2.550000 -20.600000
v -0.210000 6.800000 -20.600000
v -0.210000 2.550000 -20.940001
v -0.210000 6.800000 -20.940001
v 0.210000 2.550000 -20.600000
v 0.210000 6.800000 -20.600000
v 0.210000 2.550000 -20.940001
v 0.210000 6.800000 -20.940001
v 4.656667 2.550000 -20.600000
v 4.656667 6.800000 -20.600000
v 4.656667 2.550000 -20.940001
v 4.656667 6.800000 -20.940001
v 5.076667 2.550000 -20.600000
v 5.076667 6.800000 -20.600000
v 5.076667 2.550000 -20.940001
v 5.076667 6.800000 -20.940001
v 9.523334 2.550000 -20.600000
v 9.523334 6.800000 -20.600000
v 9.523334 2.550000 -20.940001
v 9.523334 6.800000 -20.940001
v 9.943334 2.550000 -20.600000
v 9.943334 6.800000 -20.600000
v 9.943334 2.550000 -20.940001
v 9.943334 6.800000 -20.940001
v 14.390000 2.550000 -20.600000
v 14.390000 6.800000 -20.600000
v 14.390000 2.550000 -20.940001
v 14.390000 6.800000 -20.940001
v 14.810000 2.550000 -20.600000
v 14.810000 6.800000 -20.600000
v 14.810000 2.550000 -20.940001
v 14.810000 6.800000 -20.940001
v -14.600000 2.545000 -20.600000
v -14.600000 2.995000 -20.600000
v -14.600000 2.545000 -20.940001
v -14.600000 2.995000 -20.940001
v 14.600000 2.545000 -20.600000
v 14.600000 2.995000 -20.600000
v 14.600000 2.545000 -20.940001
v 14.600000 2.995000 -20.940001
v -14.600000 6.355000 -20.600000
v -14.600000 6.805000 -20.600000
v -14.600000 6.355000 -20.940001
v -14.600000 6.805000 -20.940001
v 14.600000 6.355000 -20.600000
v 14.600000 6.805000 -20.600000
v 14.600000 6.355000 -20.940001
v 14.600000 6.805000 -20.940001
v -14.509279 2.868206 -20.600000
v -14.690722 3.131794 -20.600000
v -14.509279 2.868206 -20.940001
v -14.690722 3.131794 -20.940001
v -9.642612 6.218206 -20.600000
v -9.824055 6.481794 -20.600000
v -9.642612 6.218206 -20.940001
v -9.824055 6.481794 -20.940001
v -14.690722 6.218206 -20.600000
v -14.509279 6.481794 -20.600000
v -14.690722 6.218206 -20.940001
v -14.509279 6.481794 -20.940001
v -9.824055 2.868206 -20.600000
v -9.642612 3.131794 -20.600000
v -9.824055 2.868206 -20.940001
v -9.642612 3.131794 -20.940001
v -9.642612 2.868206 -20.600000
v -9.824055 3.131794 -20.600000
v -9.642612 2.868206 -20.940001
v -9.824055 3.131794 -20.940001
v -4.775946 6.218206 -20.600000
v -4.957388 6.481794 -20.600000
v -4.775946 6.218206 -20.940001
v -4.957388 6.481794 -20.940001
v -9.824055 6.218206 -20.600000
v -9.642612 6.481794 -20.600000
v -9.824055 6.218206 -20.940001
v -9.642612 6.481794 -20.940001
v -4.957388 2.868206 -20.600000
v -4.775946 3.131794 -20.600000
v -4.957388 2.868206 -20.940001
v -4.775946 3.131794 -20.940001
v -4.775946 2.868206 -20.600000
v -4.957388 3.131794 -20.600000
v -4.775946 2.868206 -20.940001
v -4.957388 3.131794 -20.940001
v 0.090721 6.218206 -20.600000
v -0.090721 6.481794 -20.600000
v 0.090721 6.218206 -20.940001
v -0.090721 6.481794 -20.940001
v -4.957388 6.218206 -20.600000
v -4.775946 6.481794 -20.600000
v -4.957388 6.218206 -20.940001
v -4.775946 6.481794 -20.940001
v -0.090721 2.868206 -20.600000
v 0.090721 3.131794 -20.600000
v -0.090721 2.868206 -20.940001
v 0.090721 3.131794 -20.940001
v 0.090721 2.868206 -20.600000
v -0.090721 3.131794 -20.600000
v 0.090721 2.868206 -20.940001
v -0.090721 3.131794 -20.940001
v 4.957388 6.218206 -20.600000
v 4.775946 6.481794 -20.600000
v 4.957388 6.218206 -20.940001
v 4.775946 6.481794 -20.940001
v -0.090721 6.218206 -20.600000
v 0.090721 6.481794 -20.600000
v -0.090721 6.218206 -20.940001
v 0.090721 6.481794 -20.940001
v 4.775946 2.868206 -20.600000
v 4.957388 3.131794 -20.600000
v 4.775946 2.868206 -20.940001
v 4.957388 3.131794 -20.940001
v 4.957388 2.868206 -20.600000
v 4.775946 3.131794 -20.600000
v 4.957388 2.868206 -20.940001
v 4.775946 3.131794 -20.940001
v 9.824055 6.218206 -20.600000
v 9.642612 6.481794 -20.600000
v 9.824055 6.218206 -20.940001
v 9.642612 6.481794 -20.940001
v 4.775946 6.218206 -20.600000
v 4.957388 6.481794 -20.600000
v 4.775946 6.218206 -20.940001
v 4.957388 6.481794 -20.940001
v 9.642612 2.868206 -20.600000
v 9.824055 3.131794 -20.600000
v 9.642612 2.868206 -20.940001
v 9.824055 3.131794 -20.940001
v 9.824055 2.868206 -20.600000
v 9.642612 3.131794 -20.600000
v 9.824055 2.868206 -20.940001
v 9.642612 3.131794 -20.940001
v 14.690722 6.218206 -20.600000
v 14.509279 6.481794 -20.600000
v 14.690722 6.218206 -20.940001
v 14.509279 6.481794 -20.940001
v 9.642612 6.218206 -20.600000
v 9.824055 6.481794 -20.600000
v 9.642612 6.218206 -20.940001
v 9.824055 6.481794 -20.940001
v 14.509279 2.868206 -20.600000
v 14.690722 3.131794 -20.600000
v 14.509279 2.868206 -20.940001
v 14.690722 3.131794 -20.940001
v -14.940001 2.550000 4.810000
v -14.940001 6.800000 4.810000
v -14.940001 2.550000 4.390000
v -14.940001 6.800000 4.390000
v -14.600000 2.550000 4.810000
v -14.600000 6.800000 4.810000
v -14.600000 2.550000 4.390000
v -14.600000 6.800000 4.390000
v -14.940001 2.550000 0.610000
v -14.940001 6.800000 0.610000
v -14.940001 2.550000 0.190000
v -14.940001 6.800000 0.190000
v -14.600000 2.550000 0.610000
v -14.600000 6.800000 0.610000
v -14.600000 2.550000 0.190000
v -14.600000 6.800000 0.190000
v -14.940001 2.550000 -3.590000
v -14.940001 6.800000 -3.590000
v -14.940001 2.550000 -4.010000
v -14.940001 6.800000 -4.010000
v -14.600000 2.550000 -3.590000
v -14.600000 6.800000 -3.590000
v -14.600000 2.550000 -4.010000
v -14.600000 6.800000 -4.010000
v -14.940001 2.550000 -7.790000
v -14.940001 6.800000 -7.790000
v -14.940001 2.550000 -8.210000
v -14.940001 6.800000 -8.210000
v -14.600000 2.550000 -7.790000
v -14.600000 6.800000 -7.790000
v -14.600000 2.550000 -8.210000
v -14.600000 6.800000 -8.210000
v -14.940001 2.550000 -11.990000
v -14.940001 6.800000 -11.990000
v -14.940001 2.550000 -12.410000
v -14.940001 6.800000 -12.410000
v -14.600000 2.550000 -11.990000
v -14.600000 6.800000 -11.990000
v -14.600000 2.550000 -12.410000
v -14.600000 6.800000 -12.410000
v -14.940001 2.550000 -16.190001
v -14.940001 6.800000 -16.190001
v -14.940001 2.550000 -16.609999
v -14.940001 6.800000 -16.609999
v -14.600000 2.550000 -16.190001
v -14.600000 6.800000 -16.190001
v -14.600000 2.550000 -16.609999
v -14.600000 6.800000 -16.609999
v -14.940001 2.550000 -20.390001
v -14.940001 6.800000 -20.390001
v -14.940001 2.550000 -20.809999
v -14.940001 6.800000 -20.809999
v -14.600000 2.550000 -20.390001
v -14.600000 6.800000 -20.390001
v -14.600000 2.550000 -20.809999
v -14.600000 6.800000 -20.809999
v -14.940001 2.545000 4.600000
v -14.940001 2.995000 4.600000
v -14.940001 2.545000 -20.600000
v -14.940001 2.995000 -20.600000
v -14.600000 2.545000 4.600000
v -14.600000 2.995000 4.600000
v -14.600000 2.545000 -20.600000
v -14.600000 2.995000 -20.600000
v -14.940001 6.355000 4.600000
v -14.940001 6.805000 4.600000
v -14.940001 6.355000 -20.600000
v -14.940001 6.805000 -20.600000
v -14.600000 6.355000 4.600000
v -14.600000 6.805000 4.600000
v -14.600000 6.355000 -20.600000
v -14.600000 6.805000 -20.600000
v -14.940001 2.874916 4.500230
v -14.940001 3.125084 4.699769
v -14.940001 6.224916 0.300231
v -14.940001 6.475084 0.499770
v -14.600000 2.874916 4.500230
v -14.600000 3.125084 4.699769
v -14.600000 6.224916 0.300231
v -14.600000 6.475084 0.499770
v -14.940001 6.224916 4.699769
v -14.940001 6.475084 4.500230
v -14.940001 2.874916 0.499770
v -14.940001 3.125084 0.300231
v -14.600000 6.224916 4.699769
v -14.600000 6.475084 4.500230
v -14.600000 2.874916 0.499770
v -14.600000 3.125084 0.300231
v -14.940001 2.874916 0.300230
v -14.940001 3.125084 0.499769
v -14.940001 6.224916 -3.899770
v -14.940001 6.475084 -3.700230
v -14.600000 2.874916 0.300230
v -14.600000 3.125084 0.499769
v -14.600000 6.224916 -3.899770
v -14.600000 6.475084 -3.700230
v -14.940001 6.224916 0.499769
v -14.940001 6.475084 0.300230
v -14.940001 2.874916 -3.700230
v -14.940001 3.125084 -3.899770
v -14.600000 6.224916 0.499769
v -14.600000 6.475084 0.300230
v -14.600000 2.874916 -3.700230
v -14.600000 3.125084 -3.899770
v -14.940001 2.874916 -3.899770
v -14.940001 3.125084 -3.700231
v -14.940001 6.224916 -8.099770
v -14.940001 6.475084 -7.900230
v -14.600000 2.874916 -3.899770
v -14.600000 3.125084 -3.700231
v -14.600000 6.224916 -8.099770
v -14.600000 6.475084 -7.900230
v -14.940001 6.224916 -3.700231
v -14.940001 6.475084 -3.899770
v -14.940001 2.874916 -7.900230
v -14.940001 3.125084 -8.099770
v -14.600000 6.224916 -3.700231
v -14.600000 6.475084 -3.899770
v -14.600000 2.874916 -7.900230
v -14.600000 3.125084 -8.099770
v -14.940001 2.874916 -8.099770
v -14.940001 3.125084 -7.900231
v -14.940001 6.224916 -12.299770
v -14.940001 6.475084 -12.100231
v -14.600000 2.874916 -8.099770
v -14.600000 3.125084 -7.900231
v -14.600000 6.224916 -12.299770
v -14.600000 6.475084 -12.100231
v -14.940001 6.224916 -7.900231
v -14.940001 6.475084 -8.099770
v -14.940001 2.874916 -12.100231
v -14.940001 3.125084 -12.299770
v -14.600000 6.224916 -7.900231
v -14.600000 6.475084 -8.099770
v -14.600000 2.874916 -12.100231
v -14.600000 3.125084 -12.299770
v -14.940001 2.874916 -12.299770
v -14.940001 3.125084 -12.100231
v -14.940001 6.224916 -16.499769
v -14.940001 6.475084 -16.300230
v -14.600000 2.874916 -12.299770
v -14.600000 3.125084 -12.100231
v -14.600000 6.224916 -16.499769
v -14.600000 6.475084 -16.300230
v -14.940001 6.224916 -12.100231
v -14.940001 6.475084 -12.299770
v -14.940001 2.874916 -16.300230
v -14.940001 3.125084 -16.499769
v -14.600000 6.224916 -12.100231
v -14.600000 6.475084 -12.299770
v -14.600000 2.874916 -16.300230
v -14.600000 3.125084 -16.499769
v -14.940001 2.874916 -16.499769
v -14.940001 3.125084 -16.300230
v -14.940001 6.224916 -20.699770
v -14.940001 6.475084 -20.500231
v -14.600000 2.874916 -16.499769
v -14.600000 3.125084 -16.300230
v -14.600000 6.224916 -20.699770
v -14.600000 6.475084 -20.500231
v -14.940001 6.224916 -16.300230
v -14.940001 6.475084 -16.499769
v -14.940001 2.874916 -20.500231
v -14.940001 3.125084 -20.699770
v -14.600000 6.224916 -16.300230
v -14.600000 6.475084 -16.499769
v -14.600000 2.874916 -20.500231
v -14.600000 3.125084 -20.699770
v 14.600000 2.550000 4.810000
v 14.600000 6.800000 4.810000
v 14.600000 2.550000 4.390000
v 14.600000 6.800000 4.390000
v 14.940001 2.550000 4.810000
v 14.940001 6.800000 4.810000
v 14.940001 2.550000 4.390000
v 14.940001 6.800000 4.390000
v 14.600000 2.550000 0.610000
v 14.600000 6.800000 0.610000
v 14.600000 2.550000 0.190000
v 14.600000 6.800000 0.190000
v 14.940001 2.550000 0.610000
v 14.940001 6.800000 0.610000
v 14.940001 2.550000 0.190000
v 14.940001 6.800000 0.190000
v 14.600000 2.550000 -3.590000
v 14.600000 6.800000 -3.590000
v 14.600000 2.550000 -4.010000
v 14.600000 6.800000 -4.010000
v 14.940001 2.550000 -3.590000
v 14.940001 6.800000 -3.590000
v 14.940001 2.550000 -4.010000
v 14.940001 6.800000 -4.010000
v 14.600000 2.550000 -7.790000
v 14.600000 6.800000 -7.790000
v 14.600000 2.550000 -8.210000
v 14.600000 6.800000 -8.210000
v 14.940001 2.550000 -7.790000
v 14.940001 6.800000 -7.790000
v 14.940001 2.550000 -8.210000
v 14.940001 6.800000 -8.210000
v 14.600000 2.550000 -11.990000
v 14.600000 6.800000 -11.990000
v 14.600000 2.550000 -12.410000
v 14.600000 6.800000 -12.410000
v 14.940001 2.550000 -11.990000
v 14.940001 6.800000 -11.990000
v 14.940001 2.550000 -12.410000
v 14.940001 6.800000 -12.410000
v 14.600000 2.550000 -16.190001
v 14.600000 6.800000 -16.190001
v 14.600000 2.550000 -16.609999
v 14.600000 6.800000 -16.609999
v 14.940001 2.550000 -16.190001
v 14.940001 6.800000 -16.190001
v 14.940001 2.550000 -16.609999
v 14.940001 6.800000 -16.609999
v 14.600000 2.550000 -20.390001
v 14.600000 6.800000 -20.390001
v 14.600000 2.550000 -20.809999
v 14.600000 6.800000 -20.809999
v 14.940001 2.550000 -20.390001
v 14.940001 6.800000 -20.390001
v 14.940001 2.550000 -20.809999
v 14.940001 6.800000 -20.809999
v 14.600000 2.545000 4.600000
v 14.600000 2.995000 4.600000
v 14.600000 2.545000 -20.600000
v 14.600000 2.995000 -20.600000
v 14.940001 2.545000 4.600000
v 14.940001 2.995000 4.600000
v 14.940001 2.545000 -20.600000
v 14.940001 2.995000 -20.600000
v 14.600000 6.355000 4.600000
v 14.600000 6.805000 4.600000
v 14.600000 6.355000 -20.600000
v 14.600000 6.805000 -20.600000
v 14.940001 6.355000 4.600000
v 14.940001 6.805000 4.600000
v 14.940001 6.355000 -20.600000
v 14.940001 6.805000 -20.600000
v 14.600000 2.874916 4.500230
v 14.600000 3.125084 4.699769
v 14.600000 6.224916 0.300231
v 14.600000 6.475084 0.499770
v 14.940001 2.874916 4.500230
v 14.940001 3.125084 4.699769
v 14.940001 6.224916 0.300231
v 14.940001 6.475084 0.499770
v 14.600000 6.224916 4.699769
v 14.600000 6.475084 4.500230
v 14.600000 2.874916 0.499770
v 14.600000 3.125084 0.300231
v 14.940001 6.224916 4.699769
v 14.940001 6.475084 4.500230
v 14.940001 2.874916 0.499770
v 14.940001 3.125084 0.300231
v 14.600000 2.874916 0.300230
v 14.600000 3.125084 0.499769
v 14.600000 6.224916 -3.899770
v 14.600000 6.475084 -3.700230
v 14.940001 2.874916 0.300230
v 14.940001 3.125084 0.499769
v 14.940001 6.224916 -3.899770
v 14.940001 6.475084 -3.700230
v 14.600000 6.224916 0.499769
v 14.600000 6.475084 0.300230
v 14.600000 2.874916 -3.700230
v 14.600000 3.125084 -3.899770
v 14.940001 6.224916 0.499769
v 14.940001 6.475084 0.300230
v 14.940001 2.874916 -3.700230
v 14.940001 3.125084 -3.899770
v 14.600000 2.874916 -3.899770
v 14.600000 3.125084 -3.700231
v 14.600000 6.224916 -8.099770
v 14.600000 6.475084 -7.900230
v 14.940001 2.874916 -3.899770
v 14.940001 3.125084 -3.700231
v 14.940001 6.224916 -8.099770
v 14.940001 6.475084 -7.900230
v 14.600000 6.224916 -3.700231
v 14.600000 6.475084 -3.899770
v 14.600000 2.874916 -7.900230
v 14.600000 3.125084 -8.099770
v 14.940001 6.224916 -3.700231
v 14.940001 6.475084 -3.899770
v 14.940001 2.874916 -7.900230
v 14.940001 3.125084 -8.099770
v 14.600000 2.874916 -8.099770
v 14.600000 3.125084 -7.900231
v 14.600000 6.224916 -12.299770
v 14.600000 6.475084 -12.100231
v 14.940001 2.874916 -8.099770
v 14.940001 3.125084 -7.900231
v 14.940001 6.224916 -12.299770
v 14.940001 6.475084 -12.100231
v 14.600000 6.224916 -7.900231
v 14.600000 6.475084 -8.099770
v 14.600000 2.874916 -12.100231
v 14.600000 3.125084 -12.299770
v 14.940001 6.224916 -7.900231
v 14.940001 6.475084 -8.099770
v 14.940001 2.874916 -12.100231
v 14.940001 3.125084 -12.299770
v 14.600000 2.874916 -12.299770
v 14.600000 3.125084 -12.100231
v 14.600000 6.224916 -16.499769
v 14.600000 6.475084 -16.300230
v 14.940001 2.874916 -12.299770
v 14.940001 3.125084 -12.100231
v 14.940001 6.224916 -16.499769
v 14.940001 6.475084 -16.300230
v 14.600000 6.224916 -12.100231
v 14.600000 6.475084 -12.299770
v 14.600000 2.874916 -16.300230
v 14.600000 3.125084 -16.499769
v 14.940001 6.224916 -12.100231
v 14.940001 6.475084 -12.299770
v 14.940001 2.874916 -16.300230
v 14.940001 3.125084 -16.499769
v 14.600000 2.874916 -16.499769
v 14.600000 3.125084 -16.300230
v 14.600000 6.224916 -20.699770
v 14.600000 6.475084 -20.500231
v 14.940001 2.874916 -16.499769
v 14.940001 3.125084 -16.300230
v 14.940001 6.224916 -20.699770
v 14.940001 6.475084 -20.500231
v 14.600000 6.224916 -16.300230
v 14.600000 6.475084 -16.499769
v 14.600000 2.874916 -20.500231
v 14.600000 3.125084 -20.699770
v 14.940001 6.224916 -16.300230
v 14.940001 6.475084 -16.499769
v 14.940001 2.874916 -20.500231
v 14.940001 3.125084 -20.699770
v -9.900000 3.200000 4.850000
v -9.900000 5.800000 4.850000
v -9.900000 3.200000 4.350000
v -9.900000 5.800000 4.350000
v -7.100000 3.200000 4.850000
v -7.100000 5.800000 4.850000
v -7.100000 3.200000 4.350000
v -7.100000 5.800000 4.350000
v -10.160000 5.670000 4.900000
v -10.160000 5.930000 4.900000
v -10.160000 5.670000 4.300000
v -10.160000 5.930000 4.300000
v -6.840000 5.670000 4.900000
v -6.840000 5.930000 4.900000
v -6.840000 5.670000 4.300000
v -6.840000 5.930000 4.300000
v -10.160000 3.070000 4.900000
v -10.160000 3.330000 4.900000
v -10.160000 3.070000 4.300000
v -10.160000 3.330000 4.300000
v -6.840000 3.070000 4.900000
v -6.840000 3.330000 4.900000
v -6.840000 3.070000 4.300000
v -6.840000 3.330000 4.300000
v -10.030000 3.200000 4.900000
v -10.030000 5.800000 4.900000
v -10.030000 3.200000 4.300000
v -10.030000 5.800000 4.300000
v -9.770000 3.200000 4.900000
v -9.770000 5.800000 4.900000
v -9.770000 3.200000 4.300000
v -9.770000 5.800000 4.300000
v -7.230000 3.200000 4.900000
v -7.230000 5.800000 4.900000
v -7.230000 3.200000 4.300000
v -7.230000 5.800000 4.300000
v -6.970000 3.200000 4.900000
v -6.970000 5.800000 4.900000
v -6.970000 3.200000 4.300000
v -6.970000 5.800000 4.300000
v -8.570000 3.200000 4.925000
v -8.570000 5.800000 4.925000
v -8.570000 3.200000 4.275000
v -8.570000 5.800000 4.275000
v -8.430000 3.200000 4.925000
v -8.430000 5.800000 4.925000
v -8.430000 3.200000 4.275000
v -8.430000 5.800000 4.275000
v -9.900000 4.430000 4.925000
v -9.900000 4.570000 4.925000
v -9.900000 4.430000 4.275000
v -9.900000 4.570000 4.275000
v -7.100000 4.430000 4.925000
v -7.100000 4.570000 4.925000
v -7.100000 4.430000 4.275000
v -7.100000 4.570000 4.275000
v 7.100000 3.200000 4.850000
v 7.100000 5.800000 4.850000
v 7.100000 3.200000 4.350000
v 7.100000 5.800000 4.350000
v 9.900000 3.200000 4.850000
v 9.900000 5.800000 4.850000
v 9.900000 3.200000 4.350000
v 9.900000 5.800000 4.350000
v 6.840000 5.670000 4.900000
v 6.840000 5.930000 4.900000
v 6.840000 5.670000 4.300000
v 6.840000 5.930000 4.300000
v 10.160000 5.670000 4.900000
v 10.160000 5.930000 4.900000
v 10.160000 5.670000 4.300000
v 10.160000 5.930000 4.300000
v 6.840000 3.070000 4.900000
v 6.840000 3.330000 4.900000
v 6.840000 3.070000 4.300000
v 6.840000 3.330000 4.300000
v 10.160000 3.070000 4.900000
v 10.160000 3.330000 4.900000
v 10.160000 3.070000 4.300000
v 10.160000 3.330000 4.300000
v 6.970000 3.200000 4.900000
v 6.970000 5.800000 4.900000
v 6.970000 3.200000 4.300000
v 6.970000 5.800000 4.300000
v 7.230000 3.200000 4.900000
v 7.230000 5.800000 4.900000
v 7.230000 3.200000 4.300000
v 7.230000 5.800000 4.300000
v 9.770000 3.200000 4.900000
v 9.770000 5.800000 4.900000
v 9.770000 3.200000 4.300000
v 9.770000 5.800000 4.300000
v 10.030000 3.200000 4.900000
v 10.030000 5.800000 4.900000
v 10.030000 3.200000 4.300000
v 10.030000 5.800000 4.300000
v 8.430000 3.200000 4.925000
v 8.430000 5.800000 4.925000
v 8.430000 3.200000 4.275000
v 8.430000 5.800000 4.275000
v 8.570000 3.200000 4.925000
v 8.570000 5.800000 4.925000
v 8.570000 3.200000 4.275000
v 8.570000 5.800000 4.275000
v 7.100000 4.430000 4.925000
v 7.100000 4.570000 4.925000
v 7.100000 4.430000 4.275000
v 7.100000 4.570000 4.275000
v 9.900000 4.430000 4.925000
v 9.900000 4.570000 4.925000
v 9.900000 4.430000 4.275000
v 9.900000 4.570000 4.275000
v -1.600000 3.200000 -20.350000
v -1.600000 5.800000 -20.350000
v -1.600000 3.200000 -20.850000
v -1.600000 5.800000 -20.850000
v 1.600000 3.200000 -20.350000
v 1.600000 5.800000 -20.350000
v 1.600000 3.200000 -20.850000
v 1.600000 5.800000 -20.850000
v -1.860000 5.670000 -20.300001
v -1.860000 5.930000 -20.300001
v -1.860000 5.670000 -20.900000
v -1.860000 5.930000 -20.900000
v 1.860000 5.670000 -20.300001
v 1.860000 5.930000 -20.300001
v 1.860000 5.670000 -20.900000
v 1.860000 5.930000 -20.900000
v -1.860000 3.070000 -20.300001
v -1.860000 3.330000 -20.300001
v -1.860000 3.070000 -20.900000
v -1.860000 3.330000 -20.900000
v 1.860000 3.070000 -20.300001
v 1.860000 3.330000 -20.300001
v 1.860000 3.070000 -20.900000
v 1.860000 3.330000 -20.900000
v -1.730000 3.200000 -20.300001
v -1.730000 5.800000 -20.300001
v -1.730000 3.200000 -20.900000
v -1.730000 5.800000 -20.900000
v -1.470000 3.200000 -20.300001
v -1.470000 5.800000 -20.300001
v -1.470000 3.200000 -20.900000
v -1.470000 5.800000 -20.900000
v 1.470000 3.200000 -20.300001
v 1.470000 5.800000 -20.300001
v 1.470000 3.200000 -20.900000
v 1.470000 5.800000 -20.900000
v 1.730000 3.200000 -20.300001
v 1.730000 5.800000 -20.300001
v 1.730000 3.200000 -20.900000
v 1.730000 5.800000 -20.900000
v -0.070000 3.200000 -20.275000
v -0.070000 5.800000 -20.275000
v -0.070000 3.200000 -20.925001
v -0.070000 5.800000 -20.925001
v 0.070000 3.200000 -20.275000
v 0.070000 5.800000 -20.275000
v 0.070000 3.200000 -20.925001
v 0.070000 5.800000 -20.925001
v -1.600000 4.430000 -20.275000
v -1.600000 4.570000 -20.275000
v -1.600000 4.430000 -20.925001
v -1.600000 4.570000 -20.925001
v 1.600000 4.430000 -20.275000
v 1.600000 4.570000 -20.275000
v 1.600000 4.430000 -20.925001
v 1.600000 4.570000 -20.925001
v -14.850000 3.200000 -0.600000
v -14.850000 5.800000 -0.600000
v -14.850000 3.200000 -3.400000
v -14.850000 5.800000 -3.400000
v -14.350000 3.200000 -0.600000
v -14.350000 5.800000 -0.600000
v -14.350000 3.200000 -3.400000
v -14.350000 5.800000 -3.400000
v -14.900001 5.670000 -0.340000
v -14.900001 5.930000 -0.340000
v -14.900001 5.670000 -3.660000
v -14.900001 5.930000 -3.660000
v -14.300000 5.670000 -0.340000
v -14.300000 5.930000 -0.340000
v -14.300000 5.670000 -3.660000
v -14.300000 5.930000 -3.660000
v -14.900001 3.070000 -0.340000
v -14.900001 3.330000 -0.340000
v -14.900001 3.070000 -3.660000
v -14.900001 3.330000 -3.660000
v -14.300000 3.070000 -0.340000
v -14.300000 3.330000 -0.340000
v -14.300000 3.070000 -3.660000
v -14.300000 3.330000 -3.660000
v -14.900001 3.200000 -0.470000
v -14.900001 5.800000 -0.470000
v -14.900001 3.200000 -0.730000
v -14.900001 5.800000 -0.730000
v -14.300000 3.200000 -0.470000
v -14.300000 5.800000 -0.470000
v -14.300000 3.200000 -0.730000
v -14.300000 5.800000 -0.730000
v -14.900001 3.200000 -3.270000
v -14.900001 5.800000 -3.270000
v -14.900001 3.200000 -3.530000
v -14.900001 5.800000 -3.530000
v -14.300000 3.200000 -3.270000
v -14.300000 5.800000 -3.270000
v -14.300000 3.200000 -3.530000
v -14.300000 5.800000 -3.530000
v -14.925000 3.200000 -1.930000
v -14.925000 5.800000 -1.930000
v -14.925000 3.200000 -2.070000
v -14.925000 5.800000 -2.070000
v -14.275001 3.200000 -1.930000
v -14.275001 5.800000 -1.930000
v -14.275001 3.200000 -2.070000
v -14.275001 5.800000 -2.070000
v -14.925000 4.430000 -0.600000
v -14.925000 4.570000 -0.600000
v -14.925000 4.430000 -3.400000
v -14.925000 4.570000 -3.400000
v -14.275001 4.430000 -0.600000
v -14.275001 4.570000 -0.600000
v -14.275001 4.430000 -3.400000
v -14.275001 4.570000 -3.400000
v 14.350000 3.200000 -0.600000
v 14.350000 5.800000 -0.600000
v 14.350000 3.200000 -3.400000
v 14.350000 5.800000 -3.400000
v 14.850000 3.200000 -0.600000
v 14.850000 5.800000 -0.600000
v 14.850000 3.200000 -3.400000
v 14.850000 5.800000 -3.400000
v 14.300000 5.670000 -0.340000
v 14.300000 5.930000 -0.340000
v 14.300000 5.670000 -3.660000
v 14.300000 5.930000 -3.660000
v 14.900001 5.670000 -0.340000
v 14.900001 5.930000 -0.340000
v 14.900001 5.670000 -3.660000
v 14.900001 5.930000 -3.660000
v 14.300000 3.070000 -0.340000
v 14.300000 3.330000 -0.340000
v 14.300000 3.070000 -3.660000
v 14.300000 3.330000 -3.660000
v 14.900001 3.070000 -0.340000
v 14.900001 3.330000 -0.340000
v 14.900001 3.070000 -3.660000
v 14.900001 3.330000 -3.660000
v 14.300000 3.200000 -0.470000
v 14.300000 5.800000 -0.470000
v 14.300000 3.200000 -0.730000
v 14.300000 5.800000 -0.730000
v 14.900001 3.200000 -0.470000
v 14.900001 5.800000 -0.470000
v 14.900001 3.200000 -0.730000
v 14.900001 5.800000 -0.730000
v 14.300000 3.200000 -3.270000
v 14.300000 5.800000 -3.270000
v 14.300000 3.200000 -3.530000
v 14.300000 5.800000 -3.530000
v 14.900001 3.200000 -3.270000
v 14.900001 5.800000 -3.270000
v 14.900001 3.200000 -3.530000
v 14.900001 5.800000 -3.530000
v 14.275001 3.200000 -1.930000
v 14.275001 5.800000 -1.930000
v 14.275001 3.200000 -2.070000
v 14.275001 5.800000 -2.070000
v 14.925000 3.200000 -1.930000
v 14.925000 5.800000 -1.930000
v 14.925000 3.200000 -2.070000
v 14.925000 5.800000 -2.070000
v 14.275001 4.430000 -0.600000
v 14.275001 4.570000 -0.600000
v 14.275001 4.430000 -3.400000
v 14.275001 4.570000 -3.400000
v 14.925000 4.430000 -0.600000
v 14.925000 4.570000 -0.600000
v 14.925000 4.430000 -3.400000
v 14.925000 4.570000 -3.400000
v -14.850000 3.200000 -7.600000
v -14.850000 5.800000 -7.600000
v -14.850000 3.200000 -10.400000
v -14.850000 5.800000 -10.400000
v -14.350000 3.200000 -7.600000
v -14.350000 5.800000 -7.600000
v -14.350000 3.200000 -10.400000
v -14.350000 5.800000 -10.400000
v -14.900001 5.670000 -7.340000
v -14.900001 5.930000 -7.340000
v -14.900001 5.670000 -10.660000
v -14.900001 5.930000 -10.660000
v -14.300000 5.670000 -7.340000
v -14.300000 5.930000 -7.340000
v -14.300000 5.670000 -10.660000
v -14.300000 5.930000 -10.660000
v -14.900001 3.070000 -7.340000
v -14.900001 3.330000 -7.340000
v -14.900001 3.070000 -10.660000
v -14.900001 3.330000 -10.660000
v -14.300000 3.070000 -7.340000
v -14.300000 3.330000 -7.340000
v -14.300000 3.070000 -10.660000
v -14.300000 3.330000 -10.660000
v -14.900001 3.200000 -7.470000
v -14.900001 5.800000 -7.470000
v -14.900001 3.200000 -7.730000
v -14.900001 5.800000 -7.730000
v -14.300000 3.200000 -7.470000
v -14.300000 5.800000 -7.470000
v -14.300000 3.200000 -7.730000
v -14.300000 5.800000 -7.730000
v -14.900001 3.200000 -10.270000
v -14.900001 5.800000 -10.270000
v -14.900001 3.200000 -10.530000
v -14.900001 5.800000 -10.530000
v -14.300000 3.200000 -10.270000
v -14.300000 5.800000 -10.270000
v -14.300000 3.200000 -10.530000
v -14.300000 5.800000 -10.530000
v -14.925000 3.200000 -8.930000
v -14.925000 5.800000 -8.930000
v -14.925000 3.200000 -9.070000
v -14.925000 5.800000 -9.070000
v -14.275001 3.200000 -8.930000
v -14.275001 5.800000 -8.930000
v -14.275001 3.200000 -9.070000
v -14.275001 5.800000 -9.070000
v -14.925000 4.430000 -7.600000
v -14.925000 4.570000 -7.600000
v -14.925000 4.430000 -10.400000
v -14.925000 4.570000 -10.400000
v -14.275001 4.430000 -7.600000
v -14.275001 4.570000 -7.600000
v -14.275001 4.430000 -10.400000
v -14.275001 4.570000 -10.400000
v 14.350000 3.200000 -7.600000
v 14.350000 5.800000 -7.600000
v 14.350000 3.200000 -10.400000
v 14.350000 5.800000 -10.400000
v 14.850000 3.200000 -7.600000
v 14.850000 5.800000 -7.600000
v 14.850000 3.200000 -10.400000
v 14.850000 5.800000 -10.400000
v 14.300000 5.670000 -7.340000
v 14.300000 5.930000 -7.340000
v 14.300000 5.670000 -10.660000
v 14.300000 5.930000 -10.660000
v 14.900001 5.670000 -7.340000
v 14.900001 5.930000 -7.340000
v 14.900001 5.670000 -10.660000
v 14.900001 5.930000 -10.660000
v 14.300000 3.070000 -7.340000
v 14.300000 3.330000 -7.340000
v 14.300000 3.070000 -10.660000
v 14.300000 3.330000 -10.660000
v 14.900001 3.070000 -7.340000
v 14.900001 3.330000 -7.340000
v 14.900001 3.070000 -10.660000
v 14.900001 3.330000 -10.660000
v 14.300000 3.200000 -7.470000
v 14.300000 5.800000 -7.470000
v 14.300000 3.200000 -7.730000
v 14.300000 5.800000 -7.730000
v 14.900001 3.200000 -7.470000
v 14.900001 5.800000 -7.470000
v 14.900001 3.200000 -7.730000
v 14.900001 5.800000 -7.730000
v 14.300000 3.200000 -10.270000
v 14.300000 5.800000 -10.270000
v 14.300000 3.200000 -10.530000
v 14.300000 5.800000 -10.530000
v 14.900001 3.200000 -10.270000
v 14.900001 5.800000 -10.270000
v 14.900001 3.200000 -10.530000
v 14.900001 5.800000 -10.530000
v 14.275001 3.200000 -8.930000
v 14.275001 5.800000 -8.930000
v 14.275001 3.200000 -9.070000
v 14.275001 5.800000 -9.070000
v 14.925000 3.200000 -8.930000
v 14.925000 5.800000 -8.930000
v 14.925000 3.200000 -9.070000
v 14.925000 5.800000 -9.070000
v 14.275001 4.430000 -7.600000
v 14.275001 4.570000 -7.600000
v 14.275001 4.430000 -10.400000
v 14.275001 4.570000 -10.400000
v 14.925000 4.430000 -7.600000
v 14.925000 4.570000 -7.600000
v 14.925000 4.430000 -10.400000
v 14.925000 4.570000 -10.400000
v -14.850000 3.200000 -14.600000
v -14.850000 5.800000 -14.600000
v -14.850000 3.200000 -17.400000
v -14.850000 5.800000 -17.400000
v -14.350000 3.200000 -14.600000
v -14.350000 5.800000 -14.600000
v -14.350000 3.200000 -17.400000
v -14.350000 5.800000 -17.400000
v -14.900001 5.670000 -14.340000
v -14.900001 5.930000 -14.340000
v -14.900001 5.670000 -17.660000
v -14.900001 5.930000 -17.660000
v -14.300000 5.670000 -14.340000
v -14.300000 5.930000 -14.340000
v -14.300000 5.670000 -17.660000
v -14.300000 5.930000 -17.660000
v -14.900001 3.070000 -14.340000
v -14.900001 3.330000 -14.340000
v -14.900001 3.070000 -17.660000
v -14.900001 3.330000 -17.660000
v -14.300000 3.070000 -14.340000
v -14.300000 3.330000 -14.340000
v -14.300000 3.070000 -17.660000
v -14.300000 3.330000 -17.660000
v -14.900001 3.200000 -14.470000
v -14.900001 5.800000 -14.470000
v -14.900001 3.200000 -14.730000
v -14.900001 5.800000 -14.730000
v -14.300000 3.200000 -14.470000
v -14.300000 5.800000 -14.470000
v -14.300000 3.200000 -14.730000
v -14.300000 5.800000 -14.730000
v -14.900001 3.200000 -17.270000
v -14.900001 5.800000 -17.270000
v -14.900001 3.200000 -17.529999
v -14.900001 5.800000 -17.529999
v -14.300000 3.200000 -17.270000
v -14.300000 5.800000 -17.270000
v -14.300000 3.200000 -17.529999
v -14.300000 5.800000 -17.529999
v -14.925000 3.200000 -15.930000
v -14.925000 5.800000 -15.930000
v -14.925000 3.200000 -16.070000
v -14.925000 5.800000 -16.070000
v -14.275001 3.200000 -15.930000
v -14.275001 5.800000 -15.930000
v -14.275001 3.200000 -16.070000
v -14.275001 5.800000 -16.070000
v -14.925000 4.430000 -14.600000
v -14.925000 4.570000 -14.600000
v -14.925000 4.430000 -17.400000
v -14.925000 4.570000 -17.400000
v -14.275001 4.430000 -14.600000
v -14.275001 4.570000 -14.600000
v -14.275001 4.430000 -17.400000
v -14.275001 4.570000 -17.400000
v 14.350000 3.200000 -14.600000
v 14.350000 5.800000 -14.600000
v 14.350000 3.200000 -17.400000
v 14.350000 5.800000 -17.400000
v 14.850000 3.200000 -14.600000
v 14.850000 5.800000 -14.600000
v 14.850000 3.200000 -17.400000
v 14.850000 5.800000 -17.400000
v 14.300000 5.670000 -14.340000
v 14.300000 5.930000 -14.340000
v 14.300000 5.670000 -17.660000
v 14.300000 5.930000 -17.660000
v 14.900001 5.670000 -14.340000
v 14.900001 5.930000 -14.340000
v 14.900001 5.670000 -17.660000
v 14.900001 5.930000 -17.660000
v 14.300000 3.070000 -14.340000
v 14.300000 3.330000 -14.340000
v 14.300000 3.070000 -17.660000
v 14.300000 3.330000 -17.660000
v 14.900001 3.070000 -14.340000
v 14.900001 3.330000 -14.340000
v 14.900001 3.070000 -17.660000
v 14.900001 3.330000 -17.660000
v 14.300000 3.200000 -14.470000
v 14.300000 5.800000 -14.470000
v 14.300000 3.200000 -14.730000
v 14.300000 5.800000 -14.730000
v 14.900001 3.200000 -14.470000
v 14.900001 5.800000 -14.470000
v 14.900001 3.200000 -14.730000
v 14.900001 5.800000 -14.730000
v 14.300000 3.200000 -17.270000
v 14.300000 5.800000 -17.270000
v 14.300000 3.200000 -17.529999
v 14.300000 5.800000 -17.529999
v 14.900001 3.200000 -17.270000
v 14.900001 5.800000 -17.270000
v 14.900001 3.200000 -17.529999
v 14.900001 5.800000 -17.529999
v 14.275001 3.200000 -15.930000
v 14.275001 5.800000 -15.930000
v 14.275001 3.200000 -16.070000
v 14.275001 5.800000 -16.070000
v 14.925000 3.200000 -15.930000
v 14.925000 5.800000 -15.930000
v 14.925000 3.200000 -16.070000
v 14.925000 5.800000 -16.070000
v 14.275001 4.430000 -14.600000
v 14.275001 4.570000 -14.600000
v 14.275001 4.430000 -17.400000
v 14.275001 4.570000 -17.400000
v 14.925000 4.430000 -14.600000
v 14.925000 4.570000 -14.600000
v 14.925000 4.430000 -17.400000
v 14.925000 4.570000 -17.400000
v -1.700000 0.000000 4.400000
v -1.700000 4.000000 4.400000
v -1.700000 0.000000 3.800000
v -1.700000 4.000000 3.800000
v 1.700000 0.000000 4.400000
v 1.700000 4.000000 4.400000
v 1.700000 0.000000 3.800000
v 1.700000 4.000000 3.800000
v -2.000000 3.910000 4.500000
v -2.000000 4.290000 4.500000
v -2.000000 3.910000 4.000000
v -2.000000 4.290000 4.000000
v 2.000000 3.910000 4.500000
v 2.000000 4.290000 4.500000
v 2.000000 3.910000 4.000000
v 2.000000 4.290000 4.000000
v -1.600000 0.100000 4.550000
v -1.600000 3.900000 4.550000
v -1.600000 0.100000 4.050000
v -1.600000 3.900000 4.050000
v -1.400000 0.100000 4.550000
v -1.400000 3.900000 4.550000
v -1.400000 0.100000 4.050000
v -1.400000 3.900000 4.050000
v -0.100000 0.100000 4.550000
v -0.100000 3.900000 4.550000
v -0.100000 0.100000 4.050000
v -0.100000 3.900000 4.050000
v 0.100000 0.100000 4.550000
v 0.100000 3.900000 4.550000
v 0.100000 0.100000 4.050000
v 0.100000 3.900000 4.050000
v 1.400000 0.100000 4.550000
v 1.400000 3.900000 4.550000
v 1.400000 0.100000 4.050000
v 1.400000 3.900000 4.050000
v 1.600000 0.100000 4.550000
v 1.600000 3.900000 4.550000
v 1.600000 0.100000 4.050000
v 1.600000 3.900000 4.050000
v 16.100000 6.800000 6.100000
v -16.100000 6.800000 6.100000
v 1.000000 2.260000 4.250000
v 1.000000 2.260000 4.750000
v 1.113137 2.213137 4.250000
v 1.113137 2.213137 4.750000
v 1.160000 2.100000 4.250000
v 1.160000 2.100000 4.750000
v 1.113137 1.986863 4.250000
v 1.113137 1.986863 4.750000
v 1.000000 1.940000 4.250000
v 1.000000 1.940000 4.750000
v 0.886863 1.986863 4.250000
v 0.886863 1.986863 4.750000
v 0.840000 2.100000 4.250000
v 0.840000 2.100000 4.750000
v 0.886863 2.213137 4.250000
v 0.886863 2.213137 4.750000
v 16.100000 6.800000 -22.100000
v -16.100000 6.800000 -22.100000
v -8.000000 10.400000 0.000000
v 8.000000 10.400000 0.000000
v 8.000000 10.400000 -16.000000
v -8.000000 10.400000 -16.000000
v -16.299999 6.680000 6.300000
v -16.299999 7.080000 6.300000
v -16.299999 6.680000 -22.299999
v -16.299999 7.080000 -22.299999
v 16.299999 6.680000 6.300000
v 16.299999 7.080000 6.300000
v 16.299999 6.680000 -22.299999
v 16.299999 7.080000 -22.299999
v -12.150000 4.600000 -16.650000
v -12.150000 10.200000 -16.650000
v -12.150000 4.600000 -18.550001
v -12.150000 10.200000 -18.550001
v -10.250000 4.600000 -16.650000
v -10.250000 10.200000 -16.650000
v -10.250000 4.600000 -18.550001
v -10.250000 10.200000 -18.550001
v -12.450000 10.075000 -16.350000
v -12.450000 10.525001 -16.350000
v -12.450000 10.075000 -18.850000
v -12.450000 10.525001 -18.850000
v -9.950000 10.075000 -16.350000
v -9.950000 10.525001 -16.350000
v -9.950000 10.075000 -18.850000
v -9.950000 10.525001 -18.850000
v 9.900000 12.525786 -8.000000
v 10.000000 10.400000 -8.000000
v 9.498981 12.525786 -10.789152
v 9.594930 10.400000 -10.817326
v 8.328410 12.525786 -13.352345
v 8.412536 10.400000 -13.406408
v 6.483121 12.525786 -15.481921
v 6.548607 10.400000 -15.557496
v 4.112608 12.525786 -17.005356
v 4.154150 10.400000 -17.096319
v 1.408917 12.525786 -17.799232
v 1.423148 10.400000 -17.898214
v -1.408917 12.525786 -17.799232
v -1.423148 10.400000 -17.898214
v -4.112608 12.525786 -17.005356
v -4.154150 10.400000 -17.096319
v -6.483121 12.525786 -15.481921
v -6.548607 10.400000 -15.557496
v -8.328410 12.525786 -13.352345
v -8.412536 10.400000 -13.406408
v -9.498981 12.525786 -10.789152
v -9.594930 10.400000 -10.817326
v -9.900000 12.525786 -8.000000
v -10.000000 10.400000 -8.000000
v -9.498981 12.525786 -5.210848
v -9.594930 10.400000 -5.182674
v -8.328410 12.525786 -2.647656
v -8.412536 10.400000 -2.593592
v -6.483121 12.525786 -0.518079
v -6.548607 10.400000 -0.442504
v -4.112608 12.525786 1.005357
v -4.154150 10.400000 1.096320
v -1.408917 12.525786 1.799232
v -1.423148 10.400000 1.898214
v 1.408917 12.525786 1.799232
v 1.423148 10.400000 1.898214
v 4.112608 12.525786 1.005357
v 4.154150 10.400000 1.096320
v 6.483121 12.525786 -0.518079
v 6.548607 10.400000 -0.442504
v 8.328410 12.525786 -2.647656
v 8.412536 10.400000 -2.593592
v 9.498981 12.525786 -5.210848
v 9.594930 10.400000 -5.182674
v 0.000000 12.525786 -8.000000
v 0.000000 10.400000 -8.000000
v 3.135241 14.815094 1.057280
v 3.165728 12.525786 1.152519
v 5.611333 14.815094 -0.165883
v 5.668444 12.525786 -0.083796
v 7.619042 14.815094 -2.062263
v 7.697742 12.525786 -2.000567
v 8.981318 14.815094 -4.464628
v 9.074666 12.525786 -4.428764
v 9.578030 14.815094 -7.161124
v 9.677794 12.525786 -7.154254
v 9.356554 14.815094 -9.913960
v 9.453937 12.525786 -9.936690
v 8.336423 14.815094 -12.480375
v 8.422835 12.525786 -12.530702
v 6.607596 14.815094 -14.634049
v 6.675420 12.525786 -14.707534
v 4.322532 14.815094 -16.185061
v 4.365785 12.525786 -16.275223
v 1.682738 14.815094 -16.996632
v 1.697607 12.525786 -17.095520
v -1.078992 14.815094 -16.997194
v -1.093820 12.525786 -17.096088
v -3.719115 14.815094 -16.186699
v -3.762332 12.525786 -16.276878
v -6.004812 14.815094 -14.636619
v -6.072605 12.525786 -14.710131
v -7.734516 14.815094 -12.483648
v -7.820908 12.525786 -12.534010
v -8.755692 14.815094 -9.917649
v -8.853065 12.525786 -9.940419
v -8.978290 14.815094 -7.164904
v -9.078056 12.525786 -7.158075
v -8.382677 14.815094 -4.468165
v -8.476039 12.525786 -4.432339
v -7.021379 14.815094 -2.065245
v -7.100103 12.525786 -2.003581
v -5.014442 14.815094 -0.168047
v -5.071587 12.525786 -0.085983
v -2.538849 14.815094 1.056124
v -2.569374 12.525786 1.151351
v 0.300000 14.815094 -7.800000
v 0.300000 12.525786 -7.800000
v -5.150677 14.815094 0.706168
v -5.150677 16.613836 0.706168
v -9.406168 14.815094 -13.050677
v -9.406168 16.613836 -13.050677
v 8.606169 14.815094 -3.549323
v 8.606169 16.613836 -3.549323
v 4.350677 14.815094 -17.306168
v 4.350677 16.613836 -17.306168
v 8.600000 18.576101 -8.200000
v 8.800000 16.613836 -8.200000
v 8.271894 18.576101 -10.482034
v 8.463792 16.613836 -10.538381
v 7.314154 18.576101 -12.579190
v 7.482404 16.613836 -12.687319
v 5.804372 18.576101 -14.321571
v 5.935344 16.613836 -14.472721
v 3.864861 18.576101 -15.568019
v 3.947945 16.613836 -15.749946
v 1.652750 18.576101 -16.217554
v 1.681213 16.613836 -16.415518
v -0.652750 18.576101 -16.217554
v -0.681213 16.613836 -16.415518
v -2.864861 18.576101 -15.568019
v -2.947945 16.613836 -15.749946
v -4.804372 18.576101 -14.321571
v -4.935344 16.613836 -14.472721
v -6.314154 18.576101 -12.579190
v -6.482404 16.613836 -12.687319
v -7.271893 18.576101 -10.482034
v -7.463792 16.613836 -10.538381
v -7.600000 18.576101 -8.200000
v -7.800000 16.613836 -8.200000
v -7.271893 18.576101 -5.917966
v -7.463792 16.613836 -5.861620
v -6.314154 18.576101 -3.820809
v -6.482404 16.613836 -3.712681
v -4.804372 18.576101 -2.078429
v -4.935344 16.613836 -1.927279
v -2.864861 18.576101 -0.831981
v -2.947945 16.613836 -0.650054
v -0.652750 18.576101 -0.182446
v -0.681213 16.613836 0.015518
v 1.652750 18.576101 -0.182446
v 1.681213 16.613836 0.015518
v 3.864861 18.576101 -0.831981
v 3.947945 16.613836 -0.650054
v 5.804372 18.576101 -2.078429
v 5.935344 16.613836 -1.927279
v 7.314154 18.576101 -3.820809
v 7.482404 16.613836 -3.712681
v 8.271894 18.576101 -5.917966
v 8.463792 16.613836 -5.861620
v 0.500000 18.576101 -8.200000
v 0.500000 16.613836 -8.200000
v 6.600000 20.211321 -7.600000
v 6.400000 18.576101 -7.600000
v 6.183879 20.211321 -9.959939
v 5.995941 18.576101 -9.891535
v 4.985707 20.211321 -12.035234
v 4.832498 18.576101 -11.906677
v 3.150000 20.211321 -13.575575
v 3.050000 18.576101 -13.402370
v 0.898172 20.211321 -14.395173
v 0.863443 18.576101 -14.198212
v -1.498172 20.211321 -14.395173
v -1.463443 18.576101 -14.198212
v -3.750000 20.211321 -13.575575
v -3.650000 18.576101 -13.402370
v -5.585707 20.211321 -12.035234
v -5.432498 18.576101 -11.906677
v -6.783879 20.211321 -9.959939
v -6.595941 18.576101 -9.891535
v -7.200000 20.211321 -7.600000
v -7.000000 18.576101 -7.600000
v -6.783879 20.211321 -5.240061
v -6.595941 18.576101 -5.308465
v -5.585707 20.211321 -3.164766
v -5.432498 18.576101 -3.293323
v -3.750000 20.211321 -1.624425
v -3.650000 18.576101 -1.797630
v -1.498172 20.211321 -0.804826
v -1.463443 18.576101 -1.001788
v 0.898172 20.211321 -0.804826
v 0.863443 18.576101 -1.001788
v 3.150000 20.211321 -1.624425
v 3.050000 18.576101 -1.797630
v 4.985707 20.211321 -3.164766
v 4.832498 18.576101 -3.293323
v 6.183879 20.211321 -5.240061
v 5.995941 18.576101 -5.308465
v -0.300000 20.211321 -7.600000
v -0.300000 18.576101 -7.600000
v 3.053187 22.010063 -3.752665
v 3.217794 20.211321 -3.501857
v 4.402353 22.010063 -5.037284
v 4.644796 20.211321 -4.860589
v 5.212161 22.010063 -6.714992
v 5.501324 20.211321 -6.635088
v 5.378674 22.010063 -8.570461
v 5.677444 20.211321 -8.597604
v 4.880522 22.010063 -10.365549
v 5.150552 20.211321 -10.496253
v 3.781641 22.010063 -11.869861
v 3.988274 20.211321 -12.087353
v 2.223068 22.010063 -12.890323
v 2.339784 20.211321 -13.166688
v 0.404841 22.010063 -13.295964
v 0.416659 20.211321 -13.595731
v -1.439676 22.010063 -13.034720
v -1.534273 20.211321 -13.319415
v -3.073747 22.010063 -12.140121
v -3.262617 20.211321 -12.373205
v -4.287643 22.010063 -10.726987
v -4.546546 20.211321 -10.878544
v -4.925565 22.010063 -8.976687
v -5.221271 20.211321 -9.027266
v -4.905638 22.010063 -7.113868
v -5.200194 20.211321 -7.056975
v -4.230420 22.010063 -5.377615
v -4.486021 20.211321 -5.220554
v -2.986572 22.010063 -3.990771
v -3.170412 20.211321 -3.753700
v -1.333738 22.010063 -3.131333
v -1.422223 20.211321 -2.844680
v 0.515946 22.010063 -2.909607
v 0.534174 20.211321 -2.610161
v 0.200000 22.010063 -8.100000
v 0.200000 20.211321 -8.100000
v 2.800000 23.400000 -8.000000
v 4.300000 22.010063 -8.000000
v 2.631139 23.400000 -8.957657
v 4.040679 22.010063 -9.470687
v 2.144924 23.400000 -9.799806
v 3.293991 22.010063 -10.763987
v 1.400000 23.400000 -10.424871
v 2.150000 22.010063 -11.723909
v 0.486215 23.400000 -10.757462
v 0.746687 22.010063 -12.234674
v -0.486215 23.400000 -10.757462
v -0.746687 22.010063 -12.234674
v -1.400000 23.400000 -10.424871
v -2.150000 22.010063 -11.723909
v -2.144924 23.400000 -9.799806
v -3.293991 22.010063 -10.763987
v -2.631139 23.400000 -8.957657
v -4.040679 22.010063 -9.470687
v -2.800000 23.400000 -8.000000
v -4.300000 22.010063 -8.000000
v -2.631139 23.400000 -7.042344
v -4.040679 22.010063 -6.529314
v -2.144924 23.400000 -6.200195
v -3.293991 22.010063 -5.236013
v -1.400000 23.400000 -5.575129
v -2.150000 22.010063 -4.276091
v -0.486215 23.400000 -5.242538
v -0.746687 22.010063 -3.765327
v 0.486215 23.400000 -5.242538
v 0.746687 22.010063 -3.765327
v 1.400000 23.400000 -5.575129
v 2.150000 22.010063 -4.276091
v 2.144924 23.400000 -6.200195
v 3.293991 22.010063 -5.236013
v 2.631139 23.400000 -7.042344
v 4.040679 22.010063 -6.529314
v 0.000000 23.400000 -8.000000
v 0.000000 22.010063 -8.000000
v -5.388211 16.743835 1.156476
v -5.388211 16.483837 1.156476
v 0.000000 12.405787 -17.800999
v 0.000000 12.645786 -17.800999
v 3.028676 12.405787 -17.321304
v 3.028676 12.645786 -17.321304
v 5.760883 12.405787 -15.929175
v 5.760883 12.645786 -15.929175
v 7.929175 12.405787 -13.760883
v 7.929175 12.645786 -13.760883
v 9.321305 12.405787 -11.028675
v 9.321305 12.645786 -11.028675
v 9.801000 12.405787 -8.000000
v 9.801000 12.645786 -8.000000
v 9.321305 12.405787 -4.971324
v 9.321305 12.645786 -4.971324
v 7.929175 12.405787 -2.239117
v 7.929175 12.645786 -2.239117
v 5.760883 12.405787 -0.070825
v 5.760883 12.645786 -0.070825
v 3.028676 12.405787 1.321305
v 3.028676 12.645786 1.321305
v 0.000000 12.405787 1.801000
v 0.000000 12.645786 1.801000
v -3.028676 12.405787 1.321305
v -3.028676 12.645786 1.321305
v -5.760883 12.405787 -0.070825
v -5.760883 12.645786 -0.070825
v -7.929175 12.405787 -2.239117
v -7.929175 12.645786 -2.239117
v -9.321305 12.405787 -4.971324
v -9.321305 12.645786 -4.971324
v -9.801000 12.405787 -8.000000
v -9.801000 12.645786 -8.000000
v -9.321305 12.405787 -11.028675
v -9.321305 12.645786 -11.028675
v -7.929175 12.405787 -13.760883
v -7.929175 12.645786 -13.760883
v -5.760883 12.405787 -15.929175
v -5.760883 12.645786 -15.929175
v -3.028676 12.405787 -17.321304
v -3.028676 12.645786 -17.321304
v -9.856476 16.483837 -13.288212
v -9.856476 16.743835 -13.288212
v 9.056477 16.483837 -3.311789
v 9.056477 16.743835 -3.311789
v 4.588211 16.483837 -17.756477
v 4.588211 16.743835 -17.756477
v 10.060000 11.320000 -8.000000
v 10.060000 10.900000 -8.000000
v -0.300000 20.091320 -14.431000
v -0.300000 20.331322 -14.431000
v 1.810895 20.091320 -14.096666
v 1.810895 20.331322 -14.096666
v 3.715161 20.091320 -13.126394
v 3.715161 20.331322 -13.126394
v 5.226395 20.091320 -11.615161
v 5.226395 20.331322 -11.615161
v 6.196667 20.091320 -9.710896
v 6.196667 20.331322 -9.710896
v 6.531000 20.091320 -7.600000
v 6.531000 20.331322 -7.600000
v 6.196667 20.091320 -5.489105
v 6.196667 20.331322 -5.489105
v 5.226395 20.091320 -3.584839
v 5.226395 20.331322 -3.584839
v 3.715161 20.091320 -2.073605
v 3.715161 20.331322 -2.073605
v 1.810895 20.091320 -1.103333
v 1.810895 20.331322 -1.103333
v -0.300000 20.091320 -0.769000
v -0.300000 20.331322 -0.769000
v -2.410895 20.091320 -1.103333
v -2.410895 20.331322 -1.103333
v -4.315161 20.091320 -2.073605
v -4.315161 20.331322 -2.073605
v -5.826395 20.091320 -3.584839
v -5.826395 20.331322 -3.584839
v -6.796667 20.091320 -5.489105
v -6.796667 20.331322 -5.489105
v -7.131000 20.091320 -7.600000
v -7.131000 20.331322 -7.600000
v -6.796667 20.091320 -9.710896
v -6.796667 20.331322 -9.710896
v -5.826395 20.091320 -11.615161
v -5.826395 20.331322 -11.615161
v -4.315161 20.091320 -13.126394
v -4.315161 20.331322 -13.126394
v -2.410895 20.091320 -14.096666
v -2.410895 20.331322 -14.096666
v 9.652499 11.320000 -10.834229
v 9.652499 10.900000 -10.834229
v 8.463011 11.320000 -13.438847
v 8.463011 10.900000 -13.438847
v 6.587899 11.320000 -15.602840
v 6.587899 10.900000 -15.602840
v 4.179075 11.320000 -17.150898
v 4.179075 10.900000 -17.150898
v 1.431687 11.320000 -17.957603
v 1.431687 10.900000 -17.957603
v -1.431687 11.320000 -17.957603
v -1.431687 10.900000 -17.957603
v -4.179075 11.320000 -17.150898
v -4.179075 10.900000 -17.150898
v -6.587899 11.320000 -15.602840
v -6.587899 10.900000 -15.602840
v -8.463011 11.320000 -13.438847
v -8.463011 10.900000 -13.438847
v -9.652499 11.320000 -10.834229
v -9.652499 10.900000 -10.834229
v -10.060000 11.320000 -8.000000
v -10.060000 10.900000 -8.000000
v -9.652499 11.320000 -5.165771
v -9.652499 10.900000 -5.165771
v -8.463011 11.320000 -2.561153
v -8.463011 10.900000 -2.561153
v -6.587899 11.320000 -0.397159
v -6.587899 10.900000 -0.397159
v -4.179075 11.320000 1.150898
v -4.179075 10.900000 1.150898
v -1.431687 11.320000 1.957604
v -1.431687 10.900000 1.957604
v 1.431687 11.320000 1.957604
v 1.431687 10.900000 1.957604
v 4.179075 11.320000 1.150898
v 4.179075 10.900000 1.150898
v 6.587899 11.320000 -0.397159
v 6.587899 10.900000 -0.397159
v 8.463011 11.320000 -2.561153
v 8.463011 10.900000 -2.561153
v 9.652499 11.320000 -5.165771
v 9.652499 10.900000 -5.165771
v 0.000000 11.320000 -8.000000
v 0.000000 10.900000 -8.000000
v 0.000000 24.900000 -7.960000
v 0.000000 24.199999 -7.960000
v 0.000000 10.280000 -18.500000
v 0.000000 10.679999 -18.500000
v 2.958192 10.280000 -18.074677
v 2.958192 10.679999 -18.074677
v 5.676729 10.280000 -16.833162
v 5.676729 10.679999 -16.833162
v 7.935370 10.280000 -14.876039
v 7.935370 10.679999 -14.876039
v 9.551136 10.280000 -12.361858
v 9.551136 10.679999 -12.361858
v 10.393126 10.280000 -9.494306
v 10.393126 10.679999 -9.494306
v 10.393126 10.280000 -6.505694
v 10.393126 10.679999 -6.505694
v 9.551136 10.280000 -3.638142
v 9.551136 10.679999 -3.638142
v 7.935370 10.280000 -1.123961
v 7.935370 10.679999 -1.123961
v 5.676729 10.280000 0.833162
v 5.676729 10.679999 0.833162
v 2.958192 10.280000 2.074677
v 2.958192 10.679999 2.074677
v 0.000000 10.280000 2.500000
v 0.000000 10.679999 2.500000
v -2.958192 10.280000 2.074677
v -2.958192 10.679999 2.074677
v -5.676729 10.280000 0.833162
v -5.676729 10.679999 0.833162
v -7.935370 10.280000 -1.123961
v -7.935370 10.679999 -1.123961
v -9.551136 10.280000 -3.638142
v -9.551136 10.679999 -3.638142
v -10.393126 10.280000 -6.505694
v -10.393126 10.679999 -6.505694
v -10.393126 10.280000 -9.494306
v -10.393126 10.679999 -9.494306
v -9.551136 10.280000 -12.361858
v -9.551136 10.679999 -12.361858
v -7.935370 10.280000 -14.876039
v -7.935370 10.679999 -14.876039
v -5.676729 10.280000 -16.833162
v -5.676729 10.679999 -16.833162
v -2.958192 10.280000 -18.074677
v -2.958192 10.679999 -18.074677
v 0.000000 23.400002 -8.150000
v 0.000000 25.000000 -8.150000
v 0.129904 23.400002 -8.075000
v 0.129904 25.000000 -8.075000
v 0.129904 23.400002 -7.925000
v 0.129904 25.000000 -7.925000
v 0.000000 23.400002 -7.850000
v 0.000000 25.000000 -7.850000
v -0.129904 23.400002 -7.925000
v -0.129904 25.000000 -7.925000
v -0.129904 23.400002 -8.075000
v -0.129904 25.000000 -8.075000
v 0.000000 24.199999 -8.040000
v 0.000000 24.900000 -8.040000
v 1.400000 24.199999 -7.960000
v 1.400000 24.900000 -7.960000
v 1.400000 24.199999 -8.040000
v 1.400000 24.900000 -8.040000
v -13.000000 3.522819 11.778951
v -13.000000 3.677181 11.821050
v -13.000000 5.022819 6.278951
v -13.000000 5.177181 6.321050
v 13.000000 3.522819 11.778951
v 13.000000 3.677181 11.821050
v 13.000000 5.022819 6.278951
v 13.000000 5.177181 6.321050
v -13.000000 3.662819 11.778951
v -13.000000 3.817181 11.821050
v -13.000000 5.162819 6.278951
v -13.000000 5.317181 6.321050
v -11.000000 3.662819 11.778951
v -11.000000 3.817181 11.821050
v -11.000000 5.162819 6.278951
v -11.000000 5.317181 6.321050
v -11.000000 3.662819 11.778951
v -11.000000 3.817181 11.821050
v -11.000000 5.162819 6.278951
v -11.000000 5.317181 6.321050
v -9.000000 3.662819 11.778951
v -9.000000 3.817181 11.821050
v -9.000000 5.162819 6.278951
v -9.000000 5.317181 6.321050
v -9.000000 3.662819 11.778951
v -9.000000 3.817181 11.821050
v -9.000000 5.162819 6.278951
v -9.000000 5.317181 6.321050
v -7.000000 3.662819 11.778951
v -7.000000 3.817181 11.821050
v -7.000000 5.162819 6.278951
v -7.000000 5.317181 6.321050
v -7.000000 3.662819 11.778951
v -7.000000 3.817181 11.821050
v -7.000000 5.162819 6.278951
v -7.000000 5.317181 6.321050
v -5.000000 3.662819 11.778951
v -5.000000 3.817181 11.821050
v -5.000000 5.162819 6.278951
v -5.000000 5.317181 6.321050
v -5.000000 3.662819 11.778951
v -5.000000 3.817181 11.821050
v -5.000000 5.162819 6.278951
v -5.000000 5.317181 6.321050
v -3.000000 3.662819 11.778951
v -3.000000 3.817181 11.821050
v -3.000000 5.162819 6.278951
v -3.000000 5.317181 6.321050
v -3.000000 3.662819 11.778951
v -3.000000 3.817181 11.821050
v -3.000000 5.162819 6.278951
v -3.000000 5.317181 6.321050
v -1.000000 3.662819 11.778951
v -1.000000 3.817181 11.821050
v -1.000000 5.162819 6.278951
v -1.000000 5.317181 6.321050
v -1.000000 3.662819 11.778951
v -1.000000 3.817181 11.821050
v -1.000000 5.162819 6.278951
v -1.000000 5.317181 6.321050
v 1.000000 3.662819 11.778951
v 1.000000 3.817181 11.821050
v 1.000000 5.162819 6.278951
v 1.000000 5.317181 6.321050
v 1.000000 3.662819 11.778951
v 1.000000 3.817181 11.821050
v 1.000000 5.162819 6.278951
v 1.000000 5.317181 6.321050
v 3.000000 3.662819 11.778951
v 3.000000 3.817181 11.821050
v 3.000000 5.162819 6.278951
v 3.000000 5.317181 6.321050
v 3.000000 3.662819 11.778951
v 3.000000 3.817181 11.821050
v 3.000000 5.162819 6.278951
v 3.000000 5.317181 6.321050
v 5.000000 3.662819 11.778951
v 5.000000 3.817181 11.821050
v 5.000000 5.162819 6.278951
v 5.000000 5.317181 6.321050
v 5.000000 3.662819 11.778951
v 5.000000 3.817181 11.821050
v 5.000000 5.162819 6.278951
v 5.000000 5.317181 6.321050
v 7.000000 3.662819 11.778951
v 7.000000 3.817181 11.821050
v 7.000000 5.162819 6.278951
v 7.000000 5.317181 6.321050
v 7.000000 3.662819 11.778951
v 7.000000 3.817181 11.821050
v 7.000000 5.162819 6.278951
v 7.000000 5.317181 6.321050
v 9.000000 3.662819 11.778951
v 9.000000 3.817181 11.821050
v 9.000000 5.162819 6.278951
v 9.000000 5.317181 6.321050
v 9.000000 3.662819 11.778951
v 9.000000 3.817181 11.821050
v 9.000000 5.162819 6.278951
v 9.000000 5.317181 6.321050
v 11.000000 3.662819 11.778951
v 11.000000 3.817181 11.821050
v 11.000000 5.162819 6.278951
v 11.000000 5.317181 6.321050
v 11.000000 3.662819 11.778951
v 11.000000 3.817181 11.821050
v 11.000000 5.162819 6.278951
v 11.000000 5.317181 6.321050
v 13.000000 3.662819 11.778951
v 13.000000 3.817181 11.821050
v 13.000000 5.162819 6.278951
v 13.000000 5.317181 6.321050
v -13.250000 3.325000 12.010000
v -13.250000 3.875000 12.010000
v -13.250000 3.325000 11.590000
v -13.250000 3.875000 11.590000
v 13.250000 3.325000 12.010000
v 13.250000 3.875000 12.010000
v 13.250000 3.325000 11.590000
v 13.250000 3.875000 11.590000
v -12.860000 2.830000 12.010000
v -12.860000 3.330000 12.010000
v -12.860000 2.830000 11.830000
v -12.860000 3.330000 11.830000
v -11.140000 2.830000 12.010000
v -11.140000 3.330000 12.010000
v -11.140000 2.830000 11.830000
v -11.140000 3.330000 11.830000
v -10.860000 2.830000 12.010000
v -10.860000 3.330000 12.010000
v -10.860000 2.830000 11.830000
v -10.860000 3.330000 11.830000
v -9.140000 2.830000 12.010000
v -9.140000 3.330000 12.010000
v -9.140000 2.830000 11.830000
v -9.140000 3.330000 11.830000
v -8.860000 2.830000 12.010000
v -8.860000 3.330000 12.010000
v -8.860000 2.830000 11.830000
v -8.860000 3.330000 11.830000
v -7.140000 2.830000 12.010000
v -7.140000 3.330000 12.010000
v -7.140000 2.830000 11.830000
v -7.140000 3.330000 11.830000
v -6.860000 2.830000 12.010000
v -6.860000 3.330000 12.010000
v -6.860000 2.830000 11.830000
v -6.860000 3.330000 11.830000
v -5.140000 2.830000 12.010000
v -5.140000 3.330000 12.010000
v -5.140000 2.830000 11.830000
v -5.140000 3.330000 11.830000
v -4.860000 2.830000 12.010000
v -4.860000 3.330000 12.010000
v -4.860000 2.830000 11.830000
v -4.860000 3.330000 11.830000
v -3.140000 2.830000 12.010000
v -3.140000 3.330000 12.010000
v -3.140000 2.830000 11.830000
v -3.140000 3.330000 11.830000
v -2.860000 2.830000 12.010000
v -2.860000 3.330000 12.010000
v -2.860000 2.830000 11.830000
v -2.860000 3.330000 11.830000
v -1.140000 2.830000 12.010000
v -1.140000 3.330000 12.010000
v -1.140000 2.830000 11.830000
v -1.140000 3.330000 11.830000
v -0.860000 2.830000 12.010000
v -0.860000 3.330000 12.010000
v -0.860000 2.830000 11.830000
v -0.860000 3.330000 11.830000
v 0.860000 2.830000 12.010000
v 0.860000 3.330000 12.010000
v 0.860000 2.830000 11.830000
v 0.860000 3.330000 11.830000
v 1.140000 2.830000 12.010000
v 1.140000 3.330000 12.010000
v 1.140000 2.830000 11.830000
v 1.140000 3.330000 11.830000
v 2.860000 2.830000 12.010000
v 2.860000 3.330000 12.010000
v 2.860000 2.830000 11.830000
v 2.860000 3.330000 11.830000
v 3.140000 2.830000 12.010000
v 3.140000 3.330000 12.010000
v 3.140000 2.830000 11.830000
v 3.140000 3.330000 11.830000
v 4.860000 2.830000 12.010000
v 4.860000 3.330000 12.010000
v 4.860000 2.830000 11.830000
v 4.860000 3.330000 11.830000
v 5.140000 2.830000 12.010000
v 5.140000 3.330000 12.010000
v 5.140000 2.830000 11.830000
v 5.140000 3.330000 11.830000
v 6.860000 2.830000 12.010000
v 6.860000 3.330000 12.010000
v 6.860000 2.830000 11.830000
v 6.860000 3.330000 11.830000
v 7.140000 2.830000 12.010000
v 7.140000 3.330000 12.010000
v 7.140000 2.830000 11.830000
v 7.140000 3.330000 11.830000
v 8.860000 2.830000 12.010000
v 8.860000 3.330000 12.010000
v 8.860000 2.830000 11.830000
v 8.860000 3.330000 11.830000
v 9.140000 2.830000 12.010000
v 9.140000 3.330000 12.010000
v 9.140000 2.830000 11.830000
v 9.140000 3.330000 11.830000
v 10.860000 2.830000 12.010000
v 10.860000 3.330000 12.010000
v 10.860000 2.830000 11.830000
v 10.860000 3.330000 11.830000
v 11.140000 2.830000 12.010000
v 11.140000 3.330000 12.010000
v 11.140000 2.830000 11.830000
v 11.140000 3.330000 11.830000
v 12.860000 2.830000 12.010000
v 12.860000 3.330000 12.010000
v 12.860000 2.830000 11.830000
v 12.860000 3.330000 11.830000
v -12.425000 0.000000 12.025001
v -12.425000 3.700000 12.025001
v -12.425000 0.000000 11.575000
v -12.425000 3.700000 11.575000
v -11.974999 0.000000 12.025001
v -11.974999 3.700000 12.025001
v -11.974999 0.000000 11.575000
v -11.974999 3.700000 11.575000
v -4.425000 0.000000 12.025001
v -4.425000 3.700000 12.025001
v -4.425000 0.000000 11.575000
v -4.425000 3.700000 11.575000
v -3.975000 0.000000 12.025001
v -3.975000 3.700000 12.025001
v -3.975000 0.000000 11.575000
v -3.975000 3.700000 11.575000
v 3.975000 0.000000 12.025001
v 3.975000 3.700000 12.025001
v 3.975000 0.000000 11.575000
v 3.975000 3.700000 11.575000
v 4.425000 0.000000 12.025001
v 4.425000 3.700000 12.025001
v 4.425000 0.000000 11.575000
v 4.425000 3.700000 11.575000
v 11.974999 0.000000 12.025001
v 11.974999 3.700000 12.025001
v 11.974999 0.000000 11.575000
v 11.974999 3.700000 11.575000
v 12.425000 0.000000 12.025001
v 12.425000 3.700000 12.025001
v 12.425000 0.000000 11.575000
v 12.425000 3.700000 11.575000
v -12.000000 0.000000 9.300000
v -12.000000 1.700000 9.300000
v -12.000000 0.000000 6.700000
v -12.000000 1.700000 6.700000
v 12.000000 0.000000 9.300000
v 12.000000 1.700000 9.300000
v 12.000000 0.000000 6.700000
v 12.000000 1.700000 6.700000
v -12.500000 1.700000 9.600000
v -12.500000 2.000000 9.600000
v -12.500000 1.700000 6.400000
v -12.500000 2.000000 6.400000
v 12.500000 1.700000 9.600000
v 12.500000 2.000000 9.600000
v 12.500000 1.700000 6.400000
v 12.500000 2.000000 6.400000
v -6.847827 2.800000 9.350803
v -6.847827 2.000000 9.350803
v -6.247515 2.800000 8.825397
v -6.247515 2.000000 8.825397
v -6.001476 2.800000 8.066523
v -6.001476 2.000000 8.066523
v -6.179304 2.800000 7.288832
v -6.179304 2.000000 7.288832
v -6.730698 2.800000 6.712299
v -6.730698 2.000000 6.712299
v -7.499694 2.800000 6.500000
v -7.499694 2.000000 6.500000
v -8.268777 2.800000 6.711986
v -8.268777 2.000000 6.711986
v -8.820407 2.800000 7.288293
v -8.820407 2.000000 7.288293
v -8.998551 2.800000 8.065912
v -8.998551 2.000000 8.065912
v -8.752821 2.800000 8.824887
v -8.752821 2.000000 8.824887
v -8.152723 2.800000 9.350537
v -8.152723 2.000000 9.350537
v -7.500000 2.800000 8.000000
v -7.500000 2.000000 8.000000
v -2.500000 2.700000 7.900000
v -2.500000 2.000000 7.900000
v -2.674167 2.700000 7.250000
v -2.674167 2.000000 7.250000
v -3.150000 2.700000 6.774167
v -3.150000 2.000000 6.774167
v -3.800000 2.700000 6.600000
v -3.800000 2.000000 6.600000
v -4.450000 2.700000 6.774167
v -4.450000 2.000000 6.774167
v -4.925833 2.700000 7.250000
v -4.925833 2.000000 7.250000
v -5.100000 2.700000 7.900000
v -5.100000 2.000000 7.900000
v -4.925833 2.700000 8.550000
v -4.925833 2.000000 8.550000
v -4.450000 2.700000 9.025833
v -4.450000 2.000000 9.025833
v -3.800000 2.700000 9.200000
v -3.800000 2.000000 9.200000
v -3.150000 2.700000 9.025833
v -3.150000 2.000000 9.025833
v -2.674167 2.700000 8.550000
v -2.674167 2.000000 8.550000
v -3.800000 2.700000 7.900000
v -3.800000 2.000000 7.900000
v -2.500000 3.400000 7.900000
v -2.500000 2.700000 7.900000
v -2.674167 3.400000 7.250000
v -2.674167 2.700000 7.250000
v -3.150000 3.400000 6.774167
v -3.150000 2.700000 6.774167
v -3.800000 3.400000 6.600000
v -3.800000 2.700000 6.600000
v -4.450000 3.400000 6.774167
v -4.450000 2.700000 6.774167
v -4.925833 3.400000 7.250000
v -4.925833 2.700000 7.250000
v -5.100000 3.400000 7.900000
v -5.100000 2.700000 7.900000
v -4.925833 3.400000 8.550000
v -4.925833 2.700000 8.550000
v -4.450000 3.400000 9.025833
v -4.450000 2.700000 9.025833
v -3.800000 3.400000 9.200000
v -3.800000 2.700000 9.200000
v -3.150000 3.400000 9.025833
v -3.150000 2.700000 9.025833
v -2.674167 3.400000 8.550000
v -2.674167 2.700000 8.550000
v -3.800000 3.400000 7.900000
v -3.800000 2.700000 7.900000
v 4.373702 2.000000 9.246384
v 4.373702 3.300000 9.246384
v 3.653616 2.000000 7.273702
v 3.653616 3.300000 7.273702
v 6.346384 2.000000 8.526299
v 6.346384 3.300000 8.526299
v 5.626298 2.000000 6.553616
v 5.626298 3.300000 6.553616
v 10.800000 2.900000 8.000000
v 10.800000 2.000000 8.000000
v 10.585641 2.900000 7.200000
v 10.585641 2.000000 7.200000
v 10.000000 2.900000 6.614359
v 10.000000 2.000000 6.614359
v 9.200000 2.900000 6.400000
v 9.200000 2.000000 6.400000
v 8.400000 2.900000 6.614359
v 8.400000 2.000000 6.614359
v 7.814359 2.900000 7.200000
v 7.814359 2.000000 7.200000
v 7.600000 2.900000 8.000000
v 7.600000 2.000000 8.000000
v 7.814359 2.900000 8.800000
v 7.814359 2.000000 8.800000
v 8.400000 2.900000 9.385641
v 8.400000 2.000000 9.385641
v 9.200000 2.900000 9.600000
v 9.200000 2.000000 9.600000
v 10.000000 2.900000 9.385641
v 10.000000 2.000000 9.385641
v 10.585641 2.900000 8.800000
v 10.585641 2.000000 8.800000
v 9.200000 2.900000 8.000000
v 9.200000 2.000000 8.000000
v 11.874203 2.200000 20.375942
v 11.874203 0.000000 20.375942
v -17.000000 0.000000 12.200000
v -17.000000 2.600000 12.200000
v -16.350000 0.000000 12.374167
v -16.350000 2.600000 12.374167
v -15.874167 0.000000 12.850000
v -15.874167 2.600000 12.850000
v -15.700000 0.000000 13.500000
v -15.700000 2.600000 13.500000
v -15.874167 0.000000 14.150000
v -15.874167 2.600000 14.150000
v -16.350000 0.000000 14.625833
v -16.350000 2.600000 14.625833
v -17.000000 0.000000 14.800000
v -17.000000 2.600000 14.800000
v -17.650000 0.000000 14.625833
v -17.650000 2.600000 14.625833
v -18.125834 0.000000 14.150000
v -18.125834 2.600000 14.150000
v -18.299999 0.000000 13.500000
v -18.299999 2.600000 13.500000
v -18.125834 0.000000 12.850000
v -18.125834 2.600000 12.850000
v -17.650000 0.000000 12.374167
v -17.650000 2.600000 12.374167
v -17.000000 0.550000 12.122000
v -17.000000 0.750000 12.122000
v -16.311001 0.550000 12.306617
v -16.311001 0.750000 12.306617
v -15.806617 0.550000 12.811000
v -15.806617 0.750000 12.811000
v -15.622000 0.550000 13.500000
v -15.622000 0.750000 13.500000
v -15.806617 0.550000 14.189000
v -15.806617 0.750000 14.189000
v -16.311001 0.550000 14.693383
v -16.311001 0.750000 14.693383
v -17.000000 0.550000 14.878000
v -17.000000 0.750000 14.878000
v -17.688999 0.550000 14.693383
v -17.688999 0.750000 14.693383
v -18.193382 0.550000 14.189000
v -18.193382 0.750000 14.189000
v -18.378000 0.550000 13.500000
v -18.378000 0.750000 13.500000
v -18.193382 0.550000 12.811000
v -18.193382 0.750000 12.811000
v -17.688999 0.550000 12.306617
v -17.688999 0.750000 12.306617
v -17.000000 1.850000 12.122000
v -17.000000 2.050000 12.122000
v -16.311001 1.850000 12.306617
v -16.311001 2.050000 12.306617
v -15.806617 1.850000 12.811000
v -15.806617 2.050000 12.811000
v -15.622000 1.850000 13.500000
v -15.622000 2.050000 13.500000
v -15.806617 1.850000 14.189000
v -15.806617 2.050000 14.189000
v -16.311001 1.850000 14.693383
v -16.311001 2.050000 14.693383
v -17.000000 1.850000 14.878000
v -17.000000 2.050000 14.878000
v -17.688999 1.850000 14.693383
v -17.688999 2.050000 14.693383
v -18.193382 1.850000 14.189000
v -18.193382 2.050000 14.189000
v -18.378000 1.850000 13.500000
v -18.378000 2.050000 13.500000
v -18.193382 1.850000 12.811000
v -18.193382 2.050000 12.811000
v -17.688999 1.850000 12.306617
v -17.688999 2.050000 12.306617
v -14.600000 0.000000 15.099999
v -14.600000 2.600000 15.099999
v -13.950001 0.000000 15.274167
v -13.950001 2.600000 15.274167
v -13.474168 0.000000 15.750000
v -13.474168 2.600000 15.750000
v -13.300000 0.000000 16.400000
v -13.300000 2.600000 16.400000
v -13.474168 0.000000 17.049999
v -13.474168 2.600000 17.049999
v -13.950001 0.000000 17.525833
v -13.950001 2.600000 17.525833
v -14.600000 0.000000 17.699999
v -14.600000 2.600000 17.699999
v -15.250000 0.000000 17.525833
v -15.250000 2.600000 17.525833
v -15.725833 0.000000 17.049999
v -15.725833 2.600000 17.049999
v -15.900001 0.000000 16.400000
v -15.900001 2.600000 16.400000
v -15.725833 0.000000 15.750000
v -15.725833 2.600000 15.750000
v -15.250000 0.000000 15.274167
v -15.250000 2.600000 15.274167
v -14.600000 0.550000 15.021999
v -14.600000 0.750000 15.021999
v -13.911000 0.550000 15.206616
v -13.911000 0.750000 15.206616
v -13.406617 0.550000 15.710999
v -13.406617 0.750000 15.710999
v -13.222000 0.550000 16.400000
v -13.222000 0.750000 16.400000
v -13.406617 0.550000 17.088999
v -13.406617 0.750000 17.088999
v -13.911000 0.550000 17.593382
v -13.911000 0.750000 17.593382
v -14.600000 0.550000 17.778000
v -14.600000 0.750000 17.778000
v -15.289001 0.550000 17.593382
v -15.289001 0.750000 17.593382
v -15.793384 0.550000 17.088999
v -15.793384 0.750000 17.088999
v -15.978001 0.550000 16.400000
v -15.978001 0.750000 16.400000
v -15.793384 0.550000 15.710999
v -15.793384 0.750000 15.710999
v -15.289001 0.550000 15.206616
v -15.289001 0.750000 15.206616
v -14.600000 1.850000 15.021999
v -14.600000 2.050000 15.021999
v -13.911000 1.850000 15.206616
v -13.911000 2.050000 15.206616
v -13.406617 1.850000 15.710999
v -13.406617 2.050000 15.710999
v -13.222000 1.850000 16.400000
v -13.222000 2.050000 16.400000
v -13.406617 1.850000 17.088999
v -13.406617 2.050000 17.088999
v -13.911000 1.850000 17.593382
v -13.911000 2.050000 17.593382
v -14.600000 1.850000 17.778000
v -14.600000 2.050000 17.778000
v -15.289001 1.850000 17.593382
v -15.289001 2.050000 17.593382
v -15.793384 1.850000 17.088999
v -15.793384 2.050000 17.088999
v -15.978001 1.850000 16.400000
v -15.978001 2.050000 16.400000
v -15.793384 1.850000 15.710999
v -15.793384 2.050000 15.710999
v -15.289001 1.850000 15.206616
v -15.289001 2.050000 15.206616
v 16.799999 0.000000 11.700000
v 16.799999 2.600000 11.700000
v 17.449999 0.000000 11.874167
v 17.449999 2.600000 11.874167
v 17.925833 0.000000 12.350000
v 17.925833 2.600000 12.350000
v 18.099998 0.000000 13.000000
v 18.099998 2.600000 13.000000
v 17.925833 0.000000 13.650000
v 17.925833 2.600000 13.650000
v 17.449999 0.000000 14.125833
v 17.449999 2.600000 14.125833
v 16.799999 0.000000 14.300000
v 16.799999 2.600000 14.300000
v 16.150000 0.000000 14.125833
v 16.150000 2.600000 14.125833
v 15.674167 0.000000 13.650000
v 15.674167 2.600000 13.650000
v 15.499999 0.000000 13.000000
v 15.499999 2.600000 13.000000
v 15.674167 0.000000 12.350000
v 15.674167 2.600000 12.350000
v 16.150000 0.000000 11.874167
v 16.150000 2.600000 11.874167
v 16.799999 0.550000 11.622000
v 16.799999 0.750000 11.622000
v 17.488998 0.550000 11.806617
v 17.488998 0.750000 11.806617
v 17.993382 0.550000 12.311000
v 17.993382 0.750000 12.311000
v 18.177999 0.550000 13.000000
v 18.177999 0.750000 13.000000
v 17.993382 0.550000 13.689000
v 17.993382 0.750000 13.689000
v 17.488998 0.550000 14.193383
v 17.488998 0.750000 14.193383
v 16.799999 0.550000 14.378000
v 16.799999 0.750000 14.378000
v 16.111000 0.550000 14.193383
v 16.111000 0.750000 14.193383
v 15.606616 0.550000 13.689000
v 15.606616 0.750000 13.689000
v 15.421999 0.550000 13.000000
v 15.421999 0.750000 13.000000
v 15.606616 0.550000 12.311000
v 15.606616 0.750000 12.311000
v 16.111000 0.550000 11.806617
v 16.111000 0.750000 11.806617
v 16.799999 1.850000 11.622000
v 16.799999 2.050000 11.622000
v 17.488998 1.850000 11.806617
v 17.488998 2.050000 11.806617
v 17.993382 1.850000 12.311000
v 17.993382 2.050000 12.311000
v 18.177999 1.850000 13.000000
v 18.177999 2.050000 13.000000
v 17.993382 1.850000 13.689000
v 17.993382 2.050000 13.689000
v 17.488998 1.850000 14.193383
v 17.488998 2.050000 14.193383
v 16.799999 1.850000 14.378000
v 16.799999 2.050000 14.378000
v 16.111000 1.850000 14.193383
v 16.111000 2.050000 14.193383
v 15.606616 1.850000 13.689000
v 15.606616 2.050000 13.689000
v 15.421999 1.850000 13.000000
v 15.421999 2.050000 13.000000
v 15.606616 1.850000 12.311000
v 15.606616 2.050000 12.311000
v 16.111000 1.850000 11.806617
v 16.111000 2.050000 11.806617
v 18.000000 0.000000 15.900001
v 18.000000 2.600000 15.900001
v 18.650000 0.000000 16.074167
v 18.650000 2.600000 16.074167
v 19.125834 0.000000 16.550001
v 19.125834 2.600000 16.550001
v 19.299999 0.000000 17.200001
v 19.299999 2.600000 17.200001
v 19.125834 0.000000 17.850000
v 19.125834 2.600000 17.850000
v 18.650000 0.000000 18.325834
v 18.650000 2.600000 18.325834
v 18.000000 0.000000 18.500000
v 18.000000 2.600000 18.500000
v 17.350000 0.000000 18.325834
v 17.350000 2.600000 18.325834
v 16.874166 0.000000 17.850000
v 16.874166 2.600000 17.850000
v 16.700001 0.000000 17.200001
v 16.700001 2.600000 17.200001
v 16.874166 0.000000 16.550001
v 16.874166 2.600000 16.550001
v 17.350000 0.000000 16.074167
v 17.350000 2.600000 16.074167
v 18.000000 0.550000 15.822001
v 18.000000 0.750000 15.822001
v 18.688999 0.550000 16.006618
v 18.688999 0.750000 16.006618
v 19.193382 0.550000 16.511002
v 19.193382 0.750000 16.511002
v 19.378000 0.550000 17.200001
v 19.378000 0.750000 17.200001
v 19.193382 0.550000 17.889000
v 19.193382 0.750000 17.889000
v 18.688999 0.550000 18.393383
v 18.688999 0.750000 18.393383
v 18.000000 0.550000 18.578001
v 18.000000 0.750000 18.578001
v 17.311001 0.550000 18.393383
v 17.311001 0.750000 18.393383
v 16.806618 0.550000 17.889000
v 16.806618 0.750000 17.889000
v 16.622000 0.550000 17.200001
v 16.622000 0.750000 17.200001
v 16.806618 0.550000 16.511002
v 16.806618 0.750000 16.511002
v 17.311001 0.550000 16.006618
v 17.311001 0.750000 16.006618
v 18.000000 1.850000 15.822001
v 18.000000 2.050000 15.822001
v 18.688999 1.850000 16.006618
v 18.688999 2.050000 16.006618
v 19.193382 1.850000 16.511002
v 19.193382 2.050000 16.511002
v 19.378000 1.850000 17.200001
v 19.378000 2.050000 17.200001
v 19.193382 1.850000 17.889000
v 19.193382 2.050000 17.889000
v 18.688999 1.850000 18.393383
v 18.688999 2.050000 18.393383
v 18.000000 1.850000 18.578001
v 18.000000 2.050000 18.578001
v 17.311001 1.850000 18.393383
v 17.311001 2.050000 18.393383
v 16.806618 1.850000 17.889000
v 16.806618 2.050000 17.889000
v 16.622000 1.850000 17.200001
v 16.622000 2.050000 17.200001
v 16.806618 1.850000 16.511002
v 16.806618 2.050000 16.511002
v 17.311001 1.850000 16.006618
v 17.311001 2.050000 16.006618
v -17.600000 0.000000 19.100000
v -17.600000 2.600000 19.100000
v -16.950001 0.000000 19.274166
v -16.950001 2.600000 19.274166
v -16.474167 0.000000 19.750000
v -16.474167 2.600000 19.750000
v -16.300001 0.000000 20.400000
v -16.300001 2.600000 20.400000
v -16.474167 0.000000 21.049999
v -16.474167 2.600000 21.049999
v -16.950001 0.000000 21.525833
v -16.950001 2.600000 21.525833
v -17.600000 0.000000 21.699999
v -17.600000 2.600000 21.699999
v -18.250000 0.000000 21.525833
v -18.250000 2.600000 21.525833
v -18.725834 0.000000 21.049999
v -18.725834 2.600000 21.049999
v -18.900000 0.000000 20.400000
v -18.900000 2.600000 20.400000
v -18.725834 0.000000 19.750000
v -18.725834 2.600000 19.750000
v -18.250000 0.000000 19.274166
v -18.250000 2.600000 19.274166
v -17.600000 0.550000 19.021999
v -17.600000 0.750000 19.021999
v -16.911001 0.550000 19.206617
v -16.911001 0.750000 19.206617
v -16.406618 0.550000 19.711000
v -16.406618 0.750000 19.711000
v -16.222000 0.550000 20.400000
v -16.222000 0.750000 20.400000
v -16.406618 0.550000 21.088999
v -16.406618 0.750000 21.088999
v -16.911001 0.550000 21.593382
v -16.911001 0.750000 21.593382
v -17.600000 0.550000 21.778000
v -17.600000 0.750000 21.778000
v -18.289000 0.550000 21.593382
v -18.289000 0.750000 21.593382
v -18.793383 0.550000 21.088999
v -18.793383 0.750000 21.088999
v -18.978001 0.550000 20.400000
v -18.978001 0.750000 20.400000
v -18.793383 0.550000 19.711000
v -18.793383 0.750000 19.711000
v -18.289000 0.550000 19.206617
v -18.289000 0.750000 19.206617
v -17.600000 1.850000 19.021999
v -17.600000 2.050000 19.021999
v -16.911001 1.850000 19.206617
v -16.911001 2.050000 19.206617
v -16.406618 1.850000 19.711000
v -16.406618 2.050000 19.711000
v -16.222000 1.850000 20.400000
v -16.222000 2.050000 20.400000
v -16.406618 1.850000 21.088999
v -16.406618 2.050000 21.088999
v -16.911001 1.850000 21.593382
v -16.911001 2.050000 21.593382
v -17.600000 1.850000 21.778000
v -17.600000 2.050000 21.778000
v -18.289000 1.850000 21.593382
v -18.289000 2.050000 21.593382
v -18.793383 1.850000 21.088999
v -18.793383 2.050000 21.088999
v -18.978001 1.850000 20.400000
v -18.978001 2.050000 20.400000
v -18.793383 1.850000 19.711000
v -18.793383 2.050000 19.711000
v -18.289000 1.850000 19.206617
v -18.289000 2.050000 19.206617
v 11.224058 0.000000 18.274202
v 11.224058 2.200000 18.274202
v 13.975943 0.000000 19.725798
v 13.975943 2.200000 19.725798
v 13.325798 0.000000 17.624058
v 13.325798 2.200000 17.624058
v 11.852428 0.450000 20.417221
v 11.852428 0.650000 20.417221
v 11.182779 0.450000 18.252428
v 11.182779 0.650000 18.252428
v 14.017221 0.450000 19.747572
v 14.017221 0.650000 19.747572
v 13.347572 0.450000 17.582779
v 13.347572 0.650000 17.582779
v 11.852428 1.660000 20.417221
v 11.852428 1.860000 20.417221
v 11.182779 1.660000 18.252428
v 11.182779 1.860000 18.252428
v 14.017221 1.660000 19.747572
v 14.017221 1.860000 19.747572
v 13.347572 1.660000 17.582779
v 13.347572 1.860000 17.582779
v 12.057012 0.000000 20.025118
v 12.057012 1.600000 20.025118
v 12.374882 0.000000 18.457010
v 12.374882 1.600000 18.457010
v 13.625118 0.000000 20.342989
v 13.625118 1.600000 20.342989
v 13.942988 0.000000 18.774881
v 13.942988 1.600000 18.774881
v 12.028722 0.300000 20.043871
v 12.028722 0.500000 20.043871
v 12.356129 0.300000 18.428720
v 12.356129 0.500000 18.428720
v 13.643871 0.300000 20.371279
v 13.643871 0.500000 20.371279
v 13.971278 0.300000 18.756128
v 13.971278 0.500000 18.756128
v 12.028722 1.180000 20.043871
v 12.028722 1.380000 20.043871
v 12.356129 1.180000 18.428720
v 12.356129 1.380000 18.428720
v 13.643871 1.180000 20.371279
v 13.643871 1.380000 20.371279
v 13.971278 1.180000 18.756128
v 13.971278 1.380000 18.756128
v -11.660693 0.000000 22.989979
v -11.660693 2.000000 22.989979
v -12.789978 0.000000 21.339308
v -12.789978 2.000000 21.339308
v -10.010021 0.000000 21.860693
v -10.010021 2.000000 21.860693
v -11.139306 0.000000 20.210022
v -11.139306 2.000000 20.210022
v -11.668513 0.400000 23.031677
v -11.668513 0.600000 23.031677
v -12.831677 0.400000 21.331486
v -12.831677 0.600000 21.331486
v -9.968322 0.400000 21.868515
v -9.968322 0.600000 21.868515
v -11.131486 0.400000 20.168324
v -11.131486 0.600000 20.168324
v -11.668513 1.500000 23.031677
v -11.668513 1.700000 23.031677
v -12.831677 1.500000 21.331486
v -12.831677 1.700000 21.331486
v -9.968322 1.500000 21.868515
v -9.968322 1.700000 21.868515
v -11.131486 1.500000 20.168324
v -11.131486 1.700000 20.168324
v -6.600000 1.000000 16.799999
v -6.600000 0.000000 16.799999
v -6.841154 1.000000 15.900000
v -6.841154 0.000000 15.900000
v -7.500000 1.000000 15.241155
v -7.500000 0.000000 15.241155
v -8.400000 1.000000 15.000000
v -8.400000 0.000000 15.000000
v -9.300000 1.000000 15.241155
v -9.300000 0.000000 15.241155
v -9.958846 1.000000 15.900000
v -9.958846 0.000000 15.900000
v -10.200000 1.000000 16.799999
v -10.200000 0.000000 16.799999
v -9.958846 1.000000 17.700001
v -9.958846 0.000000 17.700001
v -9.300000 1.000000 18.358847
v -9.300000 0.000000 18.358847
v -8.400000 1.000000 18.600000
v -8.400000 0.000000 18.600000
v -7.500000 1.000000 18.358847
v -7.500000 0.000000 18.358847
v -6.841154 1.000000 17.700001
v -6.841154 0.000000 17.700001
v -8.400000 1.000000 16.799999
v -8.400000 0.000000 16.799999
v -7.633205 1.900000 18.204288
v -7.633205 1.000000 18.204288
v -7.029877 1.900000 17.626295
v -7.029877 1.000000 17.626295
v -6.800165 1.900000 16.822979
v -6.800165 1.000000 16.822979
v -7.006710 1.900000 16.013399
v -7.006710 1.000000 16.013399
v -7.593188 1.900000 15.418315
v -7.593188 1.000000 15.418315
v -8.399674 1.900000 15.200000
v -8.399674 1.000000 15.200000
v -9.206249 1.900000 15.417986
v -9.206249 1.000000 15.417986
v -9.792970 1.900000 16.012831
v -9.792970 1.000000 16.012831
v -9.999845 1.900000 16.822329
v -9.999845 1.000000 16.822329
v -9.770459 1.900000 17.625736
v -9.770459 1.000000 17.625736
v -9.167367 1.900000 18.203976
v -9.167367 1.000000 18.203976
v -8.400000 1.900000 16.799999
v -8.400000 1.000000 16.799999
v 10.800000 1.100000 22.000000
v 10.800000 0.000000 22.000000
v 10.532051 1.100000 21.000000
v 10.532051 0.000000 21.000000
v 9.800000 1.100000 20.267950
v 9.800000 0.000000 20.267950
v 8.800000 1.100000 20.000000
v 8.800000 0.000000 20.000000
v 7.800000 1.100000 20.267950
v 7.800000 0.000000 20.267950
v 7.067949 1.100000 21.000000
v 7.067949 0.000000 21.000000
v 6.800000 1.100000 22.000000
v 6.800000 0.000000 22.000000
v 7.067949 1.100000 23.000000
v 7.067949 0.000000 23.000000
v 7.800000 1.100000 23.732050
v 7.800000 0.000000 23.732050
v 8.800000 1.100000 24.000000
v 8.800000 0.000000 24.000000
v 9.800000 1.100000 23.732050
v 9.800000 0.000000 23.732050
v 10.532051 1.100000 23.000000
v 10.532051 0.000000 23.000000
v 8.800000 1.100000 22.000000
v 8.800000 0.000000 22.000000
v -4.845568 0.000000 20.851812
v -4.845568 1.300000 20.851812
v -5.351811 0.000000 19.654432
v -5.351811 1.300000 19.654432
v -3.648189 0.000000 20.345568
v -3.648189 1.300000 20.345568
v -4.154432 0.000000 19.148188
v -4.154432 1.300000 19.148188
v 2.235512 0.000000 17.643381
v 2.235512 1.100000 17.643381
v 2.856619 0.000000 16.735512
v 2.856619 1.100000 16.735512
v 3.143381 0.000000 18.264488
v 3.143381 1.100000 18.264488
v 3.764488 0.000000 17.356619
v 3.764488 1.100000 17.356619
v -0.878712 0.000000 23.553703
v -0.878712 1.500000 23.553703
v -2.053703 0.000000 22.621288
v -2.053703 1.500000 22.621288
v 0.053703 0.000000 22.378712
v 0.053703 1.500000 22.378712
v -1.121288 0.000000 21.446297
v -1.121288 1.500000 21.446297
v -18.875000 7.075000 9.975000
v -18.875000 5.925000 9.975000
v -18.400000 0.000000 9.300000
v -18.400000 6.000000 9.300000
v -18.258577 0.000000 9.358579
v -18.258577 6.000000 9.358579
v -18.199999 0.000000 9.500000
v -18.199999 6.000000 9.500000
v -18.258577 0.000000 9.641421
v -18.258577 6.000000 9.641421
v -18.400000 0.000000 9.700000
v -18.400000 6.000000 9.700000
v -18.541422 0.000000 9.641421
v -18.541422 6.000000 9.641421
v -18.600000 0.000000 9.500000
v -18.600000 6.000000 9.500000
v -18.541422 0.000000 9.358579
v -18.541422 6.000000 9.358579
v -18.875000 5.925000 9.025000
v -18.875000 7.075000 9.025000
v -17.924999 5.925000 9.975000
v -17.924999 7.075000 9.975000
v -17.924999 5.925000 9.025000
v -17.924999 7.075000 9.025000
v -18.975000 7.040000 10.075000
v -18.975000 7.260000 10.075000
v -18.975000 7.040000 8.925000
v -18.975000 7.260000 8.925000
v -17.824999 7.040000 10.075000
v -17.824999 7.260000 10.075000
v -17.824999 7.040000 8.925000
v -17.824999 7.260000 8.925000
v -18.625000 7.210000 9.725000
v -18.625000 7.590000 9.725000
v -18.625000 7.210000 9.275000
v -18.625000 7.590000 9.275000
v -18.174999 7.210000 9.725000
v -18.174999 7.590000 9.725000
v -18.174999 7.210000 9.275000
v -18.174999 7.590000 9.275000
v 17.924999 7.075000 9.975000
v 17.924999 5.925000 9.975000
v 18.400000 0.000000 9.300000
v 18.400000 6.000000 9.300000
v 18.541422 0.000000 9.358579
v 18.541422 6.000000 9.358579
v 18.600000 0.000000 9.500000
v 18.600000 6.000000 9.500000
v 18.541422 0.000000 9.641421
v 18.541422 6.000000 9.641421
v 18.400000 0.000000 9.700000
v 18.400000 6.000000 9.700000
v 18.258577 0.000000 9.641421
v 18.258577 6.000000 9.641421
v 18.199999 0.000000 9.500000
v 18.199999 6.000000 9.500000
v 18.258577 0.000000 9.358579
v 18.258577 6.000000 9.358579
v 17.924999 5.925000 9.025000
v 17.924999 7.075000 9.025000
v 18.875000 5.925000 9.975000
v 18.875000 7.075000 9.975000
v 18.875000 5.925000 9.025000
v 18.875000 7.075000 9.025000
v 17.824999 7.040000 10.075000
v 17.824999 7.260000 10.075000
v 17.824999 7.040000 8.925000
v 17.824999 7.260000 8.925000
v 18.975000 7.040000 10.075000
v 18.975000 7.260000 10.075000
v 18.975000 7.040000 8.925000
v 18.975000 7.260000 8.925000
v 18.174999 7.210000 9.725000
v 18.174999 7.590000 9.725000
v 18.174999 7.210000 9.275000
v 18.174999 7.590000 9.275000
v 18.625000 7.210000 9.725000
v 18.625000 7.590000 9.725000
v 18.625000 7.210000 9.275000
v 18.625000 7.590000 9.275000
v -18.016134 1.800000 2.604910
v -18.016134 2.200000 2.604910
v -18.634645 1.800000 0.182629
v -18.634645 2.200000 0.182629
v -13.365355 1.800000 1.417371
v -13.365355 2.200000 1.417371
v -13.983865 1.800000 -1.004910
v -13.983865 2.200000 -1.004910
v -14.100000 2.900000 0.500000
v -14.100000 2.200000 0.500000
v -16.838633 1.500000 0.636216
v -16.528580 1.500000 0.557047
v -16.788914 0.750000 0.830930
v -16.478861 0.750000 0.751761
v -16.653080 0.200962 1.362900
v -16.343027 0.200962 1.283731
v -16.467525 0.000000 2.089585
v -16.157475 0.000000 2.010415
v -16.281973 0.200962 2.816269
v -15.971921 0.200962 2.737100
v -16.146139 0.750000 3.348239
v -15.836087 0.750000 3.269069
v -16.096420 1.500000 3.542953
v -15.786368 1.500000 3.463784
v -16.146139 2.250000 3.348239
v -15.836087 2.250000 3.269069
v -16.281973 2.799038 2.816269
v -15.971921 2.799038 2.737100
v -16.467525 3.000000 2.089585
v -16.157475 3.000000 2.010415
v -16.653078 2.799038 1.362900
v -16.343027 2.799038 1.283731
v -16.788914 2.250000 0.830930
v -16.478861 2.250000 0.751761
v -16.213633 1.500000 -1.863784
v -15.903580 1.500000 -1.942953
v -16.163914 0.750000 -1.669070
v -15.853861 0.750000 -1.748239
v -16.028080 0.200962 -1.137100
v -15.718027 0.200962 -1.216269
v -15.842526 0.000000 -0.410415
v -15.532475 0.000000 -0.489585
v -15.656973 0.200962 0.316269
v -15.346921 0.200962 0.237100
v -15.521139 0.750000 0.848239
v -15.211087 0.750000 0.769069
v -15.471420 1.500000 1.042953
v -15.161368 1.500000 0.963784
v -15.521139 2.250000 0.848239
v -15.211087 2.250000 0.769069
v -15.656973 2.799038 0.316269
v -15.346921 2.799038 0.237100
v -15.842525 3.000000 -0.410415
v -15.532474 3.000000 -0.489585
v -16.028078 2.799038 -1.137100
v -15.718027 2.799038 -1.216269
v -16.163914 2.250000 -1.669070
v -15.853861 2.250000 -1.748239
v -14.260770 2.900000 -0.100000
v -14.260770 2.200000 -0.100000
v -14.700000 2.900000 -0.539230
v -14.700000 2.200000 -0.539230
v -15.300000 2.900000 -0.700000
v -15.300000 2.200000 -0.700000
v -15.900000 2.900000 -0.539230
v -15.900000 2.200000 -0.539230
v -16.339230 2.900000 -0.100000
v -16.339230 2.200000 -0.100000
v -16.500000 2.900000 0.500000
v -16.500000 2.200000 0.500000
v -16.339230 2.900000 1.100000
v -16.339230 2.200000 1.100000
v -15.900000 2.900000 1.539230
v -15.900000 2.200000 1.539230
v -15.300000 2.900000 1.700000
v -15.300000 2.200000 1.700000
v -14.700000 2.900000 1.539230
v -14.700000 2.200000 1.539230
v -14.260770 2.900000 1.100000
v -14.260770 2.200000 1.100000
v -15.300000 2.900000 0.500000
v -15.300000 2.200000 0.500000
v 17.525000 0.000000 16.275000
v 17.525000 8.200000 16.275000
v 17.525000 0.000000 15.725000
v 17.525000 8.200000 15.725000
v 18.074999 0.000000 16.275000
v 18.074999 8.200000 16.275000
v 18.074999 0.000000 15.725000
v 18.074999 8.200000 15.725000
v 17.574999 7.675000 19.900002
v 17.574999 8.125000 19.900002
v 17.574999 7.675000 15.500001
v 17.574999 8.125000 15.500001
v 18.025000 7.675000 19.900002
v 18.025000 8.125000 19.900002
v 18.025000 7.675000 15.500001
v 18.025000 8.125000 15.500001
v 17.625000 4.650000 22.500000
v 17.625000 7.350000 22.500000
v 17.625000 4.650000 16.299999
v 17.625000 7.350000 16.299999
v 17.974998 4.650000 22.500000
v 17.974998 7.350000 22.500000
v 17.974998 4.650000 16.299999
v 17.974998 7.350000 16.299999
v 17.580000 7.140000 22.699999
v 17.580000 7.460000 22.699999
v 17.580000 7.140000 16.100000
v 17.580000 7.460000 16.100000
v 18.019999 7.140000 22.699999
v 18.019999 7.460000 22.699999
v 18.019999 7.140000 16.100000
v 18.019999 7.460000 16.100000
v 17.580000 4.540000 22.699999
v 17.580000 4.860000 22.699999
v 17.580000 4.540000 16.100000
v 17.580000 4.860000 16.100000
v 18.019999 4.540000 22.699999
v 18.019999 4.860000 22.699999
v 18.019999 4.540000 16.100000
v 18.019999 4.860000 16.100000
v 17.799999 7.100000 21.920000
v 17.799999 8.100000 21.920000
v 17.869282 7.100000 21.959999
v 17.869282 8.100000 21.959999
v 17.869282 7.100000 22.040001
v 17.869282 8.100000 22.040001
v 17.799999 7.100000 22.080000
v 17.799999 8.100000 22.080000
v 17.730717 7.100000 22.040001
v 17.730717 8.100000 22.040001
v 17.730717 7.100000 21.959999
v 17.730717 8.100000 21.959999
v 17.799999 7.100000 16.719999
v 17.799999 8.100000 16.719999
v 17.869282 7.100000 16.759998
v 17.869282 8.100000 16.759998
v 17.869282 7.100000 16.840000
v 17.869282 8.100000 16.840000
v 17.799999 7.100000 16.879999
v 17.799999 8.100000 16.879999
v 17.730717 7.100000 16.840000
v 17.730717 8.100000 16.840000
v 17.730717 7.100000 16.759998
v 17.730717 8.100000 16.759998
v 18.030001 5.107576 18.113182
v 18.030001 5.892909 18.113182
v 18.030001 5.892909 18.000332
v 18.030001 5.107576 18.000332
v 18.030001 5.791576 18.577242
v 18.030001 5.554364 18.577242
v 18.030001 5.554364 18.255970
v 18.030001 5.453031 18.255970
v 18.030001 5.453031 18.577242
v 18.030001 5.208909 18.577242
v 18.030001 5.208909 18.234091
v 18.030001 5.107576 18.234091
v 18.030001 5.107576 18.690090
v 18.030001 5.892909 18.690090
v 18.030001 5.892909 18.244453
v 18.030001 5.791576 18.244453
v 18.030001 5.784811 18.941696
v 18.030001 5.801939 19.028637
v 18.030001 5.776031 19.118023
v 18.030001 5.708667 19.153000
v 18.030001 5.546591 18.983150
v 18.030001 5.310243 18.813303
v 18.030001 5.157523 18.875772
v 18.030001 5.097212 19.033241
v 18.030001 5.114917 19.150553
v 18.030001 5.169758 19.253181
v 18.030001 5.312545 19.253181
v 18.030001 5.227909 19.156885
v 18.030001 5.198545 19.045908
v 18.030001 5.231651 18.949181
v 18.030001 5.297576 18.918091
v 18.030001 5.475773 19.087938
v 18.030001 5.693697 19.257788
v 18.030001 5.846416 19.192583
v 18.030001 5.903273 19.019424
v 18.030001 5.889455 18.930182
v 18.030001 5.848000 18.844393
v 18.030001 5.720182 18.844393
v 18.030001 5.107576 19.419001
v 18.030001 5.339030 19.523788
v 18.030001 5.339030 19.857727
v 18.030001 5.107576 19.956757
v 18.030001 5.107576 20.071909
v 18.030001 5.897515 19.734514
v 18.030001 5.897515 19.655060
v 18.030001 5.107576 19.303848
v 18.030001 5.440364 19.569849
v 18.030001 5.724788 19.696514
v 18.030001 5.440364 19.813969
v 18.030001 5.779917 20.269249
v 18.030001 5.799636 20.402393
v 18.030001 5.714137 20.626364
v 18.030001 5.499091 20.715607
v 18.030001 5.283902 20.627514
v 18.030001 5.200849 20.397787
v 18.030001 5.223591 20.260757
v 18.030001 5.289515 20.123728
v 18.030001 5.166303 20.123728
v 18.030001 5.116644 20.248667
v 18.030001 5.097212 20.408152
v 18.030001 5.231220 20.730576
v 18.030001 5.488728 20.831909
v 18.030001 5.785818 20.710279
v 18.030001 5.903273 20.401241
v 18.030001 5.887871 20.276447
v 18.030001 5.838788 20.131788
v 18.030001 5.717879 20.131788
v 18.030001 6.878750 17.706696
v 18.030001 6.895879 17.793636
v 18.030001 6.869970 17.883022
v 18.030001 6.802606 17.917999
v 18.030001 6.640531 17.748152
v 18.030001 6.404182 17.578302
v 18.030001 6.251462 17.640772
v 18.030001 6.191152 17.798243
v 18.030001 6.208856 17.915552
v 18.030001 6.263697 18.018181
v 18.030001 6.406485 18.018181
v 18.030001 6.321848 17.921886
v 18.030001 6.292485 17.810909
v 18.030001 6.325591 17.714182
v 18.030001 6.391515 17.683090
v 18.030001 6.569712 17.852940
v 18.030001 6.787636 18.022787
v 18.030001 6.940356 17.957582
v 18.030001 6.997212 17.784424
v 18.030001 6.983394 17.695181
v 18.030001 6.941939 17.609394
v 18.030001 6.814121 17.609394
v 18.030001 6.201515 18.269211
v 18.030001 6.986848 18.269211
v 18.030001 6.986848 18.156363
v 18.030001 6.201515 18.156363
v 18.030001 6.927834 18.576954
v 18.030001 6.766909 18.507576
v 18.030001 6.649167 18.541689
v 18.030001 6.574606 18.638847
v 18.030001 6.484788 18.547014
v 18.030001 6.356970 18.463818
v 18.030001 6.287015 18.418045
v 18.030001 6.201515 18.356728
v 18.030001 6.201515 18.491455
v 18.030001 6.362727 18.595091
v 18.030001 6.513000 18.716576
v 18.030001 6.542364 18.803514
v 18.030001 6.542364 18.850727
v 18.030001 6.201515 18.850727
v 18.030001 6.201515 18.963575
v 18.030001 6.986848 18.963575
v 18.030001 6.986848 18.765514
v 18.030001 6.643697 18.778181
v 18.030001 6.682992 18.655256
v 18.030001 6.771515 18.623878
v 18.030001 6.858455 18.660439
v 18.030001 6.890121 18.778181
v 18.030001 6.890121 18.850727
v 18.030001 6.643697 18.850727
v 18.030001 6.927834 19.272469
v 18.030001 6.766909 19.203091
v 18.030001 6.649167 19.237204
v 18.030001 6.574606 19.334364
v 18.030001 6.484788 19.242531
v 18.030001 6.356970 19.159332
v 18.030001 6.287015 19.113560
v 18.030001 6.201515 19.052242
v 18.030001 6.201515 19.186970
v 18.030001 6.362727 19.290606
v 18.030001 6.513000 19.412090
v 18.030001 6.542364 19.499029
v 18.030001 6.542364 19.546242
v 18.030001 6.201515 19.546242
v 18.030001 6.201515 19.659090
v 18.030001 6.986848 19.659090
v 18.030001 6.986848 19.461029
v 18.030001 6.643697 19.473696
v 18.030001 6.682992 19.350773
v 18.030001 6.771515 19.319393
v 18.030001 6.858455 19.355955
v 18.030001 6.890121 19.473696
v 18.030001 6.890121 19.546242
v 18.030001 6.643697 19.546242
v 18.030001 6.278523 19.903643
v 18.030001 6.191152 20.165756
v 18.030001 6.264561 20.391455
v 18.030001 6.498606 20.492788
v 18.030001 6.986848 20.492788
v 18.030001 6.986848 20.379938
v 18.030001 6.522788 20.379938
v 18.030001 6.422318 20.369719
v 18.030001 6.361576 20.332727
v 18.030001 6.311341 20.256727
v 18.030001 6.294788 20.163454
v 18.030001 6.313068 20.052334
v 18.030001 6.358121 19.979212
v 18.030001 6.431386 19.939341
v 18.030001 6.529697 19.929697
v 18.030001 6.986848 19.929697
v 18.030001 6.986848 19.816849
v 18.030001 6.510121 19.816849
v 18.030001 6.885515 20.854362
v 18.030001 6.201515 20.854362
v 18.030001 6.201515 20.967213
v 18.030001 6.885515 20.967213
v 18.030001 6.885515 21.238970
v 18.030001 6.986848 21.238970
v 18.030001 6.986848 20.582605
v 18.030001 6.885515 20.582605
v 17.969999 5.107576 18.113182
v 17.969999 5.892909 18.113182
v 17.969999 5.892909 18.000332
v 17.969999 5.107576 18.000332
v 17.969999 5.791576 18.577242
v 17.969999 5.554364 18.577242
v 17.969999 5.554364 18.255970
v 17.969999 5.453031 18.255970
v 17.969999 5.453031 18.577242
v 17.969999 5.208909 18.577242
v 17.969999 5.208909 18.234091
v 17.969999 5.107576 18.234091
v 17.969999 5.107576 18.690090
v 17.969999 5.892909 18.690090
v 17.969999 5.892909 18.244453
v 17.969999 5.791576 18.244453
v 17.969999 5.784811 18.941696
v 17.969999 5.801939 19.028637
v 17.969999 5.776031 19.118023
v 17.969999 5.708667 19.153000
v 17.969999 5.546591 18.983150
v 17.969999 5.310243 18.813303
v 17.969999 5.157523 18.875772
v 17.969999 5.097212 19.033241
v 17.969999 5.114917 19.150553
v 17.969999 5.169758 19.253181
v 17.969999 5.312545 19.253181
v 17.969999 5.227909 19.156885
v 17.969999 5.198545 19.045908
v 17.969999 5.231651 18.949181
v 17.969999 5.297576 18.918091
v 17.969999 5.475773 19.087938
v 17.969999 5.693697 19.257788
v 17.969999 5.846416 19.192583
v 17.969999 5.903273 19.019424
v 17.969999 5.889455 18.930182
v 17.969999 5.848000 18.844393
v 17.969999 5.720182 18.844393
v 17.969999 5.107576 19.419001
v 17.969999 5.339030 19.523788
v 17.969999 5.339030 19.857727
v 17.969999 5.107576 19.956757
v 17.969999 5.107576 20.071909
v 17.969999 5.897515 19.734514
v 17.969999 5.897515 19.655060
v 17.969999 5.107576 19.303848
v 17.969999 5.440364 19.569849
v 17.969999 5.724788 19.696514
v 17.969999 5.440364 19.813969
v 17.969999 5.779917 20.269249
v 17.969999 5.799636 20.402393
v 17.969999 5.714137 20.626364
v 17.969999 5.499091 20.715607
v 17.969999 5.283902 20.627514
v 17.969999 5.200849 20.397787
v 17.969999 5.223591 20.260757
v 17.969999 5.289515 20.123728
v 17.969999 5.166303 20.123728
v 17.969999 5.116644 20.248667
v 17.969999 5.097212 20.408152
v 17.969999 5.231220 20.730576
v 17.969999 5.488728 20.831909
v 17.969999 5.785818 20.710279
v 17.969999 5.903273 20.401241
v 17.969999 5.887871 20.276447
v 17.969999 5.838788 20.131788
v 17.969999 5.717879 20.131788
v 17.969999 6.878750 17.706696
v 17.969999 6.895879 17.793636
v 17.969999 6.869970 17.883022
v 17.969999 6.802606 17.917999
v 17.969999 6.640531 17.748152
v 17.969999 6.404182 17.578302
v 17.969999 6.251462 17.640772
v 17.969999 6.191152 17.798243
v 17.969999 6.208856 17.915552
v 17.969999 6.263697 18.018181
v 17.969999 6.406485 18.018181
v 17.969999 6.321848 17.921886
v 17.969999 6.292485 17.810909
v 17.969999 6.325591 17.714182
v 17.969999 6.391515 17.683090
v 17.969999 6.569712 17.852940
v 17.969999 6.787636 18.022787
v 17.969999 6.940356 17.957582
v 17.969999 6.997212 17.784424
v 17.969999 6.983394 17.695181
v 17.969999 6.941939 17.609394
v 17.969999 6.814121 17.609394
v 17.969999 6.201515 18.269211
v 17.969999 6.986848 18.269211
v 17.969999 6.986848 18.156363
v 17.969999 6.201515 18.156363
v 17.969999 6.927834 18.576954
v 17.969999 6.766909 18.507576
v 17.969999 6.649167 18.541689
v 17.969999 6.574606 18.638847
v 17.969999 6.484788 18.547014
v 17.969999 6.356970 18.463818
v 17.969999 6.287015 18.418045
v 17.969999 6.201515 18.356728
v 17.969999 6.201515 18.491455
v 17.969999 6.362727 18.595091
v 17.969999 6.513000 18.716576
v 17.969999 6.542364 18.803514
v 17.969999 6.542364 18.850727
v 17.969999 6.201515 18.850727
v 17.969999 6.201515 18.963575
v 17.969999 6.986848 18.963575
v 17.969999 6.986848 18.765514
v 17.969999 6.643697 18.778181
v 17.969999 6.682992 18.655256
v 17.969999 6.771515 18.623878
v 17.969999 6.858455 18.660439
v 17.969999 6.890121 18.778181
v 17.969999 6.890121 18.850727
v 17.969999 6.643697 18.850727
v 17.969999 6.927834 19.272469
v 17.969999 6.766909 19.203091
v 17.969999 6.649167 19.237204
v 17.969999 6.574606 19.334364
v 17.969999 6.484788 19.242531
v 17.969999 6.356970 19.159332
v 17.969999 6.287015 19.113560
v 17.969999 6.201515 19.052242
v 17.969999 6.201515 19.186970
v 17.969999 6.362727 19.290606
v 17.969999 6.513000 19.412090
v 17.969999 6.542364 19.499029
v 17.969999 6.542364 19.546242
v 17.969999 6.201515 19.546242
v 17.969999 6.201515 19.659090
v 17.969999 6.986848 19.659090
v 17.969999 6.986848 19.461029
v 17.969999 6.643697 19.473696
v 17.969999 6.682992 19.350773
v 17.969999 6.771515 19.319393
v 17.969999 6.858455 19.355955
v 17.969999 6.890121 19.473696
v 17.969999 6.890121 19.546242
v 17.969999 6.643697 19.546242
v 17.969999 6.278523 19.903643
v 17.969999 6.191152 20.165756
v 17.969999 6.264561 20.391455
v 17.969999 6.498606 20.492788
v 17.969999 6.986848 20.492788
v 17.969999 6.986848 20.379938
v 17.969999 6.522788 20.379938
v 17.969999 6.422318 20.369719
v 17.969999 6.361576 20.332727
v 17.969999 6.311341 20.256727
v 17.969999 6.294788 20.163454
v 17.969999 6.313068 20.052334
v 17.969999 6.358121 19.979212
v 17.969999 6.431386 19.939341
v 17.969999 6.529697 19.929697
v 17.969999 6.986848 19.929697
v 17.969999 6.986848 19.816849
v 17.969999 6.510121 19.816849
v 17.969999 6.885515 20.854362
v 17.969999 6.201515 20.854362
v 17.969999 6.201515 20.967213
v 17.969999 6.885515 20.967213
v 17.969999 6.885515 21.238970
v 17.969999 6.986848 21.238970
v 17.969999 6.986848 20.582605
v 17.969999 6.885515 20.582605
v 17.969999 6.885515 20.854362
v 18.030001 6.885515 20.854362
v 17.969999 6.201515 20.854362
v 18.030001 6.201515 20.854362
v 17.969999 6.201515 20.967213
v 18.030001 6.201515 20.967213
v 17.969999 6.885515 20.967213
v 18.030001 6.885515 20.967213
v 17.969999 6.885515 21.238970
v 18.030001 6.885515 21.238970
v 17.969999 6.986848 21.238970
v 18.030001 6.986848 21.238970
v 17.969999 6.986848 20.582605
v 18.030001 6.986848 20.582605
v 17.969999 6.885515 20.582605
v 18.030001 6.885515 20.582605
v 17.969999 6.278523 19.903643
v 18.030001 6.278523 19.903643
v 17.969999 6.191152 20.165756
v 18.030001 6.191152 20.165756
v 17.969999 6.264561 20.391455
v 18.030001 6.264561 20.391455
v 17.969999 6.498606 20.492788
v 18.030001 6.498606 20.492788
v 17.969999 6.986848 20.492788
v 18.030001 6.986848 20.492788
v 17.969999 6.986848 20.379938
v 18.030001 6.986848 20.379938
v 17.969999 6.522788 20.379938
v 18.030001 6.522788 20.379938
v 17.969999 6.422318 20.369719
v 18.030001 6.422318 20.369719
v 17.969999 6.361576 20.332727
v 18.030001 6.361576 20.332727
v 17.969999 6.311341 20.256727
v 18.030001 6.311341 20.256727
v 17.969999 6.294788 20.163454
v 18.030001 6.294788 20.163454
v 17.969999 6.313068 20.052334
v 18.030001 6.313068 20.052334
v 17.969999 6.358121 19.979212
v 18.030001 6.358121 19.979212
v 17.969999 6.431386 19.939341
v 18.030001 6.431386 19.939341
v 17.969999 6.529697 19.929697
v 18.030001 6.529697 19.929697
v 17.969999 6.986848 19.929697
v 18.030001 6.986848 19.929697
v 17.969999 6.986848 19.816849
v 18.030001 6.986848 19.816849
v 17.969999 6.510121 19.816849
v 18.030001 6.510121 19.816849
v 17.969999 6.927834 19.272469
v 18.030001 6.927834 19.272469
v 17.969999 6.766909 19.203091
v 18.030001 6.766909 19.203091
v 17.969999 6.649167 19.237204
v 18.030001 6.649167 19.237204
v 17.969999 6.574606 19.334364
v 18.030001 6.574606 19.334364
v 17.969999 6.484788 19.242531
v 18.030001 6.484788 19.242531
v 17.969999 6.356970 19.159332
v 18.030001 6.356970 19.159332
v 17.969999 6.287015 19.113560
v 18.030001 6.287015 19.113560
v 17.969999 6.201515 19.052242
v 18.030001 6.201515 19.052242
v 17.969999 6.201515 19.186970
v 18.030001 6.201515 19.186970
v 17.969999 6.362727 19.290606
v 18.030001 6.362727 19.290606
v 17.969999 6.513000 19.412090
v 18.030001 6.513000 19.412090
v 17.969999 6.542364 19.499029
v 18.030001 6.542364 19.499029
v 17.969999 6.542364 19.546242
v 18.030001 6.542364 19.546242
v 17.969999 6.201515 19.546242
v 18.030001 6.201515 19.546242
v 17.969999 6.201515 19.659090
v 18.030001 6.201515 19.659090
v 17.969999 6.986848 19.659090
v 18.030001 6.986848 19.659090
v 17.969999 6.986848 19.461029
v 18.030001 6.986848 19.461029
v 17.969999 6.643697 19.473696
v 18.030001 6.643697 19.473696
v 17.969999 6.682992 19.350773
v 18.030001 6.682992 19.350773
v 17.969999 6.771515 19.319393
v 18.030001 6.771515 19.319393
v 17.969999 6.858455 19.355955
v 18.030001 6.858455 19.355955
v 17.969999 6.890121 19.473696
v 18.030001 6.890121 19.473696
v 17.969999 6.890121 19.546242
v 18.030001 6.890121 19.546242
v 17.969999 6.643697 19.546242
v 18.030001 6.643697 19.546242
v 17.969999 6.927834 18.576954
v 18.030001 6.927834 18.576954
v 17.969999 6.766909 18.507576
v 18.030001 6.766909 18.507576
v 17.969999 6.649167 18.541689
v 18.030001 6.649167 18.541689
v 17.969999 6.574606 18.638847
v 18.030001 6.574606 18.638847
v 17.969999 6.484788 18.547014
v 18.030001 6.484788 18.547014
v 17.969999 6.356970 18.463818
v 18.030001 6.356970 18.463818
v 17.969999 6.287015 18.418045
v 18.030001 6.287015 18.418045
v 17.969999 6.201515 18.356728
v 18.030001 6.201515 18.356728
v 17.969999 6.201515 18.491455
v 18.030001 6.201515 18.491455
v 17.969999 6.362727 18.595091
v 18.030001 6.362727 18.595091
v 17.969999 6.513000 18.716576
v 18.030001 6.513000 18.716576
v 17.969999 6.542364 18.803514
v 18.030001 6.542364 18.803514
v 17.969999 6.542364 18.850727
v 18.030001 6.542364 18.850727
v 17.969999 6.201515 18.850727
v 18.030001 6.201515 18.850727
v 17.969999 6.201515 18.963575
v 18.030001 6.201515 18.963575
v 17.969999 6.986848 18.963575
v 18.030001 6.986848 18.963575
v 17.969999 6.986848 18.765514
v 18.030001 6.986848 18.765514
v 17.969999 6.643697 18.778181
v 18.030001 6.643697 18.778181
v 17.969999 6.682992 18.655256
v 18.030001 6.682992 18.655256
v 17.969999 6.771515 18.623878
v 18.030001 6.771515 18.623878
v 17.969999 6.858455 18.660439
v 18.030001 6.858455 18.660439
v 17.969999 6.890121 18.778181
v 18.030001 6.890121 18.778181
v 17.969999 6.890121 18.850727
v 18.030001 6.890121 18.850727
v 17.969999 6.643697 18.850727
v 18.030001 6.643697 18.850727
v 17.969999 6.201515 18.269211
v 18.030001 6.201515 18.269211
v 17.969999 6.986848 18.269211
v 18.030001 6.986848 18.269211
v 17.969999 6.986848 18.156363
v 18.030001 6.986848 18.156363
v 17.969999 6.201515 18.156363
v 18.030001 6.201515 18.156363
v 17.969999 6.878750 17.706696
v 18.030001 6.878750 17.706696
v 17.969999 6.895879 17.793636
v 18.030001 6.895879 17.793636
v 17.969999 6.869970 17.883022
v 18.030001 6.869970 17.883022
v 17.969999 6.802606 17.917999
v 18.030001 6.802606 17.917999
v 17.969999 6.640531 17.748152
v 18.030001 6.640531 17.748152
v 17.969999 6.404182 17.578302
v 18.030001 6.404182 17.578302
v 17.969999 6.251462 17.640772
v 18.030001 6.251462 17.640772
v 17.969999 6.191152 17.798243
v 18.030001 6.191152 17.798243
v 17.969999 6.208856 17.915552
v 18.030001 6.208856 17.915552
v 17.969999 6.263697 18.018181
v 18.030001 6.263697 18.018181
v 17.969999 6.406485 18.018181
v 18.030001 6.406485 18.018181
v 17.969999 6.321848 17.921886
v 18.030001 6.321848 17.921886
v 17.969999 6.292485 17.810909
v 18.030001 6.292485 17.810909
v 17.969999 6.325591 17.714182
v 18.030001 6.325591 17.714182
v 17.969999 6.391515 17.683090
v 18.030001 6.391515 17.683090
v 17.969999 6.569712 17.852940
v 18.030001 6.569712 17.852940
v 17.969999 6.787636 18.022787
v 18.030001 6.787636 18.022787
v 17.969999 6.940356 17.957582
v 18.030001 6.940356 17.957582
v 17.969999 6.997212 17.784424
v 18.030001 6.997212 17.784424
v 17.969999 6.983394 17.695181
v 18.030001 6.983394 17.695181
v 17.969999 6.941939 17.609394
v 18.030001 6.941939 17.609394
v 17.969999 6.814121 17.609394
v 18.030001 6.814121 17.609394
v 17.969999 5.779917 20.269249
v 18.030001 5.779917 20.269249
v 17.969999 5.799636 20.402393
v 18.030001 5.799636 20.402393
v 17.969999 5.714137 20.626364
v 18.030001 5.714137 20.626364
v 17.969999 5.499091 20.715607
v 18.030001 5.499091 20.715607
v 17.969999 5.283902 20.627514
v 18.030001 5.283902 20.627514
v 17.969999 5.200849 20.397787
v 18.030001 5.200849 20.397787
v 17.969999 5.223591 20.260757
v 18.030001 5.223591 20.260757
v 17.969999 5.289515 20.123728
v 18.030001 5.289515 20.123728
v 17.969999 5.166303 20.123728
v 18.030001 5.166303 20.123728
v 17.969999 5.116644 20.248667
v 18.030001 5.116644 20.248667
v 17.969999 5.097212 20.408152
v 18.030001 5.097212 20.408152
v 17.969999 5.231220 20.730576
v 18.030001 5.231220 20.730576
v 17.969999 5.488728 20.831909
v 18.030001 5.488728 20.831909
v 17.969999 5.785818 20.710279
v 18.030001 5.785818 20.710279
v 17.969999 5.903273 20.401241
v 18.030001 5.903273 20.401241
v 17.969999 5.887871 20.276447
v 18.030001 5.887871 20.276447
v 17.969999 5.838788 20.131788
v 18.030001 5.838788 20.131788
v 17.969999 5.717879 20.131788
v 18.030001 5.717879 20.131788
v 17.969999 5.107576 19.419001
v 18.030001 5.107576 19.419001
v 17.969999 5.339030 19.523788
v 18.030001 5.339030 19.523788
v 17.969999 5.339030 19.857727
v 18.030001 5.339030 19.857727
v 17.969999 5.107576 19.956757
v 18.030001 5.107576 19.956757
v 17.969999 5.107576 20.071909
v 18.030001 5.107576 20.071909
v 17.969999 5.897515 19.734514
v 18.030001 5.897515 19.734514
v 17.969999 5.897515 19.655060
v 18.030001 5.897515 19.655060
v 17.969999 5.107576 19.303848
v 18.030001 5.107576 19.303848
v 17.969999 5.440364 19.569849
v 18.030001 5.440364 19.569849
v 17.969999 5.724788 19.696514
v 18.030001 5.724788 19.696514
v 17.969999 5.440364 19.813969
v 18.030001 5.440364 19.813969
v 17.969999 5.784811 18.941696
v 18.030001 5.784811 18.941696
v 17.969999 5.801939 19.028637
v 18.030001 5.801939 19.028637
v 17.969999 5.776031 19.118023
v 18.030001 5.776031 19.118023
v 17.969999 5.708667 19.153000
v 18.030001 5.708667 19.153000
v 17.969999 5.546591 18.983150
v 18.030001 5.546591 18.983150
v 17.969999 5.310243 18.813303
v 18.030001 5.310243 18.813303
v 17.969999 5.157523 18.875772
v 18.030001 5.157523 18.875772
v 17.969999 5.097212 19.033241
v 18.030001 5.097212 19.033241
v 17.969999 5.114917 19.150553
v 18.030001 5.114917 19.150553
v 17.969999 5.169758 19.253181
v 18.030001 5.169758 19.253181
v 17.969999 5.312545 19.253181
v 18.030001 5.312545 19.253181
v 17.969999 5.227909 19.156885
v 18.030001 5.227909 19.156885
v 17.969999 5.198545 19.045908
v 18.030001 5.198545 19.045908
v 17.969999 5.231651 18.949181
v 18.030001 5.231651 18.949181
v 17.969999 5.297576 18.918091
v 18.030001 5.297576 18.918091
v 17.969999 5.475773 19.087938
v 18.030001 5.475773 19.087938
v 17.969999 5.693697 19.257788
v 18.030001 5.693697 19.257788
v 17.969999 5.846416 19.192583
v 18.030001 5.846416 19.192583
v 17.969999 5.903273 19.019424
v 18.030001 5.903273 19.019424
v 17.969999 5.889455 18.930182
v 18.030001 5.889455 18.930182
v 17.969999 5.848000 18.844393
v 18.030001 5.848000 18.844393
v 17.969999 5.720182 18.844393
v 18.030001 5.720182 18.844393
v 17.969999 5.791576 18.577242
v 18.030001 5.791576 18.577242
v 17.969999 5.554364 18.577242
v 18.030001 5.554364 18.577242
v 17.969999 5.554364 18.255970
v 18.030001 5.554364 18.255970
v 17.969999 5.453031 18.255970
v 18.030001 5.453031 18.255970
v 17.969999 5.453031 18.577242
v 18.030001 5.453031 18.577242
v 17.969999 5.208909 18.577242
v 18.030001 5.208909 18.577242
v 17.969999 5.208909 18.234091
v 18.030001 5.208909 18.234091
v 17.969999 5.107576 18.234091
v 18.030001 5.107576 18.234091
v 17.969999 5.107576 18.690090
v 18.030001 5.107576 18.690090
v 17.969999 5.892909 18.690090
v 18.030001 5.892909 18.690090
v 17.969999 5.892909 18.244453
v 18.030001 5.892909 18.244453
v 17.969999 5.791576 18.244453
v 18.030001 5.791576 18.244453
v 17.969999 5.107576 18.113182
v 18.030001 5.107576 18.113182
v 17.969999 5.892909 18.113182
v 18.030001 5.892909 18.113182
v 17.969999 5.892909 18.000332
v 18.030001 5.892909 18.000332
v 17.969999 5.107576 18.000332
v 18.030001 5.107576 18.000332
vn -1.0000 -0.0000 -0.0000
vn -0.0000 -0.0000 -1.0000
vn 1.0000 -0.0000 -0.0000
vn -0.0000 -0.0000 1.0000
vn -0.0000 -1.0000 -0.0000
vn -0.0000 1.0000 -0.0000
vn -0.8237 -0.5670 -0.0000
vn 0.8237 0.5670 -0.0000
vn 0.5670 -0.8237 -0.0000
vn -0.5670 0.8237 -0.0000
vn -0.8237 0.5670 -0.0000
vn 0.8237 -0.5670 -0.0000
vn -0.5670 -0.8237 -0.0000
vn 0.5670 0.8237 -0.0000
vn -0.0000 0.6236 -0.7818
vn -0.0000 -0.6236 0.7818
vn -0.0000 -0.7818 -0.6236
vn -0.0000 0.7818 0.6236
vn -0.0000 -0.6236 -0.7818
vn -0.0000 0.6236 0.7818
vn -0.0000 -0.7818 0.6236
vn -0.0000 0.7818 -0.6236
vn 0.3827 0.9239 -0.0000
vn 0.9239 0.3827 -0.0000
vn -0.1511 0.9658 0.2107
vn 0.1511 0.9658 0.2107
vn 0.1511 0.9658 -0.2107
vn -0.1511 0.9658 -0.2107
vn 0.9239 -0.3827 -0.0000
vn -0.4061 0.9138 -0.0000
vn 0.3827 -0.9239 -0.0000
vn -0.0000 0.8612 -0.5083
vn -0.3827 -0.9239 -0.0000
vn 0.4061 0.9138 -0.0000
vn -0.9239 -0.3827 -0.0000
vn -0.0000 0.8612 0.5083
vn -0.9239 0.3827 -0.0000
vn -0.3827 0.9239 -0.0000
vn 0.9989 0.0470 -0.0000
vn 0.9584 0.0470 -0.2814
vn 0.8403 0.0470 -0.5400
vn 0.6541 0.0470 -0.7549
vn 0.4150 0.0470 -0.9086
vn 0.1422 0.0470 -0.9887
vn -0.1422 0.0470 -0.9887
vn -0.4150 0.0470 -0.9086
vn -0.6541 0.0470 -0.7549
vn -0.8403 0.0470 -0.5400
vn -0.9584 0.0470 -0.2814
vn -0.9989 0.0470 -0.0000
vn -0.9584 0.0470 0.2814
vn -0.8403 0.0470 0.5400
vn -0.6541 0.0470 0.7549
vn -0.4150 0.0470 0.9086
vn -0.1422 0.0470 0.9887
vn 0.1422 0.0470 0.9887
vn 0.4150 0.0470 0.9086
vn 0.6541 0.0470 0.7549
vn 0.8403 0.0470 0.5400
vn 0.9584 0.0470 0.2814
vn 0.4425 0.0432 0.8957
vn 0.5706 0.0436 0.8201
vn 0.7862 0.0436 0.6164
vn 0.9326 0.0436 0.3583
vn 0.9967 0.0436 0.0686
vn 0.9729 0.0436 -0.2271
vn 0.8633 0.0436 -0.5028
vn 0.6776 0.0436 -0.7341
vn 0.4321 0.0436 -0.9008
vn 0.1485 0.0436 -0.9879
vn -0.1481 0.0436 -0.9880
vn -0.4318 0.0436 -0.9009
vn -0.6773 0.0436 -0.7344
vn -0.8631 0.0436 -0.5031
vn -0.9728 0.0436 -0.2275
vn -0.9967 0.0436 0.0682
vn -0.9327 0.0436 0.3579
vn -0.7865 0.0436 0.6161
vn -0.5709 0.0436 0.8199
vn -0.4428 0.0432 0.8956
vn -0.9524 -0.0000 0.3049
vn 0.9523 -0.0000 0.3053
vn -0.9553 -0.0000 0.2955
vn -0.2955 -0.0000 -0.9553
vn 0.9553 -0.0000 -0.2955
vn 0.2955 -0.0000 0.9553
vn 0.9948 0.1014 -0.0000
vn 0.9545 0.1014 -0.2803
vn 0.8369 0.1014 -0.5379
vn 0.6515 0.1014 -0.7519
vn 0.4133 0.1014 -0.9049
vn 0.1416 0.1014 -0.9847
vn -0.1416 0.1014 -0.9847
vn -0.4133 0.1014 -0.9049
vn -0.6515 0.1014 -0.7519
vn -0.8369 0.1014 -0.5379
vn -0.9545 0.1014 -0.2803
vn -0.9948 0.1014 -0.0000
vn -0.9545 0.1014 0.2803
vn -0.8369 0.1014 0.5379
vn -0.6515 0.1014 0.7519
vn -0.4133 0.1014 0.9049
vn -0.1416 0.1014 0.9847
vn 0.1416 0.1014 0.9847
vn 0.4133 0.1014 0.9049
vn 0.6515 0.1014 0.7519
vn 0.8369 0.1014 0.5379
vn 0.9545 0.1014 0.2803
vn 0.9926 -0.1214 -0.0000
vn 0.9327 -0.1214 -0.3395
vn 0.7604 -0.1214 -0.6380
vn 0.4963 -0.1214 -0.8596
vn 0.1724 -0.1214 -0.9775
vn -0.1724 -0.1214 -0.9775
vn -0.4963 -0.1214 -0.8596
vn -0.7604 -0.1214 -0.6380
vn -0.9327 -0.1214 -0.3395
vn -0.9926 -0.1214 -0.0000
vn -0.9327 -0.1214 0.3395
vn -0.7604 -0.1214 0.6380
vn -0.4963 -0.1214 0.8596
vn -0.1724 -0.1214 0.9775
vn 0.1724 -0.1214 0.9775
vn 0.4963 -0.1214 0.8596
vn 0.7604 -0.1214 0.6380
vn 0.9327 -0.1214 0.3395
vn 0.6805 0.1619 0.7147
vn 0.7971 0.1645 0.5810
vn 0.9507 0.1645 0.2627
vn 0.9823 0.1645 -0.0892
vn 0.8878 0.1645 -0.4297
vn 0.6794 0.1645 -0.7151
vn 0.3838 0.1645 -0.9087
vn 0.0389 0.1645 -0.9856
vn -0.3110 0.1645 -0.9361
vn -0.6210 0.1645 -0.7664
vn -0.8513 0.1645 -0.4983
vn -0.9723 0.1645 -0.1663
vn -0.9685 0.1645 0.1871
vn -0.8404 0.1645 0.5164
vn -0.6045 0.1645 0.7795
vn -0.2909 0.1645 0.9425
vn -0.1174 0.1619 0.9798
vn -0.8360 -0.0000 0.5487
vn 0.9982 -0.0000 -0.0608
vn 0.6797 0.7335 -0.0000
vn 0.6387 0.7335 -0.2325
vn 0.5207 0.7335 -0.4369
vn 0.3398 0.7335 -0.5886
vn 0.1180 0.7335 -0.6694
vn -0.1180 0.7335 -0.6694
vn -0.3398 0.7335 -0.5886
vn -0.5207 0.7335 -0.4369
vn -0.6387 0.7335 -0.2325
vn -0.6797 0.7335 -0.0000
vn -0.6387 0.7335 0.2325
vn -0.5207 0.7335 0.4369
vn -0.3398 0.7335 0.5886
vn -0.1180 0.7335 0.6694
vn 0.1180 0.7335 0.6694
vn 0.3398 0.7335 0.5886
vn 0.5207 0.7335 0.4369
vn 0.6387 0.7335 0.2325
vn -0.8413 -0.0000 -0.5406
vn -0.9595 -0.0000 -0.2817
vn 0.3090 -0.0000 -0.9511
vn -0.3090 -0.0000 0.9511
vn 0.8090 -0.0000 -0.5878
vn 0.9511 -0.0000 -0.3090
vn 0.5878 -0.0000 -0.8090
vn 0.3090 -0.0000 0.9511
vn 0.1423 -0.0000 -0.9898
vn -0.1423 -0.0000 -0.9898
vn 0.6549 -0.0000 -0.7557
vn 0.4154 -0.0000 -0.9096
vn 0.5878 -0.0000 0.8090
vn 0.9511 -0.0000 0.3090
vn 0.8090 -0.0000 0.5878
vn -0.9595 -0.0000 0.2817
vn -0.8413 -0.0000 0.5406
vn -0.5878 -0.0000 0.8090
vn -0.4154 -0.0000 -0.9096
vn -0.8090 -0.0000 0.5878
vn -0.9511 -0.0000 0.3090
vn -0.9511 -0.0000 -0.3090
vn -0.8090 -0.0000 -0.5878
vn -0.5878 -0.0000 -0.8090
vn -0.3090 -0.0000 -0.9511
vn 0.8413 -0.0000 -0.5406
vn -0.6549 -0.0000 -0.7557
vn 0.9595 -0.0000 -0.2817
vn -0.6549 -0.0000 0.7557
vn -0.4154 -0.0000 0.9096
vn -0.1423 -0.0000 0.9898
vn 0.1423 -0.0000 0.9898
vn 0.4154 -0.0000 0.9096
vn 0.6549 -0.0000 0.7557
vn 0.8413 -0.0000 0.5406
vn 0.9595 -0.0000 0.2817
vn -0.0000 -0.2631 0.9648
vn 0.2817 -0.0000 -0.9595
vn -0.0000 -0.9648 -0.2631
vn -0.0000 0.9648 0.2631
vn 0.5406 -0.0000 -0.8413
vn -0.0000 0.2631 -0.9648
vn 0.7557 -0.0000 -0.6549
vn -0.5000 -0.0000 -0.8660
vn 0.9096 -0.0000 -0.4154
vn 0.9898 -0.0000 -0.1423
vn 0.9898 -0.0000 0.1423
vn 0.9096 -0.0000 0.4154
vn 0.7557 -0.0000 0.6549
vn 0.5406 -0.0000 0.8413
vn -0.5000 -0.0000 0.8660
vn 0.2817 -0.0000 0.9595
vn -0.2817 -0.0000 0.9595
vn 0.5000 -0.0000 0.8660
vn -0.5406 -0.0000 0.8413
vn -0.7557 -0.0000 0.6549
vn -0.9096 -0.0000 0.4154
vn -0.9898 -0.0000 0.1423
vn -0.9898 -0.0000 -0.1423
vn -0.9096 -0.0000 -0.4154
vn 0.5000 -0.0000 -0.8660
vn -0.7557 -0.0000 -0.6549
vn -0.5406 -0.0000 -0.8413
vn -0.2817 -0.0000 -0.9595
vn 0.6586 -0.0000 0.7525
vn 0.8350 -0.0000 0.5503
vn 0.9990 -0.0000 0.0443
vn 0.8805 -0.0000 -0.4741
vn 0.5129 -0.0000 -0.8585
vn 0.0002 -0.0000 -1.0000
vn -0.5125 -0.0000 -0.8587
vn -0.8803 -0.0000 -0.4745
vn -0.9990 -0.0000 0.0439
vn -0.8352 -0.0000 0.5499
vn -0.6589 -0.0000 0.7522
vn -0.9005 -0.0000 0.4348
vn 0.9004 -0.0000 0.4351
vn 0.8660 -0.0000 -0.5000
vn -0.8660 -0.0000 -0.5000
vn -0.8660 -0.0000 0.5000
vn 0.8660 -0.0000 0.5000
vn -0.9394 -0.0000 0.3429
vn -0.3429 -0.0000 -0.9394
vn 0.9394 -0.0000 -0.3429
vn 0.3429 -0.0000 0.9394
vn 0.9801 -0.0000 0.1987
vn -0.9801 -0.0000 -0.1987
vn 0.1987 -0.0000 -0.9801
vn -0.1987 -0.0000 0.9801
vn -0.8253 -0.0000 0.5646
vn -0.5646 -0.0000 -0.8253
vn 0.8253 -0.0000 -0.5646
vn 0.5646 -0.0000 0.8253
vn 0.6918 -0.0000 0.7221
vn 0.8563 -0.0000 0.5164
vn 0.9999 -0.0000 0.0144
vn 0.8708 -0.0000 -0.4916
vn 0.5043 -0.0000 -0.8636
vn -0.5039 -0.0000 -0.8638
vn -0.8706 -0.0000 -0.4920
vn -0.9999 -0.0000 0.0140
vn -0.8565 -0.0000 0.5161
vn -0.6921 -0.0000 0.7218
vn -0.8777 -0.0000 0.4792
vn 0.8775 -0.0000 0.4796
vn -0.9211 -0.0000 0.3894
vn -0.3894 -0.0000 -0.9211
vn 0.9211 -0.0000 -0.3894
vn 0.3894 -0.0000 0.9211
vn -0.8253 -0.0000 -0.5646
vn 0.5646 -0.0000 -0.8253
vn 0.8253 -0.0000 0.5646
vn -0.5646 -0.0000 0.8253
vn -0.6216 -0.0000 0.7833
vn -0.7833 -0.0000 -0.6216
vn 0.6216 -0.0000 -0.7833
vn 0.7833 -0.0000 0.6216
vn 0.3827 -0.0000 -0.9239
vn 0.9239 -0.0000 -0.3827
vn 0.9239 -0.0000 0.3827
vn 0.3827 -0.0000 0.9239
vn -0.3827 -0.0000 0.9239
vn -0.9239 -0.0000 0.3827
vn -0.9239 -0.0000 -0.3827
vn -0.3827 -0.0000 -0.9239
vn -0.9689 -0.0000 0.2474
vn -0.2474 -0.0000 -0.9689
vn 0.9689 -0.0000 -0.2474
vn 0.2474 -0.0000 0.9689
vn -0.2143 -0.5000 -0.8391
vn -0.1237 -0.8660 -0.4845
vn 0.1237 -0.8660 0.4845
vn 0.2143 -0.5000 0.8391
vn 0.2143 0.5000 0.8391
vn 0.1237 0.8660 0.4845
vn -0.1237 0.8660 -0.4845
vn -0.2143 0.5000 -0.8391
vn -0.0000 -0.9487 -0.3162
vn -0.0000 -0.9510 0.3093
vn -0.0000 -0.3973 0.9177
vn -0.0000 -0.2029 0.9792
vn -0.0000 0.0507 -0.9987
vn -0.0000 0.3185 -0.9479
vn -0.0000 0.6939 -0.7201
vn -0.0000 0.9287 -0.3708
vn -0.0000 1.0000 -0.0063
vn -0.0000 0.9367 0.3500
vn -0.0000 0.6878 0.7259
vn -0.0000 0.2937 0.9559
vn -0.0000 0.0489 0.9988
vn -0.0000 -0.1783 -0.9840
vn -0.0000 -0.3509 -0.9364
vn -0.0000 0.3959 -0.9183
vn -0.0000 -0.2783 -0.9605
vn -0.0000 -0.7933 -0.6088
vn -0.0000 0.7149 -0.6992
vn -0.0000 0.6340 -0.7733
vn -0.0000 0.5465 -0.8374
vn -0.0000 0.5653 -0.8249
vn -0.0000 0.5828 -0.8126
vn -0.0000 -0.5408 0.8412
vn -0.0000 -0.5856 0.8106
vn -0.0000 -0.8206 0.5715
vn -0.0000 -0.9868 0.1621
vn -0.0000 0.9885 -0.1511
vn -0.0000 0.9544 -0.2987
vn -0.0000 0.9881 0.1541
vn -0.0000 0.9525 0.3045
vn -0.0000 0.3341 0.9425
vn -0.0000 -0.3876 0.9218
vn -0.0000 -0.9657 0.2597
vn -0.0000 -0.9914 0.1310
vn -0.0000 -0.9248 0.3806
vn -0.0000 -0.9990 -0.0438
vn -0.0000 -0.9605 -0.2784
vn -0.0000 -0.4608 -0.8875
vn -0.0000 0.7235 -0.6904
vn -0.0000 0.6564 -0.7545
vn -0.0000 0.5836 -0.8121
vn -0.0000 -0.3786 -0.9256
vn -0.0000 -0.9339 -0.3577
vn -0.0000 -0.9942 -0.1078
vn -0.0000 -0.9491 0.3148
vn -0.0000 -0.8820 0.4713
vn -0.0000 0.7511 -0.6602
vn -0.0000 0.8824 -0.4705
vn -0.0000 0.9994 0.0355
vn -0.0000 0.9461 0.3238
vn -0.0000 0.4266 0.9045
vn -0.0000 -0.6899 0.7239
vn -0.0000 -0.6531 0.7572
vn -0.0000 -0.6147 0.7887
vn -0.0000 0.3927 0.9197
vn -0.0000 0.9501 0.3120
vn -0.0000 0.9967 0.0817
vn -0.0000 0.9548 -0.2973
vn -0.0000 0.9004 -0.4351
vn -0.0000 -0.8330 0.5533
vn -0.0000 -0.9595 0.2816
vn -0.0000 -0.9941 -0.1086
vn -0.0000 -0.9342 -0.3566
vn -0.0000 -0.3833 -0.9236
vn -0.0000 0.3789 -0.9255
vn -0.0000 0.9404 -0.3400
vn -0.0000 0.9958 -0.0911
vn -0.0000 0.9534 0.3017
vn -0.0000 0.9011 0.4335
vn -0.0000 -0.9293 -0.3694
vn -0.0000 -0.9690 -0.2472
vn -0.0000 -0.9907 0.1359
vn -0.0000 -0.9234 0.3838
vn -0.0000 -0.3662 0.9305
vn -0.0000 0.3789 0.9254
vn -0.0000 0.9348 0.3553
vn -0.0000 0.9928 0.1199
vn -0.0000 0.9748 -0.2231
vn -0.0000 0.9470 -0.3213
vn -0.0000 -0.9115 0.4114
vn -0.0000 -0.4124 0.9110
vn -0.0000 -0.3934 -0.9194
vn -0.0000 0.3928 0.9196
vn -0.0000 0.4063 -0.9138
vn -0.0000 -0.4068 0.9135
vn -0.0000 -0.3817 -0.9243
vn -0.0000 -0.9338 -0.3577
vn -0.0000 0.4265 0.9045
vt 0.407495 0.686517
vt 0.397707 0.686517
vt 0.397707 0.579749
vt 0.407495 0.579749
vt 0.667193 0.623980
vt 0.657406 0.623979
vt 0.657406 0.499419
vt 0.667193 0.499419
vt 0.388021 0.686521
vt 0.378233 0.686521
vt 0.378233 0.579749
vt 0.388020 0.579749
vt 0.455186 0.502797
vt 0.464973 0.502797
vt 0.464973 0.627360
vt 0.455186 0.627361
vt 0.261776 0.425056
vt 0.261776 0.300489
vt 0.368546 0.300489
vt 0.368546 0.425056
vt 0.004843 0.437068
vt 0.004843 0.312500
vt 0.111611 0.312500
vt 0.111611 0.437068
vt 0.939595 0.301345
vt 0.935813 0.301345
vt 0.935813 0.296451
vt 0.939595 0.296451
vt 0.939595 0.170122
vt 0.935814 0.170121
vt 0.935814 0.165228
vt 0.939595 0.165228
vt 0.909409 0.940634
vt 0.905628 0.940634
vt 0.905628 0.935741
vt 0.909409 0.935741
vt 0.935814 0.048585
vt 0.939595 0.048584
vt 0.939595 0.053478
vt 0.935814 0.053478
vt 0.019424 0.940635
vt 0.019424 0.935741
vt 0.024317 0.935741
vt 0.024317 0.940635
vt 0.136066 0.940634
vt 0.136066 0.935741
vt 0.140959 0.935741
vt 0.140959 0.940634
vt 0.939595 0.345086
vt 0.935813 0.345086
vt 0.935813 0.340192
vt 0.939595 0.340192
vt 0.939595 0.184702
vt 0.935814 0.184702
vt 0.935814 0.179808
vt 0.939595 0.179809
vt 0.939595 0.009737
vt 0.935813 0.009737
vt 0.935813 0.004843
vt 0.939595 0.004843
vt 0.935813 0.121487
vt 0.939595 0.121487
vt 0.939595 0.126380
vt 0.935813 0.126380
vt 0.077745 0.940635
vt 0.077745 0.935741
vt 0.082638 0.935741
vt 0.082638 0.940635
vt 0.194386 0.940635
vt 0.194386 0.935741
vt 0.199280 0.935741
vt 0.199280 0.940635
vt 0.939595 0.286765
vt 0.935813 0.286765
vt 0.935813 0.281871
vt 0.939595 0.281871
vt 0.939595 0.199283
vt 0.935814 0.199282
vt 0.935814 0.194389
vt 0.939595 0.194389
vt 0.882473 0.940634
vt 0.878692 0.940634
vt 0.878692 0.935741
vt 0.882473 0.935741
vt 0.935814 0.136067
vt 0.939595 0.136067
vt 0.939595 0.140961
vt 0.935814 0.140961
vt 0.048584 0.940634
vt 0.048584 0.935741
vt 0.053478 0.935741
vt 0.053478 0.940634
vt 0.150646 0.940634
vt 0.150646 0.935741
vt 0.155539 0.935741
vt 0.155539 0.940634
vt 0.939595 0.359666
vt 0.935813 0.359666
vt 0.935813 0.354772
vt 0.939595 0.354772
vt 0.939595 0.213863
vt 0.935814 0.213863
vt 0.935814 0.208969
vt 0.939595 0.208969
vt 0.939595 0.024317
vt 0.935814 0.024317
vt 0.935814 0.019424
vt 0.939595 0.019424
vt 0.935813 0.150648
vt 0.939595 0.150647
vt 0.939595 0.155541
vt 0.935813 0.155541
vt 0.092325 0.940634
vt 0.092325 0.935741
vt 0.097219 0.935741
vt 0.097219 0.940634
vt 0.208967 0.940634
vt 0.208967 0.935741
vt 0.213860 0.935741
vt 0.213860 0.940634
vt 0.939595 0.315925
vt 0.935814 0.315925
vt 0.935814 0.311032
vt 0.939595 0.311032
vt 0.939595 0.228443
vt 0.935814 0.228443
vt 0.935814 0.223550
vt 0.939595 0.223550
vt 0.869005 0.940634
vt 0.865224 0.940634
vt 0.865224 0.935741
vt 0.869005 0.935741
vt 0.935814 0.063165
vt 0.939595 0.063165
vt 0.939595 0.068058
vt 0.935814 0.068059
vt 0.034004 0.940634
vt 0.034004 0.935741
vt 0.038897 0.935741
vt 0.038897 0.940634
vt 0.165226 0.940634
vt 0.165226 0.935741
vt 0.170120 0.935741
vt 0.170120 0.940634
vt 0.939595 0.374246
vt 0.935813 0.374246
vt 0.935813 0.369352
vt 0.939595 0.369352
vt 0.939595 0.243024
vt 0.935813 0.243023
vt 0.935813 0.238130
vt 0.939595 0.238130
vt 0.922878 0.940635
vt 0.919096 0.940635
vt 0.919096 0.935741
vt 0.922878 0.935741
vt 0.935813 0.077745
vt 0.939595 0.077745
vt 0.939595 0.082639
vt 0.935813 0.082639
vt 0.106905 0.940635
vt 0.106905 0.935741
vt 0.111799 0.935741
vt 0.111799 0.940635
vt 0.223547 0.940635
vt 0.223547 0.935741
vt 0.228440 0.935741
vt 0.228440 0.940635
vt 0.939595 0.330505
vt 0.935813 0.330505
vt 0.935813 0.325612
vt 0.939595 0.325612
vt 0.939595 0.272185
vt 0.935814 0.272184
vt 0.935814 0.267291
vt 0.939595 0.267291
vt 0.895941 0.940634
vt 0.892160 0.940634
vt 0.892160 0.935741
vt 0.895941 0.935741
vt 0.935813 0.092326
vt 0.939595 0.092326
vt 0.939595 0.097219
vt 0.935813 0.097219
vt 0.063164 0.940634
vt 0.063164 0.935741
vt 0.068058 0.935741
vt 0.068058 0.940634
vt 0.179806 0.940635
vt 0.179806 0.935741
vt 0.184700 0.935741
vt 0.184700 0.940635
vt 0.939595 0.388826
vt 0.935814 0.388826
vt 0.935814 0.383933
vt 0.939595 0.383933
vt 0.939595 0.257604
vt 0.935813 0.257604
vt 0.935813 0.252710
vt 0.939595 0.252711
vt 0.939595 0.038898
vt 0.935813 0.038898
vt 0.935813 0.034004
vt 0.939595 0.034004
vt 0.935814 0.106906
vt 0.939595 0.106906
vt 0.939595 0.111800
vt 0.935814 0.111800
vt 0.121485 0.940635
vt 0.121485 0.935741
vt 0.126379 0.935741
vt 0.126379 0.940635
vt 0.238127 0.940634
vt 0.238127 0.935741
vt 0.243020 0.935741
vt 0.243020 0.940634
vt 0.234196 0.649958
vt 0.213732 0.649957
vt 0.213732 0.537851
vt 0.234196 0.537852
vt 0.647719 0.629320
vt 0.627256 0.629318
vt 0.627256 0.499419
vt 0.647719 0.499420
vt 0.359192 0.645516
vt 0.338728 0.645516
vt 0.338728 0.533405
vt 0.359192 0.533405
vt 0.605445 0.268262
vt 0.625909 0.268261
vt 0.625909 0.398163
vt 0.605445 0.398164
vt 0.278684 0.134749
vt 0.278684 0.004843
vt 0.390793 0.004843
vt 0.390793 0.134749
vt 0.139983 0.430394
vt 0.139983 0.300489
vt 0.252089 0.300489
vt 0.252089 0.430394
vt 0.298576 0.723798
vt 0.296574 0.723798
vt 0.296574 0.610358
vt 0.298576 0.610358
vt 0.246528 0.687769
vt 0.244526 0.687769
vt 0.244526 0.556535
vt 0.246528 0.556535
vt 0.286888 0.723803
vt 0.284886 0.723803
vt 0.284886 0.610358
vt 0.286888 0.610358
vt 0.683803 0.088380
vt 0.685805 0.088380
vt 0.685805 0.219617
vt 0.683803 0.219617
vt 0.139982 0.290802
vt 0.139983 0.159562
vt 0.253426 0.159562
vt 0.253426 0.290802
vt 0.263113 0.290802
vt 0.263113 0.159562
vt 0.376554 0.159562
vt 0.376554 0.290802
vt 0.852224 0.107287
vt 0.852224 0.088380
vt 0.853737 0.088380
vt 0.853737 0.107287
vt 0.397707 0.844695
vt 0.397707 0.825788
vt 0.399576 0.825788
vt 0.399576 0.844695
vt 0.846748 0.575514
vt 0.846748 0.556607
vt 0.848261 0.556607
vt 0.848261 0.575514
vt 0.835956 0.349349
vt 0.835956 0.330442
vt 0.837825 0.330442
vt 0.837825 0.349349
vt 0.911753 0.974297
vt 0.911753 0.972429
vt 0.913266 0.972429
vt 0.913266 0.974297
vt 0.972698 0.191594
vt 0.972698 0.189725
vt 0.974211 0.189725
vt 0.974211 0.191594
vt 0.852224 0.135881
vt 0.852224 0.116974
vt 0.853737 0.116974
vt 0.853737 0.135881
vt 0.842791 0.760132
vt 0.842791 0.741225
vt 0.844660 0.741225
vt 0.844660 0.760132
vt 0.847511 0.285706
vt 0.847511 0.266799
vt 0.849024 0.266799
vt 0.849024 0.285706
vt 0.840669 0.193067
vt 0.840669 0.174160
vt 0.842538 0.174160
vt 0.842538 0.193067
vt 0.922952 0.974297
vt 0.922952 0.972428
vt 0.924465 0.972428
vt 0.924465 0.974297
vt 0.972698 0.214704
vt 0.972698 0.212835
vt 0.974211 0.212835
vt 0.974211 0.214704
vt 0.852224 0.164476
vt 0.852224 0.145568
vt 0.853737 0.145568
vt 0.853737 0.164476
vt 0.842740 0.414706
vt 0.842740 0.395800
vt 0.844608 0.395799
vt 0.844608 0.414706
vt 0.847511 0.320756
vt 0.847511 0.301848
vt 0.849024 0.301848
vt 0.849024 0.320756
vt 0.518814 0.838652
vt 0.518814 0.819746
vt 0.520682 0.819746
vt 0.520682 0.838653
vt 0.934151 0.974297
vt 0.934151 0.972429
vt 0.935664 0.972429
vt 0.935664 0.974297
vt 0.972698 0.226259
vt 0.972698 0.224390
vt 0.974211 0.224390
vt 0.974211 0.226259
vt 0.852224 0.193070
vt 0.852224 0.174162
vt 0.853737 0.174162
vt 0.853737 0.193070
vt 0.842791 0.788726
vt 0.842791 0.769819
vt 0.844660 0.769819
vt 0.844660 0.788726
vt 0.847549 0.623472
vt 0.847549 0.604565
vt 0.849062 0.604565
vt 0.849062 0.623472
vt 0.840929 0.229080
vt 0.840929 0.210173
vt 0.842797 0.210173
vt 0.842797 0.229080
vt 0.945350 0.974297
vt 0.945350 0.972429
vt 0.946863 0.972429
vt 0.946863 0.974297
vt 0.972698 0.237814
vt 0.972698 0.235946
vt 0.974211 0.235946
vt 0.974211 0.237814
vt 0.472788 0.853933
vt 0.472788 0.835025
vt 0.474300 0.835025
vt 0.474300 0.853933
vt 0.842740 0.443301
vt 0.842740 0.424394
vt 0.844608 0.424394
vt 0.844608 0.443300
vt 0.847778 0.383440
vt 0.847778 0.364533
vt 0.849291 0.364533
vt 0.849291 0.383440
vt 0.840669 0.107286
vt 0.840669 0.088380
vt 0.842538 0.088380
vt 0.842538 0.107287
vt 0.956550 0.974297
vt 0.956550 0.972429
vt 0.958062 0.972429
vt 0.958062 0.974297
vt 0.972699 0.249369
vt 0.972699 0.247501
vt 0.974211 0.247501
vt 0.974211 0.249369
vt 0.852484 0.229080
vt 0.852484 0.210173
vt 0.853997 0.210173
vt 0.853997 0.229080
vt 0.842792 0.822825
vt 0.842792 0.803918
vt 0.844660 0.803918
vt 0.844660 0.822825
vt 0.847778 0.354846
vt 0.847778 0.335938
vt 0.849291 0.335938
vt 0.849291 0.354846
vt 0.842285 0.058350
vt 0.842285 0.039443
vt 0.844153 0.039444
vt 0.844153 0.058350
vt 0.972698 0.006712
vt 0.972698 0.004843
vt 0.974211 0.004843
vt 0.974211 0.006712
vt 0.972699 0.260924
vt 0.972699 0.259056
vt 0.974211 0.259056
vt 0.974211 0.260924
vt 0.820037 0.854168
vt 0.820037 0.835260
vt 0.821550 0.835260
vt 0.821550 0.854168
vt 0.842740 0.471895
vt 0.842740 0.452988
vt 0.844608 0.452988
vt 0.844608 0.471894
vt 0.735055 0.849592
vt 0.735055 0.830684
vt 0.736568 0.830684
vt 0.736568 0.849592
vt 0.835994 0.623472
vt 0.835994 0.604565
vt 0.837862 0.604565
vt 0.837862 0.623472
vt 0.972698 0.018267
vt 0.972698 0.016398
vt 0.974211 0.016398
vt 0.974211 0.018267
vt 0.972698 0.203149
vt 0.972698 0.201280
vt 0.974211 0.201280
vt 0.974211 0.203149
vt 0.428621 0.974430
vt 0.428621 0.972429
vt 0.430134 0.972429
vt 0.430134 0.974430
vt 0.419183 0.709649
vt 0.417181 0.709648
vt 0.417181 0.579749
vt 0.419183 0.579749
vt 0.294231 0.974430
vt 0.294231 0.972429
vt 0.295744 0.972429
vt 0.295744 0.974430
vt 0.688346 0.499419
vt 0.690348 0.499419
vt 0.690348 0.629321
vt 0.688346 0.629321
vt 0.487982 0.711082
vt 0.487982 0.581176
vt 0.489495 0.581176
vt 0.489495 0.711082
vt 0.532779 0.711082
vt 0.532779 0.581176
vt 0.534292 0.581176
vt 0.534292 0.711082
vt 0.451020 0.974431
vt 0.451020 0.972429
vt 0.452532 0.972429
vt 0.452532 0.974430
vt 0.705928 0.398160
vt 0.703926 0.398160
vt 0.703926 0.268261
vt 0.705928 0.268261
vt 0.305431 0.974430
vt 0.305431 0.972429
vt 0.306943 0.972429
vt 0.306943 0.974430
vt 0.692238 0.268261
vt 0.694239 0.268261
vt 0.694239 0.398163
vt 0.692238 0.398163
vt 0.499182 0.711082
vt 0.499182 0.581176
vt 0.500694 0.581176
vt 0.500694 0.711082
vt 0.543978 0.711082
vt 0.543978 0.581176
vt 0.545491 0.581176
vt 0.545491 0.711082
vt 0.985200 0.436682
vt 0.984029 0.436675
vt 0.984029 0.435162
vt 0.985200 0.435170
vt 0.777732 0.767509
vt 0.776308 0.767509
vt 0.776308 0.741225
vt 0.777732 0.741225
vt 0.985203 0.492707
vt 0.984029 0.492708
vt 0.984029 0.491195
vt 0.985203 0.491194
vt 0.026096 0.738118
vt 0.027520 0.738118
vt 0.027520 0.764403
vt 0.026096 0.764403
vt 0.822169 0.659568
vt 0.822169 0.637917
vt 0.823682 0.637921
vt 0.823682 0.659572
vt 0.478296 0.718094
vt 0.478296 0.739745
vt 0.476783 0.739754
vt 0.476783 0.718102
vt 0.985203 0.313404
vt 0.984029 0.313411
vt 0.984029 0.311899
vt 0.985203 0.311891
vt 0.787418 0.741225
vt 0.788842 0.741225
vt 0.788842 0.767507
vt 0.787418 0.767507
vt 0.985200 0.638312
vt 0.984029 0.638310
vt 0.984029 0.636798
vt 0.985200 0.636799
vt 0.780140 0.708486
vt 0.778716 0.708486
vt 0.778716 0.682203
vt 0.780140 0.682203
vt 0.702848 0.802405
vt 0.702848 0.824056
vt 0.701336 0.824060
vt 0.701336 0.802409
vt 0.812889 0.026495
vt 0.812889 0.004843
vt 0.814402 0.004852
vt 0.814402 0.026503
vt 0.985200 0.447889
vt 0.984029 0.447881
vt 0.984029 0.446369
vt 0.985200 0.446376
vt 0.724345 0.778630
vt 0.722922 0.778630
vt 0.722922 0.752346
vt 0.724345 0.752346
vt 0.985203 0.503907
vt 0.984029 0.503908
vt 0.984029 0.502396
vt 0.985203 0.502395
vt 0.360279 0.741499
vt 0.361703 0.741499
vt 0.361703 0.767784
vt 0.360279 0.767784
vt 0.507615 0.824422
vt 0.507615 0.802771
vt 0.509127 0.802776
vt 0.509127 0.824427
vt 0.006356 0.796231
vt 0.006356 0.817883
vt 0.004843 0.817891
vt 0.004843 0.796240
vt 0.985203 0.324610
vt 0.984029 0.324618
vt 0.984029 0.323105
vt 0.985203 0.323098
vt 0.038441 0.760259
vt 0.039865 0.760260
vt 0.039865 0.786542
vt 0.038441 0.786542
vt 0.985200 0.627111
vt 0.984029 0.627110
vt 0.984029 0.625598
vt 0.985200 0.625599
vt 0.786364 0.114663
vt 0.784940 0.114663
vt 0.784940 0.088380
vt 0.786364 0.088380
vt 0.474300 0.803683
vt 0.474300 0.825334
vt 0.472788 0.825338
vt 0.472788 0.803687
vt 0.248830 0.818013
vt 0.248830 0.796362
vt 0.250342 0.796371
vt 0.250342 0.818022
vt 0.985200 0.481508
vt 0.984029 0.481501
vt 0.984029 0.479988
vt 0.985200 0.479995
vt 0.771341 0.366488
vt 0.769918 0.366488
vt 0.769918 0.340203
vt 0.771341 0.340203
vt 0.985203 0.515108
vt 0.984029 0.515109
vt 0.984029 0.513596
vt 0.985203 0.513595
vt 0.767330 0.637917
vt 0.768753 0.637917
vt 0.768753 0.664201
vt 0.767330 0.664201
vt 0.824757 0.288450
vt 0.824757 0.266799
vt 0.826270 0.266803
vt 0.826270 0.288455
vt 0.309776 0.796877
vt 0.309776 0.818529
vt 0.308263 0.818537
vt 0.308263 0.796886
vt 0.985203 0.290991
vt 0.984029 0.290998
vt 0.984029 0.289486
vt 0.985203 0.289479
vt 0.785200 0.210173
vt 0.786623 0.210173
vt 0.786623 0.236455
vt 0.785200 0.236455
vt 0.985200 0.649512
vt 0.984029 0.649511
vt 0.984029 0.647998
vt 0.985200 0.647999
vt 0.786364 0.150634
vt 0.784940 0.150634
vt 0.784940 0.124351
vt 0.786364 0.124351
vt 0.825507 0.499418
vt 0.825507 0.521070
vt 0.823994 0.521074
vt 0.823994 0.499423
vt 0.756308 0.818845
vt 0.756308 0.797194
vt 0.757821 0.797202
vt 0.757821 0.818854
vt 0.985200 0.470301
vt 0.984029 0.470294
vt 0.984029 0.468782
vt 0.985200 0.468789
vt 0.776968 0.422084
vt 0.775545 0.422084
vt 0.775545 0.395800
vt 0.776968 0.395800
vt 0.985203 0.526308
vt 0.984029 0.526309
vt 0.984029 0.524796
vt 0.985203 0.524795
vt 0.769320 0.535390
vt 0.770744 0.535390
vt 0.770744 0.561674
vt 0.769320 0.561674
vt 0.824088 0.026494
vt 0.824088 0.004843
vt 0.825601 0.004848
vt 0.825601 0.026499
vt 0.819783 0.088380
vt 0.819783 0.110031
vt 0.818271 0.110040
vt 0.818271 0.088388
vt 0.985203 0.268578
vt 0.984029 0.268586
vt 0.984029 0.267073
vt 0.985203 0.267066
vt 0.786200 0.039443
vt 0.787623 0.039444
vt 0.787623 0.065726
vt 0.786200 0.065726
vt 0.985200 0.660712
vt 0.984029 0.660711
vt 0.984029 0.659198
vt 0.985200 0.659199
vt 0.781854 0.597644
vt 0.780430 0.597644
vt 0.780430 0.571361
vt 0.781854 0.571361
vt 0.825507 0.530761
vt 0.825507 0.552412
vt 0.823994 0.552416
vt 0.823994 0.530765
vt 0.813596 0.626216
vt 0.813596 0.604565
vt 0.815108 0.604574
vt 0.815108 0.626225
vt 0.985200 0.459095
vt 0.984029 0.459088
vt 0.984029 0.457575
vt 0.985200 0.457582
vt 0.771341 0.330516
vt 0.769918 0.330516
vt 0.769918 0.304232
vt 0.771341 0.304232
vt 0.985203 0.537508
vt 0.984029 0.537509
vt 0.984029 0.535997
vt 0.985203 0.535996
vt 0.769320 0.571361
vt 0.770744 0.571361
vt 0.770744 0.597646
vt 0.769320 0.597646
vt 0.823994 0.583754
vt 0.823994 0.562103
vt 0.825507 0.562108
vt 0.825507 0.583759
vt 0.039953 0.796228
vt 0.039953 0.817880
vt 0.038441 0.817888
vt 0.038441 0.796237
vt 0.985203 0.279785
vt 0.984029 0.279792
vt 0.984029 0.278279
vt 0.985203 0.278272
vt 0.756308 0.761225
vt 0.757732 0.761225
vt 0.757732 0.787507
vt 0.756308 0.787507
vt 0.985200 0.671912
vt 0.984029 0.671911
vt 0.984029 0.670399
vt 0.985200 0.670400
vt 0.786364 0.186605
vt 0.784940 0.186605
vt 0.784940 0.160322
vt 0.786364 0.160322
vt 0.826270 0.301848
vt 0.826270 0.323499
vt 0.824757 0.323504
vt 0.824757 0.301853
vt 0.818271 0.141378
vt 0.818271 0.119726
vt 0.819784 0.119735
vt 0.819784 0.141386
vt 0.985200 0.425476
vt 0.984029 0.425468
vt 0.984029 0.423956
vt 0.985200 0.423963
vt 0.775254 0.186607
vt 0.773830 0.186607
vt 0.773830 0.160322
vt 0.775254 0.160322
vt 0.985203 0.548708
vt 0.984029 0.548709
vt 0.984029 0.547197
vt 0.985203 0.547196
vt 0.059694 0.738116
vt 0.061118 0.738116
vt 0.061118 0.764400
vt 0.059694 0.764400
vt 0.822280 0.703854
vt 0.822280 0.682203
vt 0.823793 0.682207
vt 0.823793 0.703858
vt 0.239143 0.796362
vt 0.239143 0.818013
vt 0.237631 0.818022
vt 0.237631 0.796371
vt 0.985203 0.335817
vt 0.984029 0.335824
vt 0.984029 0.334312
vt 0.985203 0.334304
vt 0.786655 0.395800
vt 0.788078 0.395800
vt 0.788078 0.422082
vt 0.786655 0.422082
vt 0.985200 0.683113
vt 0.984029 0.683112
vt 0.984029 0.681599
vt 0.985200 0.681600
vt 0.781854 0.525701
vt 0.780430 0.525701
vt 0.780430 0.499418
vt 0.781854 0.499418
vt 0.821550 0.803918
vt 0.821550 0.825569
vt 0.820037 0.825573
vt 0.820037 0.803922
vt 0.818271 0.172724
vt 0.818271 0.151073
vt 0.819783 0.151081
vt 0.819783 0.172733
vt 0.664346 0.849864
vt 0.664346 0.830956
vt 0.665859 0.830956
vt 0.665859 0.849864
vt 0.338728 0.844786
vt 0.338728 0.825879
vt 0.340596 0.825879
vt 0.340596 0.844786
vt 0.844924 0.656824
vt 0.844924 0.637917
vt 0.846436 0.637917
vt 0.846436 0.656824
vt 0.437068 0.838063
vt 0.437068 0.819156
vt 0.438936 0.819156
vt 0.438936 0.838063
vt 0.866956 0.974297
vt 0.866956 0.972429
vt 0.868469 0.972429
vt 0.868469 0.974297
vt 0.972698 0.272479
vt 0.972698 0.270611
vt 0.974211 0.270611
vt 0.974211 0.272479
vt 0.538581 0.850233
vt 0.538581 0.831325
vt 0.540094 0.831325
vt 0.540094 0.850233
vt 0.676880 0.844997
vt 0.676880 0.826090
vt 0.678748 0.826090
vt 0.678748 0.844996
vt 0.845034 0.701110
vt 0.845034 0.682203
vt 0.846547 0.682203
vt 0.846547 0.701110
vt 0.638099 0.844049
vt 0.638099 0.825142
vt 0.639967 0.825142
vt 0.639967 0.844049
vt 0.878155 0.974297
vt 0.878155 0.972429
vt 0.879668 0.972429
vt 0.879668 0.974297
vt 0.972698 0.284035
vt 0.972698 0.282166
vt 0.974211 0.282166
vt 0.974211 0.284035
vt 0.831237 0.851420
vt 0.831237 0.832512
vt 0.832749 0.832512
vt 0.832749 0.851420
vt 0.688435 0.844997
vt 0.688435 0.826090
vt 0.690303 0.826090
vt 0.690303 0.844996
vt 0.845034 0.729704
vt 0.845034 0.710797
vt 0.846547 0.710797
vt 0.846547 0.729704
vt 0.840669 0.135880
vt 0.840669 0.116973
vt 0.842538 0.116973
vt 0.842538 0.135880
vt 0.972698 0.029822
vt 0.972698 0.027954
vt 0.974211 0.027954
vt 0.974211 0.029822
vt 0.972698 0.295590
vt 0.972698 0.293721
vt 0.974211 0.293721
vt 0.974211 0.295590
vt 0.842792 0.851419
vt 0.842792 0.832511
vt 0.844304 0.832511
vt 0.844304 0.851419
vt 0.455186 0.845330
vt 0.455186 0.826423
vt 0.457054 0.826423
vt 0.457054 0.845330
vt 0.226088 0.847504
vt 0.226088 0.828596
vt 0.227600 0.828596
vt 0.227600 0.847504
vt 0.649654 0.844049
vt 0.649654 0.825142
vt 0.651523 0.825142
vt 0.651523 0.844049
vt 0.972698 0.133818
vt 0.972698 0.131950
vt 0.974211 0.131950
vt 0.974211 0.133818
vt 0.972699 0.307145
vt 0.972699 0.305276
vt 0.974211 0.305276
vt 0.974211 0.307145
vt 0.591483 0.852267
vt 0.591483 0.833359
vt 0.592995 0.833359
vt 0.592995 0.852267
vt 0.415538 0.846248
vt 0.415538 0.827341
vt 0.417407 0.827341
vt 0.417407 0.846247
vt 0.846748 0.518326
vt 0.846748 0.499419
vt 0.848261 0.499419
vt 0.848261 0.518326
vt 0.840669 0.164473
vt 0.840669 0.145567
vt 0.842538 0.145567
vt 0.842538 0.164473
vt 0.972698 0.041377
vt 0.972698 0.039509
vt 0.974211 0.039509
vt 0.974211 0.041377
vt 0.972698 0.318700
vt 0.972698 0.316831
vt 0.974211 0.316831
vt 0.974211 0.318700
vt 0.701336 0.852655
vt 0.701336 0.833747
vt 0.702849 0.833747
vt 0.702849 0.852655
vt 0.004843 0.846485
vt 0.004843 0.827578
vt 0.006712 0.827578
vt 0.006712 0.846485
vt 0.846843 0.023751
vt 0.846843 0.004843
vt 0.848355 0.004843
vt 0.848355 0.023751
vt 0.616569 0.844080
vt 0.616569 0.825173
vt 0.618438 0.825174
vt 0.618438 0.844080
vt 0.889355 0.974297
vt 0.889355 0.972429
vt 0.890867 0.972429
vt 0.890867 0.974297
vt 0.972698 0.330255
vt 0.972698 0.328387
vt 0.974211 0.328387
vt 0.974211 0.330255
vt 0.507615 0.853021
vt 0.507615 0.834114
vt 0.509127 0.834114
vt 0.509127 0.853021
vt 0.038441 0.846482
vt 0.038441 0.827575
vt 0.040309 0.827575
vt 0.040309 0.846482
vt 0.846748 0.546920
vt 0.846748 0.528013
vt 0.848261 0.528013
vt 0.848261 0.546920
vt 0.836223 0.383439
vt 0.836223 0.364533
vt 0.838092 0.364533
vt 0.838092 0.383439
vt 0.900554 0.974297
vt 0.900554 0.972429
vt 0.902066 0.972429
vt 0.902066 0.974297
vt 0.972698 0.341810
vt 0.972698 0.339942
vt 0.974211 0.339942
vt 0.974211 0.341810
vt 0.417422 0.974430
vt 0.417422 0.972429
vt 0.418935 0.972428
vt 0.418935 0.974430
vt 0.430872 0.709649
vt 0.428870 0.709649
vt 0.428870 0.579749
vt 0.430872 0.579749
vt 0.316630 0.974430
vt 0.316630 0.972429
vt 0.318142 0.972429
vt 0.318142 0.974430
vt 0.695492 0.088380
vt 0.697494 0.088380
vt 0.697494 0.218282
vt 0.695492 0.218282
vt 0.510381 0.711082
vt 0.510381 0.581176
vt 0.511893 0.581176
vt 0.511893 0.711082
vt 0.711723 0.629324
vt 0.711723 0.499419
vt 0.713235 0.499419
vt 0.713235 0.629324
vt 0.439821 0.974430
vt 0.439821 0.972429
vt 0.441333 0.972428
vt 0.441333 0.974430
vt 0.709182 0.218279
vt 0.707180 0.218279
vt 0.707180 0.088380
vt 0.709182 0.088380
vt 0.283032 0.974430
vt 0.283032 0.972429
vt 0.284545 0.972428
vt 0.284545 0.974430
vt 0.700034 0.499419
vt 0.702036 0.499419
vt 0.702036 0.629321
vt 0.700034 0.629321
vt 0.521580 0.711082
vt 0.521580 0.581176
vt 0.523093 0.581176
vt 0.523093 0.711082
vt 0.715615 0.398166
vt 0.715615 0.268261
vt 0.717127 0.268261
vt 0.717127 0.398166
vt 0.985200 0.380650
vt 0.984029 0.380643
vt 0.984029 0.379130
vt 0.985200 0.379137
vt 0.775513 0.236457
vt 0.774090 0.236457
vt 0.774090 0.210173
vt 0.775513 0.210173
vt 0.985203 0.559909
vt 0.984029 0.559910
vt 0.984029 0.558397
vt 0.985203 0.558396
vt 0.767606 0.682203
vt 0.769030 0.682203
vt 0.769030 0.708487
vt 0.767606 0.708487
vt 0.118006 0.828008
vt 0.118006 0.806357
vt 0.119519 0.806362
vt 0.119519 0.828013
vt 0.821498 0.458493
vt 0.821498 0.480144
vt 0.819986 0.480153
vt 0.819986 0.458501
vt 0.985203 0.257372
vt 0.984029 0.257379
vt 0.984029 0.255867
vt 0.985203 0.255859
vt 0.272886 0.760082
vt 0.274310 0.760082
vt 0.274310 0.786364
vt 0.272886 0.786364
vt 0.985200 0.694313
vt 0.984029 0.694312
vt 0.984029 0.692799
vt 0.985200 0.692800
vt 0.779864 0.664200
vt 0.778440 0.664200
vt 0.778440 0.637917
vt 0.779864 0.637917
vt 0.826270 0.333190
vt 0.826270 0.354841
vt 0.824757 0.354846
vt 0.824757 0.333195
vt 0.819985 0.417451
vt 0.819985 0.395799
vt 0.821498 0.395808
vt 0.821498 0.417459
vt 0.985200 0.391856
vt 0.984029 0.391849
vt 0.984029 0.390336
vt 0.985200 0.390344
vt 0.775253 0.114664
vt 0.773830 0.114664
vt 0.773830 0.088380
vt 0.775253 0.088380
vt 0.985203 0.571109
vt 0.984029 0.571110
vt 0.984029 0.569597
vt 0.985203 0.569596
vt 0.580373 0.743489
vt 0.581796 0.743489
vt 0.581796 0.769773
vt 0.580373 0.769773
vt 0.554869 0.828148
vt 0.554869 0.806497
vt 0.556382 0.806501
vt 0.556382 0.828152
vt 0.821550 0.741225
vt 0.821550 0.762876
vt 0.820037 0.762885
vt 0.820037 0.741233
vt 0.985203 0.223753
vt 0.984029 0.223760
vt 0.984029 0.222247
vt 0.985203 0.222240
vt 0.004843 0.760262
vt 0.006267 0.760262
vt 0.006267 0.786545
vt 0.004843 0.786545
vt 0.985200 0.705513
vt 0.984029 0.705512
vt 0.984029 0.704000
vt 0.985200 0.704001
vt 0.782452 0.330515
vt 0.781028 0.330515
vt 0.781028 0.304232
vt 0.782452 0.304232
vt 0.567581 0.806496
vt 0.567581 0.828147
vt 0.566068 0.828152
vt 0.566068 0.806501
vt 0.819985 0.448797
vt 0.819985 0.427146
vt 0.821498 0.427155
vt 0.821498 0.448806
vt 0.985200 0.403063
vt 0.984029 0.403055
vt 0.984029 0.401543
vt 0.985200 0.401550
vt 0.438491 0.775883
vt 0.437068 0.775883
vt 0.437068 0.749599
vt 0.438491 0.749599
vt 0.985203 0.615910
vt 0.984029 0.615911
vt 0.984029 0.614398
vt 0.985203 0.614397
vt 0.769320 0.499419
vt 0.770744 0.499419
vt 0.770744 0.525703
vt 0.769320 0.525703
vt 0.325853 0.830857
vt 0.325853 0.809206
vt 0.327365 0.809211
vt 0.327365 0.830862
vt 0.821550 0.772571
vt 0.821550 0.794223
vt 0.820037 0.794231
vt 0.820037 0.772580
vt 0.985203 0.234959
vt 0.984029 0.234966
vt 0.984029 0.233454
vt 0.985203 0.233446
vt 0.735055 0.763369
vt 0.736479 0.763369
vt 0.736479 0.789651
vt 0.735055 0.789651
vt 0.985200 0.750314
vt 0.984029 0.750313
vt 0.984029 0.748801
vt 0.985200 0.748802
vt 0.782452 0.294544
vt 0.781028 0.294544
vt 0.781028 0.268261
vt 0.782452 0.268261
vt 0.718295 0.809570
vt 0.718295 0.831221
vt 0.716782 0.831225
vt 0.716782 0.809574
vt 0.538581 0.821630
vt 0.538581 0.799979
vt 0.540094 0.799987
vt 0.540094 0.821639
vt 0.985200 0.358237
vt 0.984029 0.358230
vt 0.984029 0.356717
vt 0.985200 0.356724
vt 0.776968 0.458055
vt 0.775545 0.458055
vt 0.775545 0.431771
vt 0.776968 0.431771
vt 0.985203 0.582309
vt 0.984029 0.582310
vt 0.984029 0.580798
vt 0.985203 0.580797
vt 0.764434 0.431771
vt 0.765858 0.431771
vt 0.765858 0.458055
vt 0.764434 0.458055
vt 0.829470 0.110031
vt 0.829470 0.088380
vt 0.830983 0.088384
vt 0.830983 0.110035
vt 0.820043 0.210173
vt 0.820043 0.231824
vt 0.818531 0.231833
vt 0.818531 0.210182
vt 0.985203 0.347023
vt 0.984029 0.347030
vt 0.984029 0.345518
vt 0.985203 0.345511
vt 0.789550 0.637917
vt 0.790974 0.637917
vt 0.790974 0.664199
vt 0.789550 0.664199
vt 0.985200 0.716713
vt 0.984029 0.716712
vt 0.984029 0.715200
vt 0.985200 0.715201
vt 0.263199 0.786365
vt 0.261776 0.786365
vt 0.261776 0.760082
vt 0.263199 0.760082
vt 0.830983 0.119726
vt 0.830983 0.141377
vt 0.829470 0.141382
vt 0.829470 0.119731
vt 0.819531 0.061095
vt 0.819531 0.039443
vt 0.821043 0.039452
vt 0.821043 0.061103
vt 0.985200 0.414269
vt 0.984029 0.414262
vt 0.984029 0.412749
vt 0.985200 0.412757
vt 0.775254 0.150635
vt 0.773830 0.150635
vt 0.773830 0.124351
vt 0.775254 0.124351
vt 0.985203 0.593509
vt 0.984029 0.593510
vt 0.984029 0.591998
vt 0.985203 0.591997
vt 0.769918 0.268261
vt 0.771341 0.268261
vt 0.771341 0.294545
vt 0.769918 0.294545
vt 0.184219 0.831584
vt 0.184219 0.809933
vt 0.185731 0.809938
vt 0.185731 0.831589
vt 0.736568 0.799338
vt 0.736568 0.820989
vt 0.735055 0.820997
vt 0.735055 0.799346
vt 0.985203 0.302198
vt 0.984029 0.302205
vt 0.984029 0.300692
vt 0.985203 0.300685
vt 0.786655 0.431771
vt 0.788078 0.431771
vt 0.788078 0.458053
vt 0.786655 0.458053
vt 0.985200 0.727914
vt 0.984029 0.727913
vt 0.984029 0.726400
vt 0.985200 0.726401
vt 0.781854 0.561673
vt 0.780430 0.561673
vt 0.780430 0.535390
vt 0.781854 0.535390
vt 0.830983 0.151073
vt 0.830983 0.172724
vt 0.829470 0.172728
vt 0.829470 0.151077
vt 0.591483 0.823664
vt 0.591483 0.802013
vt 0.592995 0.802021
vt 0.592995 0.823673
vt 0.985200 0.369443
vt 0.984029 0.369436
vt 0.984029 0.367924
vt 0.985200 0.367931
vt 0.776513 0.065728
vt 0.775090 0.065728
vt 0.775090 0.039443
vt 0.776513 0.039443
vt 0.985203 0.604710
vt 0.984029 0.604711
vt 0.984029 0.603198
vt 0.985203 0.603197
vt 0.764434 0.395800
vt 0.765858 0.395800
vt 0.765858 0.422084
vt 0.764434 0.422084
vt 0.829730 0.231824
vt 0.829730 0.210173
vt 0.831242 0.210177
vt 0.831242 0.231828
vt 0.604194 0.802013
vt 0.604194 0.823664
vt 0.602682 0.823673
vt 0.602682 0.802021
vt 0.985203 0.246165
vt 0.984029 0.246173
vt 0.984029 0.244660
vt 0.985203 0.244653
vt 0.664346 0.763641
vt 0.665770 0.763641
vt 0.665770 0.789923
vt 0.664346 0.789923
vt 0.985200 0.739114
vt 0.984029 0.739113
vt 0.984029 0.737600
vt 0.985200 0.737601
vt 0.782452 0.366486
vt 0.781028 0.366486
vt 0.781028 0.340203
vt 0.782452 0.340203
vt 0.826307 0.604565
vt 0.826307 0.626216
vt 0.824795 0.626221
vt 0.824795 0.604569
vt 0.664346 0.821261
vt 0.664346 0.799610
vt 0.665859 0.799619
vt 0.665859 0.821270
vt 0.831237 0.822825
vt 0.831237 0.803918
vt 0.833105 0.803918
vt 0.833105 0.822825
vt 0.856234 0.701110
vt 0.856234 0.682203
vt 0.857746 0.682203
vt 0.857746 0.701109
vt 0.775863 0.829691
vt 0.775863 0.810783
vt 0.777732 0.810783
vt 0.777732 0.829691
vt 0.853840 0.058350
vt 0.853840 0.039443
vt 0.855352 0.039444
vt 0.855352 0.058350
vt 0.972698 0.074174
vt 0.974211 0.074174
vt 0.974211 0.076043
vt 0.972698 0.076043
vt 0.972698 0.351497
vt 0.974211 0.351497
vt 0.974211 0.353365
vt 0.972698 0.353365
vt 0.261776 0.833811
vt 0.261776 0.814903
vt 0.263644 0.814903
vt 0.263644 0.833811
vt 0.856234 0.729704
vt 0.856234 0.710797
vt 0.857746 0.710797
vt 0.857746 0.729704
vt 0.074698 0.831543
vt 0.074698 0.812636
vt 0.076566 0.812636
vt 0.076566 0.831543
vt 0.853991 0.851418
vt 0.853991 0.832511
vt 0.855503 0.832512
vt 0.855503 0.851418
vt 0.972698 0.143505
vt 0.974211 0.143505
vt 0.974211 0.145373
vt 0.972698 0.145373
vt 0.972698 0.409272
vt 0.974211 0.409272
vt 0.974211 0.411141
vt 0.972698 0.411141
vt 0.273331 0.833811
vt 0.273331 0.814903
vt 0.275199 0.814903
vt 0.275199 0.833811
vt 0.139983 0.858157
vt 0.139983 0.839250
vt 0.141495 0.839250
vt 0.141495 0.858156
vt 0.579928 0.831955
vt 0.579928 0.813047
vt 0.581796 0.813047
vt 0.581796 0.831955
vt 0.854295 0.414706
vt 0.854295 0.395800
vt 0.855807 0.395800
vt 0.855807 0.414706
vt 0.972698 0.062619
vt 0.974211 0.062619
vt 0.974211 0.064487
vt 0.972698 0.064487
vt 0.972698 0.420827
vt 0.974211 0.420827
vt 0.974211 0.422696
vt 0.972698 0.422696
vt 0.835193 0.518326
vt 0.835193 0.499419
vt 0.837062 0.499419
vt 0.837062 0.518326
vt 0.163360 0.858152
vt 0.163360 0.839246
vt 0.164872 0.839245
vt 0.164872 0.858152
vt 0.296574 0.828936
vt 0.296574 0.810029
vt 0.298443 0.810029
vt 0.298443 0.828936
vt 0.854295 0.443300
vt 0.854295 0.424394
vt 0.855807 0.424394
vt 0.855807 0.443300
vt 0.972698 0.051064
vt 0.974211 0.051064
vt 0.974211 0.052932
vt 0.972698 0.052932
vt 0.972698 0.455492
vt 0.974211 0.455492
vt 0.974211 0.457361
vt 0.972698 0.457361
vt 0.831236 0.760132
vt 0.831236 0.741225
vt 0.833105 0.741225
vt 0.833105 0.760132
vt 0.151671 0.858156
vt 0.151671 0.839249
vt 0.153184 0.839249
vt 0.153184 0.858156
vt 0.053214 0.833104
vt 0.053214 0.814197
vt 0.055083 0.814197
vt 0.055083 0.833104
vt 0.854295 0.471894
vt 0.854295 0.452988
vt 0.855807 0.452988
vt 0.855807 0.471895
vt 0.833358 0.972429
vt 0.834871 0.972429
vt 0.834871 0.974297
vt 0.833358 0.974297
vt 0.972698 0.363052
vt 0.974211 0.363052
vt 0.974211 0.364920
vt 0.972698 0.364920
vt 0.835193 0.546920
vt 0.835193 0.528013
vt 0.837062 0.528013
vt 0.837062 0.546920
vt 0.284886 0.858196
vt 0.284886 0.839290
vt 0.286398 0.839290
vt 0.286398 0.858196
vt 0.386144 0.833050
vt 0.386144 0.814142
vt 0.388013 0.814142
vt 0.388013 0.833050
vt 0.854347 0.760132
vt 0.854347 0.741225
vt 0.855859 0.741225
vt 0.855859 0.760132
vt 0.972698 0.166615
vt 0.974211 0.166615
vt 0.974211 0.168483
vt 0.972698 0.168483
vt 0.972698 0.467047
vt 0.974211 0.467047
vt 0.974211 0.468916
vt 0.972698 0.468916
vt 0.835193 0.575514
vt 0.835193 0.556607
vt 0.837062 0.556607
vt 0.837062 0.575514
vt 0.775863 0.858284
vt 0.775863 0.839377
vt 0.777376 0.839377
vt 0.777376 0.858284
vt 0.831185 0.414707
vt 0.831185 0.395799
vt 0.833053 0.395799
vt 0.833053 0.414707
vt 0.854347 0.788726
vt 0.854347 0.769819
vt 0.855859 0.769819
vt 0.855859 0.788726
vt 0.972698 0.085729
vt 0.974211 0.085729
vt 0.974211 0.087598
vt 0.972698 0.087598
vt 0.972698 0.478603
vt 0.974211 0.478603
vt 0.974211 0.480471
vt 0.972698 0.480471
vt 0.165362 0.723707
vt 0.163360 0.723707
vt 0.163360 0.611601
vt 0.165362 0.611601
vt 0.350227 0.974431
vt 0.350227 0.972429
vt 0.351740 0.972428
vt 0.351740 0.974430
vt 0.321954 0.722468
vt 0.319952 0.722468
vt 0.319952 0.610358
vt 0.321954 0.610358
vt 0.361426 0.974430
vt 0.361426 0.972428
vt 0.362939 0.972429
vt 0.362939 0.974430
vt 0.726814 0.268261
vt 0.728326 0.268261
vt 0.728326 0.380370
vt 0.726814 0.380370
vt 0.038441 0.616323
vt 0.039954 0.616323
vt 0.039954 0.728429
vt 0.038441 0.728429
vt 0.188739 0.723707
vt 0.186737 0.723707
vt 0.186737 0.611601
vt 0.188739 0.611601
vt 0.406223 0.974431
vt 0.406223 0.972429
vt 0.407736 0.972429
vt 0.407736 0.974430
vt 0.310265 0.722468
vt 0.308263 0.722468
vt 0.308263 0.610358
vt 0.310265 0.610358
vt 0.327829 0.974430
vt 0.327829 0.972429
vt 0.329342 0.972429
vt 0.329342 0.974431
vt 0.004843 0.616323
vt 0.006356 0.616323
vt 0.006356 0.728432
vt 0.004843 0.728432
vt 0.049640 0.616323
vt 0.051153 0.616323
vt 0.051153 0.728429
vt 0.049640 0.728429
vt 0.803909 0.556906
vt 0.802486 0.556906
vt 0.802486 0.533006
vt 0.803909 0.533006
vt 0.985150 0.817553
vt 0.984029 0.817561
vt 0.984029 0.816049
vt 0.985150 0.816040
vt 0.184219 0.776346
vt 0.185642 0.776346
vt 0.185642 0.800247
vt 0.184219 0.800247
vt 0.984029 0.905701
vt 0.985150 0.905707
vt 0.985150 0.907220
vt 0.984029 0.907213
vt 0.437068 0.847750
vt 0.438580 0.847750
vt 0.438580 0.866500
vt 0.437068 0.866500
vt 0.858711 0.301848
vt 0.860223 0.301848
vt 0.860223 0.320656
vt 0.858711 0.320656
vt 0.808420 0.039444
vt 0.809844 0.039443
vt 0.809844 0.063343
vt 0.808420 0.063344
vt 0.124306 0.987166
vt 0.123201 0.987157
vt 0.123201 0.985645
vt 0.124306 0.985654
vt 0.797734 0.234074
vt 0.796310 0.234074
vt 0.796310 0.210173
vt 0.797734 0.210173
vt 0.241906 0.985651
vt 0.243011 0.985645
vt 0.243011 0.987157
vt 0.241906 0.987164
vt 0.865546 0.803918
vt 0.867058 0.803918
vt 0.867058 0.822538
vt 0.865546 0.822538
vt 0.676880 0.854683
vt 0.678392 0.854683
vt 0.678392 0.873244
vt 0.676880 0.873244
vt 0.777732 0.801096
vt 0.776308 0.801096
vt 0.776308 0.777196
vt 0.777732 0.777196
vt 0.985150 0.828761
vt 0.984029 0.828769
vt 0.984029 0.827257
vt 0.985150 0.827248
vt 0.195329 0.776346
vt 0.196753 0.776346
vt 0.196753 0.800247
vt 0.195329 0.800247
vt 0.984029 0.961729
vt 0.985150 0.961735
vt 0.985150 0.963248
vt 0.984029 0.963241
vt 0.865190 0.832511
vt 0.866703 0.832511
vt 0.866703 0.851261
vt 0.865190 0.851261
vt 0.858748 0.604565
vt 0.860261 0.604565
vt 0.860261 0.623373
vt 0.858748 0.623373
vt 0.808875 0.395800
vt 0.810299 0.395800
vt 0.810299 0.419700
vt 0.808875 0.419700
vt 0.091931 0.987166
vt 0.090827 0.987157
vt 0.090827 0.985645
vt 0.091931 0.985654
vt 0.474212 0.793996
vt 0.472788 0.793996
vt 0.472788 0.770095
vt 0.474212 0.770095
vt 0.317445 0.985651
vt 0.318550 0.985645
vt 0.318550 0.987157
vt 0.317445 0.987164
vt 0.867322 0.637917
vt 0.868835 0.637917
vt 0.868835 0.656537
vt 0.867322 0.656537
vt 0.688079 0.854683
vt 0.689592 0.854683
vt 0.689592 0.873244
vt 0.688079 0.873244
vt 0.802195 0.706103
vt 0.800771 0.706103
vt 0.800771 0.682203
vt 0.802195 0.682203
vt 0.985150 0.851176
vt 0.984029 0.851185
vt 0.984029 0.849672
vt 0.985150 0.849664
vt 0.798529 0.774812
vt 0.799952 0.774812
vt 0.799952 0.798713
vt 0.798529 0.798713
vt 0.984029 0.972934
vt 0.985150 0.972941
vt 0.985150 0.974453
vt 0.984029 0.974447
vt 0.863423 0.145253
vt 0.864936 0.145253
vt 0.864936 0.164003
vt 0.863423 0.164003
vt 0.858977 0.335938
vt 0.860490 0.335938
vt 0.860490 0.354746
vt 0.858977 0.354746
vt 0.807161 0.121967
vt 0.808584 0.121967
vt 0.808584 0.145867
vt 0.807161 0.145867
vt 0.189055 0.987166
vt 0.187950 0.987157
vt 0.187950 0.985645
vt 0.189055 0.985654
vt 0.793562 0.325749
vt 0.792138 0.325749
vt 0.792138 0.301848
vt 0.793562 0.301848
vt 0.295863 0.985651
vt 0.296967 0.985645
vt 0.296967 0.987157
vt 0.295863 0.987164
vt 0.867433 0.682203
vt 0.868945 0.682203
vt 0.868945 0.700823
vt 0.867433 0.700823
vt 0.870177 0.335938
vt 0.871689 0.335938
vt 0.871689 0.354499
vt 0.870177 0.354499
vt 0.803203 0.028744
vt 0.801779 0.028744
vt 0.801779 0.004843
vt 0.803203 0.004843
vt 0.985150 0.772721
vt 0.984029 0.772730
vt 0.984029 0.771217
vt 0.985150 0.771209
vt 0.163360 0.776397
vt 0.164783 0.776397
vt 0.164783 0.800297
vt 0.163360 0.800297
vt 0.004843 0.985645
vt 0.005964 0.985651
vt 0.005964 0.987163
vt 0.004843 0.987157
vt 0.863423 0.088380
vt 0.864936 0.088380
vt 0.864936 0.107130
vt 0.863423 0.107130
vt 0.184219 0.841275
vt 0.185731 0.841275
vt 0.185731 0.860083
vt 0.184219 0.860083
vt 0.803248 0.301848
vt 0.804672 0.301848
vt 0.804672 0.325748
vt 0.803248 0.325748
vt 0.102723 0.987166
vt 0.101618 0.987157
vt 0.101618 0.985645
vt 0.102723 0.985654
vt 0.793562 0.359336
vt 0.792138 0.359336
vt 0.792138 0.335436
vt 0.793562 0.335436
vt 0.263489 0.985651
vt 0.264594 0.985645
vt 0.264594 0.987157
vt 0.263489 0.987164
vt 0.865546 0.741225
vt 0.867058 0.741225
vt 0.867058 0.759845
vt 0.865546 0.759845
vt 0.870177 0.364433
vt 0.871689 0.364433
vt 0.871689 0.382994
vt 0.870177 0.382994
vt 0.803909 0.590493
vt 0.802486 0.590493
vt 0.802486 0.566593
vt 0.803909 0.566593
vt 0.985150 0.884800
vt 0.984029 0.884809
vt 0.984029 0.883296
vt 0.985150 0.883287
vt 0.325853 0.775619
vt 0.327276 0.775619
vt 0.327276 0.799520
vt 0.325853 0.799520
vt 0.984029 0.939318
vt 0.985150 0.939324
vt 0.985150 0.940836
vt 0.984029 0.940830
vt 0.863423 0.173689
vt 0.864936 0.173689
vt 0.864936 0.192439
vt 0.863423 0.192439
vt 0.579928 0.841641
vt 0.581440 0.841641
vt 0.581440 0.860449
vt 0.579928 0.860449
vt 0.808875 0.462974
vt 0.810299 0.462974
vt 0.810299 0.486874
vt 0.808875 0.486874
vt 0.156680 0.987166
vt 0.155575 0.987157
vt 0.155575 0.985645
vt 0.156680 0.985654
vt 0.540005 0.790292
vt 0.538581 0.790292
vt 0.538581 0.766391
vt 0.540005 0.766391
vt 0.209533 0.985651
vt 0.210637 0.985645
vt 0.210637 0.987157
vt 0.209533 0.987164
vt 0.867433 0.710796
vt 0.868945 0.710796
vt 0.868945 0.729416
vt 0.867433 0.729416
vt 0.455186 0.855017
vt 0.456698 0.855017
vt 0.456698 0.873577
vt 0.455186 0.873577
vt 0.788842 0.801094
vt 0.787418 0.801094
vt 0.787418 0.777194
vt 0.788842 0.777194
vt 0.985150 0.783929
vt 0.984029 0.783938
vt 0.984029 0.782425
vt 0.985150 0.782417
vt 0.797765 0.429387
vt 0.799189 0.429387
vt 0.799189 0.453288
vt 0.797765 0.453288
vt 0.984029 0.916906
vt 0.985150 0.916913
vt 0.985150 0.918425
vt 0.984029 0.918419
vt 0.237631 0.845848
vt 0.239143 0.845848
vt 0.239143 0.864598
vt 0.237631 0.864598
vt 0.857948 0.556606
vt 0.859460 0.556606
vt 0.859460 0.575414
vt 0.857948 0.575414
vt 0.808875 0.429387
vt 0.810299 0.429387
vt 0.810299 0.453287
vt 0.808875 0.453287
vt 0.167472 0.987166
vt 0.166367 0.987157
vt 0.166367 0.985645
vt 0.167472 0.985654
vt 0.792092 0.028744
vt 0.790669 0.028744
vt 0.790669 0.004843
vt 0.792092 0.004843
vt 0.252698 0.985651
vt 0.253802 0.985645
vt 0.253802 0.987157
vt 0.252698 0.987164
vt 0.518814 0.848339
vt 0.520326 0.848339
vt 0.520326 0.866959
vt 0.518814 0.866959
vt 0.869910 0.266799
vt 0.871422 0.266799
vt 0.871422 0.285360
vt 0.869910 0.285360
vt 0.835288 0.023751
vt 0.835288 0.004843
vt 0.837156 0.004843
vt 0.837156 0.023751
vt 0.360279 0.858559
vt 0.360279 0.839652
vt 0.361792 0.839652
vt 0.361792 0.858558
vt 0.360279 0.829965
vt 0.360279 0.811058
vt 0.362148 0.811058
vt 0.362148 0.829965
vt 0.854347 0.822825
vt 0.854347 0.803918
vt 0.855859 0.803918
vt 0.855859 0.822825
vt 0.972698 0.097284
vt 0.974211 0.097284
vt 0.974211 0.099153
vt 0.972698 0.099153
vt 0.972698 0.374607
vt 0.974211 0.374607
vt 0.974211 0.376475
vt 0.972698 0.376475
vt 0.833368 0.656824
vt 0.833368 0.637917
vt 0.835237 0.637917
vt 0.835237 0.656824
vt 0.857948 0.546920
vt 0.857948 0.528013
vt 0.859460 0.528013
vt 0.859460 0.546919
vt 0.830730 0.058351
vt 0.830730 0.039443
vt 0.832598 0.039443
vt 0.832598 0.058351
vt 0.296574 0.857530
vt 0.296574 0.838623
vt 0.298087 0.838623
vt 0.298087 0.857530
vt 0.972698 0.155060
vt 0.974211 0.155060
vt 0.974211 0.156928
vt 0.972698 0.156928
vt 0.972698 0.432382
vt 0.974211 0.432382
vt 0.974211 0.434251
vt 0.972698 0.434251
vt 0.833479 0.729704
vt 0.833479 0.710797
vt 0.835348 0.710797
vt 0.835348 0.729704
vt 0.808482 0.858823
vt 0.808482 0.839917
vt 0.809995 0.839917
vt 0.809995 0.858823
vt 0.018355 0.833107
vt 0.018355 0.814200
vt 0.020224 0.814200
vt 0.020224 0.833107
vt 0.118007 0.856606
vt 0.118007 0.837700
vt 0.119519 0.837700
vt 0.119519 0.856606
vt 0.972698 0.108839
vt 0.974211 0.108839
vt 0.974211 0.110708
vt 0.972698 0.110708
vt 0.972698 0.443937
vt 0.974211 0.443937
vt 0.974211 0.445806
vt 0.972698 0.445806
vt 0.833479 0.701110
vt 0.833479 0.682203
vt 0.835348 0.682203
vt 0.835348 0.701110
vt 0.195418 0.859259
vt 0.195418 0.840352
vt 0.196931 0.840352
vt 0.196931 0.859259
vt 0.808482 0.830230
vt 0.808482 0.811323
vt 0.810351 0.811323
vt 0.810351 0.830230
vt 0.554869 0.856745
vt 0.554869 0.837839
vt 0.556382 0.837839
vt 0.556382 0.856746
vt 0.844558 0.972429
vt 0.846070 0.972429
vt 0.846070 0.974297
vt 0.844558 0.974297
vt 0.972698 0.386162
vt 0.974211 0.386162
vt 0.974211 0.388030
vt 0.972698 0.388030
vt 0.831236 0.788726
vt 0.831236 0.769819
vt 0.833105 0.769819
vt 0.833105 0.788726
vt 0.325853 0.859455
vt 0.325853 0.840549
vt 0.327365 0.840548
vt 0.327365 0.859455
vt 0.374589 0.833050
vt 0.374589 0.814142
vt 0.376457 0.814142
vt 0.376457 0.833049
vt 0.856123 0.656823
vt 0.856123 0.637917
vt 0.857635 0.637917
vt 0.857635 0.656824
vt 0.855757 0.972429
vt 0.857270 0.972429
vt 0.857270 0.974297
vt 0.855757 0.974297
vt 0.972698 0.397717
vt 0.974211 0.397717
vt 0.974211 0.399586
vt 0.972698 0.399586
vt 0.835956 0.320756
vt 0.835956 0.301848
vt 0.837825 0.301848
vt 0.837825 0.320756
vt 0.858042 0.023750
vt 0.858042 0.004843
vt 0.859554 0.004843
vt 0.859554 0.023750
vt 0.831185 0.443301
vt 0.831185 0.424394
vt 0.833053 0.424394
vt 0.833053 0.443301
vt 0.566068 0.856745
vt 0.566068 0.837839
vt 0.567581 0.837839
vt 0.567581 0.856745
vt 0.972698 0.178170
vt 0.974211 0.178170
vt 0.974211 0.180038
vt 0.972698 0.180038
vt 0.972698 0.490158
vt 0.974211 0.490158
vt 0.974211 0.492026
vt 0.972698 0.492026
vt 0.835956 0.285706
vt 0.835956 0.266799
vt 0.837825 0.266799
vt 0.837825 0.285706
vt 0.857948 0.518325
vt 0.857948 0.499419
vt 0.859460 0.499419
vt 0.859460 0.518325
vt 0.831185 0.471895
vt 0.831185 0.452988
vt 0.833053 0.452988
vt 0.833053 0.471895
vt 0.787418 0.857170
vt 0.787418 0.838263
vt 0.788931 0.838263
vt 0.788931 0.857170
vt 0.972698 0.120394
vt 0.974211 0.120394
vt 0.974211 0.122263
vt 0.972698 0.122263
vt 0.972698 0.501713
vt 0.974211 0.501713
vt 0.974211 0.503581
vt 0.972698 0.503581
vt 0.177050 0.723707
vt 0.175048 0.723707
vt 0.175048 0.611601
vt 0.177050 0.611601
vt 0.372626 0.974431
vt 0.372626 0.972429
vt 0.374138 0.972429
vt 0.374138 0.974430
vt 0.141984 0.723712
vt 0.139983 0.723712
vt 0.139983 0.611601
vt 0.141984 0.611601
vt 0.383825 0.974430
vt 0.383825 0.972429
vt 0.385337 0.972429
vt 0.385337 0.974430
vt 0.016043 0.616323
vt 0.017555 0.616323
vt 0.017555 0.728432
vt 0.016043 0.728432
vt 0.060839 0.616323
vt 0.062352 0.616323
vt 0.062352 0.728429
vt 0.060839 0.728429
vt 0.200427 0.723707
vt 0.198425 0.723707
vt 0.198425 0.611601
vt 0.200427 0.611601
vt 0.395024 0.974430
vt 0.395024 0.972429
vt 0.396536 0.972428
vt 0.396536 0.974430
vt 0.153673 0.723712
vt 0.151671 0.723712
vt 0.151671 0.611601
vt 0.153673 0.611601
vt 0.339028 0.974430
vt 0.339028 0.972428
vt 0.340541 0.972429
vt 0.340541 0.974430
vt 0.027242 0.616323
vt 0.028754 0.616323
vt 0.028754 0.728432
vt 0.027242 0.728432
vt 0.731002 0.088380
vt 0.732515 0.088380
vt 0.732515 0.200486
vt 0.731002 0.200486
vt 0.361703 0.801371
vt 0.360280 0.801371
vt 0.360280 0.777471
vt 0.361703 0.777471
vt 0.985150 0.873592
vt 0.984029 0.873601
vt 0.984029 0.872088
vt 0.985150 0.872080
vt 0.798529 0.741225
vt 0.799952 0.741225
vt 0.799952 0.765126
vt 0.798529 0.765126
vt 0.984029 0.894495
vt 0.985150 0.894502
vt 0.985150 0.896014
vt 0.984029 0.896008
vt 0.865494 0.395799
vt 0.867006 0.395799
vt 0.867006 0.414549
vt 0.865494 0.414549
vt 0.858978 0.364533
vt 0.860490 0.364533
vt 0.860490 0.383340
vt 0.858978 0.383340
vt 0.518814 0.786159
vt 0.520238 0.786159
vt 0.520238 0.810059
vt 0.518814 0.810059
vt 0.135097 0.987166
vt 0.133992 0.987157
vt 0.133992 0.985645
vt 0.135097 0.985654
vt 0.798734 0.063344
vt 0.797310 0.063344
vt 0.797310 0.039443
vt 0.798734 0.039443
vt 0.220324 0.985651
vt 0.221429 0.985645
vt 0.221429 0.987157
vt 0.220324 0.987164
vt 0.869241 0.004843
vt 0.870754 0.004843
vt 0.870754 0.023463
vt 0.869241 0.023463
vt 0.213732 0.854833
vt 0.215244 0.854833
vt 0.215244 0.873394
vt 0.213732 0.873394
vt 0.803909 0.624080
vt 0.802486 0.624080
vt 0.802486 0.600180
vt 0.803909 0.600180
vt 0.985150 0.839968
vt 0.984029 0.839977
vt 0.984029 0.838465
vt 0.985150 0.838456
vt 0.139982 0.776401
vt 0.141406 0.776401
vt 0.141406 0.800302
vt 0.139982 0.800302
vt 0.037267 0.985645
vt 0.038388 0.985651
vt 0.038388 0.987164
vt 0.037267 0.987157
vt 0.865494 0.424236
vt 0.867006 0.424236
vt 0.867006 0.442986
vt 0.865494 0.442986
vt 0.018355 0.842794
vt 0.019868 0.842794
vt 0.019868 0.861602
vt 0.018355 0.861602
vt 0.807161 0.155555
vt 0.808584 0.155555
vt 0.808584 0.179455
vt 0.807161 0.179455
vt 0.145889 0.987166
vt 0.144784 0.987157
vt 0.144784 0.985645
vt 0.145889 0.985654
vt 0.797474 0.112281
vt 0.796050 0.112281
vt 0.796050 0.088380
vt 0.797474 0.088380
vt 0.328236 0.985651
vt 0.329341 0.985645
vt 0.329341 0.987157
vt 0.328236 0.987164
vt 0.869147 0.527725
vt 0.870659 0.527725
vt 0.870659 0.546345
vt 0.869147 0.546345
vt 0.486340 0.854788
vt 0.487852 0.854788
vt 0.487852 0.873349
vt 0.486340 0.873349
vt 0.802084 0.661817
vt 0.800661 0.661817
vt 0.800661 0.637917
vt 0.802084 0.637917
vt 0.985150 0.862384
vt 0.984029 0.862393
vt 0.984029 0.860880
vt 0.985150 0.860872
vt 0.295996 0.776441
vt 0.297420 0.776441
vt 0.297420 0.800342
vt 0.295996 0.800342
vt 0.015651 0.985645
vt 0.016772 0.985651
vt 0.016772 0.987164
vt 0.015651 0.987157
vt 0.863683 0.210173
vt 0.865196 0.210173
vt 0.865196 0.228923
vt 0.863683 0.228923
vt 0.053214 0.842791
vt 0.054727 0.842791
vt 0.054727 0.861599
vt 0.053214 0.861599
vt 0.803248 0.335436
vt 0.804672 0.335436
vt 0.804672 0.359336
vt 0.803248 0.359336
vt 0.178263 0.987166
vt 0.177158 0.987157
vt 0.177158 0.985645
vt 0.178263 0.985654
vt 0.797474 0.145868
vt 0.796050 0.145868
vt 0.796050 0.121967
vt 0.797474 0.121967
vt 0.306654 0.985651
vt 0.307759 0.985645
vt 0.307759 0.987157
vt 0.306654 0.987164
vt 0.869147 0.499418
vt 0.870659 0.499418
vt 0.870659 0.518038
vt 0.869147 0.518038
vt 0.869948 0.604565
vt 0.871460 0.604565
vt 0.871460 0.623126
vt 0.869948 0.623126
vt 0.581796 0.803361
vt 0.580372 0.803361
vt 0.580373 0.779460
vt 0.581796 0.779460
vt 0.985150 0.795137
vt 0.984029 0.795146
vt 0.984029 0.793633
vt 0.985150 0.793624
vt 0.151093 0.776401
vt 0.152516 0.776401
vt 0.152516 0.800302
vt 0.151093 0.800302
vt 0.026459 0.985645
vt 0.027580 0.985651
vt 0.027580 0.987164
vt 0.026459 0.987157
vt 0.863423 0.116816
vt 0.864936 0.116816
vt 0.864936 0.135566
vt 0.863423 0.135566
vt 0.074698 0.841230
vt 0.076210 0.841230
vt 0.076210 0.860038
vt 0.074698 0.860038
vt 0.807420 0.210173
vt 0.808844 0.210173
vt 0.808844 0.234073
vt 0.807420 0.234073
vt 0.081140 0.987166
vt 0.080035 0.987157
vt 0.080035 0.985645
vt 0.081140 0.985654
vt 0.797474 0.179455
vt 0.796050 0.179455
vt 0.796050 0.155555
vt 0.797474 0.155555
vt 0.274280 0.985651
vt 0.275385 0.985645
vt 0.275385 0.987157
vt 0.274280 0.987164
vt 0.865546 0.769531
vt 0.867058 0.769531
vt 0.867058 0.788151
vt 0.865546 0.788151
vt 0.338728 0.854473
vt 0.340240 0.854473
vt 0.340240 0.873033
vt 0.338728 0.873033
vt 0.804672 0.292161
vt 0.803248 0.292161
vt 0.803248 0.268261
vt 0.804672 0.268261
vt 0.985150 0.806345
vt 0.984029 0.806354
vt 0.984029 0.804841
vt 0.985150 0.804832
vt 0.284886 0.776441
vt 0.286309 0.776441
vt 0.286309 0.800342
vt 0.284886 0.800342
vt 0.984029 0.928112
vt 0.985150 0.928118
vt 0.985150 0.929631
vt 0.984029 0.929625
vt 0.865039 0.039443
vt 0.866552 0.039443
vt 0.866552 0.058193
vt 0.865039 0.058193
vt 0.858711 0.266799
vt 0.860223 0.266799
vt 0.860223 0.285607
vt 0.858711 0.285607
vt 0.807161 0.088380
vt 0.808584 0.088380
vt 0.808584 0.112280
vt 0.807161 0.112280
vt 0.199846 0.987166
vt 0.198741 0.987157
vt 0.198741 0.985645
vt 0.199846 0.985654
vt 0.799189 0.419700
vt 0.797765 0.419700
vt 0.797765 0.395800
vt 0.799189 0.395800
vt 0.231115 0.985651
vt 0.232220 0.985645
vt 0.232220 0.987157
vt 0.231115 0.987164
vt 0.869147 0.556606
vt 0.870659 0.556606
vt 0.870659 0.575226
vt 0.869147 0.575226
vt 0.756308 0.854777
vt 0.757821 0.854777
vt 0.757821 0.873337
vt 0.756308 0.873337
vt 0.803909 0.523319
vt 0.802486 0.523319
vt 0.802486 0.499419
vt 0.803909 0.499419
vt 0.985150 0.761513
vt 0.984029 0.761522
vt 0.984029 0.760010
vt 0.985150 0.760001
vt 0.797765 0.462974
vt 0.799189 0.462974
vt 0.799189 0.486875
vt 0.797765 0.486875
vt 0.984029 0.950523
vt 0.985150 0.950530
vt 0.985150 0.952042
vt 0.984029 0.952036
vt 0.248830 0.845848
vt 0.250342 0.845848
vt 0.250342 0.864598
vt 0.248830 0.864598
vt 0.716783 0.840912
vt 0.718295 0.840912
vt 0.718295 0.859720
vt 0.716783 0.859720
vt 0.437068 0.785570
vt 0.438491 0.785570
vt 0.438491 0.809470
vt 0.437068 0.809470
vt 0.113514 0.987166
vt 0.112410 0.987157
vt 0.112410 0.985645
vt 0.113514 0.985654
vt 0.793562 0.292161
vt 0.792138 0.292161
vt 0.792138 0.268261
vt 0.793562 0.268261
vt 0.285071 0.985651
vt 0.286176 0.985645
vt 0.286176 0.987157
vt 0.285071 0.987164
vt 0.865494 0.452673
vt 0.867006 0.452673
vt 0.867006 0.471292
vt 0.865494 0.471292
vt 0.869910 0.301848
vt 0.871422 0.301848
vt 0.871422 0.320409
vt 0.869910 0.320409
vt 0.912167 0.844078
vt 0.912167 0.832511
vt 0.914391 0.832511
vt 0.914391 0.844078
vt 0.273342 0.750396
vt 0.261776 0.750394
vt 0.261776 0.737938
vt 0.273342 0.737939
vt 0.910704 0.250176
vt 0.910704 0.238609
vt 0.912929 0.238609
vt 0.912929 0.250176
vt 0.004843 0.738119
vt 0.016410 0.738118
vt 0.016410 0.750575
vt 0.004843 0.750576
vt 0.591483 0.900557
vt 0.591483 0.888100
vt 0.593707 0.888100
vt 0.593707 0.900557
vt 0.567225 0.903346
vt 0.567225 0.890889
vt 0.569449 0.890889
vt 0.569449 0.903346
vt 0.038530 0.975098
vt 0.037373 0.975098
vt 0.037373 0.972428
vt 0.038530 0.972428
vt 0.902784 0.459481
vt 0.901627 0.459481
vt 0.901627 0.444712
vt 0.902784 0.444712
vt 0.962167 0.189254
vt 0.961010 0.189254
vt 0.961010 0.186584
vt 0.962167 0.186584
vt 0.898890 0.090693
vt 0.900046 0.090693
vt 0.900046 0.105463
vt 0.898890 0.105463
vt 0.701336 0.877111
vt 0.701336 0.862341
vt 0.704005 0.862341
vt 0.704005 0.877111
vt 0.567225 0.881202
vt 0.567225 0.866432
vt 0.569894 0.866432
vt 0.569894 0.881202
vt 0.027687 0.975098
vt 0.026530 0.975098
vt 0.026530 0.972428
vt 0.027687 0.972428
vt 0.473945 0.902845
vt 0.472788 0.902845
vt 0.472788 0.888076
vt 0.473945 0.888076
vt 0.962167 0.213965
vt 0.961010 0.213965
vt 0.961010 0.211296
vt 0.962167 0.211296
vt 0.898890 0.115150
vt 0.900046 0.115150
vt 0.900046 0.129919
vt 0.898890 0.129919
vt 0.506458 0.877478
vt 0.506458 0.862708
vt 0.509127 0.862708
vt 0.509127 0.877478
vt 0.878521 0.652687
vt 0.878521 0.637917
vt 0.881190 0.637917
vt 0.881190 0.652687
vt 0.195418 0.904969
vt 0.195418 0.893402
vt 0.198087 0.893402
vt 0.198087 0.904969
vt 0.842080 0.923276
vt 0.842080 0.911709
vt 0.843237 0.911709
vt 0.843237 0.923275
vt 0.139983 0.903866
vt 0.139983 0.892299
vt 0.142652 0.892299
vt 0.142652 0.903866
vt 0.922089 0.077803
vt 0.922089 0.066237
vt 0.923245 0.066237
vt 0.923245 0.077803
vt 0.961010 0.408991
vt 0.962167 0.408991
vt 0.962167 0.411660
vt 0.961010 0.411660
vt 0.961010 0.952650
vt 0.962167 0.952650
vt 0.962167 0.955319
vt 0.961010 0.955319
vt 0.716782 0.904896
vt 0.716782 0.893330
vt 0.719452 0.893330
vt 0.719452 0.904896
vt 0.922348 0.221740
vt 0.922348 0.210173
vt 0.923505 0.210173
vt 0.923505 0.221739
vt 0.163360 0.903862
vt 0.163360 0.892295
vt 0.166029 0.892295
vt 0.166029 0.903862
vt 0.922089 0.141563
vt 0.922089 0.129997
vt 0.923245 0.129997
vt 0.923245 0.141563
vt 0.961010 0.421347
vt 0.962167 0.421347
vt 0.962167 0.424016
vt 0.961010 0.424016
vt 0.961010 0.915583
vt 0.962167 0.915583
vt 0.962167 0.918252
vt 0.961010 0.918252
vt 0.890877 0.649484
vt 0.890877 0.637917
vt 0.893769 0.637917
vt 0.893769 0.649484
vt 0.249987 0.926054
vt 0.249987 0.914488
vt 0.250609 0.914488
vt 0.250609 0.926054
vt 0.889234 0.872515
vt 0.889234 0.860948
vt 0.892126 0.860948
vt 0.892126 0.872515
vt 0.925504 0.016410
vt 0.925504 0.004843
vt 0.926127 0.004843
vt 0.926127 0.016410
vt 0.575623 0.972429
vt 0.576246 0.972429
vt 0.576246 0.975320
vt 0.575623 0.975320
vt 0.730264 0.972429
vt 0.730887 0.972429
vt 0.730887 0.975320
vt 0.730264 0.975320
vt 0.751506 0.975320
vt 0.750883 0.975320
vt 0.750883 0.972429
vt 0.751506 0.972429
vt 0.925004 0.452541
vt 0.924382 0.452541
vt 0.924382 0.440085
vt 0.925004 0.440085
vt 0.483461 0.975320
vt 0.482838 0.975320
vt 0.482838 0.972429
vt 0.483461 0.972429
vt 0.923259 0.039443
vt 0.923882 0.039443
vt 0.923882 0.051900
vt 0.923259 0.051900
vt 0.884766 0.594027
vt 0.884766 0.581571
vt 0.887658 0.581571
vt 0.887658 0.594027
vt 0.887927 0.051900
vt 0.887927 0.039443
vt 0.890818 0.039443
vt 0.890818 0.051900
vt 0.912471 0.407366
vt 0.912471 0.395800
vt 0.914695 0.395800
vt 0.914695 0.407366
vt 0.050007 0.750573
vt 0.038441 0.750572
vt 0.038441 0.738116
vt 0.050007 0.738117
vt 0.911348 0.051010
vt 0.911348 0.039443
vt 0.913573 0.039443
vt 0.913573 0.051010
vt 0.735055 0.741226
vt 0.746622 0.741225
vt 0.746622 0.753681
vt 0.735055 0.753682
vt 0.897344 0.594027
vt 0.897344 0.581571
vt 0.899569 0.581571
vt 0.899569 0.594027
vt 0.787418 0.903769
vt 0.787418 0.891312
vt 0.789643 0.891312
vt 0.789643 0.903769
vt 0.016843 0.975098
vt 0.015687 0.975098
vt 0.015687 0.972428
vt 0.016843 0.972428
vt 0.902784 0.483937
vt 0.901627 0.483937
vt 0.901627 0.469168
vt 0.902784 0.469168
vt 0.962167 0.201610
vt 0.961010 0.201610
vt 0.961010 0.198940
vt 0.962167 0.198940
vt 0.898890 0.139606
vt 0.900046 0.139606
vt 0.900046 0.154376
vt 0.898890 0.154376
vt 0.472788 0.878389
vt 0.472788 0.863619
vt 0.475457 0.863619
vt 0.475457 0.878389
vt 0.878632 0.696973
vt 0.878632 0.682203
vt 0.881301 0.682203
vt 0.881301 0.696973
vt 0.060217 0.975098
vt 0.059060 0.975098
vt 0.059060 0.972428
vt 0.060217 0.972428
vt 0.902836 0.755994
vt 0.901679 0.755994
vt 0.901679 0.741225
vt 0.902836 0.741225
vt 0.962167 0.226321
vt 0.961010 0.226321
vt 0.961010 0.223652
vt 0.962167 0.223652
vt 0.898890 0.170825
vt 0.900046 0.170825
vt 0.900046 0.185595
vt 0.898890 0.185595
vt 0.876389 0.847282
vt 0.876389 0.832511
vt 0.879058 0.832511
vt 0.879058 0.847282
vt 0.878632 0.721430
vt 0.878632 0.706659
vt 0.881301 0.706659
vt 0.881301 0.721430
vt 0.808482 0.904533
vt 0.808482 0.892966
vt 0.811151 0.892966
vt 0.811151 0.904533
vt 0.261776 0.923511
vt 0.261776 0.911945
vt 0.262932 0.911945
vt 0.262932 0.923511
vt 0.284886 0.903906
vt 0.284886 0.892339
vt 0.287555 0.892339
vt 0.287555 0.903906
vt 0.922089 0.162816
vt 0.922089 0.151250
vt 0.923245 0.151250
vt 0.923245 0.162816
vt 0.961010 0.433703
vt 0.962167 0.433703
vt 0.962167 0.436372
vt 0.961010 0.436372
vt 0.961010 0.927938
vt 0.962167 0.927938
vt 0.962167 0.930608
vt 0.961010 0.930608
vt 0.325853 0.904632
vt 0.325853 0.893065
vt 0.328522 0.893065
vt 0.328522 0.904632
vt 0.506458 0.923187
vt 0.506458 0.911621
vt 0.507615 0.911621
vt 0.507615 0.923187
vt 0.774707 0.903994
vt 0.774707 0.892427
vt 0.777376 0.892427
vt 0.777376 0.903994
vt 0.922089 0.099056
vt 0.922089 0.087490
vt 0.923245 0.087490
vt 0.923245 0.099056
vt 0.961010 0.446059
vt 0.962167 0.446059
vt 0.962167 0.448728
vt 0.961010 0.448728
vt 0.004843 0.972429
vt 0.006000 0.972429
vt 0.006000 0.975098
vt 0.004843 0.975098
vt 0.889234 0.893768
vt 0.889234 0.882202
vt 0.892126 0.882201
vt 0.892126 0.893768
vt 0.925412 0.872514
vt 0.925412 0.860948
vt 0.926035 0.860948
vt 0.926035 0.872514
vt 0.004843 0.892551
vt 0.004843 0.880984
vt 0.007735 0.880984
vt 0.007735 0.892551
vt 0.925320 0.670728
vt 0.925320 0.659162
vt 0.925943 0.659162
vt 0.925943 0.670728
vt 0.585932 0.972428
vt 0.586555 0.972428
vt 0.586555 0.975320
vt 0.585932 0.975320
vt 0.740574 0.972428
vt 0.741197 0.972428
vt 0.741197 0.975320
vt 0.740574 0.975320
vt 0.761815 0.975320
vt 0.761193 0.975320
vt 0.761193 0.972429
vt 0.761815 0.972429
vt 0.925004 0.430398
vt 0.924382 0.430398
vt 0.924382 0.417942
vt 0.925004 0.417942
vt 0.493770 0.975320
vt 0.493147 0.975320
vt 0.493147 0.972428
vt 0.493770 0.972428
vt 0.854347 0.912154
vt 0.854969 0.912154
vt 0.854969 0.924610
vt 0.854347 0.924610
vt 0.886311 0.100836
vt 0.886311 0.088380
vt 0.889203 0.088380
vt 0.889203 0.100836
vt 0.888745 0.844968
vt 0.888745 0.832511
vt 0.891637 0.832511
vt 0.891637 0.844968
vt 0.912471 0.428620
vt 0.912471 0.417053
vt 0.914695 0.417053
vt 0.914695 0.428620
vt 0.566436 0.736033
vt 0.554869 0.736032
vt 0.554869 0.721797
vt 0.566436 0.721798
vt 0.004843 0.913804
vt 0.004843 0.902238
vt 0.007068 0.902238
vt 0.007068 0.913804
vt 0.078592 0.542574
vt 0.090159 0.542573
vt 0.090159 0.556809
vt 0.078592 0.556810
vt 0.881109 0.281035
vt 0.881109 0.266799
vt 0.883333 0.266799
vt 0.883333 0.281035
vt 0.881109 0.316084
vt 0.881109 0.301848
vt 0.883333 0.301848
vt 0.883333 0.316084
vt 0.049373 0.975098
vt 0.048217 0.975098
vt 0.048217 0.972428
vt 0.049373 0.972428
vt 0.882533 0.352487
vt 0.881376 0.352487
vt 0.881376 0.335938
vt 0.882533 0.335939
vt 0.962167 0.288101
vt 0.961010 0.288101
vt 0.961010 0.285432
vt 0.962167 0.285432
vt 0.726814 0.390057
vt 0.727970 0.390057
vt 0.727970 0.406606
vt 0.726814 0.406606
vt 0.675232 0.078108
vt 0.675232 0.061558
vt 0.677901 0.061558
vt 0.677901 0.078108
vt 0.486340 0.845101
vt 0.486340 0.828552
vt 0.489009 0.828552
vt 0.489009 0.845101
vt 0.092746 0.975098
vt 0.091590 0.975098
vt 0.091590 0.972429
vt 0.092746 0.972429
vt 0.882533 0.378723
vt 0.881376 0.378723
vt 0.881376 0.362174
vt 0.882533 0.362174
vt 0.962167 0.325169
vt 0.961010 0.325169
vt 0.961010 0.322499
vt 0.962167 0.322499
vt 0.881147 0.604565
vt 0.882303 0.604565
vt 0.882303 0.621114
vt 0.881147 0.621114
vt 0.213732 0.845146
vt 0.213732 0.828596
vt 0.216401 0.828596
vt 0.216401 0.845146
vt 0.756308 0.845090
vt 0.756308 0.828540
vt 0.758978 0.828540
vt 0.758978 0.845090
vt 0.518814 0.905031
vt 0.518814 0.893464
vt 0.521483 0.893464
vt 0.521483 0.905031
vt 0.865190 0.923117
vt 0.865190 0.911551
vt 0.866347 0.911551
vt 0.866347 0.923117
vt 0.360279 0.904268
vt 0.360279 0.892701
vt 0.362949 0.892701
vt 0.362949 0.904268
vt 0.922089 0.120310
vt 0.922089 0.108743
vt 0.923245 0.108743
vt 0.923245 0.120310
vt 0.961010 0.458414
vt 0.962167 0.458414
vt 0.962167 0.461084
vt 0.961010 0.461084
vt 0.069903 0.972429
vt 0.071060 0.972429
vt 0.071060 0.975098
vt 0.069903 0.975098
vt 0.437068 0.906224
vt 0.437068 0.894657
vt 0.439737 0.894657
vt 0.439737 0.906224
vt 0.831237 0.923276
vt 0.831237 0.911709
vt 0.832393 0.911709
vt 0.832393 0.923275
vt 0.237631 0.904357
vt 0.237631 0.892790
vt 0.240300 0.892790
vt 0.240300 0.904357
vt 0.922089 0.184070
vt 0.922089 0.172503
vt 0.923245 0.172503
vt 0.923245 0.184070
vt 0.961010 0.470770
vt 0.962167 0.470770
vt 0.962167 0.473440
vt 0.961010 0.473440
vt 0.080746 0.972428
vt 0.081903 0.972429
vt 0.081903 0.975098
vt 0.080746 0.975098
vt 0.038441 0.893883
vt 0.038441 0.882316
vt 0.041333 0.882316
vt 0.041333 0.893883
vt 0.808482 0.925786
vt 0.808482 0.914220
vt 0.809105 0.914220
vt 0.809105 0.925786
vt 0.889101 0.815485
vt 0.889101 0.803918
vt 0.891993 0.803918
vt 0.891993 0.815485
vt 0.925286 0.488741
vt 0.925286 0.477175
vt 0.925908 0.477175
vt 0.925908 0.488742
vt 0.555004 0.972428
vt 0.555627 0.972428
vt 0.555627 0.975320
vt 0.555004 0.975320
vt 0.709645 0.972428
vt 0.710268 0.972428
vt 0.710268 0.975320
vt 0.709645 0.975320
vt 0.720578 0.975320
vt 0.719955 0.975320
vt 0.719955 0.972429
vt 0.720578 0.972429
vt 0.350550 0.868708
vt 0.349927 0.868708
vt 0.349927 0.854473
vt 0.350550 0.854473
vt 0.462842 0.975320
vt 0.462219 0.975320
vt 0.462219 0.972428
vt 0.462842 0.972428
vt 0.085897 0.841230
vt 0.086520 0.841230
vt 0.086520 0.855466
vt 0.085897 0.855466
vt 0.325853 0.883378
vt 0.325853 0.869142
vt 0.328744 0.869142
vt 0.328744 0.883378
vt 0.716782 0.883643
vt 0.716782 0.869407
vt 0.719674 0.869407
vt 0.719674 0.883643
vt 0.540689 0.756705
vt 0.529123 0.756705
vt 0.529123 0.744249
vt 0.540689 0.744249
vt 0.486340 0.915856
vt 0.486340 0.904289
vt 0.488564 0.904289
vt 0.488564 0.915855
vt 0.738101 0.489160
vt 0.726534 0.489160
vt 0.726534 0.476704
vt 0.738101 0.476704
vt 0.912471 0.449873
vt 0.912471 0.438307
vt 0.914695 0.438307
vt 0.914695 0.449873
vt 0.074698 0.890389
vt 0.076922 0.890389
vt 0.076922 0.902846
vt 0.074698 0.902846
vt 0.901679 0.765681
vt 0.903904 0.765681
vt 0.903904 0.778137
vt 0.901679 0.778137
vt 0.901662 0.054213
vt 0.900505 0.054213
vt 0.900505 0.039443
vt 0.901662 0.039443
vt 0.962166 0.782338
vt 0.961010 0.782337
vt 0.961010 0.779668
vt 0.962166 0.779668
vt 0.581084 0.884906
vt 0.579928 0.884906
vt 0.579928 0.870136
vt 0.581084 0.870136
vt 0.961010 0.606685
vt 0.962167 0.606685
vt 0.962167 0.609355
vt 0.961010 0.609355
vt 0.876693 0.395800
vt 0.879362 0.395800
vt 0.879362 0.410569
vt 0.876693 0.410569
vt 0.880346 0.499419
vt 0.883015 0.499419
vt 0.883015 0.514188
vt 0.880346 0.514188
vt 0.902480 0.847281
vt 0.901323 0.847281
vt 0.901323 0.832511
vt 0.902480 0.832511
vt 0.962167 0.868828
vt 0.961010 0.868828
vt 0.961010 0.866159
vt 0.962167 0.866159
vt 0.226755 0.898108
vt 0.225598 0.898108
vt 0.225598 0.883338
vt 0.226755 0.883338
vt 0.961010 0.643753
vt 0.962166 0.643753
vt 0.962166 0.646422
vt 0.961010 0.646422
vt 0.876693 0.420256
vt 0.879362 0.420256
vt 0.879362 0.435026
vt 0.876693 0.435026
vt 0.880346 0.523875
vt 0.883015 0.523875
vt 0.883015 0.538644
vt 0.880346 0.538644
vt 0.917153 0.347505
vt 0.917153 0.335938
vt 0.918310 0.335938
vt 0.918310 0.347505
vt 0.638099 0.908702
vt 0.638099 0.897135
vt 0.640768 0.897135
vt 0.640768 0.908702
vt 0.915901 0.532239
vt 0.915901 0.520672
vt 0.917058 0.520672
vt 0.917058 0.532239
vt 0.903545 0.510985
vt 0.903545 0.499419
vt 0.906214 0.499419
vt 0.906214 0.510985
vt 0.961010 0.337525
vt 0.961010 0.334855
vt 0.962167 0.334855
vt 0.962167 0.337525
vt 0.961010 0.596999
vt 0.961010 0.594329
vt 0.962167 0.594329
vt 0.962167 0.596999
vt 0.916219 0.299619
vt 0.916219 0.288052
vt 0.917376 0.288052
vt 0.917376 0.299619
vt 0.621307 0.908733
vt 0.621307 0.897167
vt 0.623976 0.897166
vt 0.623976 0.908733
vt 0.901813 0.916801
vt 0.901813 0.905234
vt 0.902970 0.905234
vt 0.902970 0.916801
vt 0.903545 0.532238
vt 0.903545 0.520672
vt 0.906214 0.520672
vt 0.906214 0.532238
vt 0.961010 0.300457
vt 0.961010 0.297788
vt 0.962167 0.297788
vt 0.962167 0.300457
vt 0.961010 0.535219
vt 0.961010 0.532550
vt 0.962167 0.532550
vt 0.962167 0.535219
vt 0.237631 0.925610
vt 0.237631 0.914043
vt 0.238253 0.914043
vt 0.238253 0.925610
vt 0.756308 0.894591
vt 0.756308 0.883024
vt 0.759200 0.883024
vt 0.759200 0.894590
vt 0.273769 0.925151
vt 0.273769 0.913584
vt 0.274392 0.913584
vt 0.274392 0.925151
vt 0.890988 0.693769
vt 0.890988 0.682203
vt 0.893879 0.682203
vt 0.893879 0.693769
vt 0.503457 0.975320
vt 0.503457 0.972428
vt 0.504080 0.972428
vt 0.504080 0.975320
vt 0.565313 0.975320
vt 0.565313 0.972428
vt 0.565936 0.972428
vt 0.565936 0.975320
vt 0.924700 0.844968
vt 0.924078 0.844968
vt 0.924078 0.832511
vt 0.924700 0.832511
vt 0.772125 0.975320
vt 0.771502 0.975320
vt 0.771502 0.972429
vt 0.772125 0.972429
vt 0.821550 0.898454
vt 0.820927 0.898454
vt 0.820927 0.885997
vt 0.821550 0.885997
vt 0.647789 0.972429
vt 0.648412 0.972428
vt 0.648412 0.975320
vt 0.647789 0.975320
vt 0.886311 0.110523
vt 0.889203 0.110523
vt 0.889203 0.122980
vt 0.886311 0.122980
vt 0.889049 0.417942
vt 0.891941 0.417942
vt 0.891941 0.430399
vt 0.889049 0.430399
vt 0.519436 0.756705
vt 0.507869 0.756705
vt 0.507869 0.744249
vt 0.519436 0.744249
vt 0.913590 0.777248
vt 0.913590 0.765681
vt 0.915815 0.765681
vt 0.915815 0.777247
vt 0.350295 0.738335
vt 0.338728 0.738335
vt 0.338728 0.725878
vt 0.350295 0.725878
vt 0.912471 0.471126
vt 0.912471 0.459560
vt 0.914695 0.459560
vt 0.914695 0.471126
vt 0.181263 0.890427
vt 0.183487 0.890427
vt 0.183487 0.902884
vt 0.181263 0.902884
vt 0.901679 0.803918
vt 0.903904 0.803918
vt 0.903904 0.816374
vt 0.901679 0.816374
vt 0.507615 0.901934
vt 0.506458 0.901934
vt 0.506458 0.887165
vt 0.507615 0.887165
vt 0.962166 0.794693
vt 0.961010 0.794693
vt 0.961010 0.792024
vt 0.962166 0.792024
vt 0.893953 0.019613
vt 0.892796 0.019613
vt 0.892796 0.004843
vt 0.893953 0.004843
vt 0.961010 0.619041
vt 0.962166 0.619041
vt 0.962166 0.621711
vt 0.961010 0.621711
vt 0.876693 0.444713
vt 0.879362 0.444713
vt 0.879362 0.459483
vt 0.876693 0.459483
vt 0.880346 0.556606
vt 0.883015 0.556606
vt 0.883015 0.571376
vt 0.880346 0.571376
vt 0.902784 0.410569
vt 0.901627 0.410569
vt 0.901627 0.395799
vt 0.902784 0.395799
vt 0.962166 0.881184
vt 0.961010 0.881184
vt 0.961010 0.878515
vt 0.962166 0.878515
vt 0.894177 0.281569
vt 0.893020 0.281569
vt 0.893020 0.266799
vt 0.894177 0.266799
vt 0.961010 0.656109
vt 0.962166 0.656109
vt 0.962166 0.658778
vt 0.961010 0.658778
vt 0.374589 0.864608
vt 0.377258 0.864608
vt 0.377258 0.879378
vt 0.374589 0.879378
vt 0.808482 0.868510
vt 0.811152 0.868510
vt 0.811152 0.883280
vt 0.808482 0.883280
vt 0.689458 0.918954
vt 0.689458 0.907387
vt 0.690615 0.907387
vt 0.690615 0.918954
vt 0.604658 0.908744
vt 0.604658 0.897177
vt 0.607327 0.897177
vt 0.607327 0.908744
vt 0.915901 0.568173
vt 0.915901 0.556606
vt 0.917058 0.556606
vt 0.917058 0.568173
vt 0.903545 0.568173
vt 0.903545 0.556606
vt 0.906215 0.556606
vt 0.906215 0.568173
vt 0.961010 0.349881
vt 0.961010 0.347211
vt 0.962167 0.347211
vt 0.962167 0.349881
vt 0.961010 0.584643
vt 0.961010 0.581974
vt 0.962167 0.581974
vt 0.962167 0.584643
vt 0.916219 0.320873
vt 0.916219 0.309306
vt 0.917376 0.309306
vt 0.917376 0.320873
vt 0.397707 0.908900
vt 0.397707 0.897334
vt 0.400376 0.897334
vt 0.400376 0.908900
vt 0.915901 0.510985
vt 0.915901 0.499419
vt 0.917058 0.499419
vt 0.917058 0.510985
vt 0.903566 0.693769
vt 0.903566 0.682203
vt 0.906235 0.682203
vt 0.906235 0.693769
vt 0.961010 0.312813
vt 0.961010 0.310144
vt 0.962167 0.310144
vt 0.962167 0.312813
vt 0.961010 0.547575
vt 0.961010 0.544906
vt 0.962167 0.544906
vt 0.962167 0.547575
vt 0.325853 0.925885
vt 0.325853 0.914318
vt 0.326476 0.914318
vt 0.326476 0.925885
vt 0.486340 0.894602
vt 0.486340 0.883036
vt 0.489231 0.883035
vt 0.489231 0.894602
vt 0.152338 0.925120
vt 0.152338 0.913553
vt 0.152961 0.913553
vt 0.152961 0.925120
vt 0.890988 0.715022
vt 0.890988 0.703456
vt 0.893879 0.703456
vt 0.893879 0.715023
vt 0.513766 0.975320
vt 0.513766 0.972429
vt 0.514389 0.972429
vt 0.514389 0.975320
vt 0.596242 0.975320
vt 0.596242 0.972428
vt 0.596865 0.972428
vt 0.596865 0.975320
vt 0.075321 0.924989
vt 0.074698 0.924989
vt 0.074698 0.912533
vt 0.075321 0.912533
vt 0.803053 0.975320
vt 0.802430 0.975320
vt 0.802430 0.972429
vt 0.803053 0.972429
vt 0.821550 0.920597
vt 0.820927 0.920597
vt 0.820927 0.908141
vt 0.821550 0.908141
vt 0.658098 0.972428
vt 0.658721 0.972428
vt 0.658721 0.975320
vt 0.658098 0.975320
vt 0.886311 0.132666
vt 0.889203 0.132666
vt 0.889203 0.145123
vt 0.886311 0.145123
vt 0.889049 0.440085
vt 0.891941 0.440085
vt 0.891941 0.452542
vt 0.889049 0.452542
vt 0.712903 0.756337
vt 0.701336 0.756337
vt 0.701336 0.743881
vt 0.712903 0.743881
vt 0.096227 0.915768
vt 0.096227 0.904201
vt 0.098452 0.904201
vt 0.098452 0.915768
vt 0.196180 0.745851
vt 0.184613 0.745851
vt 0.184613 0.733394
vt 0.196180 0.733394
vt 0.912523 0.752791
vt 0.912523 0.741225
vt 0.914747 0.741225
vt 0.914747 0.752791
vt 0.118007 0.890750
vt 0.120231 0.890750
vt 0.120231 0.903206
vt 0.118007 0.903206
vt 0.901813 0.860948
vt 0.904037 0.860948
vt 0.904037 0.873404
vt 0.901813 0.873404
vt 0.866347 0.901864
vt 0.865190 0.901864
vt 0.865190 0.887095
vt 0.866347 0.887095
vt 0.962166 0.807049
vt 0.961010 0.807049
vt 0.961010 0.804380
vt 0.962166 0.804380
vt 0.893859 0.514189
vt 0.892702 0.514189
vt 0.892702 0.499419
vt 0.893859 0.499419
vt 0.961010 0.668465
vt 0.962166 0.668465
vt 0.962166 0.671134
vt 0.961010 0.671134
vt 0.554869 0.866432
vt 0.557538 0.866432
vt 0.557538 0.881202
vt 0.554869 0.881202
vt 0.787418 0.866856
vt 0.790088 0.866856
vt 0.790088 0.881626
vt 0.787418 0.881626
vt 0.832393 0.902022
vt 0.831237 0.902022
vt 0.831237 0.887253
vt 0.832393 0.887253
vt 0.962166 0.942964
vt 0.961010 0.942963
vt 0.961010 0.940294
vt 0.962166 0.940294
vt 0.893859 0.571376
vt 0.892702 0.571376
vt 0.892702 0.556606
vt 0.893859 0.556606
vt 0.961010 0.730245
vt 0.962166 0.730245
vt 0.962166 0.732914
vt 0.961010 0.732914
vt 0.876693 0.469169
vt 0.879362 0.469169
vt 0.879362 0.483939
vt 0.876693 0.483939
vt 0.139983 0.867843
vt 0.142652 0.867843
vt 0.142652 0.882613
vt 0.139983 0.882613
vt 0.225598 0.919362
vt 0.225598 0.907795
vt 0.226755 0.907795
vt 0.226755 0.919362
vt 0.909255 0.593137
vt 0.909255 0.581571
vt 0.911925 0.581570
vt 0.911925 0.593137
vt 0.538581 0.917072
vt 0.538581 0.905505
vt 0.539738 0.905505
vt 0.539738 0.917072
vt 0.903566 0.715022
vt 0.903566 0.703456
vt 0.906235 0.703456
vt 0.906235 0.715023
vt 0.961010 0.362236
vt 0.961010 0.359567
vt 0.962167 0.359567
vt 0.962167 0.362236
vt 0.961010 0.510507
vt 0.961010 0.507838
vt 0.962167 0.507838
vt 0.962167 0.510507
vt 0.876878 0.921428
vt 0.876878 0.909861
vt 0.878035 0.909861
vt 0.878035 0.921428
vt 0.909733 0.077803
vt 0.909733 0.066237
vt 0.912402 0.066237
vt 0.912402 0.077803
vt 0.152338 0.903867
vt 0.152338 0.892300
vt 0.153495 0.892300
vt 0.153495 0.903867
vt 0.903863 0.278365
vt 0.903863 0.266799
vt 0.906533 0.266799
vt 0.906533 0.278366
vt 0.961010 0.238677
vt 0.961010 0.236008
vt 0.962167 0.236008
vt 0.962167 0.238677
vt 0.961010 0.559931
vt 0.961010 0.557262
vt 0.962167 0.557262
vt 0.962167 0.559931
vt 0.063524 0.925627
vt 0.063524 0.914060
vt 0.064147 0.914060
vt 0.064147 0.925627
vt 0.308263 0.894754
vt 0.308263 0.883187
vt 0.311155 0.883187
vt 0.311155 0.894754
vt 0.924434 0.752792
vt 0.924434 0.741225
vt 0.925056 0.741225
vt 0.925056 0.752792
vt 0.338728 0.894287
vt 0.338728 0.882720
vt 0.341619 0.882720
vt 0.341619 0.894287
vt 0.534385 0.975320
vt 0.534385 0.972428
vt 0.535008 0.972428
vt 0.535008 0.975320
vt 0.606551 0.975320
vt 0.606551 0.972429
vt 0.607174 0.972429
vt 0.607174 0.975320
vt 0.085630 0.924989
vt 0.085007 0.924989
vt 0.085007 0.912533
vt 0.085630 0.912533
vt 0.813362 0.975320
vt 0.812740 0.975320
vt 0.812740 0.972429
vt 0.813362 0.972429
vt 0.712904 0.778481
vt 0.712281 0.778481
vt 0.712281 0.766024
vt 0.712904 0.766024
vt 0.668408 0.972429
vt 0.669030 0.972429
vt 0.669030 0.975320
vt 0.668408 0.975320
vt 0.886311 0.170825
vt 0.889203 0.170825
vt 0.889203 0.183282
vt 0.886311 0.183282
vt 0.889049 0.462228
vt 0.891941 0.462228
vt 0.891941 0.474685
vt 0.889049 0.474685
vt 0.757643 0.650373
vt 0.746077 0.650373
vt 0.746077 0.637917
vt 0.757643 0.637917
vt 0.913590 0.815485
vt 0.913590 0.803918
vt 0.915815 0.803918
vt 0.915815 0.815484
vt 0.174927 0.745851
vt 0.163360 0.745851
vt 0.163360 0.733394
vt 0.174927 0.733394
vt 0.038441 0.915136
vt 0.038441 0.903569
vt 0.040665 0.903569
vt 0.040665 0.915136
vt 0.374589 0.889065
vt 0.376813 0.889065
vt 0.376813 0.901521
vt 0.374589 0.901521
vt 0.901813 0.883091
vt 0.904037 0.883091
vt 0.904037 0.895547
vt 0.901813 0.895547
vt 0.878035 0.900174
vt 0.876878 0.900174
vt 0.876878 0.885404
vt 0.878035 0.885405
vt 0.962166 0.819405
vt 0.961010 0.819405
vt 0.961010 0.816736
vt 0.962166 0.816736
vt 0.893859 0.538645
vt 0.892702 0.538645
vt 0.892702 0.523875
vt 0.893859 0.523875
vt 0.961010 0.680821
vt 0.962166 0.680821
vt 0.962166 0.683490
vt 0.961010 0.683490
vt 0.876745 0.741225
vt 0.879414 0.741225
vt 0.879414 0.755995
vt 0.876745 0.755995
vt 0.163360 0.867839
vt 0.166029 0.867839
vt 0.166029 0.882609
vt 0.163360 0.882609
vt 0.843237 0.902022
vt 0.842080 0.902022
vt 0.842080 0.887253
vt 0.843237 0.887253
vt 0.962166 0.856473
vt 0.961010 0.856473
vt 0.961010 0.853803
vt 0.962166 0.853803
vt 0.894177 0.306026
vt 0.893020 0.306026
vt 0.893020 0.291256
vt 0.894177 0.291256
vt 0.961010 0.742601
vt 0.962167 0.742601
vt 0.962167 0.745270
vt 0.961010 0.745270
vt 0.876745 0.765682
vt 0.879414 0.765682
vt 0.879414 0.780451
vt 0.876745 0.780451
vt 0.284886 0.867883
vt 0.287555 0.867883
vt 0.287555 0.882653
vt 0.284886 0.882653
vt 0.701336 0.917780
vt 0.701336 0.906213
vt 0.702493 0.906213
vt 0.702493 0.917780
vt 0.909733 0.099057
vt 0.909733 0.087490
vt 0.912402 0.087490
vt 0.912402 0.099056
vt 0.915922 0.693770
vt 0.915922 0.682203
vt 0.917079 0.682203
vt 0.917079 0.693770
vt 0.903863 0.299619
vt 0.903863 0.288052
vt 0.906533 0.288052
vt 0.906533 0.299619
vt 0.961010 0.374592
vt 0.961010 0.371923
vt 0.962167 0.371923
vt 0.962167 0.374592
vt 0.961010 0.522863
vt 0.961010 0.520194
vt 0.962167 0.520194
vt 0.962167 0.522863
vt 0.591483 0.921810
vt 0.591483 0.910243
vt 0.592639 0.910243
vt 0.592639 0.921810
vt 0.909733 0.120310
vt 0.909733 0.108743
vt 0.912402 0.108743
vt 0.912402 0.120310
vt 0.297242 0.903907
vt 0.297242 0.892340
vt 0.298398 0.892340
vt 0.298398 0.903907
vt 0.903863 0.320872
vt 0.903863 0.309305
vt 0.906533 0.309306
vt 0.906533 0.320872
vt 0.961010 0.251033
vt 0.961010 0.248364
vt 0.962167 0.248364
vt 0.962167 0.251033
vt 0.961010 0.572287
vt 0.961010 0.569618
vt 0.962167 0.569618
vt 0.962167 0.572287
vt 0.924838 0.914131
vt 0.924838 0.902564
vt 0.925460 0.902564
vt 0.925460 0.914131
vt 0.455186 0.894831
vt 0.455186 0.883264
vt 0.458077 0.883264
vt 0.458077 0.894831
vt 0.297242 0.925160
vt 0.297242 0.913593
vt 0.297865 0.913593
vt 0.297865 0.925160
vt 0.096227 0.894514
vt 0.096227 0.882948
vt 0.099119 0.882948
vt 0.099119 0.894515
vt 0.544694 0.975320
vt 0.544694 0.972428
vt 0.545317 0.972428
vt 0.545317 0.975320
vt 0.616860 0.975320
vt 0.616860 0.972428
vt 0.617483 0.972428
vt 0.617483 0.975320
vt 0.181886 0.925027
vt 0.181263 0.925027
vt 0.181263 0.912571
vt 0.181886 0.912571
vt 0.782434 0.975320
vt 0.781811 0.975320
vt 0.781811 0.972429
vt 0.782434 0.972429
vt 0.923238 0.251066
vt 0.922615 0.251066
vt 0.922615 0.238609
vt 0.923238 0.238609
vt 0.678717 0.972429
vt 0.679340 0.972428
vt 0.679340 0.975320
vt 0.678717 0.975320
vt 0.887283 0.238609
vt 0.890174 0.238609
vt 0.890174 0.251066
vt 0.887283 0.251066
vt 0.889101 0.741225
vt 0.891993 0.741225
vt 0.891993 0.753681
vt 0.889101 0.753681
vt 0.603050 0.755945
vt 0.591483 0.755945
vt 0.591483 0.743489
vt 0.603050 0.743489
vt 0.676880 0.915751
vt 0.676880 0.904184
vt 0.679104 0.904184
vt 0.679104 0.915750
vt 0.151549 0.745855
vt 0.139982 0.745855
vt 0.139982 0.733398
vt 0.151549 0.733398
vt 0.889234 0.915021
vt 0.889234 0.903455
vt 0.891459 0.903455
vt 0.891459 0.915022
vt 0.554869 0.890889
vt 0.557094 0.890889
vt 0.557094 0.903345
vt 0.554869 0.903345
vt 0.018355 0.891942
vt 0.020580 0.891942
vt 0.020580 0.904398
vt 0.018355 0.904398
vt 0.900306 0.224942
vt 0.899149 0.224942
vt 0.899149 0.210173
vt 0.900306 0.210173
vt 0.962166 0.831761
vt 0.961010 0.831761
vt 0.961010 0.829092
vt 0.962166 0.829092
vt 0.153495 0.882613
vt 0.152338 0.882613
vt 0.152338 0.867843
vt 0.153495 0.867843
vt 0.961010 0.693177
vt 0.962166 0.693177
vt 0.962166 0.695846
vt 0.961010 0.695846
vt 0.876745 0.803918
vt 0.879414 0.803918
vt 0.879414 0.818688
vt 0.876745 0.818688
vt 0.195418 0.868946
vt 0.198087 0.868946
vt 0.198087 0.883715
vt 0.195418 0.883715
vt 0.902784 0.435025
vt 0.901627 0.435025
vt 0.901627 0.420256
vt 0.902784 0.420256
vt 0.962167 0.893540
vt 0.961010 0.893540
vt 0.961010 0.890871
vt 0.962167 0.890871
vt 0.900046 0.081007
vt 0.898890 0.081007
vt 0.898890 0.066237
vt 0.900046 0.066237
vt 0.961010 0.754956
vt 0.962167 0.754956
vt 0.962167 0.757626
vt 0.961010 0.757626
vt 0.876879 0.860948
vt 0.879548 0.860948
vt 0.879548 0.875718
vt 0.876879 0.875718
vt 0.774707 0.867971
vt 0.777376 0.867971
vt 0.777376 0.882740
vt 0.774707 0.882740
vt 0.916924 0.616132
vt 0.916924 0.604565
vt 0.918081 0.604565
vt 0.918081 0.616132
vt 0.909733 0.141563
vt 0.909733 0.129997
vt 0.912402 0.129997
vt 0.912402 0.141563
vt 0.914477 0.670729
vt 0.914477 0.659162
vt 0.915633 0.659162
vt 0.915633 0.670729
vt 0.904568 0.616131
vt 0.904568 0.604565
vt 0.907237 0.604565
vt 0.907237 0.616132
vt 0.961010 0.263389
vt 0.961010 0.260720
vt 0.962167 0.260720
vt 0.962167 0.263389
vt 0.961010 0.485795
vt 0.961010 0.483126
vt 0.962167 0.483126
vt 0.962167 0.485795
vt 0.374589 0.922775
vt 0.374589 0.911208
vt 0.375746 0.911208
vt 0.375746 0.922775
vt 0.909733 0.162817
vt 0.909733 0.151250
vt 0.912402 0.151250
vt 0.912402 0.162816
vt 0.915922 0.715023
vt 0.915922 0.703456
vt 0.917079 0.703456
vt 0.917079 0.715023
vt 0.904797 0.347505
vt 0.904797 0.335938
vt 0.907467 0.335939
vt 0.907467 0.347505
vt 0.961010 0.386948
vt 0.961010 0.384279
vt 0.962167 0.384279
vt 0.962167 0.386948
vt 0.961010 0.708202
vt 0.961010 0.705533
vt 0.962167 0.705533
vt 0.962167 0.708202
vt 0.053214 0.925627
vt 0.053214 0.914060
vt 0.053837 0.914060
vt 0.053837 0.925627
vt 0.892219 0.347505
vt 0.892219 0.335939
vt 0.895111 0.335938
vt 0.895111 0.347505
vt 0.360279 0.925522
vt 0.360279 0.913955
vt 0.360902 0.913955
vt 0.360902 0.925522
vt 0.676880 0.894497
vt 0.676880 0.882931
vt 0.679771 0.882931
vt 0.679771 0.894497
vt 0.524076 0.975320
vt 0.524076 0.972429
vt 0.524698 0.972428
vt 0.524698 0.975320
vt 0.637479 0.975320
vt 0.637479 0.972428
vt 0.638102 0.972428
vt 0.638102 0.975320
vt 0.925005 0.408256
vt 0.924382 0.408256
vt 0.924382 0.395799
vt 0.925005 0.395800
vt 0.823672 0.975320
vt 0.823049 0.975320
vt 0.823049 0.972429
vt 0.823672 0.972429
vt 0.108227 0.867923
vt 0.107604 0.867923
vt 0.107604 0.855466
vt 0.108227 0.855466
vt 0.689026 0.972429
vt 0.689649 0.972429
vt 0.689649 0.975320
vt 0.689026 0.975320
vt 0.886571 0.210173
vt 0.889463 0.210173
vt 0.889463 0.222630
vt 0.886571 0.222630
vt 0.889101 0.763368
vt 0.891993 0.763368
vt 0.891993 0.775824
vt 0.889101 0.775824
vt 0.757644 0.672516
vt 0.746077 0.672516
vt 0.746077 0.660060
vt 0.757644 0.660060
vt 0.212353 0.915900
vt 0.212353 0.904334
vt 0.214577 0.904333
vt 0.214577 0.915900
vt 0.296453 0.745946
vt 0.284886 0.745946
vt 0.284886 0.733490
vt 0.296453 0.733490
vt 0.338728 0.915540
vt 0.338728 0.903973
vt 0.340952 0.903973
vt 0.340952 0.915540
vt 0.261776 0.889801
vt 0.264000 0.889801
vt 0.264000 0.902258
vt 0.261776 0.902258
vt 0.053214 0.891917
vt 0.055439 0.891917
vt 0.055439 0.904373
vt 0.053214 0.904373
vt 0.855503 0.902467
vt 0.854347 0.902467
vt 0.854347 0.887698
vt 0.855503 0.887698
vt 0.962167 0.844117
vt 0.961010 0.844117
vt 0.961010 0.841447
vt 0.962167 0.841448
vt 0.298398 0.882653
vt 0.297242 0.882653
vt 0.297242 0.867883
vt 0.298398 0.867883
vt 0.961010 0.631397
vt 0.962166 0.631397
vt 0.962166 0.634066
vt 0.961010 0.634067
vt 0.261776 0.865345
vt 0.264445 0.865345
vt 0.264445 0.880115
vt 0.261776 0.880115
vt 0.360279 0.868245
vt 0.362949 0.868245
vt 0.362949 0.883015
vt 0.360279 0.883015
vt 0.901018 0.253379
vt 0.899861 0.253379
vt 0.899861 0.238609
vt 0.901018 0.238609
vt 0.962166 0.905896
vt 0.961010 0.905896
vt 0.961010 0.903227
vt 0.962166 0.903227
vt 0.690615 0.897701
vt 0.689458 0.897701
vt 0.689458 0.882931
vt 0.690615 0.882931
vt 0.961010 0.767312
vt 0.962167 0.767312
vt 0.962167 0.769982
vt 0.961010 0.769982
vt 0.118007 0.866293
vt 0.120676 0.866293
vt 0.120676 0.881063
vt 0.118007 0.881063
vt 0.880440 0.004843
vt 0.883110 0.004843
vt 0.883110 0.019613
vt 0.880440 0.019613
vt 0.918269 0.368759
vt 0.918269 0.357192
vt 0.919426 0.357192
vt 0.919426 0.368759
vt 0.909733 0.184070
vt 0.909733 0.172503
vt 0.912402 0.172503
vt 0.912402 0.184070
vt 0.914661 0.016410
vt 0.914661 0.004843
vt 0.915817 0.004843
vt 0.915817 0.016410
vt 0.905913 0.368758
vt 0.905913 0.357192
vt 0.908582 0.357192
vt 0.908582 0.368758
vt 0.961010 0.275745
vt 0.961010 0.273076
vt 0.962167 0.273076
vt 0.962167 0.275745
vt 0.961010 0.498151
vt 0.961010 0.495482
vt 0.962167 0.495482
vt 0.962167 0.498151
vt 0.921611 0.593137
vt 0.921611 0.581571
vt 0.922768 0.581571
vt 0.922768 0.593137
vt 0.909993 0.221740
vt 0.909993 0.210173
vt 0.912662 0.210173
vt 0.912662 0.221739
vt 0.916219 0.278366
vt 0.916219 0.266799
vt 0.917376 0.266799
vt 0.917376 0.278366
vt 0.415538 0.908673
vt 0.415538 0.897107
vt 0.418207 0.897107
vt 0.418207 0.908673
vt 0.961010 0.399304
vt 0.961010 0.396635
vt 0.962167 0.396635
vt 0.962167 0.399304
vt 0.961010 0.720558
vt 0.961010 0.717889
vt 0.962167 0.717889
vt 0.962167 0.720558
vt 0.018355 0.925652
vt 0.018355 0.914085
vt 0.018978 0.914085
vt 0.018978 0.925652
vt 0.891990 0.616132
vt 0.891990 0.604565
vt 0.894882 0.604565
vt 0.894882 0.616131
vt 0.567225 0.924599
vt 0.567225 0.913032
vt 0.567848 0.913032
vt 0.567848 0.924599
vt 0.212353 0.894647
vt 0.212353 0.883080
vt 0.215244 0.883080
vt 0.215244 0.894647
vt 0.472528 0.975320
vt 0.472528 0.972428
vt 0.473151 0.972428
vt 0.473151 0.975320
vt 0.627170 0.975320
vt 0.627170 0.972428
vt 0.627793 0.972428
vt 0.627793 0.975320
vt 0.473411 0.924988
vt 0.472788 0.924988
vt 0.472788 0.912532
vt 0.473411 0.912532
vt 0.792744 0.975320
vt 0.792121 0.975320
vt 0.792121 0.972429
vt 0.792744 0.972429
vt 0.821550 0.876311
vt 0.820927 0.876311
vt 0.820927 0.863854
vt 0.821550 0.863854
vt 0.699336 0.972429
vt 0.699959 0.972429
vt 0.699959 0.975320
vt 0.699336 0.975320
vt 0.886311 0.066237
vt 0.889203 0.066237
vt 0.889203 0.078693
vt 0.886311 0.078693
vt 0.889049 0.395800
vt 0.891941 0.395800
vt 0.891941 0.408256
vt 0.889049 0.408256
vt 0.787418 0.828576
vt 0.787418 0.810781
vt 0.790088 0.810781
vt 0.790088 0.828576
vt 0.572332 0.421396
vt 0.572332 0.403601
vt 0.587458 0.403600
vt 0.587458 0.421394
vt 0.818271 0.200215
vt 0.818271 0.182419
vt 0.820940 0.182419
vt 0.820940 0.200215
vt 0.541560 0.269597
vt 0.541560 0.251802
vt 0.556686 0.251803
vt 0.556686 0.269598
vt 0.415538 0.871060
vt 0.415538 0.855934
vt 0.418207 0.855934
vt 0.418207 0.871060
vt 0.004843 0.871297
vt 0.004843 0.856171
vt 0.007513 0.856171
vt 0.007513 0.871297
vt 0.962700 0.124176
vt 0.961010 0.124176
vt 0.961010 0.121952
vt 0.962700 0.121952
vt 0.309954 0.873500
vt 0.308263 0.873500
vt 0.308263 0.855706
vt 0.309954 0.855706
vt 0.962700 0.112265
vt 0.961010 0.112265
vt 0.961010 0.110041
vt 0.962700 0.110041
vt 0.096227 0.855466
vt 0.097918 0.855466
vt 0.097918 0.873261
vt 0.096227 0.873261
vt 0.096227 0.845780
vt 0.096227 0.827984
vt 0.098452 0.827984
vt 0.098452 0.845780
vt 0.308263 0.846019
vt 0.308263 0.828224
vt 0.310487 0.828224
vt 0.310487 0.846019
vt 0.616569 0.870673
vt 0.616569 0.853767
vt 0.618793 0.853767
vt 0.618793 0.870673
vt 0.786925 0.488296
vt 0.786925 0.471391
vt 0.787815 0.471391
vt 0.787815 0.488296
vt 0.863683 0.255515
vt 0.863683 0.238609
vt 0.865908 0.238609
vt 0.865908 0.255515
vt 0.854614 0.878011
vt 0.854614 0.861106
vt 0.855503 0.861106
vt 0.855503 0.878011
vt 0.972698 0.729615
vt 0.973588 0.729615
vt 0.973588 0.731839
vt 0.972698 0.731839
vt 0.972698 0.765348
vt 0.973588 0.765348
vt 0.973588 0.767573
vt 0.972698 0.767572
vt 0.604658 0.870673
vt 0.604658 0.853767
vt 0.606883 0.853767
vt 0.606883 0.870672
vt 0.129206 0.823262
vt 0.129206 0.806357
vt 0.130095 0.806357
vt 0.130095 0.823262
vt 0.638099 0.870641
vt 0.638099 0.853736
vt 0.640323 0.853736
vt 0.640323 0.870641
vt 0.386945 0.881513
vt 0.386945 0.864608
vt 0.387835 0.864608
vt 0.387835 0.881513
vt 0.972699 0.753437
vt 0.973588 0.753437
vt 0.973588 0.755661
vt 0.972699 0.755661
vt 0.972698 0.789170
vt 0.973588 0.789170
vt 0.973588 0.791394
vt 0.972698 0.791394
vt 0.397707 0.871287
vt 0.397707 0.854382
vt 0.399931 0.854381
vt 0.399931 0.871287
vt 0.129206 0.849854
vt 0.129206 0.832949
vt 0.130095 0.832949
vt 0.130095 0.849854
vt 0.650010 0.870641
vt 0.650010 0.853736
vt 0.652234 0.853736
vt 0.652234 0.870641
vt 0.274132 0.882250
vt 0.274132 0.865345
vt 0.275021 0.865345
vt 0.275021 0.882250
vt 0.972698 0.741526
vt 0.973588 0.741526
vt 0.973588 0.743750
vt 0.972698 0.743750
vt 0.972698 0.777259
vt 0.973588 0.777259
vt 0.973588 0.779483
vt 0.972698 0.779483
vt 0.731370 0.258038
vt 0.731370 0.233125
vt 0.739822 0.233124
vt 0.739822 0.258038
vt 0.682551 0.413285
vt 0.680772 0.413285
vt 0.680772 0.268261
vt 0.682551 0.268261
vt 0.973202 0.668420
vt 0.973202 0.670645
vt 0.972699 0.670646
vt 0.972699 0.668422
vt 0.734063 0.064356
vt 0.734063 0.039443
vt 0.742515 0.039444
vt 0.742515 0.064356
vt 0.478296 0.708407
vt 0.476516 0.708407
vt 0.476516 0.581176
vt 0.478296 0.581176
vt 0.972699 0.694469
vt 0.972699 0.692245
vt 0.973202 0.692245
vt 0.973202 0.694469
vt 0.734063 0.029757
vt 0.734063 0.004843
vt 0.742515 0.004843
vt 0.742515 0.029757
vt 0.103026 0.195597
vt 0.103026 0.266778
vt 0.031847 0.266778
vt 0.031847 0.195597
vt 0.973705 0.692245
vt 0.973705 0.694469
vt 0.141765 0.149875
vt 0.141765 0.004843
vt 0.268997 0.004843
vt 0.268997 0.149875
vt 0.004843 0.159562
vt 0.130296 0.159562
vt 0.973705 0.680333
vt 0.973705 0.682557
vt 0.973202 0.682558
vt 0.973202 0.680334
vt 0.004843 0.149875
vt 0.004843 0.004843
vt 0.132079 0.004843
vt 0.132079 0.149875
vt 0.004843 0.302814
vt 0.972698 0.682557
vt 0.972698 0.680333
vt 0.676880 0.499419
vt 0.678659 0.499419
vt 0.678659 0.644446
vt 0.676880 0.644447
vt 0.130296 0.302814
vt 0.973705 0.656509
vt 0.973705 0.658734
vt 0.973202 0.658732
vt 0.973202 0.656507
vt 0.049004 0.985645
vt 0.049390 0.986030
vt 0.049390 0.986575
vt 0.049004 0.986960
vt 0.048460 0.986960
vt 0.048074 0.986575
vt 0.048074 0.986030
vt 0.048460 0.985645
vt 0.972698 0.658734
vt 0.972698 0.656509
vt 0.734085 0.466880
vt 0.734085 0.441967
vt 0.742537 0.441966
vt 0.742537 0.466879
vt 0.442338 0.706986
vt 0.440558 0.706986
vt 0.440558 0.579749
vt 0.442338 0.579749
vt 0.973705 0.668422
vt 0.973705 0.670646
vt 0.059461 0.985645
vt 0.060006 0.985645
vt 0.060391 0.986030
vt 0.060391 0.986575
vt 0.060006 0.986960
vt 0.059461 0.986960
vt 0.059076 0.986575
vt 0.059076 0.986030
vt 0.827526 0.254597
vt 0.827526 0.246144
vt 0.835978 0.246144
vt 0.835978 0.254597
vt 0.237631 0.836161
vt 0.237631 0.827709
vt 0.246083 0.827709
vt 0.246083 0.836161
vt 0.915726 0.872070
vt 0.913724 0.872069
vt 0.913724 0.860948
vt 0.915726 0.860948
vt 0.915726 0.892878
vt 0.913724 0.892878
vt 0.913724 0.881756
vt 0.915726 0.881756
vt 0.652457 0.908257
vt 0.650455 0.908257
vt 0.650455 0.897135
vt 0.652457 0.897135
vt 0.455186 0.904518
vt 0.457188 0.904517
vt 0.457188 0.915639
vt 0.455186 0.915639
vt 0.184219 0.766659
vt 0.184219 0.755537
vt 0.195341 0.755537
vt 0.195341 0.766659
vt 0.284886 0.766755
vt 0.284886 0.755633
vt 0.296008 0.755633
vt 0.296008 0.766755
vt 0.587886 0.193164
vt 0.587883 0.205700
vt 0.578425 0.205575
vt 0.578428 0.193164
vt 0.183578 0.484123
vt 0.139982 0.490391
vt 0.139982 0.477855
vt 0.305811 0.479230
vt 0.318345 0.436544
vt 0.329863 0.441804
vt 0.587873 0.217225
vt 0.578416 0.216985
vt 0.143514 0.465828
vt 0.305811 0.434742
vt 0.587859 0.226806
vt 0.578401 0.226470
vt 0.150292 0.455282
vt 0.293277 0.436544
vt 0.630072 0.004843
vt 0.630135 0.015427
vt 0.620674 0.015615
vt 0.620613 0.005137
vt 0.159766 0.447073
vt 0.281759 0.441805
vt 0.630167 0.027541
vt 0.620706 0.027607
vt 0.171169 0.441865
vt 0.272189 0.450097
vt 0.630167 0.040203
vt 0.620706 0.040143
vt 0.183578 0.440081
vt 0.265343 0.460750
vt 0.630135 0.052387
vt 0.620674 0.052206
vt 0.195986 0.441865
vt 0.261776 0.472899
vt 0.630072 0.063108
vt 0.620613 0.062819
vt 0.207389 0.447072
vt 0.261776 0.485562
vt 0.591009 0.004843
vt 0.591023 0.014338
vt 0.581565 0.014582
vt 0.581551 0.005182
vt 0.216863 0.455281
vt 0.265343 0.497712
vt 0.591032 0.025808
vt 0.581574 0.025938
vt 0.223641 0.465827
vt 0.272189 0.508364
vt 0.591035 0.038326
vt 0.581577 0.038329
vt 0.227173 0.477855
vt 0.281759 0.516656
vt 0.591032 0.050875
vt 0.581574 0.050753
vt 0.227173 0.490390
vt 0.293277 0.521917
vt 0.591023 0.062440
vt 0.581565 0.062203
vt 0.223641 0.502418
vt 0.305811 0.523719
vt 0.591009 0.072085
vt 0.581551 0.071751
vt 0.216863 0.512964
vt 0.318345 0.521916
vt 0.630133 0.489732
vt 0.630197 0.479129
vt 0.639650 0.478941
vt 0.639587 0.489438
vt 0.207389 0.521173
vt 0.329863 0.516656
vt 0.630230 0.467006
vt 0.639683 0.466939
vt 0.195986 0.526381
vt 0.339433 0.508364
vt 0.630230 0.454343
vt 0.639683 0.454403
vt 0.183578 0.528165
vt 0.346279 0.497711
vt 0.630197 0.442168
vt 0.639650 0.442349
vt 0.171169 0.526381
vt 0.349846 0.485561
vt 0.630133 0.431466
vt 0.639587 0.431754
vt 0.159766 0.521173
vt 0.349846 0.472899
vt 0.587859 0.159562
vt 0.587873 0.169121
vt 0.578416 0.169362
vt 0.578401 0.159898
vt 0.150292 0.512964
vt 0.346279 0.460749
vt 0.587883 0.180632
vt 0.578425 0.180758
vt 0.143514 0.502419
vt 0.339433 0.450097
vt 0.427381 0.719533
vt 0.427360 0.730707
vt 0.417181 0.730390
vt 0.417202 0.719335
vt 0.529314 0.200839
vt 0.568715 0.213460
vt 0.563271 0.224475
vt 0.520219 0.342209
vt 0.485896 0.366100
vt 0.480394 0.354967
vt 0.427381 0.739797
vt 0.417202 0.739384
vt 0.554833 0.233405
vt 0.494426 0.375126
vt 0.600741 0.061380
vt 0.600729 0.050586
vt 0.610914 0.050424
vt 0.610926 0.061104
vt 0.544144 0.239463
vt 0.505229 0.381249
vt 0.600722 0.038464
vt 0.610908 0.038431
vt 0.532148 0.242115
vt 0.517355 0.383930
vt 0.600722 0.026084
vt 0.610908 0.026183
vt 0.519902 0.241128
vt 0.529733 0.382932
vt 0.600729 0.014538
vt 0.610914 0.014760
vt 0.508485 0.236587
vt 0.541273 0.378342
vt 0.600741 0.004843
vt 0.610926 0.005168
vt 0.498906 0.228894
vt 0.550955 0.370566
vt 0.607760 0.159562
vt 0.607823 0.169767
vt 0.597635 0.169962
vt 0.597572 0.159866
vt 0.492008 0.218727
vt 0.557927 0.360290
vt 0.607856 0.181600
vt 0.597668 0.181670
vt 0.488400 0.206982
vt 0.561574 0.348419
vt 0.607856 0.194018
vt 0.597668 0.193955
vt 0.488400 0.194695
vt 0.561574 0.336000
vt 0.607823 0.205925
vt 0.597635 0.205736
vt 0.492008 0.182951
vt 0.557927 0.324129
vt 0.607760 0.216272
vt 0.597572 0.215973
vt 0.498906 0.172783
vt 0.550955 0.313853
vt 0.627728 0.159562
vt 0.627740 0.169172
vt 0.617555 0.169398
vt 0.617543 0.159890
vt 0.508485 0.165090
vt 0.541273 0.306077
vt 0.627747 0.180669
vt 0.617561 0.180773
vt 0.519902 0.160549
vt 0.529733 0.301487
vt 0.627747 0.193038
vt 0.617561 0.193010
vt 0.532148 0.159562
vt 0.517355 0.300489
vt 0.627740 0.205188
vt 0.617555 0.205030
vt 0.544144 0.162214
vt 0.505229 0.303169
vt 0.627728 0.216047
vt 0.617543 0.215775
vt 0.554833 0.168272
vt 0.494426 0.309293
vt 0.487982 0.741029
vt 0.488003 0.732066
vt 0.498182 0.731742
vt 0.498162 0.740610
vt 0.563271 0.177202
vt 0.485896 0.318319
vt 0.487982 0.720974
vt 0.498162 0.720768
vt 0.568715 0.188217
vt 0.480394 0.329452
vt 0.108320 0.667610
vt 0.098135 0.667616
vt 0.098135 0.627674
vt 0.108320 0.628094
vt 0.118007 0.667475
vt 0.118007 0.628092
vt 0.128191 0.627674
vt 0.128191 0.667481
vt 0.639854 0.004847
vt 0.647856 0.004843
vt 0.647856 0.066213
vt 0.639854 0.066217
vt 0.359533 0.434764
vt 0.367534 0.434742
vt 0.367534 0.496130
vt 0.359533 0.496152
vt 0.657543 0.004848
vt 0.665545 0.004843
vt 0.665545 0.066070
vt 0.657543 0.066074
vt 0.657371 0.489732
vt 0.649370 0.489709
vt 0.649370 0.428372
vt 0.657371 0.428394
vt 0.139983 0.601915
vt 0.139983 0.537852
vt 0.204045 0.537851
vt 0.204045 0.601914
vt 0.068904 0.542573
vt 0.068906 0.606636
vt 0.004845 0.606636
vt 0.004843 0.542573
vt 0.675811 0.456262
vt 0.675808 0.466667
vt 0.667077 0.466417
vt 0.667080 0.456263
vt 0.512184 0.535454
vt 0.502032 0.500878
vt 0.512184 0.499419
vt 0.535315 0.041768
vt 0.568903 0.026429
vt 0.571864 0.036513
vt 0.675801 0.476232
vt 0.667070 0.475752
vt 0.522336 0.500878
vt 0.563221 0.017587
vt 0.675789 0.484184
vt 0.667058 0.483513
vt 0.531665 0.505139
vt 0.555278 0.010705
vt 0.647363 0.209287
vt 0.647415 0.218071
vt 0.638678 0.218448
vt 0.638628 0.209876
vt 0.539417 0.511856
vt 0.545718 0.006339
vt 0.647442 0.228126
vt 0.638704 0.228260
vt 0.544962 0.520485
vt 0.535315 0.004843
vt 0.647442 0.238635
vt 0.638704 0.238517
vt 0.547851 0.530326
vt 0.524912 0.006339
vt 0.647415 0.248749
vt 0.638678 0.248386
vt 0.547851 0.540583
vt 0.515352 0.010705
vt 0.647363 0.257646
vt 0.638628 0.257070
vt 0.544962 0.550424
vt 0.507409 0.017588
vt 0.088426 0.627674
vt 0.088438 0.635555
vt 0.079707 0.636042
vt 0.079696 0.628352
vt 0.539417 0.559053
vt 0.501727 0.026429
vt 0.088446 0.645075
vt 0.079715 0.645333
vt 0.531665 0.565769
vt 0.498766 0.036513
vt 0.088449 0.655464
vt 0.079717 0.655472
vt 0.522336 0.570030
vt 0.498766 0.047023
vt 0.088446 0.665881
vt 0.079715 0.665637
vt 0.512184 0.571489
vt 0.501727 0.057107
vt 0.088438 0.675480
vt 0.079707 0.675005
vt 0.502032 0.570029
vt 0.507409 0.065949
vt 0.088426 0.683484
vt 0.079696 0.682817
vt 0.492702 0.565768
vt 0.515352 0.072831
vt 0.657128 0.257648
vt 0.657181 0.248847
vt 0.665903 0.248471
vt 0.665852 0.257059
vt 0.484951 0.559052
vt 0.524912 0.077197
vt 0.657209 0.238785
vt 0.665930 0.238651
vt 0.479406 0.550423
vt 0.535315 0.078693
vt 0.657209 0.228275
vt 0.665930 0.228395
vt 0.476516 0.540582
vt 0.545718 0.077197
vt 0.657181 0.218170
vt 0.665903 0.218533
vt 0.476516 0.530325
vt 0.555278 0.072831
vt 0.657128 0.209287
vt 0.665852 0.209864
vt 0.479406 0.520484
vt 0.563221 0.065949
vt 0.675789 0.428372
vt 0.675801 0.436306
vt 0.667070 0.436788
vt 0.667058 0.429045
vt 0.484951 0.511855
vt 0.568903 0.057107
vt 0.675808 0.445860
vt 0.667077 0.446112
vt 0.492702 0.505139
vt 0.571864 0.047023
vt 0.564824 0.658161
vt 0.564821 0.668358
vt 0.557547 0.668661
vt 0.557550 0.658160
vt 0.528995 0.119077
vt 0.518497 0.090231
vt 0.528995 0.088380
vt 0.586892 0.598944
vt 0.606052 0.621777
vt 0.597087 0.626953
vt 0.564812 0.677330
vt 0.557538 0.677901
vt 0.539494 0.090231
vt 0.612706 0.613847
vt 0.682501 0.005531
vt 0.682561 0.013394
vt 0.675294 0.012941
vt 0.675232 0.004843
vt 0.548726 0.095562
vt 0.616246 0.604120
vt 0.682594 0.023086
vt 0.675327 0.022922
vt 0.555579 0.103729
vt 0.616246 0.593768
vt 0.682594 0.033438
vt 0.675327 0.033583
vt 0.559225 0.113747
vt 0.612706 0.584040
vt 0.682561 0.043200
vt 0.675294 0.043637
vt 0.559225 0.124408
vt 0.606052 0.576110
vt 0.682501 0.051196
vt 0.675232 0.051871
vt 0.555579 0.134425
vt 0.597087 0.570934
vt 0.581784 0.639016
vt 0.581793 0.647934
vt 0.574520 0.647622
vt 0.574510 0.638438
vt 0.548726 0.142592
vt 0.586892 0.569137
vt 0.581796 0.658112
vt 0.574523 0.658104
vt 0.539494 0.147922
vt 0.576697 0.570934
vt 0.581793 0.668322
vt 0.574520 0.668619
vt 0.528995 0.149773
vt 0.567733 0.576110
vt 0.581784 0.677334
vt 0.574510 0.677899
vt 0.518497 0.147922
vt 0.561078 0.584040
vt 0.657406 0.680011
vt 0.657468 0.672129
vt 0.664750 0.672579
vt 0.664686 0.680696
vt 0.509264 0.142591
vt 0.557538 0.593768
vt 0.657501 0.662428
vt 0.664784 0.662588
vt 0.502412 0.134424
vt 0.557538 0.604119
vt 0.657501 0.652076
vt 0.664784 0.651927
vt 0.498766 0.124406
vt 0.561078 0.613847
vt 0.657468 0.642323
vt 0.664750 0.641883
vt 0.498766 0.113745
vt 0.567733 0.621777
vt 0.657406 0.634345
vt 0.664686 0.633667
vt 0.502412 0.103728
vt 0.576697 0.626953
vt 0.564812 0.639010
vt 0.564821 0.647969
vt 0.557547 0.647663
vt 0.557538 0.638438
vt 0.509264 0.095561
vt 0.586892 0.628751
vt 0.871246 0.076062
vt 0.864885 0.076694
vt 0.865232 0.068636
vt 0.871246 0.068038
vt 0.102051 0.595049
vt 0.079696 0.589101
vt 0.083226 0.581603
vt 0.596801 0.465470
vt 0.616712 0.451249
vt 0.620447 0.459179
vt 0.523870 0.283956
vt 0.523862 0.276067
vt 0.531866 0.275709
vt 0.531874 0.283168
vt 0.089173 0.575831
vt 0.610422 0.445143
vt 0.523859 0.267337
vt 0.531864 0.267455
vt 0.096773 0.572525
vt 0.602384 0.441647
vt 0.523862 0.258887
vt 0.531866 0.259466
vt 0.105050 0.572110
vt 0.593629 0.441208
vt 0.523870 0.251802
vt 0.531874 0.252767
vt 0.112942 0.574639
vt 0.585281 0.443883
vt 0.514117 0.251802
vt 0.514158 0.259088
vt 0.506145 0.259616
vt 0.506106 0.252727
vt 0.119437 0.579788
vt 0.578412 0.449328
vt 0.514172 0.267624
vt 0.506158 0.267686
vt 0.123700 0.586896
vt 0.573903 0.456846
vt 0.514158 0.276315
vt 0.506145 0.275903
vt 0.125184 0.595049
vt 0.572332 0.465470
vt 0.514117 0.284046
vt 0.506106 0.283212
vt 0.123700 0.603203
vt 0.573903 0.474094
vt 0.488415 0.290151
vt 0.488405 0.283553
vt 0.496410 0.282869
vt 0.496419 0.289106
vt 0.119437 0.610310
vt 0.578412 0.481611
vt 0.488400 0.275345
vt 0.496405 0.275108
vt 0.112942 0.615459
vt 0.585281 0.487057
vt 0.488400 0.266579
vt 0.496405 0.266820
vt 0.105050 0.617988
vt 0.593629 0.489732
vt 0.488405 0.258380
vt 0.496410 0.259069
vt 0.096773 0.617572
vt 0.602384 0.489293
vt 0.488415 0.251802
vt 0.496419 0.252849
vt 0.089173 0.614266
vt 0.610422 0.485796
vt 0.359533 0.522282
vt 0.359548 0.514535
vt 0.367537 0.514108
vt 0.367522 0.521433
vt 0.083226 0.608494
vt 0.616712 0.479691
vt 0.359533 0.505839
vt 0.367522 0.505886
vt 0.079696 0.600996
vt 0.620447 0.471760
vt 0.445070 0.739903
vt 0.437068 0.739912
vt 0.437068 0.719335
vt 0.445070 0.720449
vt 0.368282 0.655202
vt 0.368282 0.678295
vt 0.360279 0.679628
vt 0.360279 0.655203
vt 0.454387 0.108515
vt 0.460141 0.105193
vt 0.462463 0.111431
vt 0.458716 0.113594
vt 0.466723 0.123136
vt 0.419319 0.123169
vt 0.425862 0.105193
vt 0.431615 0.108515
vt 0.466684 0.104039
vt 0.466723 0.110680
vt 0.419319 0.104039
vt 0.473226 0.105193
vt 0.470983 0.111431
vt 0.412776 0.105193
vt 0.478980 0.108515
vt 0.474730 0.113594
vt 0.407023 0.108515
vt 0.483250 0.113605
vt 0.477511 0.116908
vt 0.402752 0.113605
vt 0.485523 0.119848
vt 0.478990 0.120974
vt 0.400480 0.119848
vt 0.485523 0.126492
vt 0.478990 0.125300
vt 0.400480 0.126491
vt 0.483250 0.132735
vt 0.477511 0.129365
vt 0.402752 0.132734
vt 0.478980 0.137824
vt 0.474730 0.132679
vt 0.407023 0.137824
vt 0.473226 0.141145
vt 0.470983 0.134842
vt 0.412776 0.141146
vt 0.466684 0.142299
vt 0.466723 0.135593
vt 0.419319 0.142299
vt 0.460141 0.141145
vt 0.462463 0.134841
vt 0.425862 0.141145
vt 0.454387 0.137823
vt 0.458716 0.132678
vt 0.431615 0.137824
vt 0.450117 0.132733
vt 0.455935 0.129364
vt 0.435886 0.132734
vt 0.447845 0.126490
vt 0.454456 0.125299
vt 0.438158 0.126491
vt 0.447845 0.119847
vt 0.454456 0.120973
vt 0.438158 0.119847
vt 0.450117 0.113604
vt 0.455935 0.116908
vt 0.435886 0.113604
vt 0.705780 0.014395
vt 0.705789 0.025934
vt 0.703920 0.025934
vt 0.703911 0.014395
vt 0.444779 0.049598
vt 0.444779 0.004843
vt 0.457388 0.006656
vt 0.711723 0.674466
vt 0.712790 0.674464
vt 0.712829 0.687916
vt 0.711761 0.687918
vt 0.361347 0.707137
vt 0.360279 0.707135
vt 0.360307 0.697755
vt 0.361375 0.697757
vt 0.742207 0.147306
vt 0.743274 0.147306
vt 0.743269 0.155783
vt 0.742201 0.155784
vt 0.712903 0.700009
vt 0.711835 0.700010
vt 0.361347 0.716538
vt 0.360279 0.716537
vt 0.422531 0.448355
vt 0.435140 0.491297
vt 0.422531 0.493110
vt 0.349525 0.655203
vt 0.350593 0.655202
vt 0.350579 0.664861
vt 0.349511 0.664861
vt 0.456354 0.477664
vt 0.446727 0.486006
vt 0.705814 0.430683
vt 0.705814 0.443421
vt 0.703946 0.443421
vt 0.703946 0.430683
vt 0.350571 0.677024
vt 0.349504 0.677024
vt 0.705719 0.407850
vt 0.705781 0.418497
vt 0.703913 0.418497
vt 0.703850 0.407850
vt 0.742216 0.140575
vt 0.743284 0.140574
vt 0.350571 0.690501
vt 0.349504 0.690501
vt 0.361375 0.725041
vt 0.360307 0.725039
vt 0.404069 0.068190
vt 0.400480 0.055967
vt 0.350579 0.703972
vt 0.349511 0.703973
vt 0.400480 0.043229
vt 0.404069 0.031006
vt 0.463241 0.429764
vt 0.466830 0.441986
vt 0.350593 0.716119
vt 0.349525 0.716120
vt 0.446727 0.410705
vt 0.456354 0.419047
vt 0.576149 0.721674
vt 0.577217 0.721673
vt 0.577268 0.730101
vt 0.576201 0.730103
vt 0.678063 0.715108
vt 0.676995 0.715106
vt 0.676919 0.705390
vt 0.677987 0.705392
vt 0.361427 0.731813
vt 0.360360 0.731811
vt 0.705789 0.051151
vt 0.705780 0.062786
vt 0.703911 0.062786
vt 0.703920 0.051151
vt 0.676880 0.693191
vt 0.677947 0.693192
vt 0.705792 0.038526
vt 0.703923 0.038526
vt 0.466830 0.454725
vt 0.676880 0.679701
vt 0.677947 0.679703
vt 0.468976 0.011948
vt 0.576122 0.712299
vt 0.577190 0.712297
vt 0.676919 0.666243
vt 0.677987 0.666245
vt 0.742207 0.174566
vt 0.743274 0.174565
vt 0.743284 0.183032
vt 0.742216 0.183032
vt 0.409923 0.491297
vt 0.676995 0.654133
vt 0.678063 0.654135
vt 0.705781 0.455679
vt 0.703913 0.455679
vt 0.338749 0.655202
vt 0.339817 0.655202
vt 0.339803 0.664935
vt 0.338735 0.664935
vt 0.329040 0.533405
vt 0.329041 0.600671
vt 0.261777 0.600671
vt 0.261776 0.533405
vt 0.339795 0.677146
vt 0.338728 0.677146
vt 0.742201 0.165177
vt 0.743269 0.165176
vt 0.378233 0.570063
vt 0.378233 0.502797
vt 0.445499 0.502797
vt 0.445499 0.570063
vt 0.339795 0.690638
vt 0.338728 0.690639
vt 0.639256 0.703414
vt 0.638099 0.703411
vt 0.638099 0.639006
vt 0.639256 0.639010
vt 0.339803 0.704093
vt 0.338735 0.704093
vt 0.688346 0.639008
vt 0.689503 0.639008
vt 0.689503 0.703295
vt 0.688346 0.703296
vt 0.339817 0.716191
vt 0.338749 0.716192
vt 0.614453 0.638441
vt 0.615610 0.638437
vt 0.615610 0.702895
vt 0.614453 0.702898
vt 0.711835 0.639012
vt 0.712903 0.639011
vt 0.712829 0.648753
vt 0.711761 0.648755
vt 0.558430 0.426871
vt 0.562645 0.439845
vt 0.562646 0.453487
vt 0.558430 0.466461
vt 0.550412 0.477498
vt 0.539376 0.485516
vt 0.526402 0.489732
vt 0.512761 0.489732
vt 0.499787 0.485516
vt 0.488750 0.477498
vt 0.480732 0.466461
vt 0.476516 0.453487
vt 0.476516 0.439845
vt 0.480732 0.426870
vt 0.488750 0.415834
vt 0.499786 0.407815
vt 0.512760 0.403600
vt 0.526401 0.403600
vt 0.539375 0.407815
vt 0.550412 0.415834
vt 0.627256 0.639007
vt 0.628412 0.639006
vt 0.628412 0.703445
vt 0.627256 0.703445
vt 0.712790 0.660970
vt 0.711723 0.660971
vt 0.478603 0.020290
vt 0.090975 0.482999
vt 0.090975 0.496641
vt 0.086759 0.509616
vt 0.078741 0.520652
vt 0.067704 0.528671
vt 0.054730 0.532886
vt 0.041088 0.532886
vt 0.028114 0.528671
vt 0.017077 0.520652
vt 0.009059 0.509616
vt 0.004843 0.496641
vt 0.004843 0.482999
vt 0.009059 0.470025
vt 0.017077 0.458988
vt 0.028114 0.450970
vt 0.041088 0.446754
vt 0.054730 0.446754
vt 0.067704 0.450970
vt 0.078741 0.458988
vt 0.086759 0.470025
vt 0.435140 0.405413
vt 0.410956 0.020290
vt 0.360360 0.689315
vt 0.361427 0.689316
vt 0.457069 0.695057
vt 0.457054 0.704695
vt 0.455186 0.704695
vt 0.455200 0.695057
vt 0.463241 0.466948
vt 0.742216 0.088380
vt 0.743284 0.088380
vt 0.743274 0.095163
vt 0.742207 0.095164
vt 0.485490 0.031006
vt 0.705765 0.004843
vt 0.703897 0.004843
vt 0.743269 0.103674
vt 0.742201 0.103674
vt 0.422531 0.403600
vt 0.420583 0.011948
vt 0.743269 0.113078
vt 0.742201 0.113078
vt 0.457078 0.683463
vt 0.455209 0.683463
vt 0.743274 0.122455
vt 0.742207 0.122455
vt 0.489079 0.043229
vt 0.705719 0.466464
vt 0.703850 0.466464
vt 0.743284 0.130887
vt 0.742216 0.130888
vt 0.409923 0.405412
vt 0.432170 0.006656
vt 0.576201 0.687589
vt 0.577268 0.687587
vt 0.577217 0.694377
vt 0.576149 0.694379
vt 0.457081 0.670851
vt 0.455213 0.670851
vt 0.601350 0.556512
vt 0.592307 0.559450
vt 0.582799 0.559450
vt 0.573757 0.556512
vt 0.566065 0.550923
vt 0.560476 0.543231
vt 0.557538 0.534188
vt 0.557538 0.524680
vt 0.560476 0.515637
vt 0.566065 0.507945
vt 0.573757 0.502357
vt 0.582799 0.499418
vt 0.592307 0.499418
vt 0.601350 0.502357
vt 0.609042 0.507945
vt 0.614631 0.515638
vt 0.617569 0.524680
vt 0.617569 0.534188
vt 0.614631 0.543231
vt 0.609042 0.550923
vt 0.577190 0.702892
vt 0.576122 0.702893
vt 0.410956 0.078906
vt 0.628941 0.113641
vt 0.628941 0.123150
vt 0.626003 0.132192
vt 0.620414 0.139884
vt 0.612722 0.145473
vt 0.603680 0.148411
vt 0.594172 0.148411
vt 0.585130 0.145473
vt 0.577438 0.139884
vt 0.571849 0.132192
vt 0.568911 0.123150
vt 0.568912 0.113641
vt 0.571850 0.104599
vt 0.577438 0.096907
vt 0.585130 0.091318
vt 0.594173 0.088380
vt 0.603680 0.088380
vt 0.612723 0.091318
vt 0.620415 0.096907
vt 0.626003 0.104599
vt 0.705765 0.072488
vt 0.703897 0.072488
vt 0.398336 0.486005
vt 0.420583 0.087248
vt 0.699189 0.697623
vt 0.699253 0.686957
vt 0.701122 0.686957
vt 0.701058 0.697623
vt 0.388709 0.477663
vt 0.432170 0.092540
vt 0.699287 0.674760
vt 0.701155 0.674760
vt 0.381822 0.466946
vt 0.444779 0.094353
vt 0.699287 0.662022
vt 0.701155 0.662022
vt 0.378233 0.454723
vt 0.457388 0.092540
vt 0.699253 0.649774
vt 0.701122 0.649774
vt 0.378233 0.441985
vt 0.468976 0.087248
vt 0.699189 0.639008
vt 0.701058 0.639008
vt 0.381822 0.429762
vt 0.478603 0.078906
vt 0.457054 0.637048
vt 0.457069 0.646664
vt 0.455200 0.646664
vt 0.455186 0.637048
vt 0.388709 0.419046
vt 0.485490 0.068190
vt 0.457078 0.658245
vt 0.455209 0.658245
vt 0.398336 0.410704
vt 0.489079 0.055967
vt 0.935814 0.770119
vt 0.936502 0.770121
vt 0.936502 0.779018
vt 0.935814 0.779017
vt 0.398419 0.816101
vt 0.397707 0.816101
vt 0.397707 0.790740
vt 0.398419 0.790740
vt 0.694164 0.442990
vt 0.692384 0.442990
vt 0.692367 0.429849
vt 0.694147 0.429849
vt 0.715478 0.004843
vt 0.724376 0.004843
vt 0.724376 0.029341
vt 0.715478 0.029341
vt 0.100661 0.562424
vt 0.100661 0.446754
vt 0.125184 0.446754
vt 0.125184 0.562424
vt 0.692317 0.417811
vt 0.694096 0.417811
vt 0.936502 0.686090
vt 0.935813 0.686091
vt 0.935813 0.677194
vt 0.936502 0.677192
vt 0.349870 0.985978
vt 0.350448 0.985645
vt 0.351026 0.985978
vt 0.351026 0.986646
vt 0.350448 0.986979
vt 0.349870 0.986646
vt 0.692238 0.407850
vt 0.694017 0.407850
vt 0.426648 0.817654
vt 0.425937 0.817654
vt 0.425937 0.792293
vt 0.426648 0.792293
vt 0.004843 0.962208
vt 0.004843 0.955090
vt 0.005425 0.955093
vt 0.005425 0.962211
vt 0.593262 0.699618
vt 0.591483 0.699618
vt 0.591495 0.688424
vt 0.593275 0.688424
vt 0.675617 0.233125
vt 0.684514 0.233125
vt 0.684514 0.257648
vt 0.675617 0.257648
vt 0.571261 0.383930
vt 0.571261 0.268261
vt 0.595758 0.268261
vt 0.595758 0.383930
vt 0.591502 0.675662
vt 0.593281 0.675662
vt 0.715478 0.039027
vt 0.724376 0.039027
vt 0.724376 0.063525
vt 0.715478 0.063525
vt 0.784797 0.935741
vt 0.787911 0.935741
vt 0.787911 0.941969
vt 0.784797 0.941969
vt 0.591502 0.662366
vt 0.593281 0.662366
vt 0.935813 0.695778
vt 0.936502 0.695779
vt 0.936502 0.704677
vt 0.935813 0.704675
vt 0.383323 0.962208
vt 0.383323 0.955090
vt 0.383990 0.955090
vt 0.383990 0.962208
vt 0.591495 0.649613
vt 0.593275 0.649613
vt 0.811771 0.637917
vt 0.812483 0.637917
vt 0.812483 0.663279
vt 0.811771 0.663279
vt 0.339606 0.985645
vt 0.340184 0.985978
vt 0.340184 0.986646
vt 0.339606 0.986979
vt 0.339028 0.986646
vt 0.339028 0.985978
vt 0.591483 0.638438
vt 0.593262 0.638438
vt 0.936502 0.463062
vt 0.935814 0.463064
vt 0.935814 0.454167
vt 0.936502 0.454165
vt 0.972698 0.575759
vt 0.972698 0.572645
vt 0.973054 0.572645
vt 0.973054 0.575759
vt 0.692280 0.004843
vt 0.694060 0.004843
vt 0.694141 0.014954
vt 0.692361 0.014955
vt 0.096939 0.818298
vt 0.096227 0.818298
vt 0.096227 0.792936
vt 0.096939 0.792936
vt 0.950307 0.938825
vt 0.950307 0.931707
vt 0.950882 0.931711
vt 0.950882 0.938828
vt 0.694192 0.027088
vt 0.692413 0.027089
vt 0.620018 0.233324
vt 0.628916 0.233324
vt 0.628916 0.257847
vt 0.620018 0.257847
vt 0.107338 0.818298
vt 0.106626 0.818298
vt 0.106626 0.792936
vt 0.107338 0.792936
vt 0.694210 0.040262
vt 0.692430 0.040262
vt 0.715501 0.441966
vt 0.724398 0.441966
vt 0.724398 0.466464
vt 0.715501 0.466464
vt 0.800711 0.941969
vt 0.797597 0.941969
vt 0.797597 0.935741
vt 0.800711 0.935741
vt 0.694192 0.053409
vt 0.692413 0.053409
vt 0.935813 0.788705
vt 0.936502 0.788706
vt 0.936502 0.797603
vt 0.935813 0.797602
vt 0.949726 0.938828
vt 0.949726 0.931711
vt 0.694141 0.065463
vt 0.692361 0.065463
vt 0.811882 0.682203
vt 0.812594 0.682203
vt 0.812594 0.707565
vt 0.811882 0.707565
vt 0.723610 0.742657
vt 0.722922 0.742659
vt 0.722922 0.626995
vt 0.723610 0.626993
vt 0.694060 0.075448
vt 0.692280 0.075448
vt 0.936502 0.537405
vt 0.935813 0.537406
vt 0.935813 0.528509
vt 0.936502 0.528507
vt 0.972698 0.562958
vt 0.972698 0.559844
vt 0.973054 0.559844
vt 0.973054 0.562958
vt 0.604747 0.699616
vt 0.602968 0.699616
vt 0.602980 0.688366
vt 0.604760 0.688366
vt 0.214443 0.818910
vt 0.213732 0.818910
vt 0.213732 0.793548
vt 0.214443 0.793548
vt 0.372969 0.962208
vt 0.372969 0.955090
vt 0.373636 0.955090
vt 0.373636 0.962208
vt 0.602987 0.675576
vt 0.604766 0.675576
vt 0.635595 0.389168
vt 0.644493 0.389168
vt 0.644493 0.413691
vt 0.635595 0.413691
vt 0.814359 0.266799
vt 0.815070 0.266799
vt 0.815070 0.292161
vt 0.814359 0.292161
vt 0.602987 0.662280
vt 0.604766 0.662280
vt 0.378233 0.696208
vt 0.387131 0.696208
vt 0.387131 0.720705
vt 0.378233 0.720705
vt 0.605173 0.961318
vt 0.605173 0.955090
vt 0.605529 0.955090
vt 0.605529 0.961318
vt 0.602980 0.649557
vt 0.604760 0.649557
vt 0.935813 0.807290
vt 0.936502 0.807291
vt 0.936502 0.816189
vt 0.935813 0.816187
vt 0.005999 0.955090
vt 0.005999 0.962208
vt 0.602968 0.638438
vt 0.604747 0.638438
vt 0.809639 0.741225
vt 0.810351 0.741225
vt 0.810351 0.766587
vt 0.809639 0.766587
vt 0.738013 0.268261
vt 0.738701 0.268262
vt 0.738701 0.383928
vt 0.738013 0.383927
vt 0.694017 0.478453
vt 0.692238 0.478452
vt 0.692317 0.468318
vt 0.694096 0.468318
vt 0.389987 0.186870
vt 0.397175 0.175685
vt 0.407223 0.166978
vt 0.419317 0.161454
vt 0.432477 0.159562
vt 0.445637 0.161453
vt 0.457731 0.166976
vt 0.467780 0.175683
vt 0.474968 0.186867
vt 0.478713 0.199624
vt 0.478713 0.212920
vt 0.474968 0.225677
vt 0.467780 0.236862
vt 0.457731 0.245569
vt 0.445637 0.251093
vt 0.432477 0.252986
vt 0.419317 0.251094
vt 0.407223 0.245571
vt 0.397175 0.236865
vt 0.389987 0.225680
vt 0.386241 0.212923
vt 0.386241 0.199627
vt 0.595131 0.961318
vt 0.595131 0.955090
vt 0.595487 0.955090
vt 0.595487 0.961318
vt 0.692367 0.456169
vt 0.694147 0.456169
vt 0.813596 0.499418
vt 0.814307 0.499418
vt 0.814307 0.524781
vt 0.813596 0.524781
vt 0.936502 0.481648
vt 0.935813 0.481649
vt 0.935813 0.472752
vt 0.936502 0.472750
vt 0.411310 0.302381
vt 0.424470 0.300489
vt 0.437631 0.302381
vt 0.449725 0.307904
vt 0.459773 0.316611
vt 0.466962 0.327796
vt 0.470707 0.340553
vt 0.470707 0.353849
vt 0.466962 0.366606
vt 0.459773 0.377791
vt 0.449725 0.386498
vt 0.437631 0.392021
vt 0.424470 0.393913
vt 0.411310 0.392021
vt 0.399216 0.386498
vt 0.389167 0.377791
vt 0.381979 0.366606
vt 0.378233 0.353849
vt 0.378233 0.340553
vt 0.381979 0.327796
vt 0.389167 0.316611
vt 0.399216 0.307904
vt 0.654180 0.389168
vt 0.663077 0.389168
vt 0.663077 0.413691
vt 0.654180 0.413691
vt 0.687990 0.816403
vt 0.687278 0.816403
vt 0.687278 0.791042
vt 0.687990 0.791042
vt 0.936502 0.555990
vt 0.935814 0.555992
vt 0.935814 0.547095
vt 0.936502 0.547093
vt 0.814359 0.336897
vt 0.815071 0.336897
vt 0.815071 0.362259
vt 0.814359 0.362259
vt 0.935814 0.825875
vt 0.936502 0.825877
vt 0.936502 0.834774
vt 0.935814 0.834773
vt 0.591483 0.709305
vt 0.600380 0.709305
vt 0.600380 0.733802
vt 0.591483 0.733802
vt 0.118006 0.677167
vt 0.126904 0.677167
vt 0.126904 0.701690
vt 0.118006 0.701690
vt 0.339440 0.816192
vt 0.338728 0.816192
vt 0.338728 0.790831
vt 0.339440 0.790831
vt 0.936502 0.574576
vt 0.935813 0.574578
vt 0.935813 0.565680
vt 0.936502 0.565679
vt 0.814359 0.301848
vt 0.815071 0.301848
vt 0.815071 0.327210
vt 0.814359 0.327210
vt 0.935814 0.844461
vt 0.936502 0.844462
vt 0.936502 0.853359
vt 0.935814 0.853358
vt 0.704005 0.709697
vt 0.712903 0.709697
vt 0.712903 0.734194
vt 0.704005 0.734194
vt 0.098135 0.677302
vt 0.107033 0.677302
vt 0.107033 0.701825
vt 0.098135 0.701825
vt 0.349838 0.816192
vt 0.349126 0.816192
vt 0.349126 0.790831
vt 0.349838 0.790831
vt 0.936502 0.593161
vt 0.935813 0.593163
vt 0.935813 0.584266
vt 0.936502 0.584264
vt 0.638099 0.790093
vt 0.638811 0.790093
vt 0.638811 0.815456
vt 0.638099 0.815456
vt 0.935814 0.863046
vt 0.936502 0.863047
vt 0.936502 0.871945
vt 0.935814 0.871943
vt 0.118006 0.711377
vt 0.126904 0.711377
vt 0.126904 0.735874
vt 0.118006 0.735874
vt 0.694201 0.233125
vt 0.703099 0.233125
vt 0.703099 0.257648
vt 0.694201 0.257648
vt 0.224842 0.818910
vt 0.224130 0.818910
vt 0.224130 0.793548
vt 0.224842 0.793548
vt 0.936502 0.611747
vt 0.935814 0.611749
vt 0.935814 0.602852
vt 0.936502 0.602850
vt 0.648497 0.790093
vt 0.649209 0.790093
vt 0.649209 0.815456
vt 0.648497 0.815456
vt 0.935813 0.881631
vt 0.936502 0.881633
vt 0.936502 0.890530
vt 0.935813 0.890529
vt 0.098135 0.711512
vt 0.107033 0.711512
vt 0.107033 0.736009
vt 0.098135 0.736009
vt 0.557538 0.687587
vt 0.566436 0.687587
vt 0.566436 0.712110
vt 0.557538 0.712110
vt 0.455898 0.816736
vt 0.455186 0.816736
vt 0.455186 0.791375
vt 0.455898 0.791375
vt 0.936502 0.630333
vt 0.935814 0.630334
vt 0.935814 0.621437
vt 0.936502 0.621435
vt 0.813596 0.534467
vt 0.814308 0.534467
vt 0.814308 0.559830
vt 0.813596 0.559830
vt 0.935813 0.900217
vt 0.936502 0.900218
vt 0.936502 0.909115
vt 0.935813 0.909114
vt 0.638099 0.713101
vt 0.646997 0.713101
vt 0.646997 0.737598
vt 0.638099 0.737598
vt 0.657406 0.690383
vt 0.666304 0.690383
vt 0.666304 0.714906
vt 0.657406 0.714906
vt 0.497450 0.818865
vt 0.496738 0.818865
vt 0.496738 0.793504
vt 0.497450 0.793504
vt 0.936502 0.648918
vt 0.935813 0.648920
vt 0.935813 0.640023
vt 0.936502 0.640021
vt 0.616569 0.790125
vt 0.617281 0.790125
vt 0.617281 0.815487
vt 0.616569 0.815487
vt 0.935814 0.714363
vt 0.936502 0.714365
vt 0.936502 0.723262
vt 0.935814 0.723261
vt 0.619515 0.713132
vt 0.628412 0.713132
vt 0.628412 0.737629
vt 0.619515 0.737629
vt 0.079551 0.693171
vt 0.088449 0.693171
vt 0.088449 0.717694
vt 0.079551 0.717694
vt 0.677591 0.816403
vt 0.676880 0.816403
vt 0.676880 0.791042
vt 0.677591 0.791042
vt 0.936502 0.667504
vt 0.935814 0.667506
vt 0.935814 0.658608
vt 0.936502 0.658607
vt 0.813596 0.569516
vt 0.814308 0.569516
vt 0.814308 0.594878
vt 0.813596 0.594878
vt 0.935814 0.732949
vt 0.936502 0.732950
vt 0.936502 0.741847
vt 0.935814 0.741846
vt 0.712785 0.233125
vt 0.721683 0.233125
vt 0.721683 0.257622
vt 0.712785 0.257622
vt 0.213732 0.693854
vt 0.222629 0.693854
vt 0.222629 0.718377
vt 0.213732 0.718377
vt 0.416250 0.817654
vt 0.415538 0.817654
vt 0.415538 0.792293
vt 0.416250 0.792293
vt 0.936502 0.500233
vt 0.935813 0.500235
vt 0.935813 0.491338
vt 0.936502 0.491336
vt 0.809639 0.776274
vt 0.810351 0.776274
vt 0.810351 0.801636
vt 0.809639 0.801636
vt 0.935813 0.918802
vt 0.936502 0.918803
vt 0.936502 0.927701
vt 0.935813 0.927699
vt 0.237631 0.697455
vt 0.246528 0.697455
vt 0.246528 0.721953
vt 0.237631 0.721953
vt 0.213732 0.659644
vt 0.222629 0.659644
vt 0.222629 0.684167
vt 0.213732 0.684167
vt 0.487051 0.818865
vt 0.486340 0.818865
vt 0.486340 0.793504
vt 0.487051 0.793504
vt 0.936502 0.518819
vt 0.935813 0.518821
vt 0.935813 0.509924
vt 0.936502 0.509922
vt 0.626968 0.790125
vt 0.627679 0.790125
vt 0.627679 0.815487
vt 0.626968 0.815487
vt 0.935813 0.751534
vt 0.936502 0.751535
vt 0.936502 0.760433
vt 0.935813 0.760431
vt 0.455186 0.714382
vt 0.464083 0.714382
vt 0.464083 0.738879
vt 0.455186 0.738879
vt 0.397707 0.696204
vt 0.406605 0.696204
vt 0.406605 0.720727
vt 0.397707 0.720727
vt 0.887769 0.957537
vt 0.887769 0.955090
vt 0.889638 0.955090
vt 0.889638 0.957537
vt 0.725369 0.617307
vt 0.722922 0.617307
vt 0.722922 0.499419
vt 0.725369 0.499419
vt 0.876214 0.957537
vt 0.876214 0.955090
vt 0.878083 0.955090
vt 0.878083 0.957537
vt 0.718869 0.088380
vt 0.721316 0.088380
vt 0.721316 0.206271
vt 0.718869 0.206271
vt 0.261776 0.728252
vt 0.261776 0.610358
vt 0.263644 0.610358
vt 0.263644 0.728252
vt 0.273331 0.728252
vt 0.273331 0.610358
vt 0.275199 0.610358
vt 0.275199 0.728252
vt 0.972698 0.970755
vt 0.972698 0.968531
vt 0.973499 0.968531
vt 0.973499 0.970755
vt 0.567285 0.943393
vt 0.565061 0.943392
vt 0.565061 0.935741
vt 0.567285 0.935741
vt 0.972698 0.815912
vt 0.972698 0.813687
vt 0.973499 0.813687
vt 0.973499 0.815912
vt 0.326842 0.935741
vt 0.329066 0.935741
vt 0.329066 0.943393
vt 0.326842 0.943393
vt 0.110072 0.962742
vt 0.110072 0.955090
vt 0.110873 0.955090
vt 0.110873 0.962742
vt 0.235921 0.962742
vt 0.235921 0.955090
vt 0.236722 0.955090
vt 0.236722 0.962742
vt 0.984029 0.007068
vt 0.984029 0.004843
vt 0.984830 0.004843
vt 0.984830 0.007068
vt 0.531552 0.943393
vt 0.529328 0.943392
vt 0.529328 0.935741
vt 0.531552 0.935741
vt 0.972698 0.827823
vt 0.972698 0.825598
vt 0.973499 0.825598
vt 0.973499 0.827823
vt 0.338753 0.935741
vt 0.340977 0.935741
vt 0.340977 0.943393
vt 0.338753 0.943393
vt 0.120560 0.962742
vt 0.120560 0.955090
vt 0.121360 0.955090
vt 0.121360 0.962742
vt 0.246408 0.962742
vt 0.246408 0.955090
vt 0.247209 0.955090
vt 0.247209 0.962742
vt 0.984029 0.138089
vt 0.984029 0.135865
vt 0.984830 0.135865
vt 0.984830 0.138089
vt 0.555374 0.943393
vt 0.553150 0.943392
vt 0.553150 0.935741
vt 0.555374 0.935741
vt 0.972698 0.923111
vt 0.972698 0.920887
vt 0.973499 0.920887
vt 0.973499 0.923111
vt 0.279198 0.935741
vt 0.281423 0.935741
vt 0.281423 0.943393
vt 0.279198 0.943393
vt 0.078610 0.962742
vt 0.078610 0.955090
vt 0.079411 0.955090
vt 0.079411 0.962742
vt 0.183484 0.962742
vt 0.183484 0.955090
vt 0.184285 0.955090
vt 0.184285 0.962742
vt 0.984029 0.018979
vt 0.984029 0.016754
vt 0.984830 0.016754
vt 0.984830 0.018979
vt 0.471998 0.943393
vt 0.469773 0.943392
vt 0.469773 0.935741
vt 0.471998 0.935741
vt 0.972698 0.935022
vt 0.972698 0.932798
vt 0.973499 0.932798
vt 0.973499 0.935022
vt 0.350664 0.935741
vt 0.352888 0.935741
vt 0.352888 0.943393
vt 0.350664 0.943393
vt 0.026173 0.962742
vt 0.026173 0.955090
vt 0.026974 0.955090
vt 0.026974 0.962742
vt 0.193971 0.962742
vt 0.193971 0.955090
vt 0.194772 0.955090
vt 0.194772 0.962742
vt 0.984029 0.030890
vt 0.984029 0.028665
vt 0.984830 0.028665
vt 0.984830 0.030890
vt 0.436265 0.943393
vt 0.434041 0.943392
vt 0.434041 0.935741
vt 0.436265 0.935741
vt 0.972698 0.839734
vt 0.972698 0.837510
vt 0.973499 0.837510
vt 0.973499 0.839734
vt 0.362575 0.935741
vt 0.364799 0.935741
vt 0.364799 0.943393
vt 0.362575 0.943393
vt 0.015686 0.962742
vt 0.015686 0.955090
vt 0.016486 0.955090
vt 0.016486 0.962742
vt 0.162509 0.962742
vt 0.162509 0.955090
vt 0.163310 0.955090
vt 0.163310 0.962742
vt 0.984029 0.042801
vt 0.984029 0.040576
vt 0.984830 0.040576
vt 0.984830 0.042801
vt 0.483909 0.943393
vt 0.481684 0.943392
vt 0.481684 0.935741
vt 0.483909 0.935741
vt 0.972698 0.851645
vt 0.972698 0.849420
vt 0.973499 0.849420
vt 0.973499 0.851645
vt 0.374486 0.935741
vt 0.376710 0.935741
vt 0.376710 0.943393
vt 0.374486 0.943393
vt 0.036661 0.962742
vt 0.036661 0.955090
vt 0.037461 0.955090
vt 0.037461 0.962742
vt 0.204459 0.962742
vt 0.204459 0.955090
vt 0.205260 0.955090
vt 0.205260 0.962742
vt 0.984029 0.054712
vt 0.984029 0.052487
vt 0.984830 0.052487
vt 0.984830 0.054712
vt 0.495820 0.943393
vt 0.493595 0.943392
vt 0.493595 0.935741
vt 0.495820 0.935741
vt 0.972698 0.863556
vt 0.972698 0.861331
vt 0.973499 0.861331
vt 0.973499 0.863556
vt 0.410219 0.935741
vt 0.412443 0.935741
vt 0.412443 0.943393
vt 0.410219 0.943393
vt 0.089097 0.962742
vt 0.089097 0.955090
vt 0.089898 0.955090
vt 0.089898 0.962742
vt 0.214946 0.962742
vt 0.214946 0.955090
vt 0.215747 0.955090
vt 0.215747 0.962742
vt 0.984029 0.066623
vt 0.984029 0.064399
vt 0.984830 0.064398
vt 0.984830 0.066623
vt 0.448176 0.943393
vt 0.445951 0.943392
vt 0.445951 0.935741
vt 0.448176 0.935741
vt 0.972698 0.875467
vt 0.972698 0.873242
vt 0.973499 0.873242
vt 0.973499 0.875467
vt 0.386397 0.935741
vt 0.388621 0.935741
vt 0.388621 0.943393
vt 0.386397 0.943393
vt 0.047148 0.962742
vt 0.047148 0.955090
vt 0.047949 0.955090
vt 0.047949 0.962742
vt 0.172997 0.962742
vt 0.172997 0.955090
vt 0.173797 0.955090
vt 0.173797 0.962742
vt 0.984029 0.078534
vt 0.984029 0.076310
vt 0.984830 0.076310
vt 0.984830 0.078534
vt 0.507730 0.943393
vt 0.505506 0.943392
vt 0.505506 0.935741
vt 0.507730 0.935741
vt 0.972698 0.887378
vt 0.972698 0.885154
vt 0.973499 0.885154
vt 0.973499 0.887378
vt 0.291109 0.935741
vt 0.293334 0.935741
vt 0.293334 0.943393
vt 0.291109 0.943393
vt 0.057635 0.962742
vt 0.057635 0.955090
vt 0.058436 0.955090
vt 0.058436 0.962742
vt 0.152022 0.962742
vt 0.152022 0.955090
vt 0.152823 0.955090
vt 0.152823 0.962742
vt 0.984029 0.090445
vt 0.984029 0.088221
vt 0.984830 0.088221
vt 0.984830 0.090445
vt 0.460087 0.943393
vt 0.457862 0.943392
vt 0.457862 0.935741
vt 0.460087 0.935741
vt 0.972698 0.946933
vt 0.972698 0.944709
vt 0.973499 0.944709
vt 0.973499 0.946933
vt 0.303020 0.935741
vt 0.305245 0.935741
vt 0.305245 0.943393
vt 0.303020 0.943393
vt 0.068123 0.962742
vt 0.068123 0.955090
vt 0.068923 0.955090
vt 0.068923 0.962742
vt 0.225434 0.962742
vt 0.225434 0.955090
vt 0.226234 0.955090
vt 0.226234 0.962742
vt 0.984029 0.102356
vt 0.984029 0.100132
vt 0.984830 0.100132
vt 0.984830 0.102356
vt 0.543463 0.943393
vt 0.541239 0.943392
vt 0.541239 0.935741
vt 0.543463 0.935741
vt 0.972698 0.958844
vt 0.972698 0.956620
vt 0.973499 0.956620
vt 0.973499 0.958844
vt 0.422130 0.935741
vt 0.424354 0.935741
vt 0.424354 0.943393
vt 0.422130 0.943393
vt 0.099585 0.962742
vt 0.099585 0.955090
vt 0.100386 0.955090
vt 0.100386 0.962742
vt 0.256896 0.962742
vt 0.256896 0.955090
vt 0.257696 0.955090
vt 0.257696 0.962742
vt 0.984029 0.114267
vt 0.984029 0.112043
vt 0.984830 0.112043
vt 0.984830 0.114267
vt 0.519641 0.943393
vt 0.517417 0.943392
vt 0.517417 0.935741
vt 0.519641 0.935741
vt 0.972698 0.899289
vt 0.972698 0.897065
vt 0.973499 0.897065
vt 0.973499 0.899289
vt 0.398308 0.935741
vt 0.400532 0.935741
vt 0.400532 0.943393
vt 0.398308 0.943393
vt 0.131047 0.962742
vt 0.131047 0.955090
vt 0.131848 0.955090
vt 0.131848 0.962742
vt 0.267383 0.962742
vt 0.267383 0.955090
vt 0.268184 0.955090
vt 0.268184 0.962742
vt 0.984029 0.126178
vt 0.984029 0.123954
vt 0.984830 0.123954
vt 0.984830 0.126178
vt 0.579196 0.943393
vt 0.576972 0.943392
vt 0.576972 0.935741
vt 0.579196 0.935741
vt 0.972698 0.911200
vt 0.972698 0.908975
vt 0.973499 0.908975
vt 0.973499 0.911200
vt 0.314931 0.935741
vt 0.317155 0.935741
vt 0.317155 0.943393
vt 0.314931 0.943393
vt 0.141534 0.962742
vt 0.141534 0.955090
vt 0.142335 0.955090
vt 0.142335 0.962742
vt 0.277871 0.962742
vt 0.277871 0.955090
vt 0.278671 0.955090
vt 0.278671 0.962742
vt 0.538581 0.876380
vt 0.538581 0.859920
vt 0.540583 0.859920
vt 0.540583 0.876380
vt 0.831237 0.877566
vt 0.831237 0.861106
vt 0.833238 0.861106
vt 0.833238 0.877566
vt 0.038441 0.872629
vt 0.038441 0.856169
vt 0.040443 0.856169
vt 0.040443 0.872629
vt 0.874623 0.183282
vt 0.874623 0.166822
vt 0.876625 0.166822
vt 0.876625 0.183282
vt 0.946078 0.957092
vt 0.946078 0.955090
vt 0.948080 0.955090
vt 0.948080 0.957092
vt 0.961010 0.041911
vt 0.961010 0.039909
vt 0.963012 0.039909
vt 0.963012 0.041911
vt 0.874623 0.104840
vt 0.874623 0.088380
vt 0.876625 0.088380
vt 0.876625 0.104840
vt 0.591483 0.878413
vt 0.591483 0.861953
vt 0.593485 0.861953
vt 0.593485 0.878413
vt 0.225598 0.873651
vt 0.225598 0.857191
vt 0.227600 0.857191
vt 0.227600 0.873651
vt 0.875594 0.255069
vt 0.875594 0.238609
vt 0.877596 0.238610
vt 0.877596 0.255070
vt 0.961010 0.018534
vt 0.961010 0.016532
vt 0.963012 0.016532
vt 0.963012 0.018534
vt 0.961010 0.088665
vt 0.961010 0.086663
vt 0.963012 0.086663
vt 0.963012 0.088665
vt 0.874623 0.130988
vt 0.874623 0.114527
vt 0.876625 0.114527
vt 0.876625 0.130988
vt 0.876238 0.055904
vt 0.876238 0.039444
vt 0.878240 0.039443
vt 0.878240 0.055903
vt 0.735055 0.875739
vt 0.735055 0.859278
vt 0.737057 0.859278
vt 0.737057 0.875739
vt 0.865190 0.877408
vt 0.865190 0.860948
vt 0.867192 0.860948
vt 0.867192 0.877408
vt 0.961010 0.030222
vt 0.961010 0.028220
vt 0.963012 0.028220
vt 0.963012 0.030222
vt 0.961010 0.100354
vt 0.961010 0.098352
vt 0.963012 0.098352
vt 0.963012 0.100354
vt 0.874623 0.157135
vt 0.874623 0.140674
vt 0.876625 0.140674
vt 0.876625 0.157135
vt 0.842925 0.877566
vt 0.842925 0.861106
vt 0.844927 0.861106
vt 0.844927 0.877566
vt 0.664346 0.876011
vt 0.664346 0.859551
vt 0.666348 0.859551
vt 0.666348 0.876011
vt 0.874882 0.226633
vt 0.874882 0.210173
vt 0.876884 0.210173
vt 0.876884 0.226633
vt 0.961010 0.006845
vt 0.961010 0.004843
vt 0.963012 0.004843
vt 0.963012 0.006845
vt 0.961010 0.053600
vt 0.961010 0.051598
vt 0.963012 0.051598
vt 0.963012 0.053600
vt 0.724346 0.799883
vt 0.716783 0.799883
vt 0.716783 0.788317
vt 0.724346 0.788317
vt 0.252089 0.546848
vt 0.244526 0.546847
vt 0.244526 0.440081
vt 0.252089 0.440082
vt 0.799255 0.257711
vt 0.791692 0.257711
vt 0.791692 0.246144
vt 0.799255 0.246144
vt 0.121298 0.312501
vt 0.128861 0.312500
vt 0.128861 0.419270
vt 0.121298 0.419270
vt 0.659518 0.375033
vt 0.659518 0.268261
vt 0.671085 0.268261
vt 0.671085 0.375033
vt 0.662550 0.195152
vt 0.662550 0.088380
vt 0.674117 0.088380
vt 0.674117 0.195152
vt 0.904974 0.019079
vt 0.903639 0.019079
vt 0.903639 0.004843
vt 0.904974 0.004843
vt 0.736390 0.731538
vt 0.735055 0.731538
vt 0.735055 0.620323
vt 0.736390 0.620323
vt 0.904790 0.652153
vt 0.903455 0.652153
vt 0.903455 0.637917
vt 0.904790 0.637917
vt 0.735055 0.499419
vt 0.736390 0.499419
vt 0.736390 0.610636
vt 0.735055 0.610636
vt 0.635595 0.379481
vt 0.635595 0.268261
vt 0.649831 0.268261
vt 0.649831 0.379481
vt 0.638628 0.199600
vt 0.638628 0.088380
vt 0.652864 0.088380
vt 0.652864 0.199600
vt 0.523560 0.958649
vt 0.520872 0.958670
vt 0.520872 0.955111
vt 0.523560 0.955090
vt 0.220296 0.734568
vt 0.213732 0.733368
vt 0.215275 0.730172
vt 0.710283 0.482655
vt 0.715304 0.478259
vt 0.716848 0.481455
vt 0.892223 0.386032
vt 0.892219 0.382657
vt 0.895778 0.382656
vt 0.895782 0.386030
vt 0.218239 0.728220
vt 0.712340 0.476307
vt 0.892219 0.379196
vt 0.895778 0.379195
vt 0.221785 0.728063
vt 0.708794 0.476150
vt 0.892223 0.376628
vt 0.895782 0.376627
vt 0.224909 0.729747
vt 0.705670 0.477834
vt 0.917149 0.786935
vt 0.917158 0.790346
vt 0.913599 0.790346
vt 0.913590 0.786934
vt 0.226729 0.732794
vt 0.703850 0.480881
vt 0.917149 0.793777
vt 0.913590 0.793777
vt 0.226729 0.736343
vt 0.703850 0.484430
vt 0.897550 0.662375
vt 0.897554 0.664917
vt 0.893995 0.664915
vt 0.893991 0.662373
vt 0.224909 0.739390
vt 0.705670 0.487477
vt 0.897554 0.668369
vt 0.893995 0.668367
vt 0.221785 0.741073
vt 0.708794 0.489160
vt 0.897550 0.671755
vt 0.893991 0.671754
vt 0.218239 0.740917
vt 0.712340 0.489004
vt 0.535899 0.958671
vt 0.533246 0.958649
vt 0.533246 0.955090
vt 0.535899 0.955112
vt 0.215275 0.738964
vt 0.715304 0.487051
vt 0.256266 0.941776
vt 0.252707 0.941779
vt 0.252707 0.935744
vt 0.256266 0.935741
vt 0.265953 0.941745
vt 0.265953 0.935741
vt 0.269512 0.935744
vt 0.269512 0.941748
vt 0.284438 0.918607
vt 0.284438 0.915714
vt 0.287552 0.915712
vt 0.287552 0.918605
vt 0.380175 0.758581
vt 0.378678 0.764168
vt 0.376086 0.762671
vt 0.547147 0.284871
vt 0.551236 0.288960
vt 0.548643 0.290457
vt 0.284441 0.913594
vt 0.287555 0.913593
vt 0.374589 0.760078
vt 0.552733 0.286368
vt 0.912485 0.488741
vt 0.912471 0.485858
vt 0.915585 0.485850
vt 0.915599 0.488734
vt 0.374589 0.757084
vt 0.552733 0.283374
vt 0.912471 0.482958
vt 0.915585 0.482951
vt 0.376086 0.754492
vt 0.551236 0.280781
vt 0.912485 0.480820
vt 0.915599 0.480813
vt 0.378678 0.752995
vt 0.548643 0.279284
vt 0.139538 0.921473
vt 0.139535 0.918589
vt 0.142649 0.918587
vt 0.142652 0.921472
vt 0.381672 0.752995
vt 0.545650 0.279284
vt 0.139535 0.915690
vt 0.142649 0.915689
vt 0.384265 0.754492
vt 0.543057 0.280781
vt 0.139538 0.913554
vt 0.142652 0.913553
vt 0.385761 0.757084
vt 0.541560 0.283374
vt 0.166488 0.913556
vt 0.166474 0.916442
vt 0.163360 0.916435
vt 0.163374 0.913549
vt 0.385761 0.760078
vt 0.541560 0.286368
vt 0.166474 0.919340
vt 0.163360 0.919332
vt 0.384265 0.762671
vt 0.543057 0.288960
vt 0.166488 0.921472
vt 0.163374 0.921464
vt 0.381672 0.764168
vt 0.545650 0.290457
vt 0.284441 0.921497
vt 0.287555 0.921496
vt 0.774259 0.918694
vt 0.774259 0.915801
vt 0.777373 0.915800
vt 0.777373 0.918693
vt 0.758817 0.215759
vt 0.757320 0.221346
vt 0.754727 0.219849
vt 0.101814 0.756405
vt 0.105903 0.760494
vt 0.103311 0.761991
vt 0.774262 0.913682
vt 0.777376 0.913680
vt 0.753231 0.217256
vt 0.107400 0.757902
vt 0.118021 0.920821
vt 0.118006 0.917937
vt 0.121121 0.917930
vt 0.121135 0.920814
vt 0.753231 0.214263
vt 0.107400 0.754908
vt 0.118006 0.915038
vt 0.121121 0.915031
vt 0.754727 0.211670
vt 0.105903 0.752315
vt 0.118021 0.912900
vt 0.121135 0.912893
vt 0.757320 0.210173
vt 0.103310 0.750818
vt 0.787421 0.921376
vt 0.787418 0.918492
vt 0.790533 0.918490
vt 0.790535 0.921375
vt 0.760314 0.210173
vt 0.100317 0.750818
vt 0.787418 0.915593
vt 0.790533 0.915592
vt 0.762906 0.211670
vt 0.097724 0.752315
vt 0.787421 0.913457
vt 0.790535 0.913456
vt 0.764403 0.214262
vt 0.096227 0.754908
vt 0.557094 0.913040
vt 0.557079 0.915926
vt 0.553965 0.915918
vt 0.553980 0.913032
vt 0.764403 0.217256
vt 0.096227 0.757902
vt 0.557079 0.918823
vt 0.553965 0.918815
vt 0.762906 0.219849
vt 0.097724 0.760494
vt 0.557094 0.920955
vt 0.553980 0.920947
vt 0.760314 0.221346
vt 0.100317 0.761991
vt 0.774262 0.921585
vt 0.777376 0.921583
vt 0.878521 0.662377
vt 0.884305 0.662373
vt 0.884305 0.671178
vt 0.878521 0.671182
vt 0.869296 0.585220
vt 0.875080 0.585201
vt 0.875080 0.594009
vt 0.869296 0.594027
vt 0.437068 0.876190
vt 0.442851 0.876186
vt 0.442851 0.884967
vt 0.437068 0.884970
vt 0.243414 0.883103
vt 0.237631 0.883084
vt 0.237631 0.874285
vt 0.243414 0.874304
vt 0.074698 0.802949
vt 0.074698 0.793607
vt 0.084040 0.793607
vt 0.084040 0.802949
vt 0.383931 0.795113
vt 0.383931 0.804455
vt 0.374589 0.804455
vt 0.374589 0.795113
vt 0.701336 0.892969
vt 0.701336 0.889409
vt 0.705340 0.889407
vt 0.705340 0.892967
vt 0.081573 0.734256
vt 0.079731 0.727381
vt 0.083415 0.727381
vt 0.683755 0.731670
vt 0.688788 0.736703
vt 0.685597 0.738546
vt 0.701339 0.886800
vt 0.705343 0.886798
vt 0.086606 0.729223
vt 0.690631 0.733512
vt 0.662344 0.895456
vt 0.662327 0.891907
vt 0.666331 0.891898
vt 0.666348 0.895447
vt 0.088449 0.732414
vt 0.690631 0.729828
vt 0.662327 0.888339
vt 0.666331 0.888329
vt 0.088449 0.736099
vt 0.688788 0.726637
vt 0.662344 0.885707
vt 0.666348 0.885698
vt 0.086606 0.739290
vt 0.685597 0.724794
vt 0.892223 0.366940
vt 0.892219 0.363390
vt 0.896223 0.363388
vt 0.896227 0.366938
vt 0.083415 0.741132
vt 0.681913 0.724794
vt 0.892219 0.359822
vt 0.896223 0.359821
vt 0.079731 0.741132
vt 0.678722 0.726637
vt 0.892223 0.357193
vt 0.896227 0.357192
vt 0.076540 0.739289
vt 0.676880 0.729828
vt 0.542603 0.886077
vt 0.542585 0.889629
vt 0.538581 0.889619
vt 0.538599 0.886067
vt 0.074698 0.736098
vt 0.676880 0.733512
vt 0.542585 0.893194
vt 0.538581 0.893185
vt 0.074698 0.732414
vt 0.678722 0.736703
vt 0.542603 0.895819
vt 0.538599 0.895809
vt 0.076540 0.729223
vt 0.681913 0.738546
vt 0.701339 0.896527
vt 0.705343 0.896525
vt 0.950631 0.230245
vt 0.949742 0.230243
vt 0.949727 0.227983
vt 0.950616 0.227985
vt 0.748388 0.385991
vt 0.748388 0.375910
vt 0.758469 0.375910
vt 0.758469 0.385991
vt 0.643136 0.780407
vt 0.643136 0.768840
vt 0.646020 0.768833
vt 0.646020 0.780400
vt 0.783222 0.628136
vt 0.783222 0.616569
vt 0.786113 0.616568
vt 0.786113 0.628135
vt 0.950616 0.188756
vt 0.949727 0.188753
vt 0.949742 0.185694
vt 0.950631 0.185696
vt 0.053214 0.785654
vt 0.053214 0.774087
vt 0.055334 0.774091
vt 0.055334 0.785658
vt 0.420568 0.782579
vt 0.420568 0.771013
vt 0.423454 0.771020
vt 0.423454 0.782587
vt 0.949726 0.549547
vt 0.950616 0.549546
vt 0.950616 0.552613
vt 0.949726 0.552613
vt 0.058227 0.774092
vt 0.058227 0.785659
vt 0.778210 0.628131
vt 0.778210 0.616564
vt 0.780329 0.616568
vt 0.780329 0.628135
vt 0.949726 0.567611
vt 0.950616 0.567611
vt 0.950616 0.570677
vt 0.949726 0.570677
vt 0.061118 0.774091
vt 0.061118 0.785658
vt 0.950616 0.282223
vt 0.949726 0.282221
vt 0.949726 0.279150
vt 0.950616 0.279152
vt 0.949729 0.583429
vt 0.950619 0.583428
vt 0.950616 0.585675
vt 0.949726 0.585675
vt 0.774090 0.257737
vt 0.774090 0.246171
vt 0.776222 0.246151
vt 0.776222 0.257718
vt 0.949729 0.565364
vt 0.950619 0.565364
vt 0.949729 0.547300
vt 0.950619 0.547300
vt 0.779119 0.246144
vt 0.779119 0.257711
vt 0.949729 0.601493
vt 0.950619 0.601492
vt 0.950616 0.603739
vt 0.949726 0.603740
vt 0.681909 0.781328
vt 0.681909 0.769762
vt 0.684795 0.769769
vt 0.684795 0.781336
vt 0.782005 0.246151
vt 0.782005 0.257718
vt 0.950631 0.284483
vt 0.949742 0.284481
vt 0.415538 0.782606
vt 0.415538 0.771040
vt 0.417670 0.771020
vt 0.417670 0.782586
vt 0.374589 0.785421
vt 0.374589 0.773854
vt 0.376725 0.773858
vt 0.376725 0.785425
vt 0.949727 0.064440
vt 0.950616 0.064438
vt 0.950631 0.067495
vt 0.949741 0.067497
vt 0.379623 0.773859
vt 0.379623 0.785426
vt 0.949727 0.224912
vt 0.950616 0.224914
vt 0.237631 0.786670
vt 0.237631 0.775104
vt 0.239750 0.775107
vt 0.239750 0.786674
vt 0.382508 0.773858
vt 0.382508 0.785425
vt 0.163360 0.762621
vt 0.163360 0.759627
vt 0.164857 0.757034
vt 0.167449 0.755537
vt 0.170443 0.755537
vt 0.173035 0.757034
vt 0.174532 0.759627
vt 0.174532 0.762621
vt 0.173035 0.765213
vt 0.170443 0.766710
vt 0.167449 0.766710
vt 0.164856 0.765213
vt 0.949726 0.588742
vt 0.950616 0.588741
vt 0.950619 0.591805
vt 0.949729 0.591806
vt 0.638099 0.780381
vt 0.638099 0.768815
vt 0.640237 0.768834
vt 0.640237 0.780400
vt 0.949742 0.276090
vt 0.950631 0.276093
vt 0.950619 0.555677
vt 0.949729 0.555677
vt 0.752971 0.113329
vt 0.754468 0.110736
vt 0.757060 0.109239
vt 0.760054 0.109239
vt 0.762647 0.110736
vt 0.764143 0.113329
vt 0.764143 0.116322
vt 0.762647 0.118915
vt 0.760054 0.120412
vt 0.757060 0.120412
vt 0.754468 0.118915
vt 0.752971 0.116322
vt 0.949729 0.366487
vt 0.950619 0.366487
vt 0.950616 0.368751
vt 0.949726 0.368751
vt 0.949727 0.154866
vt 0.950616 0.154864
vt 0.950631 0.157920
vt 0.949741 0.157923
vt 0.950616 0.371823
vt 0.949726 0.371824
vt 0.676880 0.781355
vt 0.676880 0.769789
vt 0.679012 0.769769
vt 0.679012 0.781335
vt 0.950619 0.374881
vt 0.949729 0.374881
vt 0.417125 0.751070
vt 0.419873 0.749483
vt 0.423046 0.749483
vt 0.425794 0.751070
vt 0.427381 0.753818
vt 0.427381 0.756991
vt 0.425794 0.759740
vt 0.423046 0.761326
vt 0.419873 0.761326
vt 0.417125 0.759740
vt 0.415538 0.756991
vt 0.415538 0.753818
vt 0.308263 0.787186
vt 0.308263 0.775619
vt 0.310383 0.775623
vt 0.310383 0.787189
vt 0.949741 0.059101
vt 0.950631 0.059099
vt 0.950616 0.061365
vt 0.949727 0.061367
vt 0.949742 0.221853
vt 0.950631 0.221855
vt 0.950619 0.573741
vt 0.949729 0.573742
vt 0.756333 0.692459
vt 0.753585 0.694046
vt 0.750411 0.694046
vt 0.747663 0.692459
vt 0.746077 0.689711
vt 0.746077 0.686538
vt 0.747663 0.683789
vt 0.750411 0.682203
vt 0.753585 0.682203
vt 0.756333 0.683789
vt 0.757920 0.686538
vt 0.757920 0.689711
vt 0.949729 0.384568
vt 0.950619 0.384568
vt 0.950616 0.386832
vt 0.949726 0.386832
vt 0.778098 0.016436
vt 0.778098 0.004869
vt 0.780982 0.004862
vt 0.780982 0.016428
vt 0.950616 0.191827
vt 0.949727 0.191825
vt 0.950616 0.389904
vt 0.949726 0.389905
vt 0.950631 0.248325
vt 0.949742 0.248322
vt 0.949727 0.246062
vt 0.950616 0.246064
vt 0.949729 0.619557
vt 0.950619 0.619557
vt 0.950616 0.621804
vt 0.949727 0.621804
vt 0.950619 0.392962
vt 0.949729 0.392963
vt 0.949729 0.637622
vt 0.950619 0.637621
vt 0.950616 0.639868
vt 0.949726 0.639868
vt 0.747663 0.705319
vt 0.750411 0.703732
vt 0.753585 0.703732
vt 0.756333 0.705319
vt 0.757920 0.708067
vt 0.757920 0.711241
vt 0.756333 0.713989
vt 0.753585 0.715576
vt 0.750411 0.715576
vt 0.747663 0.713989
vt 0.746077 0.711241
vt 0.746077 0.708067
vt 0.949741 0.149526
vt 0.950631 0.149524
vt 0.950616 0.151790
vt 0.949727 0.151792
vt 0.950616 0.606806
vt 0.949726 0.606806
vt 0.950631 0.194087
vt 0.949742 0.194085
vt 0.218066 0.762603
vt 0.215318 0.761017
vt 0.213732 0.758268
vt 0.213732 0.755095
vt 0.215318 0.752347
vt 0.218066 0.750760
vt 0.221240 0.750760
vt 0.223988 0.752347
vt 0.225574 0.755095
vt 0.225574 0.758268
vt 0.223988 0.761017
vt 0.221240 0.762603
vt 0.486340 0.783812
vt 0.486340 0.772245
vt 0.488475 0.772249
vt 0.488475 0.783816
vt 0.949727 0.028270
vt 0.950616 0.028268
vt 0.950631 0.031325
vt 0.949741 0.031327
vt 0.313275 0.775624
vt 0.313275 0.787191
vt 0.491374 0.772250
vt 0.491374 0.783817
vt 0.950616 0.261073
vt 0.949726 0.261070
vt 0.949742 0.258011
vt 0.950631 0.258013
vt 0.949727 0.242991
vt 0.950616 0.242993
vt 0.494259 0.772249
vt 0.494259 0.783816
vt 0.949727 0.624870
vt 0.950616 0.624870
vt 0.950619 0.627934
vt 0.949729 0.627935
vt 0.754468 0.098056
vt 0.752971 0.095463
vt 0.752971 0.092469
vt 0.754468 0.089877
vt 0.757060 0.088380
vt 0.760054 0.088380
vt 0.762647 0.089877
vt 0.764143 0.092469
vt 0.764143 0.095463
vt 0.762647 0.098056
vt 0.760054 0.099553
vt 0.757060 0.099553
vt 0.773061 0.016410
vt 0.773061 0.004843
vt 0.775199 0.004862
vt 0.775199 0.016429
vt 0.950616 0.206835
vt 0.949727 0.206833
vt 0.949742 0.203773
vt 0.950631 0.203776
vt 0.316166 0.775623
vt 0.316166 0.787189
vt 0.309760 0.764435
vt 0.308263 0.761843
vt 0.308263 0.758849
vt 0.309760 0.756256
vt 0.312352 0.754759
vt 0.315346 0.754759
vt 0.317939 0.756256
vt 0.319435 0.758849
vt 0.319436 0.761843
vt 0.317939 0.764435
vt 0.315346 0.765932
vt 0.312353 0.765932
vt 0.949729 0.474975
vt 0.950619 0.474974
vt 0.950616 0.477238
vt 0.949726 0.477239
vt 0.949726 0.046355
vt 0.950616 0.046353
vt 0.950631 0.049410
vt 0.949741 0.049412
vt 0.950616 0.480311
vt 0.949726 0.480311
vt 0.949726 0.642935
vt 0.950616 0.642934
vt 0.950619 0.645998
vt 0.949729 0.645999
vt 0.950619 0.483369
vt 0.949729 0.483369
vt 0.760231 0.318829
vt 0.758644 0.321577
vt 0.755896 0.323163
vt 0.752723 0.323163
vt 0.749975 0.321577
vt 0.748388 0.318829
vt 0.748388 0.315655
vt 0.749975 0.312907
vt 0.752723 0.311320
vt 0.755896 0.311320
vt 0.758644 0.312907
vt 0.760231 0.315655
vt 0.343757 0.781118
vt 0.343757 0.769551
vt 0.346643 0.769559
vt 0.346643 0.781125
vt 0.949741 0.022930
vt 0.950631 0.022928
vt 0.950616 0.025195
vt 0.949727 0.025197
vt 0.949742 0.239932
vt 0.950631 0.239934
vt 0.950619 0.609870
vt 0.949729 0.609870
vt 0.639686 0.757541
vt 0.638099 0.754793
vt 0.638099 0.751620
vt 0.639686 0.748871
vt 0.642434 0.747285
vt 0.645607 0.747285
vt 0.648355 0.748871
vt 0.649942 0.751620
vt 0.649942 0.754793
vt 0.648355 0.757541
vt 0.645607 0.759128
vt 0.642434 0.759128
vt 0.949729 0.402650
vt 0.950619 0.402649
vt 0.950616 0.404913
vt 0.949726 0.404914
vt 0.402744 0.781053
vt 0.402744 0.769487
vt 0.405628 0.769480
vt 0.405628 0.781046
vt 0.950616 0.209906
vt 0.949727 0.209904
vt 0.950616 0.407986
vt 0.949726 0.407986
vt 0.242643 0.786675
vt 0.242643 0.775109
vt 0.245534 0.775107
vt 0.245534 0.786674
vt 0.950619 0.411043
vt 0.949729 0.411044
vt 0.950616 0.333389
vt 0.949726 0.333387
vt 0.949742 0.330328
vt 0.950631 0.330330
vt 0.624077 0.759159
vt 0.620904 0.759159
vt 0.618156 0.757573
vt 0.616569 0.754824
vt 0.616569 0.751651
vt 0.618156 0.748903
vt 0.620904 0.747316
vt 0.624077 0.747316
vt 0.626826 0.748903
vt 0.628412 0.751651
vt 0.628412 0.754824
vt 0.626826 0.757573
vt 0.949741 0.041016
vt 0.950631 0.041014
vt 0.950616 0.043280
vt 0.949726 0.043282
vt 0.949729 0.655686
vt 0.950619 0.655685
vt 0.950616 0.657932
vt 0.949726 0.657933
vt 0.950631 0.212166
vt 0.949742 0.212164
vt 0.748388 0.340358
vt 0.748388 0.337185
vt 0.749975 0.334437
vt 0.752723 0.332850
vt 0.755896 0.332850
vt 0.758644 0.334437
vt 0.760231 0.337185
vt 0.760231 0.340358
vt 0.758644 0.343107
vt 0.755896 0.344693
vt 0.752723 0.344693
vt 0.749975 0.343107
vt 0.074698 0.783915
vt 0.074698 0.772348
vt 0.076834 0.772352
vt 0.076834 0.783919
vt 0.949727 0.082525
vt 0.950616 0.082523
vt 0.950631 0.085580
vt 0.949741 0.085582
vt 0.950616 0.264144
vt 0.949726 0.264142
vt 0.079732 0.772353
vt 0.079732 0.783920
vt 0.949726 0.660999
vt 0.950616 0.660999
vt 0.950619 0.664063
vt 0.949729 0.664063
vt 0.082617 0.772352
vt 0.082617 0.783919
vt 0.950616 0.351469
vt 0.949727 0.351467
vt 0.949742 0.348407
vt 0.950631 0.348410
vt 0.753699 0.014519
vt 0.752202 0.011927
vt 0.752202 0.008933
vt 0.753699 0.006340
vt 0.756291 0.004843
vt 0.759285 0.004843
vt 0.761878 0.006340
vt 0.763374 0.008933
vt 0.763374 0.011927
vt 0.761878 0.014519
vt 0.759285 0.016016
vt 0.756291 0.016016
vt 0.397707 0.781027
vt 0.397707 0.769461
vt 0.399845 0.769480
vt 0.399845 0.781047
vt 0.949729 0.673750
vt 0.950619 0.673750
vt 0.950616 0.675997
vt 0.949726 0.675997
vt 0.950631 0.266404
vt 0.949742 0.266402
vt 0.151155 0.762625
vt 0.149658 0.765217
vt 0.147066 0.766714
vt 0.144072 0.766714
vt 0.141479 0.765217
vt 0.139983 0.762625
vt 0.139983 0.759631
vt 0.141479 0.757038
vt 0.144072 0.755542
vt 0.147066 0.755542
vt 0.149658 0.757038
vt 0.151155 0.759631
vt 0.949729 0.420731
vt 0.950619 0.420730
vt 0.950616 0.422995
vt 0.949726 0.422995
vt 0.949726 0.118696
vt 0.950616 0.118693
vt 0.950631 0.121750
vt 0.949741 0.121752
vt 0.340860 0.781125
vt 0.340860 0.769558
vt 0.950616 0.426067
vt 0.949726 0.426067
vt 0.949726 0.679063
vt 0.950616 0.679063
vt 0.950619 0.682127
vt 0.949729 0.682127
vt 0.950619 0.429125
vt 0.949729 0.429125
vt 0.460215 0.781662
vt 0.460215 0.770095
vt 0.463101 0.770103
vt 0.463101 0.781669
vt 0.119593 0.755817
vt 0.118006 0.753069
vt 0.118006 0.749896
vt 0.119593 0.747148
vt 0.122341 0.745561
vt 0.125515 0.745561
vt 0.128263 0.747148
vt 0.129850 0.749896
vt 0.129850 0.753069
vt 0.128263 0.755817
vt 0.125515 0.757404
vt 0.122341 0.757404
vt 0.949741 0.077186
vt 0.950631 0.077184
vt 0.950616 0.079450
vt 0.949727 0.079452
vt 0.019617 0.785657
vt 0.019617 0.774090
vt 0.021736 0.774093
vt 0.021736 0.785660
vt 0.338728 0.781144
vt 0.338728 0.769578
vt 0.748388 0.297299
vt 0.748388 0.294125
vt 0.749975 0.291377
vt 0.752723 0.289791
vt 0.755896 0.289791
vt 0.758644 0.291377
vt 0.760231 0.294126
vt 0.760231 0.297299
vt 0.758644 0.300047
vt 0.755896 0.301634
vt 0.752723 0.301634
vt 0.749975 0.300047
vt 0.949729 0.438812
vt 0.950619 0.438812
vt 0.950616 0.441076
vt 0.949726 0.441076
vt 0.774355 0.488296
vt 0.774355 0.476730
vt 0.777239 0.476722
vt 0.777239 0.488289
vt 0.950616 0.336461
vt 0.949726 0.336458
vt 0.950616 0.444148
vt 0.949726 0.444149
vt 0.024629 0.785662
vt 0.024629 0.774095
vt 0.027520 0.774093
vt 0.027520 0.785660
vt 0.950619 0.447206
vt 0.949729 0.447206
vt 0.950616 0.297231
vt 0.949727 0.297229
vt 0.949742 0.294170
vt 0.950631 0.294172
vt 0.556456 0.755977
vt 0.554869 0.753228
vt 0.554869 0.750055
vt 0.556456 0.747307
vt 0.559204 0.745720
vt 0.562377 0.745720
vt 0.565126 0.747307
vt 0.566712 0.750055
vt 0.566712 0.753228
vt 0.565126 0.755977
vt 0.562377 0.757563
vt 0.559204 0.757563
vt 0.949741 0.113356
vt 0.950631 0.113354
vt 0.950616 0.115620
vt 0.949726 0.115622
vt 0.949729 0.691815
vt 0.950619 0.691814
vt 0.950616 0.694061
vt 0.949726 0.694061
vt 0.950631 0.338721
vt 0.949742 0.338719
vt 0.748388 0.361888
vt 0.748388 0.358715
vt 0.749975 0.355967
vt 0.752723 0.354380
vt 0.755896 0.354380
vt 0.758644 0.355967
vt 0.760231 0.358715
vt 0.760231 0.361888
vt 0.758644 0.364637
vt 0.755896 0.366223
vt 0.752723 0.366223
vt 0.749975 0.364636
vt 0.096227 0.783245
vt 0.096227 0.771678
vt 0.098363 0.771681
vt 0.098363 0.783248
vt 0.949726 0.136781
vt 0.950616 0.136779
vt 0.950631 0.139835
vt 0.949741 0.139837
vt 0.950616 0.354540
vt 0.949727 0.354538
vt 0.101262 0.771683
vt 0.101262 0.783250
vt 0.949726 0.697128
vt 0.950616 0.697127
vt 0.950619 0.700191
vt 0.949729 0.700192
vt 0.104146 0.771681
vt 0.104146 0.783248
vt 0.950616 0.315310
vt 0.949727 0.315308
vt 0.949742 0.312249
vt 0.950632 0.312251
vt 0.764143 0.155048
vt 0.764143 0.158041
vt 0.762647 0.160634
vt 0.760054 0.162131
vt 0.757060 0.162131
vt 0.754468 0.160634
vt 0.752971 0.158041
vt 0.752971 0.155048
vt 0.754468 0.152455
vt 0.757060 0.150958
vt 0.760054 0.150958
vt 0.762647 0.152455
vt 0.769317 0.488270
vt 0.769317 0.476704
vt 0.771455 0.476723
vt 0.771455 0.488289
vt 0.949729 0.709879
vt 0.950619 0.709878
vt 0.950616 0.712125
vt 0.949726 0.712126
vt 0.950631 0.356800
vt 0.949742 0.356798
vt 0.764143 0.178901
vt 0.762646 0.181493
vt 0.760054 0.182990
vt 0.757060 0.182990
vt 0.754468 0.181494
vt 0.752971 0.178901
vt 0.752971 0.175907
vt 0.754467 0.173314
vt 0.757060 0.171818
vt 0.760054 0.171817
vt 0.762646 0.173314
vt 0.764143 0.175907
vt 0.949729 0.511137
vt 0.950619 0.511137
vt 0.950616 0.513401
vt 0.949726 0.513401
vt 0.949726 0.172951
vt 0.950616 0.172949
vt 0.950631 0.176006
vt 0.949741 0.176008
vt 0.457318 0.781669
vt 0.457318 0.770102
vt 0.950616 0.516474
vt 0.949726 0.516474
vt 0.949726 0.715192
vt 0.950616 0.715192
vt 0.950619 0.718256
vt 0.949729 0.718256
vt 0.950619 0.519531
vt 0.949729 0.519532
vt 0.638099 0.887448
vt 0.638099 0.880330
vt 0.645073 0.880328
vt 0.645073 0.887446
vt 0.688723 0.752567
vt 0.688723 0.755741
vt 0.687136 0.758489
vt 0.684388 0.760075
vt 0.681215 0.760075
vt 0.678466 0.758489
vt 0.676880 0.755741
vt 0.676880 0.752567
vt 0.678466 0.749819
vt 0.681215 0.748232
vt 0.684388 0.748232
vt 0.687136 0.749819
vt 0.949741 0.131441
vt 0.950631 0.131439
vt 0.950616 0.133705
vt 0.949726 0.133707
vt 0.777943 0.376203
vt 0.777943 0.385991
vt 0.768156 0.385991
vt 0.768156 0.376203
vt 0.455186 0.781689
vt 0.455186 0.770122
vt 0.086541 0.758327
vt 0.084954 0.761075
vt 0.082206 0.762662
vt 0.079033 0.762662
vt 0.076284 0.761075
vt 0.074698 0.758327
vt 0.074698 0.755153
vt 0.076285 0.752405
vt 0.079033 0.750818
vt 0.082206 0.750818
vt 0.084954 0.752405
vt 0.086541 0.755153
vt 0.949729 0.529219
vt 0.950619 0.529218
vt 0.950616 0.531482
vt 0.949726 0.531483
vt 0.621606 0.780438
vt 0.621606 0.768872
vt 0.624490 0.768864
vt 0.624490 0.780431
vt 0.950616 0.300302
vt 0.949727 0.300300
vt 0.950616 0.534555
vt 0.949726 0.534555
vt 0.128087 0.767091
vt 0.128087 0.777172
vt 0.118007 0.777172
vt 0.118007 0.767091
vt 0.950619 0.537613
vt 0.949729 0.537613
vt 0.767606 0.727961
vt 0.767606 0.718174
vt 0.777394 0.718174
vt 0.777394 0.727961
vt 0.759631 0.481039
vt 0.759631 0.484212
vt 0.758044 0.486960
vt 0.755296 0.488547
vt 0.752123 0.488547
vt 0.749375 0.486960
vt 0.747788 0.484212
vt 0.747788 0.481039
vt 0.749375 0.478290
vt 0.752123 0.476704
vt 0.755296 0.476704
vt 0.758044 0.478290
vt 0.949741 0.167611
vt 0.950631 0.167609
vt 0.950616 0.169875
vt 0.949726 0.169877
vt 0.753957 0.945395
vt 0.753067 0.945393
vt 0.753067 0.935741
vt 0.753957 0.935743
vt 0.950631 0.302562
vt 0.949742 0.302560
vt 0.761352 0.240633
vt 0.759765 0.243381
vt 0.757017 0.244968
vt 0.753844 0.244968
vt 0.751096 0.243381
vt 0.749509 0.240633
vt 0.749509 0.237459
vt 0.751096 0.234711
vt 0.753844 0.233125
vt 0.757017 0.233125
vt 0.759765 0.234711
vt 0.761352 0.237459
vt 0.213732 0.783857
vt 0.213732 0.772290
vt 0.215868 0.772294
vt 0.215868 0.783861
vt 0.949726 0.010185
vt 0.950616 0.010183
vt 0.950631 0.013240
vt 0.949741 0.013242
vt 0.950616 0.318381
vt 0.949727 0.318379
vt 0.218766 0.772295
vt 0.218766 0.783862
vt 0.787418 0.731538
vt 0.787418 0.721751
vt 0.796789 0.721725
vt 0.796789 0.731512
vt 0.763644 0.935741
vt 0.764534 0.935741
vt 0.764534 0.945375
vt 0.763644 0.945376
vt 0.221651 0.772294
vt 0.221651 0.783860
vt 0.621307 0.887480
vt 0.621307 0.880362
vt 0.628270 0.880359
vt 0.628270 0.887477
vt 0.754468 0.139775
vt 0.752971 0.137182
vt 0.752971 0.134188
vt 0.754468 0.131596
vt 0.757060 0.130099
vt 0.760054 0.130099
vt 0.762647 0.131596
vt 0.764143 0.134188
vt 0.764143 0.137182
vt 0.762647 0.139775
vt 0.760054 0.141271
vt 0.757060 0.141271
vt 0.616569 0.780412
vt 0.616569 0.768846
vt 0.618707 0.768865
vt 0.618707 0.780431
vt 0.604658 0.887490
vt 0.604658 0.880373
vt 0.611620 0.880359
vt 0.611620 0.887477
vt 0.950632 0.320642
vt 0.949742 0.320639
vt 0.248803 0.761327
vt 0.247306 0.763920
vt 0.244714 0.765417
vt 0.241720 0.765417
vt 0.239127 0.763920
vt 0.237631 0.761327
vt 0.237631 0.758334
vt 0.239128 0.755741
vt 0.241720 0.754244
vt 0.244714 0.754244
vt 0.247306 0.755741
vt 0.248803 0.758334
vt 0.949729 0.493056
vt 0.950619 0.493056
vt 0.950616 0.495320
vt 0.949726 0.495320
vt 0.949726 0.100610
vt 0.950616 0.100608
vt 0.950631 0.103665
vt 0.949741 0.103667
vt 0.564950 0.767250
vt 0.564950 0.777331
vt 0.554869 0.777331
vt 0.554869 0.767250
vt 0.950616 0.498392
vt 0.949726 0.498393
vt 0.518814 0.883764
vt 0.518814 0.876646
vt 0.525780 0.876659
vt 0.525780 0.883777
vt 0.731915 0.935741
vt 0.732805 0.935741
vt 0.732805 0.945398
vt 0.731915 0.945399
vt 0.950619 0.501450
vt 0.949729 0.501450
vt 0.518814 0.776473
vt 0.518814 0.766392
vt 0.528895 0.766391
vt 0.528895 0.776473
vt 0.760231 0.272596
vt 0.760231 0.275769
vt 0.758645 0.278517
vt 0.755896 0.280104
vt 0.752723 0.280104
vt 0.749975 0.278517
vt 0.748388 0.275769
vt 0.748388 0.272596
vt 0.749975 0.269847
vt 0.752723 0.268261
vt 0.755896 0.268261
vt 0.758645 0.269847
vt 0.949741 0.004845
vt 0.950631 0.004843
vt 0.950616 0.007110
vt 0.949726 0.007112
vt 0.710762 0.935743
vt 0.711652 0.935741
vt 0.711652 0.945401
vt 0.710762 0.945403
vt 0.774220 0.935741
vt 0.775110 0.935741
vt 0.775110 0.945375
vt 0.774220 0.945376
vt 0.486340 0.758224
vt 0.486340 0.755050
vt 0.487926 0.752302
vt 0.490674 0.750715
vt 0.493848 0.750715
vt 0.496596 0.752302
vt 0.498182 0.755050
vt 0.498182 0.758224
vt 0.496596 0.760972
vt 0.493848 0.762559
vt 0.490674 0.762559
vt 0.487926 0.760972
vt 0.949729 0.456893
vt 0.950619 0.456893
vt 0.950616 0.459157
vt 0.949726 0.459157
vt 0.787629 0.385991
vt 0.787629 0.376203
vt 0.796984 0.376208
vt 0.796984 0.385996
vt 0.700186 0.935743
vt 0.701075 0.935741
vt 0.701075 0.945401
vt 0.700186 0.945403
vt 0.950616 0.462230
vt 0.949726 0.462230
vt 0.118007 0.796645
vt 0.118007 0.786858
vt 0.127385 0.786884
vt 0.127385 0.796671
vt 0.721338 0.935741
vt 0.722228 0.935741
vt 0.722228 0.945398
vt 0.721338 0.945398
vt 0.950619 0.465287
vt 0.949729 0.465288
vt 0.554869 0.796805
vt 0.554869 0.787018
vt 0.564245 0.787022
vt 0.564245 0.796810
vt 0.340315 0.758278
vt 0.338728 0.755530
vt 0.338728 0.752357
vt 0.340314 0.749608
vt 0.343063 0.748022
vt 0.346236 0.748022
vt 0.348984 0.749608
vt 0.350571 0.752357
vt 0.350571 0.755530
vt 0.348984 0.758278
vt 0.346236 0.759865
vt 0.343063 0.759865
vt 0.949741 0.095271
vt 0.950631 0.095269
vt 0.950616 0.097535
vt 0.949726 0.097537
vt 0.743381 0.945395
vt 0.742491 0.945393
vt 0.742491 0.935741
vt 0.743381 0.935743
vt 0.855321 0.481582
vt 0.855321 0.488700
vt 0.848203 0.488700
vt 0.848203 0.481582
vt 0.455186 0.756074
vt 0.455186 0.752900
vt 0.456772 0.750152
vt 0.459520 0.748566
vt 0.462694 0.748566
vt 0.465442 0.750152
vt 0.467028 0.752900
vt 0.467029 0.756074
vt 0.465442 0.758822
vt 0.462694 0.760409
vt 0.459521 0.760409
vt 0.456772 0.758822
vt 0.874623 0.200086
vt 0.874623 0.192968
vt 0.881741 0.192968
vt 0.881741 0.200086
vt 0.342129 0.962262
vt 0.341240 0.962262
vt 0.341240 0.955090
vt 0.342129 0.955090
vt 0.363282 0.962262
vt 0.362392 0.962260
vt 0.362392 0.955090
vt 0.363282 0.955091
vt 0.289248 0.962274
vt 0.288358 0.962273
vt 0.288358 0.955090
vt 0.289248 0.955090
vt 0.320087 0.955092
vt 0.320977 0.955090
vt 0.320977 0.962265
vt 0.320087 0.962266
vt 0.608054 0.071067
vt 0.608054 0.078399
vt 0.600722 0.078399
vt 0.600722 0.071067
vt 0.742201 0.200050
vt 0.742202 0.192719
vt 0.749533 0.192719
vt 0.749533 0.200050
vt 0.331553 0.962262
vt 0.330663 0.962262
vt 0.330663 0.955090
vt 0.331553 0.955090
vt 0.352706 0.962262
vt 0.351816 0.962260
vt 0.351816 0.955090
vt 0.352706 0.955091
vt 0.299824 0.962274
vt 0.298934 0.962274
vt 0.298934 0.955090
vt 0.299824 0.955090
vt 0.309511 0.955092
vt 0.310400 0.955090
vt 0.310400 0.962265
vt 0.309511 0.962266
vt 0.128630 0.428957
vt 0.128630 0.436288
vt 0.121298 0.436288
vt 0.121298 0.428957
vt 0.831185 0.488914
vt 0.831185 0.481582
vt 0.838516 0.481582
vt 0.838516 0.488914
vt 0.847810 0.076935
vt 0.847810 0.068038
vt 0.855198 0.068046
vt 0.855198 0.076944
vt 0.830730 0.076935
vt 0.830730 0.068038
vt 0.838123 0.068083
vt 0.838123 0.076980
vt 0.852260 0.594099
vt 0.852260 0.585201
vt 0.859610 0.585210
vt 0.859610 0.594107
vt 0.835193 0.594144
vt 0.835193 0.585247
vt 0.842573 0.585201
vt 0.842573 0.594098
vt 0.806476 0.730623
vt 0.806476 0.721725
vt 0.815374 0.721725
vt 0.815374 0.730623
vt 0.808941 0.246144
vt 0.817839 0.246144
vt 0.817839 0.255042
vt 0.808941 0.255042
vt 0.949727 0.828009
vt 0.950616 0.828008
vt 0.950616 0.835618
vt 0.949727 0.835619
vt 0.949726 0.793399
vt 0.950616 0.793394
vt 0.950616 0.801009
vt 0.949726 0.801014
vt 0.949726 0.897192
vt 0.950616 0.897191
vt 0.950616 0.904761
vt 0.949726 0.904763
vt 0.950616 0.887504
vt 0.949726 0.887499
vt 0.949726 0.879898
vt 0.950616 0.879903
vt 0.018355 0.804513
vt 0.018355 0.795348
vt 0.027520 0.795348
vt 0.027520 0.804513
vt 0.805215 0.189142
vt 0.805215 0.198307
vt 0.796050 0.198306
vt 0.796050 0.189142
vt 0.949726 0.845307
vt 0.950616 0.845306
vt 0.950616 0.852916
vt 0.949726 0.852917
vt 0.949727 0.810706
vt 0.950616 0.810701
vt 0.950616 0.818316
vt 0.949726 0.818322
vt 0.949726 0.914450
vt 0.950616 0.914449
vt 0.950616 0.922020
vt 0.949726 0.922021
vt 0.950616 0.870211
vt 0.949726 0.870205
vt 0.949726 0.862604
vt 0.950616 0.862610
vt 0.053214 0.804510
vt 0.053214 0.795346
vt 0.062379 0.795345
vt 0.062379 0.804510
vt 0.270940 0.796052
vt 0.270940 0.805217
vt 0.261776 0.805216
vt 0.261776 0.796052
vt 0.053214 0.878228
vt 0.053214 0.874222
vt 0.057663 0.874220
vt 0.057663 0.878226
vt 0.723235 0.424545
vt 0.721163 0.432280
vt 0.717573 0.430207
vt 0.612712 0.423786
vt 0.618374 0.429449
vt 0.614784 0.431521
vt 0.053218 0.871288
vt 0.057667 0.871285
vt 0.715501 0.426617
vt 0.620447 0.425859
vt 0.074717 0.880703
vt 0.074698 0.876710
vt 0.079146 0.876699
vt 0.079166 0.880692
vt 0.715501 0.422472
vt 0.620447 0.421714
vt 0.074698 0.872695
vt 0.079146 0.872685
vt 0.717573 0.418882
vt 0.618374 0.418124
vt 0.074717 0.869735
vt 0.079166 0.869725
vt 0.721163 0.416810
vt 0.614784 0.416051
vt 0.018359 0.882255
vt 0.018355 0.878261
vt 0.022804 0.878259
vt 0.022808 0.882253
vt 0.725308 0.416810
vt 0.610639 0.416051
vt 0.018355 0.874248
vt 0.022804 0.874246
vt 0.728898 0.418882
vt 0.607049 0.418124
vt 0.018359 0.871290
vt 0.022808 0.871288
vt 0.730970 0.422472
vt 0.604977 0.421714
vt 0.185731 0.869781
vt 0.185711 0.873777
vt 0.181263 0.873766
vt 0.181283 0.869770
vt 0.730970 0.426617
vt 0.604977 0.425859
vt 0.185711 0.877789
vt 0.181263 0.877778
vt 0.728898 0.430207
vt 0.607049 0.429449
vt 0.185731 0.880741
vt 0.181283 0.880730
vt 0.725308 0.432280
vt 0.610639 0.431521
vt 0.053218 0.882230
vt 0.057667 0.882228
vt 0.448234 0.959094
vt 0.445531 0.959117
vt 0.445531 0.955114
vt 0.448234 0.955090
vt 0.538269 0.727665
vt 0.531453 0.729717
vt 0.531348 0.726002
vt 0.514740 0.727665
vt 0.521661 0.726002
vt 0.521556 0.729717
vt 0.735059 0.895253
vt 0.735055 0.891681
vt 0.739059 0.891679
vt 0.739063 0.895252
vt 0.533130 0.722740
vt 0.519879 0.722740
vt 0.735055 0.888078
vt 0.739059 0.888076
vt 0.536313 0.720821
vt 0.516696 0.720821
vt 0.735059 0.885427
vt 0.739063 0.885426
vt 0.540030 0.720768
vt 0.512979 0.720768
vt 0.602879 0.844080
vt 0.602861 0.840502
vt 0.606865 0.840493
vt 0.606883 0.844071
vt 0.543266 0.722596
vt 0.509743 0.722596
vt 0.602861 0.836904
vt 0.606865 0.836895
vt 0.545140 0.725807
vt 0.507869 0.725807
vt 0.602879 0.834268
vt 0.606883 0.834258
vt 0.545140 0.729524
vt 0.507869 0.729524
vt 0.759221 0.199895
vt 0.759219 0.196302
vt 0.763223 0.196302
vt 0.763225 0.199895
vt 0.543266 0.732734
vt 0.509743 0.732734
vt 0.759221 0.192719
vt 0.763225 0.192719
vt 0.540030 0.734562
vt 0.512979 0.734562
vt 0.460585 0.959118
vt 0.457921 0.959094
vt 0.457921 0.955090
vt 0.460585 0.955114
vt 0.536313 0.734509
vt 0.516696 0.734509
vt 0.909875 0.731417
vt 0.905872 0.731421
vt 0.905872 0.725143
vt 0.909875 0.725139
vt 0.909733 0.199998
vt 0.909733 0.193757
vt 0.913737 0.193760
vt 0.913737 0.200002
vt 0.261776 0.851211
vt 0.261776 0.846761
vt 0.266669 0.846758
vt 0.266669 0.851209
vt 0.465107 0.271267
vt 0.462804 0.262672
vt 0.467410 0.262672
vt 0.438232 0.271267
vt 0.444524 0.277558
vt 0.440535 0.279861
vt 0.261780 0.843500
vt 0.266674 0.843497
vt 0.471399 0.264975
vt 0.446826 0.273570
vt 0.806692 0.385996
vt 0.806670 0.381559
vt 0.811564 0.381547
vt 0.811585 0.385984
vt 0.473702 0.268964
vt 0.446826 0.268964
vt 0.806670 0.377098
vt 0.811564 0.377087
vt 0.473702 0.273570
vt 0.444524 0.264975
vt 0.806692 0.373809
vt 0.811585 0.373798
vt 0.471399 0.277558
vt 0.440535 0.262672
vt 0.374593 0.854922
vt 0.374589 0.850484
vt 0.379483 0.850481
vt 0.379487 0.854919
vt 0.467410 0.279861
vt 0.435929 0.262672
vt 0.374589 0.846024
vt 0.379483 0.846022
vt 0.462805 0.279861
vt 0.431941 0.264975
vt 0.374593 0.842738
vt 0.379487 0.842736
vt 0.458816 0.277558
vt 0.429638 0.268964
vt 0.850581 0.242419
vt 0.850558 0.246859
vt 0.845665 0.246847
vt 0.845687 0.242407
vt 0.456513 0.273569
vt 0.429638 0.273570
vt 0.850558 0.251317
vt 0.845665 0.251305
vt 0.456513 0.268964
vt 0.431941 0.277558
vt 0.850581 0.254597
vt 0.845687 0.254585
vt 0.458816 0.264975
vt 0.435929 0.279861
vt 0.261780 0.855658
vt 0.266674 0.855656
vt 0.863434 0.672294
vt 0.863434 0.666511
vt 0.868781 0.666515
vt 0.868781 0.672298
vt 0.833369 0.672294
vt 0.833369 0.666511
vt 0.838718 0.666531
vt 0.838718 0.672314
vt 0.889101 0.794227
vt 0.889101 0.788444
vt 0.894431 0.788448
vt 0.894431 0.794231
vt 0.848404 0.672315
vt 0.848404 0.666532
vt 0.853747 0.666511
vt 0.853747 0.672294
vt 0.620613 0.078578
vt 0.620613 0.072794
vt 0.626396 0.072794
vt 0.626396 0.078578
vt 0.746076 0.725262
vt 0.751860 0.725262
vt 0.751860 0.731046
vt 0.746076 0.731046
vt 0.851523 0.940639
vt 0.851523 0.935746
vt 0.855537 0.935741
vt 0.855537 0.940635
vt 0.837825 0.940660
vt 0.837825 0.935766
vt 0.841837 0.935741
vt 0.841837 0.940634
vt 0.824103 0.940639
vt 0.824103 0.935746
vt 0.828139 0.935741
vt 0.828139 0.940634
vt 0.810398 0.940634
vt 0.810398 0.935741
vt 0.814417 0.935767
vt 0.814417 0.940660
vt 0.337894 0.144436
vt 0.342788 0.144436
vt 0.342788 0.149329
vt 0.337894 0.149329
vt 0.004843 0.940635
vt 0.004843 0.935741
vt 0.009737 0.935741
vt 0.009737 0.940634
vt 0.890988 0.731382
vt 0.890988 0.724709
vt 0.896185 0.724748
vt 0.896185 0.731421
vt 0.308263 0.911121
vt 0.308263 0.904448
vt 0.313453 0.904440
vt 0.313453 0.911114
vt 0.756308 0.910988
vt 0.756308 0.904316
vt 0.761494 0.904277
vt 0.761494 0.910950
vt 0.905468 0.386032
vt 0.905468 0.379359
vt 0.910690 0.379351
vt 0.910690 0.386025
vt 0.415538 0.880747
vt 0.422211 0.880747
vt 0.422211 0.887420
vt 0.415538 0.887420
vt 0.404380 0.880974
vt 0.404380 0.887647
vt 0.397707 0.887647
vt 0.397707 0.880974
vt 0.126878 0.974431
vt 0.125187 0.974430
vt 0.125187 0.972429
vt 0.126878 0.972429
vt 0.658856 0.960206
vt 0.657877 0.960206
vt 0.657877 0.955090
vt 0.658856 0.955090
vt 0.603059 0.792326
vt 0.603059 0.765634
vt 0.603686 0.765632
vt 0.603686 0.792324
vt 0.104124 0.974431
vt 0.102433 0.974431
vt 0.102433 0.972429
vt 0.104124 0.972429
vt 0.935814 0.430565
vt 0.935814 0.426339
vt 0.940040 0.426339
vt 0.940040 0.430565
vt 0.791541 0.526111
vt 0.791541 0.499419
vt 0.792170 0.499419
vt 0.792170 0.526112
vt 0.308289 0.149552
vt 0.308289 0.144436
vt 0.313405 0.144436
vt 0.313405 0.149552
vt 0.935813 0.402739
vt 0.935813 0.398513
vt 0.940040 0.398513
vt 0.940040 0.402739
vt 0.792799 0.499419
vt 0.792799 0.526111
vt 0.278684 0.149552
vt 0.278684 0.144436
vt 0.283800 0.144436
vt 0.283800 0.149552
vt 0.644534 0.940857
vt 0.644534 0.935741
vt 0.648760 0.935741
vt 0.648760 0.940857
vt 0.789827 0.708897
vt 0.789827 0.682205
vt 0.790458 0.682203
vt 0.790458 0.708895
vt 0.636547 0.955090
vt 0.637525 0.955090
vt 0.637525 0.960206
vt 0.636547 0.960206
vt 0.588883 0.940857
vt 0.588883 0.935741
vt 0.593109 0.935741
vt 0.593109 0.940857
vt 0.791085 0.682205
vt 0.791085 0.708897
vt 0.616195 0.960206
vt 0.615216 0.960206
vt 0.615216 0.955090
vt 0.616195 0.955090
vt 0.616709 0.940857
vt 0.616709 0.935741
vt 0.620935 0.935741
vt 0.620935 0.940857
vt 0.791541 0.598871
vt 0.791541 0.572179
vt 0.792172 0.572179
vt 0.792172 0.598872
vt 0.972698 0.622174
vt 0.972698 0.621493
vt 0.973180 0.621011
vt 0.973861 0.621011
vt 0.974342 0.621493
vt 0.974342 0.622174
vt 0.973861 0.622656
vt 0.973180 0.622656
vt 0.672360 0.940857
vt 0.672360 0.935741
vt 0.676586 0.935741
vt 0.676586 0.940857
vt 0.792799 0.572179
vt 0.792799 0.598871
vt 0.172386 0.974430
vt 0.170696 0.974430
vt 0.170696 0.972428
vt 0.172386 0.972429
vt 0.690852 0.960206
vt 0.689873 0.960206
vt 0.689873 0.955090
vt 0.690852 0.955090
vt 0.602428 0.792324
vt 0.602428 0.765632
vt 0.974343 0.598832
vt 0.974343 0.599513
vt 0.973861 0.599994
vt 0.973180 0.599994
vt 0.972698 0.599513
vt 0.972698 0.598832
vt 0.973180 0.598350
vt 0.973861 0.598350
vt 0.136565 0.972429
vt 0.138255 0.972428
vt 0.138255 0.974430
vt 0.136565 0.974431
vt 0.924703 0.955090
vt 0.924703 0.957092
vt 0.922701 0.957092
vt 0.922701 0.955090
vt 0.963012 0.063286
vt 0.963012 0.065288
vt 0.961010 0.065288
vt 0.961010 0.063286
vt 0.161009 0.974431
vt 0.159319 0.974430
vt 0.159319 0.972428
vt 0.161009 0.972429
vt 0.669521 0.960206
vt 0.668543 0.960206
vt 0.668543 0.955090
vt 0.669521 0.955090
vt 0.701968 0.792718
vt 0.701968 0.766026
vt 0.702594 0.766024
vt 0.702594 0.792716
vt 0.115501 0.974431
vt 0.113810 0.974431
vt 0.113810 0.972429
vt 0.115501 0.972429
vt 0.935814 0.444478
vt 0.935814 0.440252
vt 0.940040 0.440252
vt 0.940040 0.444478
vt 0.791541 0.562491
vt 0.791541 0.535798
vt 0.792170 0.535799
vt 0.792170 0.562492
vt 0.323092 0.149552
vt 0.323092 0.144436
vt 0.328208 0.144436
vt 0.328208 0.149552
vt 0.935813 0.416652
vt 0.935813 0.412426
vt 0.940040 0.412426
vt 0.940040 0.416652
vt 0.792799 0.535798
vt 0.792799 0.562491
vt 0.293487 0.149552
vt 0.293487 0.144436
vt 0.298603 0.144436
vt 0.298603 0.149552
vt 0.658447 0.940857
vt 0.658447 0.935741
vt 0.662673 0.935741
vt 0.662673 0.940857
vt 0.591483 0.792326
vt 0.591483 0.765634
vt 0.592114 0.765632
vt 0.592114 0.792324
vt 0.647212 0.955090
vt 0.648191 0.955090
vt 0.648191 0.960206
vt 0.647212 0.960206
vt 0.602796 0.940857
vt 0.602796 0.935741
vt 0.607022 0.935741
vt 0.607022 0.940857
vt 0.592741 0.765634
vt 0.592741 0.792326
vt 0.626860 0.960206
vt 0.625881 0.960206
vt 0.625881 0.955090
vt 0.626860 0.955090
vt 0.630621 0.940857
vt 0.630621 0.935741
vt 0.634848 0.935741
vt 0.634848 0.940857
vt 0.507869 0.793084
vt 0.507869 0.766392
vt 0.508500 0.766392
vt 0.508500 0.793085
vt 0.973861 0.632342
vt 0.974342 0.632824
vt 0.974342 0.633505
vt 0.973861 0.633986
vt 0.973180 0.633986
vt 0.972698 0.633505
vt 0.972698 0.632824
vt 0.973180 0.632342
vt 0.686273 0.940857
vt 0.686273 0.935741
vt 0.690499 0.935741
vt 0.690499 0.940857
vt 0.509127 0.766391
vt 0.509127 0.793084
vt 0.183764 0.974430
vt 0.182073 0.974430
vt 0.182073 0.972428
vt 0.183764 0.972428
vt 0.680187 0.960206
vt 0.679208 0.960206
vt 0.679208 0.955090
vt 0.680187 0.955090
vt 0.701336 0.792716
vt 0.701336 0.766024
vt 0.972698 0.610162
vt 0.973180 0.609681
vt 0.973861 0.609681
vt 0.974342 0.610162
vt 0.974342 0.610843
vt 0.973861 0.611325
vt 0.973180 0.611325
vt 0.972698 0.610843
vt 0.147942 0.972429
vt 0.149632 0.972428
vt 0.149632 0.974430
vt 0.147942 0.974431
vt 0.936392 0.955090
vt 0.936392 0.957092
vt 0.934390 0.957092
vt 0.934390 0.955090
vt 0.963012 0.074975
vt 0.963012 0.076977
vt 0.961010 0.076977
vt 0.961010 0.074975
vt 0.735055 0.904941
vt 0.736835 0.904940
vt 0.736835 0.915741
vt 0.735055 0.915741
vt 0.824757 0.364536
vt 0.826537 0.364533
vt 0.826537 0.385275
vt 0.824757 0.385279
vt 0.662327 0.905144
vt 0.664107 0.905143
vt 0.664107 0.915923
vt 0.662327 0.915923
vt 0.197197 0.830666
vt 0.195418 0.830662
vt 0.195418 0.809933
vt 0.197197 0.809937
vt 0.578401 0.257847
vt 0.578401 0.236492
vt 0.589523 0.236492
vt 0.589523 0.257847
vt 0.610332 0.236492
vt 0.610332 0.257847
vt 0.599210 0.257847
vt 0.599210 0.236492
vt 0.761465 0.746382
vt 0.762847 0.741225
vt 0.765240 0.742607
vt 0.763366 0.621721
vt 0.767141 0.617946
vt 0.768523 0.620339
vt 0.949726 0.764013
vt 0.951109 0.764016
vt 0.951322 0.767344
vt 0.949939 0.767341
vt 0.437068 0.917868
vt 0.437070 0.915912
vt 0.440184 0.915910
vt 0.440182 0.917867
vt 0.518814 0.919366
vt 0.518814 0.916690
vt 0.521928 0.916689
vt 0.521928 0.919365
vt 0.914480 0.637917
vt 0.915904 0.637917
vt 0.915901 0.640370
vt 0.914478 0.640370
vt 0.764748 0.616564
vt 0.913725 0.905017
vt 0.915148 0.905017
vt 0.915147 0.908358
vt 0.913724 0.908358
vt 0.915900 0.643710
vt 0.914477 0.643710
vt 0.518816 0.922029
vt 0.521931 0.922027
vt 0.766622 0.745000
vt 0.766622 0.747763
vt 0.915901 0.647043
vt 0.914478 0.647043
vt 0.951323 0.734616
vt 0.949941 0.734619
vt 0.949726 0.731274
vt 0.951108 0.731271
vt 0.764748 0.626877
vt 0.761985 0.626877
vt 0.915904 0.649475
vt 0.914480 0.649475
vt 0.765240 0.750157
vt 0.913727 0.902564
vt 0.915151 0.902564
vt 0.951323 0.750979
vt 0.949941 0.750982
vt 0.949726 0.747637
vt 0.951108 0.747634
vt 0.767141 0.625496
vt 0.195418 0.919313
vt 0.195418 0.916636
vt 0.198532 0.916629
vt 0.198532 0.919305
vt 0.949941 0.744309
vt 0.951323 0.744306
vt 0.913725 0.911690
vt 0.915148 0.911690
vt 0.915151 0.914123
vt 0.913727 0.914123
vt 0.759592 0.625495
vt 0.275199 0.903897
vt 0.273776 0.903897
vt 0.273771 0.901435
vt 0.275194 0.901435
vt 0.195431 0.921975
vt 0.198545 0.921967
vt 0.949727 0.780375
vt 0.951109 0.780378
vt 0.951322 0.783707
vt 0.949939 0.783704
vt 0.273769 0.898091
vt 0.275192 0.898091
vt 0.760083 0.741225
vt 0.768523 0.623102
vt 0.273771 0.894762
vt 0.275194 0.894762
vt 0.237631 0.739918
vt 0.237631 0.736470
vt 0.239308 0.733459
vt 0.242213 0.731691
vt 0.245567 0.731639
vt 0.248473 0.733319
vt 0.250150 0.736279
vt 0.250150 0.739727
vt 0.248473 0.742738
vt 0.245567 0.744506
vt 0.242213 0.744557
vt 0.239308 0.742878
vt 0.518816 0.914719
vt 0.521931 0.914717
vt 0.273776 0.892339
vt 0.275199 0.892339
vt 0.949941 0.727946
vt 0.951323 0.727943
vt 0.949939 0.760668
vt 0.951322 0.760671
vt 0.387131 0.738484
vt 0.385450 0.741495
vt 0.382540 0.743260
vt 0.379180 0.743308
vt 0.376269 0.741626
vt 0.374589 0.738664
vt 0.374589 0.735216
vt 0.376269 0.732206
vt 0.379180 0.730440
vt 0.382540 0.730392
vt 0.385450 0.732074
vt 0.387131 0.735036
vt 0.388021 0.908891
vt 0.386597 0.908891
vt 0.386592 0.906429
vt 0.388016 0.906429
vt 0.762847 0.751538
vt 0.386590 0.903086
vt 0.388014 0.903086
vt 0.195431 0.914663
vt 0.198545 0.914655
vt 0.761985 0.616564
vt 0.386592 0.899756
vt 0.388016 0.899756
vt 0.316200 0.745022
vt 0.312845 0.745073
vt 0.309940 0.743393
vt 0.308263 0.740433
vt 0.308263 0.736985
vt 0.309940 0.733974
vt 0.312845 0.732206
vt 0.316200 0.732155
vt 0.319105 0.733834
vt 0.320782 0.736794
vt 0.320782 0.740242
vt 0.319105 0.743254
vt 0.437068 0.920539
vt 0.440182 0.920537
vt 0.386597 0.897334
vt 0.388021 0.897333
vt 0.757690 0.742607
vt 0.949939 0.777031
vt 0.951322 0.777034
vt 0.732682 0.211987
vt 0.735593 0.210221
vt 0.738953 0.210173
vt 0.741864 0.211855
vt 0.743544 0.214817
vt 0.743544 0.218266
vt 0.741864 0.221276
vt 0.738953 0.223041
vt 0.735593 0.223089
vt 0.732682 0.221407
vt 0.731002 0.218445
vt 0.731002 0.214997
vt 0.756308 0.745000
vt 0.719910 0.914591
vt 0.719897 0.917255
vt 0.716783 0.917247
vt 0.716796 0.914583
vt 0.758210 0.623102
vt 0.756308 0.747763
vt 0.719897 0.919929
vt 0.716783 0.919922
vt 0.758210 0.620339
vt 0.757690 0.750157
vt 0.719910 0.921897
vt 0.716796 0.921890
vt 0.759592 0.617946
vt 0.760083 0.751538
vt 0.437070 0.923207
vt 0.440184 0.923206
vt 0.746077 0.535899
vt 0.746077 0.499419
vt 0.748523 0.499419
vt 0.748523 0.535899
vt 0.746077 0.628230
vt 0.746077 0.591751
vt 0.748523 0.591751
vt 0.748523 0.628230
vt 0.740657 0.432280
vt 0.740657 0.395800
vt 0.743104 0.395800
vt 0.743104 0.432280
vt 0.746077 0.582064
vt 0.746077 0.545586
vt 0.748523 0.545586
vt 0.748523 0.582065
vt 0.770565 0.957537
vt 0.770565 0.955090
vt 0.773012 0.955090
vt 0.773012 0.957537
vt 0.782698 0.957537
vt 0.782698 0.955090
vt 0.785145 0.955090
vt 0.785145 0.957537
vt 0.286888 0.829603
vt 0.284886 0.829603
vt 0.284886 0.810029
vt 0.286888 0.810029
vt 0.913015 0.957092
vt 0.911013 0.957092
vt 0.911013 0.955090
vt 0.913015 0.955090
vt 0.165362 0.829559
vt 0.163360 0.829559
vt 0.163360 0.809984
vt 0.165362 0.809984
vt 0.899324 0.955090
vt 0.901326 0.955090
vt 0.901326 0.957092
vt 0.899324 0.957092
vt 0.139983 0.809988
vt 0.141984 0.809988
vt 0.141984 0.829563
vt 0.139983 0.829563
vt 0.151671 0.809988
vt 0.153673 0.809988
vt 0.153673 0.829562
vt 0.151671 0.829562
vt 0.419951 0.290254
vt 0.407939 0.290254
vt 0.407939 0.262672
vt 0.419951 0.262672
vt 0.579928 0.906604
vt 0.579928 0.894593
vt 0.581485 0.894593
vt 0.581485 0.906604
vt 0.398253 0.290255
vt 0.386241 0.290255
vt 0.386241 0.262672
vt 0.398253 0.262672
vt 0.249986 0.904801
vt 0.249986 0.892790
vt 0.251544 0.892790
vt 0.251544 0.904801
vt 0.232316 0.659644
vt 0.233873 0.659644
vt 0.233873 0.687227
vt 0.232316 0.687227
vt 0.763846 0.039443
vt 0.765403 0.039443
vt 0.765403 0.067025
vt 0.763846 0.067025
vt 0.759634 0.606877
vt 0.758210 0.606877
vt 0.758210 0.577516
vt 0.759634 0.577516
vt 0.974122 0.538513
vt 0.972698 0.538513
vt 0.972698 0.536556
vt 0.974122 0.536556
vt 0.759634 0.528781
vt 0.758210 0.528781
vt 0.758210 0.499419
vt 0.759634 0.499419
vt 0.972698 0.524912
vt 0.974122 0.524912
vt 0.974122 0.526869
vt 0.972698 0.526869
vt 0.664346 0.724592
vt 0.666304 0.724592
vt 0.666304 0.753954
vt 0.664346 0.753954
vt 0.752790 0.395799
vt 0.754748 0.395799
vt 0.754748 0.425161
vt 0.752790 0.425161
vt 0.399131 0.759774
vt 0.397707 0.759774
vt 0.397707 0.730413
vt 0.399131 0.730413
vt 0.974122 0.550158
vt 0.972698 0.550158
vt 0.972698 0.548200
vt 0.974122 0.548200
vt 0.759634 0.567830
vt 0.758210 0.567830
vt 0.758210 0.538467
vt 0.759634 0.538467
vt 0.972698 0.513268
vt 0.974122 0.513268
vt 0.974122 0.515225
vt 0.972698 0.515225
vt 0.752202 0.039443
vt 0.754159 0.039443
vt 0.754159 0.068805
vt 0.752202 0.068805
vt 0.752790 0.434847
vt 0.754748 0.434847
vt 0.754748 0.464209
vt 0.752790 0.464209
vt 0.826051 0.959540
vt 0.826051 0.955092
vt 0.826357 0.955090
vt 0.826357 0.959539
vt 0.846087 0.959539
vt 0.846087 0.955090
vt 0.846442 0.955090
vt 0.846442 0.959539
vt 0.815748 0.959540
vt 0.815748 0.955092
vt 0.816054 0.955090
vt 0.816054 0.959539
vt 0.805135 0.959540
vt 0.805135 0.955091
vt 0.805444 0.955090
vt 0.805444 0.959539
vt 0.805751 0.955092
vt 0.805751 0.959540
vt 0.779479 0.985823
vt 0.779788 0.985645
vt 0.780096 0.985823
vt 0.780096 0.986178
vt 0.779788 0.986356
vt 0.779479 0.986178
vt 0.856129 0.959539
vt 0.856129 0.955090
vt 0.856485 0.955090
vt 0.856485 0.959539
vt 0.794832 0.959540
vt 0.794832 0.955091
vt 0.795141 0.955090
vt 0.795141 0.959539
vt 0.836044 0.959539
vt 0.836044 0.955090
vt 0.836400 0.955090
vt 0.836400 0.959539
vt 0.825741 0.959539
vt 0.825741 0.955090
vt 0.759181 0.985645
vt 0.759490 0.985823
vt 0.759490 0.986179
vt 0.759181 0.986356
vt 0.758873 0.986179
vt 0.758873 0.985823
vt 0.795448 0.955092
vt 0.795448 0.959540
vt 0.789782 0.986179
vt 0.789782 0.985823
vt 0.790091 0.985645
vt 0.790399 0.985823
vt 0.790399 0.986178
vt 0.790091 0.986356
vt 0.866172 0.959539
vt 0.866172 0.955090
vt 0.866527 0.955090
vt 0.866527 0.959539
vt 0.815438 0.959539
vt 0.815438 0.955090
vt 0.769485 0.986356
vt 0.769176 0.986179
vt 0.769176 0.985823
vt 0.769485 0.985645
vt 0.769793 0.985823
vt 0.769793 0.986179
vt 0.961512 0.133863
vt 0.961512 0.137356
vt 0.961010 0.137356
vt 0.961010 0.133863
vt 0.749163 0.958584
vt 0.748661 0.958133
vt 0.748661 0.957047
vt 0.749163 0.955090
vt 0.748661 0.956596
vt 0.748661 0.955541
vt 0.747134 0.958584
vt 0.747134 0.958133
vt 0.747232 0.957047
vt 0.747232 0.956596
vt 0.747181 0.955541
vt 0.747181 0.955090
vt 0.713719 0.958089
vt 0.714144 0.957709
vt 0.714150 0.958344
vt 0.713174 0.958675
vt 0.713227 0.958224
vt 0.713696 0.958592
vt 0.713403 0.956989
vt 0.713683 0.955950
vt 0.714150 0.956013
vt 0.713854 0.955336
vt 0.713525 0.955652
vt 0.712654 0.957788
vt 0.712471 0.958413
vt 0.712188 0.957736
vt 0.712795 0.958080
vt 0.712934 0.956678
vt 0.712310 0.955911
vt 0.712305 0.955343
vt 0.712740 0.955620
vt 0.712685 0.955155
vt 0.713126 0.955540
vt 0.713081 0.955090
vt 0.397094 0.958604
vt 0.396581 0.958604
vt 0.396141 0.957574
vt 0.395946 0.957124
vt 0.395593 0.955090
vt 0.395239 0.955090
vt 0.395424 0.955858
vt 0.394860 0.957124
vt 0.394655 0.957574
vt 0.394189 0.958604
vt 0.393677 0.958604
vt 0.423021 0.956906
vt 0.422587 0.958058
vt 0.422503 0.956867
vt 0.422460 0.955592
vt 0.421090 0.955551
vt 0.421078 0.955090
vt 0.422092 0.955917
vt 0.421161 0.958675
vt 0.422125 0.957830
vt 0.420498 0.958123
vt 0.421109 0.958215
vt 0.420451 0.958599
vt 0.419892 0.958386
vt 0.419884 0.957838
vt 0.419892 0.955932
vt 0.419884 0.955394
vt 0.420499 0.955647
vt 0.420524 0.955167
vt 0.702070 0.958089
vt 0.702495 0.957709
vt 0.702501 0.958344
vt 0.701525 0.958675
vt 0.701578 0.958224
vt 0.702047 0.958592
vt 0.701754 0.956989
vt 0.702034 0.955950
vt 0.702501 0.956013
vt 0.702205 0.955336
vt 0.701876 0.955652
vt 0.701005 0.957788
vt 0.700823 0.958413
vt 0.700539 0.957736
vt 0.701146 0.958081
vt 0.701285 0.956678
vt 0.700661 0.955911
vt 0.700656 0.955343
vt 0.701091 0.955620
vt 0.701036 0.955155
vt 0.701477 0.955540
vt 0.701432 0.955090
vt 0.961512 0.147043
vt 0.961512 0.150537
vt 0.961010 0.150537
vt 0.961010 0.147043
vt 0.548285 0.958584
vt 0.547783 0.958584
vt 0.547783 0.957067
vt 0.547783 0.956617
vt 0.548285 0.955090
vt 0.547783 0.955520
vt 0.547461 0.956617
vt 0.547573 0.957067
vt 0.547186 0.957198
vt 0.546937 0.955661
vt 0.547404 0.955090
vt 0.547461 0.955520
vt 0.545586 0.958584
vt 0.545858 0.958203
vt 0.546185 0.958584
vt 0.546062 0.957892
vt 0.546646 0.957866
vt 0.546432 0.957323
vt 0.546914 0.956442
vt 0.546841 0.956924
vt 0.546408 0.956592
vt 0.546774 0.956048
vt 0.546257 0.956068
vt 0.546565 0.955352
vt 0.560672 0.958584
vt 0.560170 0.958584
vt 0.560170 0.957067
vt 0.560170 0.956617
vt 0.560672 0.955090
vt 0.560170 0.955520
vt 0.559847 0.956617
vt 0.559960 0.957067
vt 0.559573 0.957198
vt 0.559323 0.955661
vt 0.559791 0.955090
vt 0.559847 0.955520
vt 0.557972 0.958584
vt 0.558245 0.958203
vt 0.558571 0.958584
vt 0.558448 0.957892
vt 0.559032 0.957866
vt 0.558819 0.957323
vt 0.559300 0.956442
vt 0.559227 0.956924
vt 0.558795 0.956592
vt 0.559160 0.956048
vt 0.558643 0.956068
vt 0.558952 0.955352
vt 0.473279 0.955090
vt 0.473279 0.957262
vt 0.472777 0.957154
vt 0.471824 0.958630
vt 0.472228 0.958095
vt 0.472828 0.958303
vt 0.472567 0.957872
vt 0.472731 0.957601
vt 0.472777 0.955090
vt 0.470272 0.957211
vt 0.470272 0.955090
vt 0.470774 0.957124
vt 0.470774 0.955090
vt 0.470994 0.957887
vt 0.471319 0.958087
vt 0.470658 0.958241
vt 0.470816 0.957561
vt 0.471813 0.958169
vt 0.498579 0.955090
vt 0.498579 0.955541
vt 0.497370 0.955541
vt 0.495659 0.955541
vt 0.495659 0.955090
vt 0.496868 0.955541
vt 0.497370 0.958584
vt 0.496868 0.958584
vt 0.961010 0.160223
vt 0.961512 0.163717
vt 0.961010 0.163717
vt 0.961512 0.160223
vt 0.758850 0.958584
vt 0.759352 0.957047
vt 0.759352 0.958133
vt 0.758850 0.955090
vt 0.759352 0.956596
vt 0.759352 0.955541
vt 0.760878 0.958584
vt 0.760878 0.958133
vt 0.760781 0.957047
vt 0.760781 0.956596
vt 0.760832 0.955541
vt 0.760832 0.955090
vt 0.735916 0.958089
vt 0.735486 0.958344
vt 0.735491 0.957709
vt 0.736461 0.958675
vt 0.735940 0.958592
vt 0.736409 0.958224
vt 0.736233 0.956989
vt 0.735486 0.956013
vt 0.735952 0.955950
vt 0.735782 0.955336
vt 0.736111 0.955652
vt 0.736981 0.957788
vt 0.737448 0.957736
vt 0.737164 0.958413
vt 0.736840 0.958081
vt 0.736702 0.956678
vt 0.737326 0.955911
vt 0.736895 0.955620
vt 0.737331 0.955343
vt 0.736951 0.955155
vt 0.736509 0.955540
vt 0.736554 0.955090
vt 0.406780 0.958604
vt 0.407733 0.957574
vt 0.407293 0.958604
vt 0.407928 0.957124
vt 0.408281 0.955090
vt 0.408635 0.955090
vt 0.409014 0.957124
vt 0.408450 0.955858
vt 0.409219 0.957574
vt 0.410197 0.958604
vt 0.409685 0.958604
vt 0.432708 0.956906
vt 0.433226 0.956867
vt 0.433141 0.958058
vt 0.433268 0.955592
vt 0.434638 0.955551
vt 0.433637 0.955917
vt 0.434650 0.955090
vt 0.434567 0.958675
vt 0.433603 0.957830
vt 0.435231 0.958122
vt 0.435278 0.958599
vt 0.434620 0.958215
vt 0.435837 0.958386
vt 0.435845 0.957838
vt 0.435837 0.955932
vt 0.435229 0.955647
vt 0.435845 0.955394
vt 0.435204 0.955166
vt 0.724267 0.958089
vt 0.723837 0.958344
vt 0.723842 0.957709
vt 0.724812 0.958675
vt 0.724291 0.958592
vt 0.724760 0.958224
vt 0.724584 0.956989
vt 0.723837 0.956013
vt 0.724303 0.955950
vt 0.724133 0.955336
vt 0.724462 0.955652
vt 0.725332 0.957788
vt 0.725799 0.957736
vt 0.725515 0.958413
vt 0.725191 0.958080
vt 0.725053 0.956678
vt 0.725677 0.955911
vt 0.725246 0.955620
vt 0.725682 0.955343
vt 0.725302 0.955155
vt 0.724860 0.955540
vt 0.724905 0.955090
vt 0.961010 0.173404
vt 0.961512 0.176898
vt 0.961010 0.176898
vt 0.961512 0.173404
vt 0.570358 0.958584
vt 0.570860 0.957067
vt 0.570860 0.958584
vt 0.570860 0.956617
vt 0.570358 0.955090
vt 0.570860 0.955520
vt 0.571183 0.956617
vt 0.571457 0.957198
vt 0.571070 0.957067
vt 0.571707 0.955661
vt 0.571183 0.955520
vt 0.571239 0.955090
vt 0.573058 0.958584
vt 0.572459 0.958584
vt 0.572785 0.958203
vt 0.572582 0.957892
vt 0.571998 0.957866
vt 0.572212 0.957323
vt 0.571730 0.956442
vt 0.572235 0.956592
vt 0.571803 0.956924
vt 0.571870 0.956048
vt 0.572387 0.956068
vt 0.572078 0.955352
vt 0.582745 0.958584
vt 0.583247 0.957067
vt 0.583247 0.958584
vt 0.583247 0.956616
vt 0.582745 0.955090
vt 0.583247 0.955520
vt 0.583569 0.956616
vt 0.583843 0.957198
vt 0.583457 0.957067
vt 0.584093 0.955661
vt 0.583569 0.955520
vt 0.583626 0.955090
vt 0.585444 0.958584
vt 0.584845 0.958584
vt 0.585172 0.958203
vt 0.584968 0.957892
vt 0.584384 0.957866
vt 0.584598 0.957323
vt 0.584116 0.956442
vt 0.584621 0.956592
vt 0.584189 0.956924
vt 0.584256 0.956048
vt 0.584773 0.956068
vt 0.584465 0.955352
vt 0.482965 0.955090
vt 0.483467 0.957154
vt 0.482965 0.957262
vt 0.484420 0.958630
vt 0.483416 0.958303
vt 0.484015 0.958095
vt 0.483677 0.957872
vt 0.483513 0.957601
vt 0.483467 0.955090
vt 0.485972 0.957211
vt 0.485470 0.957124
vt 0.485972 0.955090
vt 0.485470 0.955090
vt 0.485250 0.957887
vt 0.485586 0.958241
vt 0.484925 0.958087
vt 0.485427 0.957561
vt 0.484430 0.958169
vt 0.508265 0.955090
vt 0.509474 0.955541
vt 0.508265 0.955541
vt 0.511185 0.955541
vt 0.509977 0.955541
vt 0.511185 0.955090
vt 0.509976 0.958584
vt 0.509474 0.958584
vt 0.972965 0.716886
vt 0.972965 0.719928
vt 0.972698 0.719929
vt 0.972698 0.716886
vt 0.995157 0.055889
vt 0.995157 0.056391
vt 0.994890 0.056391
vt 0.994890 0.055889
vt 0.972698 0.707199
vt 0.972698 0.704156
vt 0.972965 0.704156
vt 0.972965 0.707199
vt 0.699419 0.985645
vt 0.699419 0.986854
vt 0.699152 0.986854
vt 0.699152 0.985645
vt 0.994890 0.137849
vt 0.994890 0.137398
vt 0.995157 0.137398
vt 0.995157 0.137849
vt 0.972698 0.804001
vt 0.972698 0.801081
vt 0.972965 0.801081
vt 0.972965 0.804001
vt 0.995157 0.147536
vt 0.995157 0.147987
vt 0.994890 0.147987
vt 0.994890 0.147536
vt 0.709372 0.985645
vt 0.709372 0.986854
vt 0.709105 0.986854
vt 0.709105 0.985645
vt 0.380887 0.985645
vt 0.380887 0.986812
vt 0.380620 0.986812
vt 0.380620 0.985645
vt 0.380887 0.987815
vt 0.380620 0.987815
vt 0.972698 0.588663
vt 0.972701 0.587618
vt 0.972968 0.587618
vt 0.972965 0.588663
vt 0.972698 0.585446
vt 0.972965 0.585446
vt 0.994890 0.107334
vt 0.994890 0.106832
vt 0.995157 0.106832
vt 0.995157 0.107334
vt 0.984298 0.160258
vt 0.984296 0.162322
vt 0.984029 0.162322
vt 0.984031 0.160257
vt 0.984296 0.162769
vt 0.984029 0.162769
vt 0.984298 0.163041
vt 0.984031 0.163041
vt 0.480168 0.987217
vt 0.480168 0.986881
vt 0.480435 0.986881
vt 0.480435 0.987217
vt 0.480168 0.986467
vt 0.480435 0.986467
vt 0.480168 0.985972
vt 0.480435 0.985972
vt 0.480168 0.985645
vt 0.480435 0.985645
vt 0.984030 0.150571
vt 0.984029 0.150246
vt 0.984296 0.150247
vt 0.984297 0.150571
vt 0.984029 0.149809
vt 0.984296 0.149810
vt 0.984030 0.147776
vt 0.984297 0.147776
vt 0.994890 0.117523
vt 0.994890 0.117021
vt 0.995157 0.117021
vt 0.995157 0.117523
vt 0.972965 0.643673
vt 0.972968 0.645794
vt 0.972701 0.645794
vt 0.972698 0.643673
vt 0.972965 0.646820
vt 0.972698 0.646821
vt 0.659600 0.985645
vt 0.659602 0.986364
vt 0.659335 0.986363
vt 0.659333 0.985645
vt 0.659600 0.986886
vt 0.659333 0.986886
vt 0.995157 0.188085
vt 0.995157 0.188519
vt 0.994890 0.188519
vt 0.994890 0.188085
vt 0.994890 0.208731
vt 0.994890 0.208326
vt 0.995157 0.208326
vt 0.995157 0.208731
vt 0.639693 0.985646
vt 0.639693 0.986218
vt 0.639426 0.986217
vt 0.639426 0.985645
vt 0.639693 0.986531
vt 0.639426 0.986530
vt 0.639693 0.986914
vt 0.639426 0.986913
vt 0.939705 0.985645
vt 0.939705 0.986244
vt 0.939438 0.986244
vt 0.939438 0.985645
vt 0.589658 0.987041
vt 0.589658 0.986320
vt 0.589925 0.986318
vt 0.589925 0.987040
vt 0.589658 0.985646
vt 0.589925 0.985645
vt 0.959612 0.985645
vt 0.959612 0.986031
vt 0.959345 0.986031
vt 0.959345 0.985645
vt 0.959612 0.986241
vt 0.959345 0.986241
vt 0.530203 0.985645
vt 0.530203 0.987161
vt 0.529936 0.987161
vt 0.529936 0.985645
vt 0.995157 0.045700
vt 0.995157 0.046202
vt 0.994890 0.046202
vt 0.994890 0.045700
vt 0.233264 0.975922
vt 0.233264 0.972428
vt 0.233531 0.972428
vt 0.233531 0.975922
vt 0.440354 0.987362
vt 0.440354 0.986481
vt 0.440621 0.986481
vt 0.440621 0.987362
vt 0.440354 0.985645
vt 0.440621 0.985645
vt 0.829946 0.986193
vt 0.829946 0.985645
vt 0.830213 0.985645
vt 0.830213 0.986193
vt 0.879716 0.986426
vt 0.879715 0.986033
vt 0.879982 0.986033
vt 0.879983 0.986425
vt 0.879716 0.985645
vt 0.879983 0.985645
vt 0.860074 0.985645
vt 0.860074 0.986168
vt 0.859807 0.986168
vt 0.859807 0.985645
vt 0.860074 0.986491
vt 0.859807 0.986491
vt 0.729280 0.985645
vt 0.729280 0.986741
vt 0.729013 0.986741
vt 0.729013 0.985645
vt 0.829946 0.986516
vt 0.830213 0.986516
vt 0.669556 0.985645
vt 0.669558 0.986364
vt 0.669291 0.986363
vt 0.669289 0.985645
vt 0.669556 0.986886
vt 0.669289 0.986886
vt 0.995157 0.198206
vt 0.995157 0.198639
vt 0.994890 0.198639
vt 0.994890 0.198206
vt 0.994890 0.218823
vt 0.994890 0.218418
vt 0.995157 0.218418
vt 0.995157 0.218823
vt 0.629739 0.985646
vt 0.629739 0.986218
vt 0.629472 0.986217
vt 0.629473 0.985645
vt 0.629739 0.986531
vt 0.629472 0.986530
vt 0.629739 0.986914
vt 0.629473 0.986913
vt 0.929751 0.985645
vt 0.929751 0.986244
vt 0.929484 0.986244
vt 0.929484 0.985645
vt 0.579704 0.987041
vt 0.579704 0.986319
vt 0.579971 0.986318
vt 0.579971 0.987040
vt 0.579704 0.985646
vt 0.579971 0.985645
vt 0.949658 0.985645
vt 0.949658 0.986031
vt 0.949391 0.986031
vt 0.949391 0.985645
vt 0.949658 0.986241
vt 0.949391 0.986241
vt 0.520249 0.985645
vt 0.520249 0.987161
vt 0.519983 0.987161
vt 0.519983 0.985645
vt 0.995157 0.086455
vt 0.995157 0.086957
vt 0.994890 0.086957
vt 0.994890 0.086455
vt 0.213357 0.975922
vt 0.213357 0.972429
vt 0.213624 0.972429
vt 0.213624 0.975922
vt 0.450308 0.987362
vt 0.450308 0.986481
vt 0.450575 0.986481
vt 0.450575 0.987362
vt 0.450308 0.985645
vt 0.450575 0.985645
vt 0.839900 0.986193
vt 0.839900 0.985645
vt 0.840167 0.985645
vt 0.840167 0.986193
vt 0.869761 0.986425
vt 0.869760 0.986033
vt 0.870027 0.986033
vt 0.870028 0.986425
vt 0.869761 0.985645
vt 0.870028 0.985645
vt 0.850120 0.985645
vt 0.850120 0.986168
vt 0.849853 0.986168
vt 0.849853 0.985645
vt 0.850120 0.986490
vt 0.849853 0.986490
vt 0.719326 0.985645
vt 0.719326 0.986741
vt 0.719059 0.986741
vt 0.719059 0.985645
vt 0.839900 0.986516
vt 0.840167 0.986516
vt 0.223311 0.975922
vt 0.223311 0.972429
vt 0.223578 0.972429
vt 0.223578 0.975922
vt 0.994890 0.127712
vt 0.994890 0.127210
vt 0.995157 0.127210
vt 0.995157 0.127712
vt 0.263392 0.972429
vt 0.263392 0.975922
vt 0.263125 0.975922
vt 0.263125 0.972429
vt 0.995157 0.066078
vt 0.995157 0.066580
vt 0.994890 0.066580
vt 0.994890 0.066078
vt 0.689465 0.986076
vt 0.689465 0.986463
vt 0.689198 0.986463
vt 0.689198 0.986076
vt 0.689465 0.986861
vt 0.689198 0.986861
vt 0.995157 0.238550
vt 0.995157 0.238848
vt 0.994890 0.238850
vt 0.994890 0.238551
vt 0.899623 0.986394
vt 0.899623 0.985645
vt 0.899890 0.985645
vt 0.899890 0.986394
vt 0.420705 0.985645
vt 0.420709 0.986704
vt 0.420442 0.986703
vt 0.420438 0.985645
vt 0.420705 0.987381
vt 0.420438 0.987380
vt 0.460528 0.985645
vt 0.460528 0.986346
vt 0.460261 0.986346
vt 0.460261 0.985645
vt 0.460528 0.986868
vt 0.460261 0.986868
vt 0.460528 0.987323
vt 0.460261 0.987323
vt 0.919530 0.986280
vt 0.919530 0.985645
vt 0.919797 0.985645
vt 0.919797 0.986280
vt 0.609565 0.986994
vt 0.609565 0.986569
vt 0.609832 0.986569
vt 0.609832 0.986994
vt 0.609565 0.986076
vt 0.609832 0.986076
vt 0.609565 0.985645
vt 0.609832 0.985645
vt 0.984031 0.187906
vt 0.984029 0.187614
vt 0.984296 0.187613
vt 0.984298 0.187905
vt 0.984032 0.186814
vt 0.984299 0.186814
vt 0.984034 0.185838
vt 0.984301 0.185837
vt 0.984029 0.185161
vt 0.984296 0.185160
vt 0.490122 0.987194
vt 0.490122 0.986421
vt 0.490389 0.986421
vt 0.490389 0.987194
vt 0.490122 0.986025
vt 0.490389 0.986025
vt 0.490122 0.985645
vt 0.490389 0.985645
vt 0.979519 0.985645
vt 0.979519 0.986213
vt 0.979252 0.986213
vt 0.979252 0.985645
vt 0.689465 0.985645
vt 0.689198 0.985645
vt 0.370933 0.986255
vt 0.370933 0.986847
vt 0.370666 0.986847
vt 0.370666 0.986255
vt 0.370933 0.987845
vt 0.370666 0.987845
vt 0.410751 0.985645
vt 0.410747 0.986598
vt 0.410480 0.986598
vt 0.410484 0.985645
vt 0.410751 0.987558
vt 0.410484 0.987558
vt 0.360713 0.987886
vt 0.360713 0.986867
vt 0.360979 0.986867
vt 0.360979 0.987886
vt 0.360713 0.986257
vt 0.360979 0.986257
vt 0.360713 0.985645
vt 0.360979 0.985645
vt 0.995157 0.004843
vt 0.995157 0.005391
vt 0.994890 0.005391
vt 0.994890 0.004843
vt 0.984296 0.197593
vt 0.984296 0.198150
vt 0.984029 0.198150
vt 0.984029 0.197593
vt 0.984296 0.198860
vt 0.984029 0.198860
vt 0.984296 0.200291
vt 0.984029 0.200291
vt 0.070078 0.988111
vt 0.070082 0.986961
vt 0.070349 0.986961
vt 0.070345 0.988111
vt 0.070078 0.985645
vt 0.070345 0.985645
vt 0.984029 0.212553
vt 0.984029 0.211174
vt 0.984296 0.211174
vt 0.984296 0.212553
vt 0.984029 0.210620
vt 0.984296 0.210620
vt 0.984029 0.209978
vt 0.984296 0.209978
vt 0.995157 0.015078
vt 0.995157 0.015616
vt 0.994890 0.015616
vt 0.994890 0.015078
vt 0.370933 0.985645
vt 0.370666 0.985645
vt 0.810039 0.986679
vt 0.810039 0.985645
vt 0.810306 0.985645
vt 0.810306 0.986679
vt 0.540157 0.985645
vt 0.540157 0.987130
vt 0.539890 0.987130
vt 0.539890 0.985645
vt 0.820259 0.985645
vt 0.820259 0.986670
vt 0.819992 0.986671
vt 0.819992 0.985646
vt 0.995157 0.025303
vt 0.995157 0.025815
vt 0.994890 0.025815
vt 0.994890 0.025303
vt 0.203404 0.975929
vt 0.203404 0.972428
vt 0.203671 0.972429
vt 0.203671 0.975929
vt 0.994890 0.228863
vt 0.994890 0.228510
vt 0.995157 0.228510
vt 0.995157 0.228863
vt 0.193717 0.972430
vt 0.193717 0.975958
vt 0.193450 0.975957
vt 0.193450 0.972428
vt 0.995157 0.035501
vt 0.995157 0.036014
vt 0.994890 0.036014
vt 0.994890 0.035501
vt 0.619519 0.986916
vt 0.619519 0.985645
vt 0.619786 0.985645
vt 0.619786 0.986915
vt 0.649647 0.985645
vt 0.649647 0.986905
vt 0.649380 0.986906
vt 0.649380 0.985646
vt 0.748920 0.986731
vt 0.748920 0.985645
vt 0.749187 0.985645
vt 0.749187 0.986731
vt 0.679512 0.986076
vt 0.679512 0.986463
vt 0.679245 0.986463
vt 0.679245 0.986076
vt 0.679512 0.986861
vt 0.679245 0.986861
vt 0.995157 0.248536
vt 0.995157 0.248834
vt 0.994890 0.248836
vt 0.994890 0.248538
vt 0.889670 0.986394
vt 0.889670 0.985645
vt 0.889937 0.985645
vt 0.889937 0.986394
vt 0.430663 0.985645
vt 0.430667 0.986704
vt 0.430401 0.986703
vt 0.430396 0.985645
vt 0.430663 0.987381
vt 0.430396 0.987380
vt 0.470482 0.985645
vt 0.470482 0.986346
vt 0.470215 0.986346
vt 0.470215 0.985645
vt 0.470482 0.986868
vt 0.470215 0.986868
vt 0.470482 0.987323
vt 0.470215 0.987323
vt 0.909577 0.986280
vt 0.909577 0.985645
vt 0.909844 0.985645
vt 0.909844 0.986280
vt 0.599612 0.986994
vt 0.599612 0.986569
vt 0.599879 0.986569
vt 0.599879 0.986994
vt 0.599612 0.986076
vt 0.599879 0.986076
vt 0.599612 0.985645
vt 0.599879 0.985645
vt 0.984031 0.175474
vt 0.984029 0.175182
vt 0.984296 0.175181
vt 0.984298 0.175473
vt 0.984032 0.174382
vt 0.984299 0.174381
vt 0.984034 0.173405
vt 0.984301 0.173404
vt 0.984029 0.172729
vt 0.984296 0.172728
vt 0.500075 0.987194
vt 0.500075 0.986421
vt 0.500342 0.986421
vt 0.500342 0.987194
vt 0.500075 0.986025
vt 0.500342 0.986025
vt 0.500075 0.985645
vt 0.500342 0.985645
vt 0.969565 0.985645
vt 0.969565 0.986213
vt 0.969298 0.986213
vt 0.969298 0.985645
vt 0.679512 0.985645
vt 0.679245 0.985645
vt 0.800352 0.985645
vt 0.800352 0.986700
vt 0.800085 0.986700
vt 0.800085 0.985645
vt 0.569750 0.987074
vt 0.569750 0.985645
vt 0.570017 0.985645
vt 0.570017 0.987074
vt 0.995157 0.167811
vt 0.995157 0.168261
vt 0.994890 0.168261
vt 0.994890 0.167811
vt 0.560064 0.985645
vt 0.560064 0.987074
vt 0.559797 0.987074
vt 0.559797 0.985645
vt 0.739233 0.985645
vt 0.739233 0.986731
vt 0.738966 0.986731
vt 0.738966 0.985645
vt 0.510029 0.987171
vt 0.510029 0.985645
vt 0.510296 0.985645
vt 0.510296 0.987171
vt 0.995157 0.177948
vt 0.995157 0.178399
vt 0.994890 0.178399
vt 0.994890 0.177948
vt 0.390840 0.985645
vt 0.390840 0.987673
vt 0.390573 0.987673
vt 0.390573 0.985645
vt 0.243218 0.975922
vt 0.243218 0.972429
vt 0.243485 0.972429
vt 0.243485 0.975922
vt 0.400527 0.987627
vt 0.400527 0.985645
vt 0.400794 0.985645
vt 0.400794 0.987627
vt 0.995157 0.157673
vt 0.995157 0.158124
vt 0.994890 0.158124
vt 0.994890 0.157673
vt 0.550110 0.985645
vt 0.550110 0.987125
vt 0.549843 0.987125
vt 0.549843 0.985645
vt 0.253171 0.975922
vt 0.253171 0.972428
vt 0.253438 0.972428
vt 0.253438 0.975922
vt 0.994890 0.097146
vt 0.994890 0.096644
vt 0.995157 0.096644
vt 0.995157 0.097146
vt 0.273345 0.972428
vt 0.273345 0.975922
vt 0.273079 0.975922
vt 0.273079 0.972428
vt 0.995157 0.076266
vt 0.995157 0.076768
vt 0.994890 0.076768
vt 0.994890 0.076266
s 1
usemtl TurrisCasei_Baked
f 1/1/1 2/2/1 4/3/1 3/4/1
f 3/5/2 4/6/2 8/7/2 7/8/2
f 7/9/3 8/10/3 6/11/3 5/12/3
f 5/13/4 6/14/4 2/15/4 1/16/4
f 3/17/5 7/18/5 5/19/5 1/20/5
f 8/21/6 4/22/6 2/23/6 6/24/6
f 9/25/1 10/26/1 12/27/1 11/28/1
f 11/29/2 12/30/2 16/31/2 15/32/2
f 15/33/3 16/34/3 14/35/3 13/36/3
f 13/37/4 14/38/4 10/39/4 9/40/4
f 11/41/5 15/42/5 13/43/5 9/44/5
f 16/45/6 12/46/6 10/47/6 14/48/6
f 17/49/1 18/50/1 20/51/1 19/52/1
f 19/53/2 20/54/2 24/55/2 23/56/2
f 23/57/3 24/58/3 22/59/3 21/60/3
f 21/61/4 22/62/4 18/63/4 17/64/4
f 19/65/5 23/66/5 21/67/5 17/68/5
f 24/69/6 20/70/6 18/71/6 22/72/6
f 25/73/1 26/74/1 28/75/1 27/76/1
f 27/77/2 28/78/2 32/79/2 31/80/2
f 31/81/3 32/82/3 30/83/3 29/84/3
f 29/85/4 30/86/4 26/87/4 25/88/4
f 27/89/5 31/90/5 29/91/5 25/92/5
f 32/93/6 28/94/6 26/95/6 30/96/6
f 33/97/1 34/98/1 36/99/1 35/100/1
f 35/101/2 36/102/2 40/103/2 39/104/2
f 39/105/3 40/106/3 38/107/3 37/108/3
f 37/109/4 38/110/4 34/111/4 33/112/4
f 35/113/5 39/114/5 37/115/5 33/116/5
f 40/117/6 36/118/6 34/119/6 38/120/6
f 41/121/1 42/122/1 44/123/1 43/124/1
f 43/125/2 44/126/2 48/127/2 47/128/2
f 47/129/3 48/130/3 46/131/3 45/132/3
f 45/133/4 46/134/4 42/135/4 41/136/4
f 43/137/5 47/138/5 45/139/5 41/140/5
f 48/141/6 44/142/6 42/143/6 46/144/6
f 49/145/1 50/146/1 52/147/1 51/148/1
f 51/149/2 52/150/2 56/151/2 55/152/2
f 55/153/3 56/154/3 54/155/3 53/156/3
f 53/157/4 54/158/4 50/159/4 49/160/4
f 51/161/5 55/162/5 53/163/5 49/164/5
f 56/165/6 52/166/6 50/167/6 54/168/6
f 57/169/1 58/170/1 60/171/1 59/172/1
f 59/173/2 60/174/2 64/175/2 63/176/2
f 63/177/3 64/178/3 62/179/3 61/180/3
f 61/181/4 62/182/4 58/183/4 57/184/4
f 59/185/5 63/186/5 61/187/5 57/188/5
f 64/189/6 60/190/6 58/191/6 62/192/6
f 65/193/1 66/194/1 68/195/1 67/196/1
f 67/197/2 68/198/2 72/199/2 71/200/2
f 71/201/3 72/202/3 70/203/3 69/204/3
f 69/205/4 70/206/4 66/207/4 65/208/4
f 67/209/5 71/210/5 69/211/5 65/212/5
f 72/213/6 68/214/6 66/215/6 70/216/6
f 73/217/1 74/218/1 76/219/1 75/220/1
f 75/221/2 76/222/2 80/223/2 79/224/2
f 79/225/3 80/226/3 78/227/3 77/228/3
f 77/229/4 78/230/4 74/231/4 73/232/4
f 75/233/5 79/234/5 77/235/5 73/236/5
f 80/237/6 76/238/6 74/239/6 78/240/6
f 81/241/1 82/242/1 84/243/1 83/244/1
f 83/245/2 84/246/2 88/247/2 87/248/2
f 87/249/3 88/250/3 86/251/3 85/252/3
f 85/253/4 86/254/4 82/255/4 81/256/4
f 83/257/5 87/258/5 85/259/5 81/260/5
f 88/261/6 84/262/6 82/263/6 86/264/6
f 89/265/1 90/266/1 92/267/1 91/268/1
f 91/269/2 92/270/2 96/271/2 95/272/2
f 95/273/3 96/274/3 94/275/3 93/276/3
f 93/277/4 94/278/4 90/279/4 89/280/4
f 91/281/5 95/282/5 93/283/5 89/284/5
f 96/285/6 92/286/6 90/287/6 94/288/6
f 97/289/1 98/290/1 100/291/1 99/292/1
f 99/293/2 100/294/2 104/295/2 103/296/2
f 103/297/3 104/298/3 102/299/3 101/300/3
f 101/301/4 102/302/4 98/303/4 97/304/4
f 99/305/5 103/306/5 101/307/5 97/308/5
f 104/309/6 100/310/6 98/311/6 102/312/6
f 105/313/1 106/314/1 108/315/1 107/316/1
f 107/317/2 108/318/2 112/319/2 111/320/2
f 111/321/3 112/322/3 110/323/3 109/324/3
f 109/325/4 110/326/4 106/327/4 105/328/4
f 107/329/5 111/330/5 109/331/5 105/332/5
f 112/333/6 108/334/6 106/335/6 110/336/6
f 113/337/1 114/338/1 116/339/1 115/340/1
f 115/341/2 116/342/2 120/343/2 119/344/2
f 119/345/3 120/346/3 118/347/3 117/348/3
f 117/349/4 118/350/4 114/351/4 113/352/4
f 115/353/5 119/354/5 117/355/5 113/356/5
f 120/357/6 116/358/6 114/359/6 118/360/6
f 121/361/1 122/362/1 124/363/1 123/364/1
f 123/365/2 124/366/2 128/367/2 127/368/2
f 127/369/3 128/370/3 126/371/3 125/372/3
f 125/373/4 126/374/4 122/375/4 121/376/4
f 123/377/5 127/378/5 125/379/5 121/380/5
f 128/381/6 124/382/6 122/383/6 126/384/6
f 129/385/1 130/386/1 132/387/1 131/388/1
f 131/389/2 132/390/2 136/391/2 135/392/2
f 135/393/3 136/394/3 134/395/3 133/396/3
f 133/397/4 134/398/4 130/399/4 129/400/4
f 131/401/5 135/402/5 133/403/5 129/404/5
f 136/405/6 132/406/6 130/407/6 134/408/6
f 137/409/1 138/410/1 140/411/1 139/412/1
f 139/413/2 140/414/2 144/415/2 143/416/2
f 143/417/3 144/418/3 142/419/3 141/420/3
f 141/421/4 142/422/4 138/423/4 137/424/4
f 139/425/5 143/426/5 141/427/5 137/428/5
f 144/429/6 140/430/6 138/431/6 142/432/6
f 145/433/1 146/434/1 148/435/1 147/436/1
f 147/437/2 148/438/2 152/439/2 151/440/2
f 151/441/3 152/442/3 150/443/3 149/444/3
f 149/445/4 150/446/4 146/447/4 145/448/4
f 147/449/5 151/450/5 149/451/5 145/452/5
f 152/453/6 148/454/6 146/455/6 150/456/6
f 153/457/1 154/458/1 156/459/1 155/460/1
f 155/461/2 156/462/2 160/463/2 159/464/2
f 159/465/3 160/466/3 158/467/3 157/468/3
f 157/469/4 158/470/4 154/471/4 153/472/4
f 155/473/5 159/474/5 157/475/5 153/476/5
f 160/477/6 156/478/6 154/479/6 158/480/6
f 161/481/7 162/482/7 164/483/7 163/484/7
f 163/485/2 164/486/2 168/487/2 167/488/2
f 167/489/8 168/490/8 166/491/8 165/492/8
f 165/493/4 166/494/4 162/495/4 161/496/4
f 163/497/9 167/498/9 165/499/9 161/500/9
f 168/501/10 164/502/10 162/503/10 166/504/10
f 169/505/11 170/506/11 172/507/11 171/508/11
f 171/509/2 172/510/2 176/511/2 175/512/2
f 175/513/12 176/514/12 174/515/12 173/516/12
f 173/517/4 174/518/4 170/519/4 169/520/4
f 171/521/13 175/522/13 173/523/13 169/524/13
f 176/525/14 172/526/14 170/527/14 174/528/14
f 177/529/7 178/530/7 180/531/7 179/532/7
f 179/533/2 180/534/2 184/535/2 183/536/2
f 183/537/8 184/538/8 182/539/8 181/540/8
f 181/541/4 182/542/4 178/543/4 177/544/4
f 179/545/9 183/546/9 181/547/9 177/548/9
f 184/549/10 180/550/10 178/551/10 182/552/10
f 185/553/11 186/554/11 188/555/11 187/556/11
f 187/557/2 188/558/2 192/559/2 191/560/2
f 191/561/12 192/562/12 190/563/12 189/564/12
f 189/565/4 190/566/4 186/567/4 185/568/4
f 187/569/13 191/570/13 189/571/13 185/572/13
f 192/573/14 188/574/14 186/575/14 190/576/14
f 193/577/7 194/578/7 196/579/7 195/580/7
f 195/581/2 196/582/2 200/583/2 199/584/2
f 199/585/8 200/586/8 198/587/8 197/588/8
f 197/589/4 198/590/4 194/591/4 193/592/4
f 195/593/9 199/594/9 197/595/9 193/596/9
f 200/597/10 196/598/10 194/599/10 198/600/10
f 201/601/11 202/602/11 204/603/11 203/604/11
f 203/605/2 204/606/2 208/607/2 207/608/2
f 207/609/12 208/610/12 206/611/12 205/612/12
f 205/613/4 206/614/4 202/615/4 201/616/4
f 203/617/13 207/618/13 205/619/13 201/620/13
f 208/621/14 204/622/14 202/623/14 206/624/14
f 209/625/7 210/626/7 212/627/7 211/628/7
f 211/629/2 212/630/2 216/631/2 215/632/2
f 215/633/8 216/634/8 214/635/8 213/636/8
f 213/637/4 214/638/4 210/639/4 209/640/4
f 211/641/9 215/642/9 213/643/9 209/644/9
f 216/645/10 212/646/10 210/647/10 214/648/10
f 217/649/11 218/650/11 220/651/11 219/652/11
f 219/653/2 220/654/2 224/655/2 223/656/2
f 223/657/12 224/658/12 222/659/12 221/660/12
f 221/661/4 222/662/4 218/663/4 217/664/4
f 219/665/13 223/666/13 221/667/13 217/668/13
f 224/669/14 220/670/14 218/671/14 222/672/14
f 225/673/7 226/674/7 228/675/7 227/676/7
f 227/677/2 228/678/2 232/679/2 231/680/2
f 231/681/8 232/682/8 230/683/8 229/684/8
f 229/685/4 230/686/4 226/687/4 225/688/4
f 227/689/9 231/690/9 229/691/9 225/692/9
f 232/693/10 228/694/10 226/695/10 230/696/10
f 233/697/11 234/698/11 236/699/11 235/700/11
f 235/701/2 236/702/2 240/703/2 239/704/2
f 239/705/12 240/706/12 238/707/12 237/708/12
f 237/709/4 238/710/4 234/711/4 233/712/4
f 235/713/13 239/714/13 237/715/13 233/716/13
f 240/717/14 236/718/14 234/719/14 238/720/14
f 241/721/7 242/722/7 244/723/7 243/724/7
f 243/725/2 244/726/2 248/727/2 247/728/2
f 247/729/8 248/730/8 246/731/8 245/732/8
f 245/733/4 246/734/4 242/735/4 241/736/4
f 243/737/9 247/738/9 245/739/9 241/740/9
f 248/741/10 244/742/10 242/743/10 246/744/10
f 249/745/11 250/746/11 252/747/11 251/748/11
f 251/749/2 252/750/2 256/751/2 255/752/2
f 255/753/12 256/754/12 254/755/12 253/756/12
f 253/757/4 254/758/4 250/759/4 249/760/4
f 251/761/13 255/762/13 253/763/13 249/764/13
f 256/765/14 252/766/14 250/767/14 254/768/14
f 257/769/1 258/770/1 260/771/1 259/772/1
f 259/773/2 260/774/2 264/775/2 263/776/2
f 263/777/3 264/778/3 262/779/3 261/780/3
f 261/781/4 262/782/4 258/783/4 257/784/4
f 259/785/5 263/786/5 261/787/5 257/788/5
f 264/789/6 260/790/6 258/791/6 262/792/6
f 265/793/1 266/794/1 268/795/1 267/796/1
f 267/797/2 268/798/2 272/799/2 271/800/2
f 271/801/3 272/802/3 270/803/3 269/804/3
f 269/805/4 270/806/4 266/807/4 265/808/4
f 267/809/5 271/810/5 269/811/5 265/812/5
f 272/813/6 268/814/6 266/815/6 270/816/6
f 273/817/1 274/818/1 276/819/1 275/820/1
f 275/821/2 276/822/2 280/823/2 279/824/2
f 279/825/3 280/826/3 278/827/3 277/828/3
f 277/829/4 278/830/4 274/831/4 273/832/4
f 275/833/5 279/834/5 277/835/5 273/836/5
f 280/837/6 276/838/6 274/839/6 278/840/6
f 281/841/1 282/842/1 284/843/1 283/844/1
f 283/845/2 284/846/2 288/847/2 287/848/2
f 287/849/3 288/850/3 286/851/3 285/852/3
f 285/853/4 286/854/4 282/855/4 281/856/4
f 283/857/5 287/858/5 285/859/5 281/860/5
f 288/861/6 284/862/6 282/863/6 286/864/6
f 289/865/1 290/866/1 292/867/1 291/868/1
f 291/869/2 292/870/2 296/871/2 295/872/2
f 295/873/3 296/874/3 294/875/3 293/876/3
f 293/877/4 294/878/4 290/879/4 289/880/4
f 291/881/5 295/882/5 293/883/5 289/884/5
f 296/885/6 292/886/6 290/887/6 294/888/6
f 297/889/1 298/890/1 300/891/1 299/892/1
f 299/893/2 300/894/2 304/895/2 303/896/2
f 303/897/3 304/898/3 302/899/3 301/900/3
f 301/901/4 302/902/4 298/903/4 297/904/4
f 299/905/5 303/906/5 301/907/5 297/908/5
f 304/909/6 300/910/6 298/911/6 302/912/6
f 305/913/1 306/914/1 308/915/1 307/916/1
f 307/917/2 308/918/2 312/919/2 311/920/2
f 311/921/3 312/922/3 310/923/3 309/924/3
f 309/925/4 310/926/4 306/927/4 305/928/4
f 307/929/5 311/930/5 309/931/5 305/932/5
f 312/933/6 308/934/6 306/935/6 310/936/6
f 313/937/1 314/938/1 316/939/1 315/940/1
f 315/941/2 316/942/2 320/943/2 319/944/2
f 319/945/3 320/946/3 318/947/3 317/948/3
f 317/949/4 318/950/4 314/951/4 313/952/4
f 315/953/5 319/954/5 317/955/5 313/956/5
f 320/957/6 316/958/6 314/959/6 318/960/6
f 321/961/1 322/962/1 324/963/1 323/964/1
f 323/965/2 324/966/2 328/967/2 327/968/2
f 327/969/3 328/970/3 326/971/3 325/972/3
f 325/973/4 326/974/4 322/975/4 321/976/4
f 323/977/5 327/978/5 325/979/5 321/980/5
f 328/981/6 324/982/6 322/983/6 326/984/6
f 329/985/7 330/986/7 332/987/7 331/988/7
f 331/989/2 332/990/2 336/991/2 335/992/2
f 335/993/8 336/994/8 334/995/8 333/996/8
f 333/997/4 334/998/4 330/999/4 329/1000/4
f 331/1001/9 335/1002/9 333/1003/9 329/1004/9
f 336/1005/10 332/1006/10 330/1007/10 334/1008/10
f 337/1009/11 338/1010/11 340/1011/11 339/1012/11
f 339/1013/2 340/1014/2 344/1015/2 343/1016/2
f 343/1017/12 344/1018/12 342/1019/12 341/1020/12
f 341/1021/4 342/1022/4 338/1023/4 337/1024/4
f 339/1025/13 343/1026/13 341/1027/13 337/1028/13
f 344/1029/14 340/1030/14 338/1031/14 342/1032/14
f 345/1033/7 346/1034/7 348/1035/7 347/1036/7
f 347/1037/2 348/1038/2 352/1039/2 351/1040/2
f 351/1041/8 352/1042/8 350/1043/8 349/1044/8
f 349/1045/4 350/1046/4 346/1047/4 345/1048/4
f 347/1049/9 351/1050/9 349/1051/9 345/1052/9
f 352/1053/10 348/1054/10 346/1055/10 350/1056/10
f 353/1057/11 354/1058/11 356/1059/11 355/1060/11
f 355/1061/2 356/1062/2 360/1063/2 359/1064/2
f 359/1065/12 360/1066/12 358/1067/12 357/1068/12
f 357/1069/4 358/1070/4 354/1071/4 353/1072/4
f 355/1073/13 359/1074/13 357/1075/13 353/1076/13
f 360/1077/14 356/1078/14 354/1079/14 358/1080/14
f 361/1081/7 362/1082/7 364/1083/7 363/1084/7
f 363/1085/2 364/1086/2 368/1087/2 367/1088/2
f 367/1089/8 368/1090/8 366/1091/8 365/1092/8
f 365/1093/4 366/1094/4 362/1095/4 361/1096/4
f 363/1097/9 367/1098/9 365/1099/9 361/1100/9
f 368/1101/10 364/1102/10 362/1103/10 366/1104/10
f 369/1105/11 370/1106/11 372/1107/11 371/1108/11
f 371/1109/2 372/1110/2 376/1111/2 375/1112/2
f 375/1113/12 376/1114/12 374/1115/12 373/1116/12
f 373/1117/4 374/1118/4 370/1119/4 369/1120/4
f 371/1121/13 375/1122/13 373/1123/13 369/1124/13
f 376/1125/14 372/1126/14 370/1127/14 374/1128/14
f 377/1129/7 378/1130/7 380/1131/7 379/1132/7
f 379/1133/2 380/1134/2 384/1135/2 383/1136/2
f 383/1137/8 384/1138/8 382/1139/8 381/1140/8
f 381/1141/4 382/1142/4 378/1143/4 377/1144/4
f 379/1145/9 383/1146/9 381/1147/9 377/1148/9
f 384/1149/10 380/1150/10 378/1151/10 382/1152/10
f 385/1153/11 386/1154/11 388/1155/11 387/1156/11
f 387/1157/2 388/1158/2 392/1159/2 391/1160/2
f 391/1161/12 392/1162/12 390/1163/12 389/1164/12
f 389/1165/4 390/1166/4 386/1167/4 385/1168/4
f 387/1169/13 391/1170/13 389/1171/13 385/1172/13
f 392/1173/14 388/1174/14 386/1175/14 390/1176/14
f 393/1177/7 394/1178/7 396/1179/7 395/1180/7
f 395/1181/2 396/1182/2 400/1183/2 399/1184/2
f 399/1185/8 400/1186/8 398/1187/8 397/1188/8
f 397/1189/4 398/1190/4 394/1191/4 393/1192/4
f 395/1193/9 399/1194/9 397/1195/9 393/1196/9
f 400/1197/10 396/1198/10 394/1199/10 398/1200/10
f 401/1201/11 402/1202/11 404/1203/11 403/1204/11
f 403/1205/2 404/1206/2 408/1207/2 407/1208/2
f 407/1209/12 408/1210/12 406/1211/12 405/1212/12
f 405/1213/4 406/1214/4 402/1215/4 401/1216/4
f 403/1217/13 407/1218/13 405/1219/13 401/1220/13
f 408/1221/14 404/1222/14 402/1223/14 406/1224/14
f 409/1225/7 410/1226/7 412/1227/7 411/1228/7
f 411/1229/2 412/1230/2 416/1231/2 415/1232/2
f 415/1233/8 416/1234/8 414/1235/8 413/1236/8
f 413/1237/4 414/1238/4 410/1239/4 409/1240/4
f 411/1241/9 415/1242/9 413/1243/9 409/1244/9
f 416/1245/10 412/1246/10 410/1247/10 414/1248/10
f 417/1249/11 418/1250/11 420/1251/11 419/1252/11
f 419/1253/2 420/1254/2 424/1255/2 423/1256/2
f 423/1257/12 424/1258/12 422/1259/12 421/1260/12
f 421/1261/4 422/1262/4 418/1263/4 417/1264/4
f 419/1265/13 423/1266/13 421/1267/13 417/1268/13
f 424/1269/14 420/1270/14 418/1271/14 422/1272/14
f 425/1273/1 426/1274/1 428/1275/1 427/1276/1
f 427/1277/2 428/1278/2 432/1279/2 431/1280/2
f 431/1281/3 432/1282/3 430/1283/3 429/1284/3
f 429/1285/4 430/1286/4 426/1287/4 425/1288/4
f 427/1289/5 431/1290/5 429/1291/5 425/1292/5
f 432/1293/6 428/1294/6 426/1295/6 430/1296/6
f 433/1297/1 434/1298/1 436/1299/1 435/1300/1
f 435/1301/2 436/1302/2 440/1303/2 439/1304/2
f 439/1305/3 440/1306/3 438/1307/3 437/1308/3
f 437/1309/4 438/1310/4 434/1311/4 433/1312/4
f 435/1313/5 439/1314/5 437/1315/5 433/1316/5
f 440/1317/6 436/1318/6 434/1319/6 438/1320/6
f 441/1321/1 442/1322/1 444/1323/1 443/1324/1
f 443/1325/2 444/1326/2 448/1327/2 447/1328/2
f 447/1329/3 448/1330/3 446/1331/3 445/1332/3
f 445/1333/4 446/1334/4 442/1335/4 441/1336/4
f 443/1337/5 447/1338/5 445/1339/5 441/1340/5
f 448/1341/6 444/1342/6 442/1343/6 446/1344/6
f 449/1345/1 450/1346/1 452/1347/1 451/1348/1
f 451/1349/2 452/1350/2 456/1351/2 455/1352/2
f 455/1353/3 456/1354/3 454/1355/3 453/1356/3
f 453/1357/4 454/1358/4 450/1359/4 449/1360/4
f 451/1361/5 455/1362/5 453/1363/5 449/1364/5
f 456/1365/6 452/1366/6 450/1367/6 454/1368/6
f 457/1369/1 458/1370/1 460/1371/1 459/1372/1
f 459/1373/2 460/1374/2 464/1375/2 463/1376/2
f 463/1377/3 464/1378/3 462/1379/3 461/1380/3
f 461/1381/4 462/1382/4 458/1383/4 457/1384/4
f 459/1385/5 463/1386/5 461/1387/5 457/1388/5
f 464/1389/6 460/1390/6 458/1391/6 462/1392/6
f 465/1393/1 466/1394/1 468/1395/1 467/1396/1
f 467/1397/2 468/1398/2 472/1399/2 471/1400/2
f 471/1401/3 472/1402/3 470/1403/3 469/1404/3
f 469/1405/4 470/1406/4 466/1407/4 465/1408/4
f 467/1409/5 471/1410/5 469/1411/5 465/1412/5
f 472/1413/6 468/1414/6 466/1415/6 470/1416/6
f 473/1417/1 474/1418/1 476/1419/1 475/1420/1
f 475/1421/2 476/1422/2 480/1423/2 479/1424/2
f 479/1425/3 480/1426/3 478/1427/3 477/1428/3
f 477/1429/4 478/1430/4 474/1431/4 473/1432/4
f 475/1433/5 479/1434/5 477/1435/5 473/1436/5
f 480/1437/6 476/1438/6 474/1439/6 478/1440/6
f 481/1441/1 482/1442/1 484/1443/1 483/1444/1
f 483/1445/2 484/1446/2 488/1447/2 487/1448/2
f 487/1449/3 488/1450/3 486/1451/3 485/1452/3
f 485/1453/4 486/1454/4 482/1455/4 481/1456/4
f 483/1457/5 487/1458/5 485/1459/5 481/1460/5
f 488/1461/6 484/1462/6 482/1463/6 486/1464/6
f 489/1465/1 490/1466/1 492/1467/1 491/1468/1
f 491/1469/2 492/1470/2 496/1471/2 495/1472/2
f 495/1473/3 496/1474/3 494/1475/3 493/1476/3
f 493/1477/4 494/1478/4 490/1479/4 489/1480/4
f 491/1481/5 495/1482/5 493/1483/5 489/1484/5
f 496/1485/6 492/1486/6 490/1487/6 494/1488/6
f 497/1489/1 498/1490/1 500/1491/1 499/1492/1
f 499/1493/15 500/1494/15 504/1495/15 503/1496/15
f 503/1497/3 504/1498/3 502/1499/3 501/1500/3
f 501/1501/16 502/1502/16 498/1503/16 497/1504/16
f 499/1505/17 503/1506/17 501/1507/17 497/1508/17
f 504/1509/18 500/1510/18 498/1511/18 502/1512/18
f 505/1513/1 506/1514/1 508/1515/1 507/1516/1
f 507/1517/19 508/1518/19 512/1519/19 511/1520/19
f 511/1521/3 512/1522/3 510/1523/3 509/1524/3
f 509/1525/20 510/1526/20 506/1527/20 505/1528/20
f 507/1529/21 511/1530/21 509/1531/21 505/1532/21
f 512/1533/22 508/1534/22 506/1535/22 510/1536/22
f 513/1537/1 514/1538/1 516/1539/1 515/1540/1
f 515/1541/15 516/1542/15 520/1543/15 519/1544/15
f 519/1545/3 520/1546/3 518/1547/3 517/1548/3
f 517/1549/16 518/1550/16 514/1551/16 513/1552/16
f 515/1553/17 519/1554/17 517/1555/17 513/1556/17
f 520/1557/18 516/1558/18 514/1559/18 518/1560/18
f 521/1561/1 522/1562/1 524/1563/1 523/1564/1
f 523/1565/19 524/1566/19 528/1567/19 527/1568/19
f 527/1569/3 528/1570/3 526/1571/3 525/1572/3
f 525/1573/20 526/1574/20 522/1575/20 521/1576/20
f 523/1577/21 527/1578/21 525/1579/21 521/1580/21
f 528/1581/22 524/1582/22 522/1583/22 526/1584/22
f 529/1585/1 530/1586/1 532/1587/1 531/1588/1
f 531/1589/15 532/1590/15 536/1591/15 535/1592/15
f 535/1593/3 536/1594/3 534/1595/3 533/1596/3
f 533/1597/16 534/1598/16 530/1599/16 529/1600/16
f 531/1601/17 535/1602/17 533/1603/17 529/1604/17
f 536/1605/18 532/1606/18 530/1607/18 534/1608/18
f 537/1609/1 538/1610/1 540/1611/1 539/1612/1
f 539/1613/19 540/1614/19 544/1615/19 543/1616/19
f 543/1617/3 544/1618/3 542/1619/3 541/1620/3
f 541/1621/20 542/1622/20 538/1623/20 537/1624/20
f 539/1625/21 543/1626/21 541/1627/21 537/1628/21
f 544/1629/22 540/1630/22 538/1631/22 542/1632/22
f 545/1633/1 546/1634/1 548/1635/1 547/1636/1
f 547/1637/15 548/1638/15 552/1639/15 551/1640/15
f 551/1641/3 552/1642/3 550/1643/3 549/1644/3
f 549/1645/16 550/1646/16 546/1647/16 545/1648/16
f 547/1649/17 551/1650/17 549/1651/17 545/1652/17
f 552/1653/18 548/1654/18 546/1655/18 550/1656/18
f 553/1657/1 554/1658/1 556/1659/1 555/1660/1
f 555/1661/19 556/1662/19 560/1663/19 559/1664/19
f 559/1665/3 560/1666/3 558/1667/3 557/1668/3
f 557/1669/20 558/1670/20 554/1671/20 553/1672/20
f 555/1673/21 559/1674/21 557/1675/21 553/1676/21
f 560/1677/22 556/1678/22 554/1679/22 558/1680/22
f 561/1681/1 562/1682/1 564/1683/1 563/1684/1
f 563/1685/15 564/1686/15 568/1687/15 567/1688/15
f 567/1689/3 568/1690/3 566/1691/3 565/1692/3
f 565/1693/16 566/1694/16 562/1695/16 561/1696/16
f 563/1697/17 567/1698/17 565/1699/17 561/1700/17
f 568/1701/18 564/1702/18 562/1703/18 566/1704/18
f 569/1705/1 570/1706/1 572/1707/1 571/1708/1
f 571/1709/19 572/1710/19 576/1711/19 575/1712/19
f 575/1713/3 576/1714/3 574/1715/3 573/1716/3
f 573/1717/20 574/1718/20 570/1719/20 569/1720/20
f 571/1721/21 575/1722/21 573/1723/21 569/1724/21
f 576/1725/22 572/1726/22 570/1727/22 574/1728/22
f 577/1729/1 578/1730/1 580/1731/1 579/1732/1
f 579/1733/15 580/1734/15 584/1735/15 583/1736/15
f 583/1737/3 584/1738/3 582/1739/3 581/1740/3
f 581/1741/16 582/1742/16 578/1743/16 577/1744/16
f 579/1745/17 583/1746/17 581/1747/17 577/1748/17
f 584/1749/18 580/1750/18 578/1751/18 582/1752/18
f 585/1753/1 586/1754/1 588/1755/1 587/1756/1
f 587/1757/19 588/1758/19 592/1759/19 591/1760/19
f 591/1761/3 592/1762/3 590/1763/3 589/1764/3
f 589/1765/20 590/1766/20 586/1767/20 585/1768/20
f 587/1769/21 591/1770/21 589/1771/21 585/1772/21
f 592/1773/22 588/1774/22 586/1775/22 590/1776/22
f 593/1777/1 594/1778/1 596/1779/1 595/1780/1
f 595/1781/2 596/1782/2 600/1783/2 599/1784/2
f 599/1785/3 600/1786/3 598/1787/3 597/1788/3
f 597/1789/4 598/1790/4 594/1791/4 593/1792/4
f 595/1793/5 599/1794/5 597/1795/5 593/1796/5
f 600/1797/6 596/1798/6 594/1799/6 598/1800/6
f 601/1801/1 602/1802/1 604/1803/1 603/1804/1
f 603/1805/2 604/1806/2 608/1807/2 607/1808/2
f 607/1809/3 608/1810/3 606/1811/3 605/1812/3
f 605/1813/4 606/1814/4 602/1815/4 601/1816/4
f 603/1817/5 607/1818/5 605/1819/5 601/1820/5
f 608/1821/6 604/1822/6 602/1823/6 606/1824/6
f 609/1825/1 610/1826/1 612/1827/1 611/1828/1
f 611/1829/2 612/1830/2 616/1831/2 615/1832/2
f 615/1833/3 616/1834/3 614/1835/3 613/1836/3
f 613/1837/4 614/1838/4 610/1839/4 609/1840/4
f 611/1841/5 615/1842/5 613/1843/5 609/1844/5
f 616/1845/6 612/1846/6 610/1847/6 614/1848/6
f 617/1849/1 618/1850/1 620/1851/1 619/1852/1
f 619/1853/2 620/1854/2 624/1855/2 623/1856/2
f 623/1857/3 624/1858/3 622/1859/3 621/1860/3
f 621/1861/4 622/1862/4 618/1863/4 617/1864/4
f 619/1865/5 623/1866/5 621/1867/5 617/1868/5
f 624/1869/6 620/1870/6 618/1871/6 622/1872/6
f 625/1873/1 626/1874/1 628/1875/1 627/1876/1
f 627/1877/2 628/1878/2 632/1879/2 631/1880/2
f 631/1881/3 632/1882/3 630/1883/3 629/1884/3
f 629/1885/4 630/1886/4 626/1887/4 625/1888/4
f 627/1889/5 631/1890/5 629/1891/5 625/1892/5
f 632/1893/6 628/1894/6 626/1895/6 630/1896/6
f 633/1897/1 634/1898/1 636/1899/1 635/1900/1
f 635/1901/2 636/1902/2 640/1903/2 639/1904/2
f 639/1905/3 640/1906/3 638/1907/3 637/1908/3
f 637/1909/4 638/1910/4 634/1911/4 633/1912/4
f 635/1913/5 639/1914/5 637/1915/5 633/1916/5
f 640/1917/6 636/1918/6 634/1919/6 638/1920/6
f 641/1921/1 642/1922/1 644/1923/1 643/1924/1
f 643/1925/2 644/1926/2 648/1927/2 647/1928/2
f 647/1929/3 648/1930/3 646/1931/3 645/1932/3
f 645/1933/4 646/1934/4 642/1935/4 641/1936/4
f 643/1937/5 647/1938/5 645/1939/5 641/1940/5
f 648/1941/6 644/1942/6 642/1943/6 646/1944/6
f 649/1945/1 650/1946/1 652/1947/1 651/1948/1
f 651/1949/2 652/1950/2 656/1951/2 655/1952/2
f 655/1953/3 656/1954/3 654/1955/3 653/1956/3
f 653/1957/4 654/1958/4 650/1959/4 649/1960/4
f 651/1961/5 655/1962/5 653/1963/5 649/1964/5
f 656/1965/6 652/1966/6 650/1967/6 654/1968/6
f 657/1969/1 658/1970/1 660/1971/1 659/1972/1
f 659/1973/2 660/1974/2 664/1975/2 663/1976/2
f 663/1977/3 664/1978/3 662/1979/3 661/1980/3
f 661/1981/4 662/1982/4 658/1983/4 657/1984/4
f 659/1985/5 663/1986/5 661/1987/5 657/1988/5
f 664/1989/6 660/1990/6 658/1991/6 662/1992/6
f 665/1993/1 666/1994/1 668/1995/1 667/1996/1
f 667/1997/15 668/1998/15 672/1999/15 671/2000/15
f 671/2001/3 672/2002/3 670/2003/3 669/2004/3
f 669/2005/16 670/2006/16 666/2007/16 665/2008/16
f 667/2009/17 671/2010/17 669/2011/17 665/2012/17
f 672/2013/18 668/2014/18 666/2015/18 670/2016/18
f 673/2017/1 674/2018/1 676/2019/1 675/2020/1
f 675/2021/19 676/2022/19 680/2023/19 679/2024/19
f 679/2025/3 680/2026/3 678/2027/3 677/2028/3
f 677/2029/20 678/2030/20 674/2031/20 673/2032/20
f 675/2033/21 679/2034/21 677/2035/21 673/2036/21
f 680/2037/22 676/2038/22 674/2039/22 678/2040/22
f 681/2041/1 682/2042/1 684/2043/1 683/2044/1
f 683/2045/15 684/2046/15 688/2047/15 687/2048/15
f 687/2049/3 688/2050/3 686/2051/3 685/2052/3
f 685/2053/16 686/2054/16 682/2055/16 681/2056/16
f 683/2057/17 687/2058/17 685/2059/17 681/2060/17
f 688/2061/18 684/2062/18 682/2063/18 686/2064/18
f 689/2065/1 690/2066/1 692/2067/1 691/2068/1
f 691/2069/19 692/2070/19 696/2071/19 695/2072/19
f 695/2073/3 696/2074/3 694/2075/3 693/2076/3
f 693/2077/20 694/2078/20 690/2079/20 689/2080/20
f 691/2081/21 695/2082/21 693/2083/21 689/2084/21
f 696/2085/22 692/2086/22 690/2087/22 694/2088/22
f 697/2089/1 698/2090/1 700/2091/1 699/2092/1
f 699/2093/15 700/2094/15 704/2095/15 703/2096/15
f 703/2097/3 704/2098/3 702/2099/3 701/2100/3
f 701/2101/16 702/2102/16 698/2103/16 697/2104/16
f 699/2105/17 703/2106/17 701/2107/17 697/2108/17
f 704/2109/18 700/2110/18 698/2111/18 702/2112/18
f 705/2113/1 706/2114/1 708/2115/1 707/2116/1
f 707/2117/19 708/2118/19 712/2119/19 711/2120/19
f 711/2121/3 712/2122/3 710/2123/3 709/2124/3
f 709/2125/20 710/2126/20 706/2127/20 705/2128/20
f 707/2129/21 711/2130/21 709/2131/21 705/2132/21
f 712/2133/22 708/2134/22 706/2135/22 710/2136/22
f 713/2137/1 714/2138/1 716/2139/1 715/2140/1
f 715/2141/15 716/2142/15 720/2143/15 719/2144/15
f 719/2145/3 720/2146/3 718/2147/3 717/2148/3
f 717/2149/16 718/2150/16 714/2151/16 713/2152/16
f 715/2153/17 719/2154/17 717/2155/17 713/2156/17
f 720/2157/18 716/2158/18 714/2159/18 718/2160/18
f 721/2161/1 722/2162/1 724/2163/1 723/2164/1
f 723/2165/19 724/2166/19 728/2167/19 727/2168/19
f 727/2169/3 728/2170/3 726/2171/3 725/2172/3
f 725/2173/20 726/2174/20 722/2175/20 721/2176/20
f 723/2177/21 727/2178/21 725/2179/21 721/2180/21
f 728/2181/22 724/2182/22 722/2183/22 726/2184/22
f 729/2185/1 730/2186/1 732/2187/1 731/2188/1
f 731/2189/15 732/2190/15 736/2191/15 735/2192/15
f 735/2193/3 736/2194/3 734/2195/3 733/2196/3
f 733/2197/16 734/2198/16 730/2199/16 729/2200/16
f 731/2201/17 735/2202/17 733/2203/17 729/2204/17
f 736/2205/18 732/2206/18 730/2207/18 734/2208/18
f 737/2209/1 738/2210/1 740/2211/1 739/2212/1
f 739/2213/19 740/2214/19 744/2215/19 743/2216/19
f 743/2217/3 744/2218/3 742/2219/3 741/2220/3
f 741/2221/20 742/2222/20 738/2223/20 737/2224/20
f 739/2225/21 743/2226/21 741/2227/21 737/2228/21
f 744/2229/22 740/2230/22 738/2231/22 742/2232/22
f 745/2233/1 746/2234/1 748/2235/1 747/2236/1
f 747/2237/15 748/2238/15 752/2239/15 751/2240/15
f 751/2241/3 752/2242/3 750/2243/3 749/2244/3
f 749/2245/16 750/2246/16 746/2247/16 745/2248/16
f 747/2249/17 751/2250/17 749/2251/17 745/2252/17
f 752/2253/18 748/2254/18 746/2255/18 750/2256/18
f 753/2257/1 754/2258/1 756/2259/1 755/2260/1
f 755/2261/19 756/2262/19 760/2263/19 759/2264/19
f 759/2265/3 760/2266/3 758/2267/3 757/2268/3
f 757/2269/20 758/2270/20 754/2271/20 753/2272/20
f 755/2273/21 759/2274/21 757/2275/21 753/2276/21
f 760/2277/22 756/2278/22 754/2279/22 758/2280/22
f 761/2281/1 762/2282/1 764/2283/1 763/2284/1
f 763/2285/2 764/2286/2 768/2287/2 767/2288/2
f 767/2289/3 768/2290/3 766/2291/3 765/2292/3
f 765/2293/4 766/2294/4 762/2295/4 761/2296/4
f 763/2297/5 767/2298/5 765/2299/5 761/2300/5
f 768/2301/6 764/2302/6 762/2303/6 766/2304/6
f 769/2305/1 770/2306/1 772/2307/1 771/2308/1
f 771/2309/2 772/2310/2 776/2311/2 775/2312/2
f 775/2313/3 776/2314/3 774/2315/3 773/2316/3
f 773/2317/4 774/2318/4 770/2319/4 769/2320/4
f 771/2321/5 775/2322/5 773/2323/5 769/2324/5
f 776/2325/6 772/2326/6 770/2327/6 774/2328/6
f 777/2329/1 778/2330/1 780/2331/1 779/2332/1
f 779/2333/2 780/2334/2 784/2335/2 783/2336/2
f 783/2337/3 784/2338/3 782/2339/3 781/2340/3
f 781/2341/4 782/2342/4 778/2343/4 777/2344/4
f 779/2345/5 783/2346/5 781/2347/5 777/2348/5
f 784/2349/6 780/2350/6 778/2351/6 782/2352/6
f 785/2353/1 786/2354/1 788/2355/1 787/2356/1
f 787/2357/2 788/2358/2 792/2359/2 791/2360/2
f 791/2361/3 792/2362/3 790/2363/3 789/2364/3
f 789/2365/4 790/2366/4 786/2367/4 785/2368/4
f 787/2369/5 791/2370/5 789/2371/5 785/2372/5
f 792/2373/6 788/2374/6 786/2375/6 790/2376/6
f 793/2377/1 794/2378/1 796/2379/1 795/2380/1
f 795/2381/2 796/2382/2 800/2383/2 799/2384/2
f 799/2385/3 800/2386/3 798/2387/3 797/2388/3
f 797/2389/4 798/2390/4 794/2391/4 793/2392/4
f 795/2393/5 799/2394/5 797/2395/5 793/2396/5
f 800/2397/6 796/2398/6 794/2399/6 798/2400/6
f 801/2401/1 802/2402/1 804/2403/1 803/2404/1
f 803/2405/2 804/2406/2 808/2407/2 807/2408/2
f 807/2409/3 808/2410/3 806/2411/3 805/2412/3
f 805/2413/4 806/2414/4 802/2415/4 801/2416/4
f 803/2417/5 807/2418/5 805/2419/5 801/2420/5
f 808/2421/6 804/2422/6 802/2423/6 806/2424/6
f 809/2425/1 810/2426/1 812/2427/1 811/2428/1
f 811/2429/2 812/2430/2 816/2431/2 815/2432/2
f 815/2433/3 816/2434/3 814/2435/3 813/2436/3
f 813/2437/4 814/2438/4 810/2439/4 809/2440/4
f 811/2441/5 815/2442/5 813/2443/5 809/2444/5
f 816/2445/6 812/2446/6 810/2447/6 814/2448/6
f 817/2449/1 818/2450/1 820/2451/1 819/2452/1
f 819/2453/2 820/2454/2 824/2455/2 823/2456/2
f 823/2457/3 824/2458/3 822/2459/3 821/2460/3
f 821/2461/4 822/2462/4 818/2463/4 817/2464/4
f 819/2465/5 823/2466/5 821/2467/5 817/2468/5
f 824/2469/6 820/2470/6 818/2471/6 822/2472/6
f 825/2473/1 826/2474/1 828/2475/1 827/2476/1
f 827/2477/2 828/2478/2 832/2479/2 831/2480/2
f 831/2481/3 832/2482/3 830/2483/3 829/2484/3
f 829/2485/4 830/2486/4 826/2487/4 825/2488/4
f 827/2489/5 831/2490/5 829/2491/5 825/2492/5
f 832/2493/6 828/2494/6 826/2495/6 830/2496/6
f 833/2497/1 834/2498/1 836/2499/1 835/2500/1
f 835/2501/2 836/2502/2 840/2503/2 839/2504/2
f 839/2505/3 840/2506/3 838/2507/3 837/2508/3
f 837/2509/4 838/2510/4 834/2511/4 833/2512/4
f 835/2513/5 839/2514/5 837/2515/5 833/2516/5
f 840/2517/6 836/2518/6 834/2519/6 838/2520/6
f 841/2521/1 842/2522/1 844/2523/1 843/2524/1
f 843/2525/2 844/2526/2 848/2527/2 847/2528/2
f 847/2529/3 848/2530/3 846/2531/3 845/2532/3
f 845/2533/4 846/2534/4 842/2535/4 841/2536/4
f 843/2537/5 847/2538/5 845/2539/5 841/2540/5
f 848/2541/6 844/2542/6 842/2543/6 846/2544/6
f 849/2545/1 850/2546/1 852/2547/1 851/2548/1
f 851/2549/2 852/2550/2 856/2551/2 855/2552/2
f 855/2553/3 856/2554/3 854/2555/3 853/2556/3
f 853/2557/4 854/2558/4 850/2559/4 849/2560/4
f 851/2561/5 855/2562/5 853/2563/5 849/2564/5
f 856/2565/6 852/2566/6 850/2567/6 854/2568/6
f 857/2569/1 858/2570/1 860/2571/1 859/2572/1
f 859/2573/2 860/2574/2 864/2575/2 863/2576/2
f 863/2577/3 864/2578/3 862/2579/3 861/2580/3
f 861/2581/4 862/2582/4 858/2583/4 857/2584/4
f 859/2585/5 863/2586/5 861/2587/5 857/2588/5
f 864/2589/6 860/2590/6 858/2591/6 862/2592/6
f 865/2593/1 866/2594/1 868/2595/1 867/2596/1
f 867/2597/2 868/2598/2 872/2599/2 871/2600/2
f 871/2601/3 872/2602/3 870/2603/3 869/2604/3
f 869/2605/4 870/2606/4 866/2607/4 865/2608/4
f 867/2609/5 871/2610/5 869/2611/5 865/2612/5
f 872/2613/6 868/2614/6 866/2615/6 870/2616/6
f 873/2617/1 874/2618/1 876/2619/1 875/2620/1
f 875/2621/2 876/2622/2 880/2623/2 879/2624/2
f 879/2625/3 880/2626/3 878/2627/3 877/2628/3
f 877/2629/4 878/2630/4 874/2631/4 873/2632/4
f 875/2633/5 879/2634/5 877/2635/5 873/2636/5
f 880/2637/6 876/2638/6 874/2639/6 878/2640/6
f 881/2641/1 882/2642/1 884/2643/1 883/2644/1
f 883/2645/2 884/2646/2 888/2647/2 887/2648/2
f 887/2649/3 888/2650/3 886/2651/3 885/2652/3
f 885/2653/4 886/2654/4 882/2655/4 881/2656/4
f 883/2657/5 887/2658/5 885/2659/5 881/2660/5
f 888/2661/6 884/2662/6 882/2663/6 886/2664/6
f 889/2665/1 890/2666/1 892/2667/1 891/2668/1
f 891/2669/2 892/2670/2 896/2671/2 895/2672/2
f 895/2673/3 896/2674/3 894/2675/3 893/2676/3
f 893/2677/4 894/2678/4 890/2679/4 889/2680/4
f 891/2681/5 895/2682/5 893/2683/5 889/2684/5
f 896/2685/6 892/2686/6 890/2687/6 894/2688/6
f 897/2689/1 898/2690/1 900/2691/1 899/2692/1
f 899/2693/2 900/2694/2 904/2695/2 903/2696/2
f 903/2697/3 904/2698/3 902/2699/3 901/2700/3
f 901/2701/4 902/2702/4 898/2703/4 897/2704/4
f 899/2705/5 903/2706/5 901/2707/5 897/2708/5
f 904/2709/6 900/2710/6 898/2711/6 902/2712/6
f 905/2713/1 906/2714/1 908/2715/1 907/2716/1
f 907/2717/2 908/2718/2 912/2719/2 911/2720/2
f 911/2721/3 912/2722/3 910/2723/3 909/2724/3
f 909/2725/4 910/2726/4 906/2727/4 905/2728/4
f 907/2729/5 911/2730/5 909/2731/5 905/2732/5
f 912/2733/6 908/2734/6 906/2735/6 910/2736/6
f 913/2737/1 914/2738/1 916/2739/1 915/2740/1
f 915/2741/2 916/2742/2 920/2743/2 919/2744/2
f 919/2745/3 920/2746/3 918/2747/3 917/2748/3
f 917/2749/4 918/2750/4 914/2751/4 913/2752/4
f 915/2753/5 919/2754/5 917/2755/5 913/2756/5
f 920/2757/6 916/2758/6 914/2759/6 918/2760/6
f 921/2761/1 922/2762/1 924/2763/1 923/2764/1
f 923/2765/2 924/2766/2 928/2767/2 927/2768/2
f 927/2769/3 928/2770/3 926/2771/3 925/2772/3
f 925/2773/4 926/2774/4 922/2775/4 921/2776/4
f 923/2777/5 927/2778/5 925/2779/5 921/2780/5
f 928/2781/6 924/2782/6 922/2783/6 926/2784/6
f 929/2785/1 930/2786/1 932/2787/1 931/2788/1
f 931/2789/2 932/2790/2 936/2791/2 935/2792/2
f 935/2793/3 936/2794/3 934/2795/3 933/2796/3
f 933/2797/4 934/2798/4 930/2799/4 929/2800/4
f 931/2801/5 935/2802/5 933/2803/5 929/2804/5
f 936/2805/6 932/2806/6 930/2807/6 934/2808/6
f 937/2809/1 938/2810/1 940/2811/1 939/2812/1
f 939/2813/2 940/2814/2 944/2815/2 943/2816/2
f 943/2817/3 944/2818/3 942/2819/3 941/2820/3
f 941/2821/4 942/2822/4 938/2823/4 937/2824/4
f 939/2825/5 943/2826/5 941/2827/5 937/2828/5
f 944/2829/6 940/2830/6 938/2831/6 942/2832/6
f 945/2833/1 946/2834/1 948/2835/1 947/2836/1
f 947/2837/2 948/2838/2 952/2839/2 951/2840/2
f 951/2841/3 952/2842/3 950/2843/3 949/2844/3
f 949/2845/4 950/2846/4 946/2847/4 945/2848/4
f 947/2849/5 951/2850/5 949/2851/5 945/2852/5
f 952/2853/6 948/2854/6 946/2855/6 950/2856/6
f 953/2857/1 954/2858/1 956/2859/1 955/2860/1
f 955/2861/2 956/2862/2 960/2863/2 959/2864/2
f 959/2865/3 960/2866/3 958/2867/3 957/2868/3
f 957/2869/4 958/2870/4 954/2871/4 953/2872/4
f 955/2873/5 959/2874/5 957/2875/5 953/2876/5
f 960/2877/6 956/2878/6 954/2879/6 958/2880/6
f 961/2881/1 962/2882/1 964/2883/1 963/2884/1
f 963/2885/2 964/2886/2 968/2887/2 967/2888/2
f 967/2889/3 968/2890/3 966/2891/3 965/2892/3
f 965/2893/4 966/2894/4 962/2895/4 961/2896/4
f 963/2897/5 967/2898/5 965/2899/5 961/2900/5
f 968/2901/6 964/2902/6 962/2903/6 966/2904/6
f 969/2905/1 970/2906/1 972/2907/1 971/2908/1
f 971/2909/2 972/2910/2 976/2911/2 975/2912/2
f 975/2913/3 976/2914/3 974/2915/3 973/2916/3
f 973/2917/4 974/2918/4 970/2919/4 969/2920/4
f 971/2921/5 975/2922/5 973/2923/5 969/2924/5
f 976/2925/6 972/2926/6 970/2927/6 974/2928/6
f 977/2929/1 978/2930/1 980/2931/1 979/2932/1
f 979/2933/2 980/2934/2 984/2935/2 983/2936/2
f 983/2937/3 984/2938/3 982/2939/3 981/2940/3
f 981/2941/4 982/2942/4 978/2943/4 977/2944/4
f 979/2945/5 983/2946/5 981/2947/5 977/2948/5
f 984/2949/6 980/2950/6 978/2951/6 982/2952/6
f 985/2953/1 986/2954/1 988/2955/1 987/2956/1
f 987/2957/2 988/2958/2 992/2959/2 991/2960/2
f 991/2961/3 992/2962/3 990/2963/3 989/2964/3
f 989/2965/4 990/2966/4 986/2967/4 985/2968/4
f 987/2969/5 991/2970/5 989/2971/5 985/2972/5
f 992/2973/6 988/2974/6 986/2975/6 990/2976/6
f 993/2977/1 994/2978/1 996/2979/1 995/2980/1
f 995/2981/2 996/2982/2 1000/2983/2 999/2984/2
f 999/2985/3 1000/2986/3 998/2987/3 997/2988/3
f 997/2989/4 998/2990/4 994/2991/4 993/2992/4
f 995/2993/5 999/2994/5 997/2995/5 993/2996/5
f 1000/2997/6 996/2998/6 994/2999/6 998/3000/6
f 1001/3001/1 1002/3002/1 1004/3003/1 1003/3004/1
f 1003/3005/2 1004/3006/2 1008/3007/2 1007/3008/2
f 1007/3009/3 1008/3010/3 1006/3011/3 1005/3012/3
f 1005/3013/4 1006/3014/4 1002/3015/4 1001/3016/4
f 1003/3017/5 1007/3018/5 1005/3019/5 1001/3020/5
f 1008/3021/6 1004/3022/6 1002/3023/6 1006/3024/6
f 1009/3025/1 1010/3026/1 1012/3027/1 1011/3028/1
f 1011/3029/2 1012/3030/2 1016/3031/2 1015/3032/2
f 1015/3033/3 1016/3034/3 1014/3035/3 1013/3036/3
f 1013/3037/4 1014/3038/4 1010/3039/4 1009/3040/4
f 1011/3041/5 1015/3042/5 1013/3043/5 1009/3044/5
f 1016/3045/6 1012/3046/6 1010/3047/6 1014/3048/6
f 1017/3049/1 1018/3050/1 1020/3051/1 1019/3052/1
f 1019/3053/2 1020/3054/2 1024/3055/2 1023/3056/2
f 1023/3057/3 1024/3058/3 1022/3059/3 1021/3060/3
f 1021/3061/4 1022/3062/4 1018/3063/4 1017/3064/4
f 1019/3065/5 1023/3066/5 1021/3067/5 1017/3068/5
f 1024/3069/6 1020/3070/6 1018/3071/6 1022/3072/6
f 1025/3073/1 1026/3074/1 1028/3075/1 1027/3076/1
f 1027/3077/2 1028/3078/2 1032/3079/2 1031/3080/2
f 1031/3081/3 1032/3082/3 1030/3083/3 1029/3084/3
f 1029/3085/4 1030/3086/4 1026/3087/4 1025/3088/4
f 1027/3089/5 1031/3090/5 1029/3091/5 1025/3092/5
f 1032/3093/6 1028/3094/6 1026/3095/6 1030/3096/6
f 1033/3097/1 1034/3098/1 1036/3099/1 1035/3100/1
f 1035/3101/2 1036/3102/2 1040/3103/2 1039/3104/2
f 1039/3105/3 1040/3106/3 1038/3107/3 1037/3108/3
f 1037/3109/4 1038/3110/4 1034/3111/4 1033/3112/4
f 1035/3113/5 1039/3114/5 1037/3115/5 1033/3116/5
f 1040/3117/6 1036/3118/6 1034/3119/6 1038/3120/6
f 1041/3121/1 1042/3122/1 1044/3123/1 1043/3124/1
f 1043/3125/2 1044/3126/2 1048/3127/2 1047/3128/2
f 1047/3129/3 1048/3130/3 1046/3131/3 1045/3132/3
f 1045/3133/4 1046/3134/4 1042/3135/4 1041/3136/4
f 1043/3137/5 1047/3138/5 1045/3139/5 1041/3140/5
f 1048/3141/6 1044/3142/6 1042/3143/6 1046/3144/6
f 1049/3145/1 1050/3146/1 1052/3147/1 1051/3148/1
f 1051/3149/2 1052/3150/2 1056/3151/2 1055/3152/2
f 1055/3153/3 1056/3154/3 1054/3155/3 1053/3156/3
f 1053/3157/4 1054/3158/4 1050/3159/4 1049/3160/4
f 1051/3161/5 1055/3162/5 1053/3163/5 1049/3164/5
f 1056/3165/6 1052/3166/6 1050/3167/6 1054/3168/6
f 1057/3169/1 1058/3170/1 1060/3171/1 1059/3172/1
f 1059/3173/2 1060/3174/2 1064/3175/2 1063/3176/2
f 1063/3177/3 1064/3178/3 1062/3179/3 1061/3180/3
f 1061/3181/4 1062/3182/4 1058/3183/4 1057/3184/4
f 1059/3185/5 1063/3186/5 1061/3187/5 1057/3188/5
f 1064/3189/6 1060/3190/6 1058/3191/6 1062/3192/6
f 1065/3193/1 1066/3194/1 1068/3195/1 1067/3196/1
f 1067/3197/2 1068/3198/2 1072/3199/2 1071/3200/2
f 1071/3201/3 1072/3202/3 1070/3203/3 1069/3204/3
f 1069/3205/4 1070/3206/4 1066/3207/4 1065/3208/4
f 1067/3209/5 1071/3210/5 1069/3211/5 1065/3212/5
f 1072/3213/6 1068/3214/6 1066/3215/6 1070/3216/6
f 1073/3217/1 1074/3218/1 1076/3219/1 1075/3220/1
f 1075/3221/2 1076/3222/2 1080/3223/2 1079/3224/2
f 1079/3225/3 1080/3226/3 1078/3227/3 1077/3228/3
f 1077/3229/4 1078/3230/4 1074/3231/4 1073/3232/4
f 1075/3233/5 1079/3234/5 1077/3235/5 1073/3236/5
f 1080/3237/6 1076/3238/6 1074/3239/6 1078/3240/6
f 1081/3241/1 1082/3242/1 1084/3243/1 1083/3244/1
f 1083/3245/2 1084/3246/2 1088/3247/2 1087/3248/2
f 1087/3249/3 1088/3250/3 1086/3251/3 1085/3252/3
f 1085/3253/4 1086/3254/4 1082/3255/4 1081/3256/4
f 1083/3257/5 1087/3258/5 1085/3259/5 1081/3260/5
f 1088/3261/6 1084/3262/6 1082/3263/6 1086/3264/6
f 1089/3265/1 1090/3266/1 1092/3267/1 1091/3268/1
f 1091/3269/2 1092/3270/2 1096/3271/2 1095/3272/2
f 1095/3273/3 1096/3274/3 1094/3275/3 1093/3276/3
f 1093/3277/4 1094/3278/4 1090/3279/4 1089/3280/4
f 1091/3281/5 1095/3282/5 1093/3283/5 1089/3284/5
f 1096/3285/6 1092/3286/6 1090/3287/6 1094/3288/6
f 1097/3289/1 1098/3290/1 1100/3291/1 1099/3292/1
f 1099/3293/2 1100/3294/2 1104/3295/2 1103/3296/2
f 1103/3297/3 1104/3298/3 1102/3299/3 1101/3300/3
f 1101/3301/4 1102/3302/4 1098/3303/4 1097/3304/4
f 1099/3305/5 1103/3306/5 1101/3307/5 1097/3308/5
f 1104/3309/6 1100/3310/6 1098/3311/6 1102/3312/6
f 1105/3313/1 1106/3314/1 1108/3315/1 1107/3316/1
f 1107/3317/2 1108/3318/2 1112/3319/2 1111/3320/2
f 1111/3321/3 1112/3322/3 1110/3323/3 1109/3324/3
f 1109/3325/4 1110/3326/4 1106/3327/4 1105/3328/4
f 1107/3329/5 1111/3330/5 1109/3331/5 1105/3332/5
f 1112/3333/6 1108/3334/6 1106/3335/6 1110/3336/6
f 1113/3337/1 1114/3338/1 1116/3339/1 1115/3340/1
f 1115/3341/2 1116/3342/2 1120/3343/2 1119/3344/2
f 1119/3345/3 1120/3346/3 1118/3347/3 1117/3348/3
f 1117/3349/4 1118/3350/4 1114/3351/4 1113/3352/4
f 1115/3353/5 1119/3354/5 1117/3355/5 1113/3356/5
f 1120/3357/6 1116/3358/6 1114/3359/6 1118/3360/6
f 1121/3361/1 1122/3362/1 1124/3363/1 1123/3364/1
f 1123/3365/2 1124/3366/2 1128/3367/2 1127/3368/2
f 1127/3369/3 1128/3370/3 1126/3371/3 1125/3372/3
f 1125/3373/4 1126/3374/4 1122/3375/4 1121/3376/4
f 1123/3377/5 1127/3378/5 1125/3379/5 1121/3380/5
f 1128/3381/6 1124/3382/6 1122/3383/6 1126/3384/6
f 1129/3385/1 1130/3386/1 1132/3387/1 1131/3388/1
f 1131/3389/2 1132/3390/2 1136/3391/2 1135/3392/2
f 1135/3393/3 1136/3394/3 1134/3395/3 1133/3396/3
f 1133/3397/4 1134/3398/4 1130/3399/4 1129/3400/4
f 1131/3401/5 1135/3402/5 1133/3403/5 1129/3404/5
f 1136/3405/6 1132/3406/6 1130/3407/6 1134/3408/6
f 1137/3409/1 1138/3410/1 1140/3411/1 1139/3412/1
f 1139/3413/2 1140/3414/2 1144/3415/2 1143/3416/2
f 1143/3417/3 1144/3418/3 1142/3419/3 1141/3420/3
f 1141/3421/4 1142/3422/4 1138/3423/4 1137/3424/4
f 1139/3425/5 1143/3426/5 1141/3427/5 1137/3428/5
f 1144/3429/6 1140/3430/6 1138/3431/6 1142/3432/6
f 1145/3433/1 1146/3434/1 1148/3435/1 1147/3436/1
f 1147/3437/2 1148/3438/2 1152/3439/2 1151/3440/2
f 1151/3441/3 1152/3442/3 1150/3443/3 1149/3444/3
f 1149/3445/4 1150/3446/4 1146/3447/4 1145/3448/4
f 1147/3449/5 1151/3450/5 1149/3451/5 1145/3452/5
f 1152/3453/6 1148/3454/6 1146/3455/6 1150/3456/6
f 1153/3457/1 1154/3458/1 1156/3459/1 1155/3460/1
f 1155/3461/2 1156/3462/2 1160/3463/2 1159/3464/2
f 1159/3465/3 1160/3466/3 1158/3467/3 1157/3468/3
f 1157/3469/4 1158/3470/4 1154/3471/4 1153/3472/4
f 1155/3473/5 1159/3474/5 1157/3475/5 1153/3476/5
f 1160/3477/6 1156/3478/6 1154/3479/6 1158/3480/6
f 1161/3481/1 1162/3482/1 1164/3483/1 1163/3484/1
f 1163/3485/2 1164/3486/2 1168/3487/2 1167/3488/2
f 1167/3489/3 1168/3490/3 1166/3491/3 1165/3492/3
f 1165/3493/4 1166/3494/4 1162/3495/4 1161/3496/4
f 1163/3497/5 1167/3498/5 1165/3499/5 1161/3500/5
f 1168/3501/6 1164/3502/6 1162/3503/6 1166/3504/6
f 1169/3505/1 1170/3506/1 1172/3507/1 1171/3508/1
f 1171/3509/2 1172/3510/2 1176/3511/2 1175/3512/2
f 1175/3513/3 1176/3514/3 1174/3515/3 1173/3516/3
f 1173/3517/4 1174/3518/4 1170/3519/4 1169/3520/4
f 1171/3521/5 1175/3522/5 1173/3523/5 1169/3524/5
f 1176/3525/6 1172/3526/6 1170/3527/6 1174/3528/6
f 1177/3529/1 1178/3530/1 1180/3531/1 1179/3532/1
f 1179/3533/2 1180/3534/2 1184/3535/2 1183/3536/2
f 1183/3537/3 1184/3538/3 1182/3539/3 1181/3540/3
f 1181/3541/4 1182/3542/4 1178/3543/4 1177/3544/4
f 1179/3545/5 1183/3546/5 1181/3547/5 1177/3548/5
f 1184/3549/6 1180/3550/6 1178/3551/6 1182/3552/6
f 1185/3553/1 1186/3554/1 1188/3555/1 1187/3556/1
f 1187/3557/2 1188/3558/2 1192/3559/2 1191/3560/2
f 1191/3561/3 1192/3562/3 1190/3563/3 1189/3564/3
f 1189/3565/4 1190/3566/4 1186/3567/4 1185/3568/4
f 1187/3569/5 1191/3570/5 1189/3571/5 1185/3572/5
f 1192/3573/6 1188/3574/6 1186/3575/6 1190/3576/6
f 1193/3577/1 1194/3578/1 1196/3579/1 1195/3580/1
f 1195/3581/2 1196/3582/2 1200/3583/2 1199/3584/2
f 1199/3585/3 1200/3586/3 1198/3587/3 1197/3588/3
f 1197/3589/4 1198/3590/4 1194/3591/4 1193/3592/4
f 1195/3593/5 1199/3594/5 1197/3595/5 1193/3596/5
f 1200/3597/6 1196/3598/6 1194/3599/6 1198/3600/6
f 1201/3601/1 1202/3602/1 1204/3603/1 1203/3604/1
f 1203/3605/2 1204/3606/2 1208/3607/2 1207/3608/2
f 1207/3609/3 1208/3610/3 1206/3611/3 1205/3612/3
f 1205/3613/4 1206/3614/4 1202/3615/4 1201/3616/4
f 1203/3617/5 1207/3618/5 1205/3619/5 1201/3620/5
f 1208/3621/6 1204/3622/6 1202/3623/6 1206/3624/6
f 1209/3625/1 1210/3626/1 1212/3627/1 1211/3628/1
f 1211/3629/2 1212/3630/2 1216/3631/2 1215/3632/2
f 1215/3633/3 1216/3634/3 1214/3635/3 1213/3636/3
f 1213/3637/4 1214/3638/4 1210/3639/4 1209/3640/4
f 1211/3641/5 1215/3642/5 1213/3643/5 1209/3644/5
f 1216/3645/6 1212/3646/6 1210/3647/6 1214/3648/6
f 1217/3649/1 1218/3650/1 1220/3651/1 1219/3652/1
f 1219/3653/2 1220/3654/2 1224/3655/2 1223/3656/2
f 1223/3657/3 1224/3658/3 1222/3659/3 1221/3660/3
f 1221/3661/4 1222/3662/4 1218/3663/4 1217/3664/4
f 1219/3665/5 1223/3666/5 1221/3667/5 1217/3668/5
f 1224/3669/6 1220/3670/6 1218/3671/6 1222/3672/6
f 1225/3673/1 1226/3674/1 1228/3675/1 1227/3676/1
f 1227/3677/2 1228/3678/2 1232/3679/2 1231/3680/2
f 1231/3681/3 1232/3682/3 1230/3683/3 1229/3684/3
f 1229/3685/4 1230/3686/4 1226/3687/4 1225/3688/4
f 1227/3689/5 1231/3690/5 1229/3691/5 1225/3692/5
f 1232/3693/6 1228/3694/6 1226/3695/6 1230/3696/6
f 1233/3697/1 1234/3698/1 1236/3699/1 1235/3700/1
f 1235/3701/2 1236/3702/2 1240/3703/2 1239/3704/2
f 1239/3705/3 1240/3706/3 1238/3707/3 1237/3708/3
f 1237/3709/4 1238/3710/4 1234/3711/4 1233/3712/4
f 1235/3713/5 1239/3714/5 1237/3715/5 1233/3716/5
f 1240/3717/6 1236/3718/6 1234/3719/6 1238/3720/6
f 1241/3721/1 1242/3722/1 1244/3723/1 1243/3724/1
f 1243/3725/2 1244/3726/2 1248/3727/2 1247/3728/2
f 1247/3729/3 1248/3730/3 1246/3731/3 1245/3732/3
f 1245/3733/4 1246/3734/4 1242/3735/4 1241/3736/4
f 1243/3737/5 1247/3738/5 1245/3739/5 1241/3740/5
f 1248/3741/6 1244/3742/6 1242/3743/6 1246/3744/6
f 1249/3745/1 1250/3746/1 1252/3747/1 1251/3748/1
f 1251/3749/2 1252/3750/2 1256/3751/2 1255/3752/2
f 1255/3753/3 1256/3754/3 1254/3755/3 1253/3756/3
f 1253/3757/4 1254/3758/4 1250/3759/4 1249/3760/4
f 1251/3761/5 1255/3762/5 1253/3763/5 1249/3764/5
f 1256/3765/6 1252/3766/6 1250/3767/6 1254/3768/6
f 1257/3769/1 1258/3770/1 1260/3771/1 1259/3772/1
f 1259/3773/2 1260/3774/2 1264/3775/2 1263/3776/2
f 1263/3777/3 1264/3778/3 1262/3779/3 1261/3780/3
f 1261/3781/4 1262/3782/4 1258/3783/4 1257/3784/4
f 1259/3785/5 1263/3786/5 1261/3787/5 1257/3788/5
f 1264/3789/6 1260/3790/6 1258/3791/6 1262/3792/6
f 1265/3793/1 1266/3794/1 1268/3795/1 1267/3796/1
f 1267/3797/2 1268/3798/2 1272/3799/2 1271/3800/2
f 1271/3801/3 1272/3802/3 1270/3803/3 1269/3804/3
f 1269/3805/4 1270/3806/4 1266/3807/4 1265/3808/4
f 1267/3809/5 1271/3810/5 1269/3811/5 1265/3812/5
f 1272/3813/6 1268/3814/6 1266/3815/6 1270/3816/6
f 1273/3817/1 1274/3818/1 1276/3819/1 1275/3820/1
f 1275/3821/2 1276/3822/2 1280/3823/2 1279/3824/2
f 1279/3825/3 1280/3826/3 1278/3827/3 1277/3828/3
f 1277/3829/4 1278/3830/4 1274/3831/4 1273/3832/4
f 1275/3833/5 1279/3834/5 1277/3835/5 1273/3836/5
f 1280/3837/6 1276/3838/6 1274/3839/6 1278/3840/6
f 1281/3841/1 1282/3842/1 1284/3843/1 1283/3844/1
f 1283/3845/2 1284/3846/2 1288/3847/2 1287/3848/2
f 1287/3849/3 1288/3850/3 1286/3851/3 1285/3852/3
f 1285/3853/4 1286/3854/4 1282/3855/4 1281/3856/4
f 1283/3857/5 1287/3858/5 1285/3859/5 1281/3860/5
f 1288/3861/6 1284/3862/6 1282/3863/6 1286/3864/6
f 1289/3865/1 1290/3866/1 1292/3867/1 1291/3868/1
f 1291/3869/2 1292/3870/2 1296/3871/2 1295/3872/2
f 1295/3873/3 1296/3874/3 1294/3875/3 1293/3876/3
f 1293/3877/4 1294/3878/4 1290/3879/4 1289/3880/4
f 1291/3881/5 1295/3882/5 1293/3883/5 1289/3884/5
f 1296/3885/6 1292/3886/6 1290/3887/6 1294/3888/6
f 1297/3889/1 1298/3890/1 1300/3891/1 1299/3892/1
f 1299/3893/2 1300/3894/2 1304/3895/2 1303/3896/2
f 1303/3897/3 1304/3898/3 1302/3899/3 1301/3900/3
f 1301/3901/4 1302/3902/4 1298/3903/4 1297/3904/4
f 1299/3905/5 1303/3906/5 1301/3907/5 1297/3908/5
f 1304/3909/6 1300/3910/6 1298/3911/6 1302/3912/6
f 1343/3913/3 1344/3914/3 1342/3915/3 1341/3916/3
f 1331/3917/2 1332/3918/2 1336/3919/2 1335/3920/2
f 1307/3921/23 1308/3922/23 1310/3923/23 1309/3924/23
f 1341/3925/4 1342/3926/4 1338/3927/4 1337/3928/4
f 1329/3929/1 1330/3930/1 1332/3931/1 1331/3932/1
f 1309/3933/24 1310/3934/24 1312/3935/24 1311/3936/24
f 1337/3937/1 1338/3938/1 1340/3939/1 1339/3940/1
f 1325/3941/25 1326/3942/26 1327/3943/27 1328/3944/28
f 1311/3936/29 1312/3935/29 1314/3945/29 1313/3946/29
f 1336/3947/6 1332/3948/6 1330/3949/6 1334/3950/6
f 1324/3951/30 1306/3952/30 1325/3941/25 1328/3944/28
f 1313/3953/31 1314/3954/31 1316/3955/31 1315/3956/31
f 1331/3957/5 1335/3958/5 1333/3959/5 1329/3960/5
f 1323/3961/32 1324/3951/32 1328/3944/28 1327/3943/27
f 1315/3956/33 1316/3955/33 1318/3962/33 1317/3963/33
f 1333/3964/4 1334/3965/4 1330/3966/4 1329/3967/4
f 1305/3968/34 1323/3961/34 1327/3943/27 1326/3942/26
f 1317/3969/35 1318/3970/35 1320/3971/35 1319/3972/35
f 1310/3973/4 1308/3974/4 1322/3975/4 1320/3976/4 1318/3977/4 1316/3978/4 1314/3979/4 1312/3980/4
f 1306/3952/36 1305/3968/36 1326/3942/26 1325/3941/25
f 1319/3972/37 1320/3971/37 1322/3981/37 1321/3982/37
f 1339/3983/2 1340/3984/2 1344/3985/2 1343/3986/2
f 1335/3987/3 1336/3988/3 1334/3989/3 1333/3990/3
f 1321/3991/38 1322/3992/38 1308/3922/38 1307/3921/38
f 1307/3993/2 1309/3994/2 1311/3995/2 1313/3996/2 1315/3997/2 1317/3998/2 1319/3999/2 1321/4000/2
f 1339/4001/5 1343/4002/5 1341/4003/5 1337/4004/5
f 1344/4005/6 1340/4006/6 1338/4007/6 1342/4008/6
f 1345/4009/1 1346/4010/1 1348/4011/1 1347/4012/1
f 1347/4013/2 1348/4014/2 1352/4015/2 1351/4016/2
f 1351/4017/3 1352/4018/3 1350/4019/3 1349/4020/3
f 1349/4021/4 1350/4022/4 1346/4023/4 1345/4024/4
f 1347/4025/5 1351/4026/5 1349/4027/5 1345/4028/5
f 1352/4029/6 1348/4030/6 1346/4031/6 1350/4032/6
f 1354/4033/39 1356/4034/40 1355/4035/40 1353/4036/39
f 1397/4037/6 1353/4038/6 1355/4039/6
f 1398/4040/5 1356/4041/5 1354/4042/5
f 1356/4034/40 1358/4043/41 1357/4044/41 1355/4035/40
f 1397/4037/6 1355/4039/6 1357/4045/6
f 1398/4040/5 1358/4046/5 1356/4041/5
f 1358/4043/41 1360/4047/42 1359/4048/42 1357/4044/41
f 1397/4037/6 1357/4045/6 1359/4049/6
f 1398/4040/5 1360/4050/5 1358/4046/5
f 1360/4051/42 1362/4052/43 1361/4053/43 1359/4054/42
f 1397/4037/6 1359/4049/6 1361/4055/6
f 1398/4040/5 1362/4056/5 1360/4050/5
f 1362/4052/43 1364/4057/44 1363/4058/44 1361/4053/43
f 1397/4037/6 1361/4055/6 1363/4059/6
f 1398/4040/5 1364/4060/5 1362/4056/5
f 1364/4057/44 1366/4061/45 1365/4062/45 1363/4058/44
f 1397/4037/6 1363/4059/6 1365/4063/6
f 1398/4040/5 1366/4064/5 1364/4060/5
f 1366/4061/45 1368/4065/46 1367/4066/46 1365/4062/45
f 1397/4037/6 1365/4063/6 1367/4067/6
f 1398/4040/5 1368/4068/5 1366/4064/5
f 1368/4065/46 1370/4069/47 1369/4070/47 1367/4066/46
f 1397/4037/6 1367/4067/6 1369/4071/6
f 1398/4040/5 1370/4072/5 1368/4068/5
f 1370/4073/47 1372/4074/48 1371/4075/48 1369/4076/47
f 1397/4037/6 1369/4071/6 1371/4077/6
f 1398/4040/5 1372/4078/5 1370/4072/5
f 1372/4074/48 1374/4079/49 1373/4080/49 1371/4075/48
f 1397/4037/6 1371/4077/6 1373/4081/6
f 1398/4040/5 1374/4082/5 1372/4078/5
f 1374/4079/49 1376/4083/50 1375/4084/50 1373/4080/49
f 1397/4037/6 1373/4081/6 1375/4085/6
f 1398/4040/5 1376/4086/5 1374/4082/5
f 1376/4083/50 1378/4087/51 1377/4088/51 1375/4084/50
f 1397/4037/6 1375/4085/6 1377/4089/6
f 1398/4040/5 1378/4090/5 1376/4086/5
f 1378/4087/51 1380/4091/52 1379/4092/52 1377/4088/51
f 1397/4037/6 1377/4089/6 1379/4093/6
f 1398/4040/5 1380/4094/5 1378/4090/5
f 1380/4091/52 1382/4095/53 1381/4096/53 1379/4092/52
f 1397/4037/6 1379/4093/6 1381/4097/6
f 1398/4040/5 1382/4098/5 1380/4094/5
f 1382/4099/53 1384/4100/54 1383/4101/54 1381/4102/53
f 1397/4037/6 1381/4097/6 1383/4103/6
f 1398/4040/5 1384/4104/5 1382/4098/5
f 1384/4100/54 1386/4105/55 1385/4106/55 1383/4101/54
f 1397/4037/6 1383/4103/6 1385/4107/6
f 1398/4040/5 1386/4108/5 1384/4104/5
f 1386/4105/55 1388/4109/56 1387/4110/56 1385/4106/55
f 1397/4037/6 1385/4107/6 1387/4111/6
f 1398/4040/5 1388/4112/5 1386/4108/5
f 1388/4109/56 1390/4113/57 1389/4114/57 1387/4110/56
f 1397/4037/6 1387/4111/6 1389/4115/6
f 1398/4040/5 1390/4116/5 1388/4112/5
f 1390/4113/57 1392/4117/58 1391/4118/58 1389/4114/57
f 1397/4037/6 1389/4115/6 1391/4119/6
f 1398/4040/5 1392/4120/5 1390/4116/5
f 1392/4121/58 1394/4122/59 1393/4123/59 1391/4124/58
f 1397/4037/6 1391/4119/6 1393/4125/6
f 1398/4040/5 1394/4126/5 1392/4120/5
f 1394/4122/59 1396/4127/60 1395/4128/60 1393/4123/59
f 1397/4037/6 1393/4125/6 1395/4129/6
f 1398/4040/5 1396/4130/5 1394/4126/5
f 1396/4127/60 1354/4033/39 1353/4036/39 1395/4128/60
f 1397/4037/6 1395/4129/6 1353/4038/6
f 1398/4040/5 1354/4042/5 1396/4130/5
f 1400/4131/61 1402/4132/62 1401/4133/62 1399/4134/61
f 1439/4135/6 1399/4136/6 1401/4137/6
f 1440/4138/5 1402/4139/5 1400/4140/5
f 1402/4132/62 1404/4141/63 1403/4142/63 1401/4133/62
f 1439/4135/6 1401/4137/6 1403/4143/6
f 1440/4138/5 1404/4144/5 1402/4139/5
f 1404/4145/63 1406/4146/64 1405/4147/64 1403/4148/63
f 1439/4135/6 1403/4143/6 1405/4149/6
f 1440/4138/5 1406/4150/5 1404/4144/5
f 1406/4146/64 1408/4151/65 1407/4152/65 1405/4147/64
f 1439/4135/6 1405/4149/6 1407/4153/6
f 1440/4138/5 1408/4154/5 1406/4150/5
f 1408/4151/65 1410/4155/66 1409/4156/66 1407/4152/65
f 1439/4135/6 1407/4153/6 1409/4157/6
f 1440/4138/5 1410/4158/5 1408/4154/5
f 1410/4155/66 1412/4159/67 1411/4160/67 1409/4156/66
f 1439/4135/6 1409/4157/6 1411/4161/6
f 1440/4138/5 1412/4162/5 1410/4158/5
f 1412/4159/67 1414/4163/68 1413/4164/68 1411/4160/67
f 1439/4135/6 1411/4161/6 1413/4165/6
f 1440/4138/5 1414/4166/5 1412/4162/5
f 1414/4167/68 1416/4168/69 1415/4169/69 1413/4170/68
f 1439/4135/6 1413/4165/6 1415/4171/6
f 1440/4138/5 1416/4172/5 1414/4166/5
f 1416/4168/69 1418/4173/70 1417/4174/70 1415/4169/69
f 1439/4135/6 1415/4171/6 1417/4175/6
f 1440/4138/5 1418/4176/5 1416/4172/5
f 1418/4173/70 1420/4177/71 1419/4178/71 1417/4174/70
f 1439/4135/6 1417/4175/6 1419/4179/6
f 1440/4138/5 1420/4180/5 1418/4176/5
f 1420/4177/71 1422/4181/72 1421/4182/72 1419/4178/71
f 1439/4135/6 1419/4179/6 1421/4183/6
f 1440/4138/5 1422/4184/5 1420/4180/5
f 1422/4181/72 1424/4185/73 1423/4186/73 1421/4182/72
f 1439/4135/6 1421/4183/6 1423/4187/6
f 1440/4138/5 1424/4188/5 1422/4184/5
f 1424/4189/73 1426/4190/74 1425/4191/74 1423/4192/73
f 1439/4135/6 1423/4187/6 1425/4193/6
f 1440/4138/5 1426/4194/5 1424/4188/5
f 1426/4190/74 1428/4195/75 1427/4196/75 1425/4191/74
f 1439/4135/6 1425/4193/6 1427/4197/6
f 1440/4138/5 1428/4198/5 1426/4194/5
f 1428/4195/75 1430/4199/76 1429/4200/76 1427/4196/75
f 1439/4135/6 1427/4197/6 1429/4201/6
f 1440/4138/5 1430/4202/5 1428/4198/5
f 1430/4199/76 1432/4203/77 1431/4204/77 1429/4200/76
f 1439/4135/6 1429/4201/6 1431/4205/6
f 1440/4138/5 1432/4206/5 1430/4202/5
f 1432/4203/77 1434/4207/78 1433/4208/78 1431/4204/77
f 1439/4135/6 1431/4205/6 1433/4209/6
f 1440/4138/5 1434/4210/5 1432/4206/5
f 1434/4211/78 1436/4212/79 1435/4213/79 1433/4214/78
f 1439/4135/6 1433/4209/6 1435/4215/6
f 1440/4138/5 1436/4216/5 1434/4210/5
f 1436/4212/79 1438/4217/80 1437/4218/80 1435/4213/79
f 1439/4135/6 1435/4215/6 1437/4219/6
f 1440/4138/5 1438/4220/5 1436/4216/5
f 1439/4221/81 1440/4222/81 1400/4223/81 1399/4224/81
f 1439/4225/82 1437/4226/82 1438/4227/82 1440/4228/82
f 1441/4229/83 1442/4230/83 1444/4231/83 1443/4232/83
f 1443/4233/84 1444/4234/84 1448/4235/84 1447/4236/84
f 1447/4237/85 1448/4238/85 1446/4239/85 1445/4240/85
f 1445/4241/86 1446/4242/86 1442/4243/86 1441/4244/86
f 1443/4245/5 1447/4246/5 1445/4247/5 1441/4248/5
f 1448/4249/6 1444/4250/6 1442/4251/6 1446/4252/6
f 1450/4253/87 1452/4254/88 1451/4255/88 1449/4256/87
f 1493/4257/6 1449/4258/6 1451/4259/6
f 1494/4260/5 1452/4261/5 1450/4262/5
f 1452/4254/88 1454/4263/89 1453/4264/89 1451/4255/88
f 1493/4257/6 1451/4259/6 1453/4265/6
f 1494/4260/5 1454/4266/5 1452/4261/5
f 1454/4263/89 1456/4267/90 1455/4268/90 1453/4264/89
f 1493/4257/6 1453/4265/6 1455/4269/6
f 1494/4260/5 1456/4270/5 1454/4266/5
f 1456/4271/90 1458/4272/91 1457/4273/91 1455/4274/90
f 1493/4257/6 1455/4269/6 1457/4275/6
f 1494/4260/5 1458/4276/5 1456/4270/5
f 1458/4272/91 1460/4277/92 1459/4278/92 1457/4273/91
f 1493/4257/6 1457/4275/6 1459/4279/6
f 1494/4260/5 1460/4280/5 1458/4276/5
f 1460/4277/92 1462/4281/93 1461/4282/93 1459/4278/92
f 1493/4257/6 1459/4279/6 1461/4283/6
f 1494/4260/5 1462/4284/5 1460/4280/5
f 1462/4281/93 1464/4285/94 1463/4286/94 1461/4282/93
f 1493/4257/6 1461/4283/6 1463/4287/6
f 1494/4260/5 1464/4288/5 1462/4284/5
f 1464/4285/94 1466/4289/95 1465/4290/95 1463/4286/94
f 1493/4257/6 1463/4287/6 1465/4291/6
f 1494/4260/5 1466/4292/5 1464/4288/5
f 1466/4293/95 1468/4294/96 1467/4295/96 1465/4296/95
f 1493/4257/6 1465/4291/6 1467/4297/6
f 1494/4260/5 1468/4298/5 1466/4292/5
f 1468/4294/96 1470/4299/97 1469/4300/97 1467/4295/96
f 1493/4257/6 1467/4297/6 1469/4301/6
f 1494/4260/5 1470/4302/5 1468/4298/5
f 1470/4299/97 1472/4303/98 1471/4304/98 1469/4300/97
f 1493/4257/6 1469/4301/6 1471/4305/6
f 1494/4260/5 1472/4306/5 1470/4302/5
f 1472/4303/98 1474/4307/99 1473/4308/99 1471/4304/98
f 1493/4257/6 1471/4305/6 1473/4309/6
f 1494/4260/5 1474/4310/5 1472/4306/5
f 1474/4307/99 1476/4311/100 1475/4312/100 1473/4308/99
f 1493/4257/6 1473/4309/6 1475/4313/6
f 1494/4260/5 1476/4314/5 1474/4310/5
f 1476/4311/100 1478/4315/101 1477/4316/101 1475/4312/100
f 1493/4257/6 1475/4313/6 1477/4317/6
f 1494/4260/5 1478/4318/5 1476/4314/5
f 1478/4319/101 1480/4320/102 1479/4321/102 1477/4322/101
f 1493/4257/6 1477/4317/6 1479/4323/6
f 1494/4260/5 1480/4324/5 1478/4318/5
f 1480/4320/102 1482/4325/103 1481/4326/103 1479/4321/102
f 1493/4257/6 1479/4323/6 1481/4327/6
f 1494/4260/5 1482/4328/5 1480/4324/5
f 1482/4325/103 1484/4329/104 1483/4330/104 1481/4326/103
f 1493/4257/6 1481/4327/6 1483/4331/6
f 1494/4260/5 1484/4332/5 1482/4328/5
f 1484/4329/104 1486/4333/105 1485/4334/105 1483/4330/104
f 1493/4257/6 1483/4331/6 1485/4335/6
f 1494/4260/5 1486/4336/5 1484/4332/5
f 1486/4333/105 1488/4337/106 1487/4338/106 1485/4334/105
f 1493/4257/6 1485/4335/6 1487/4339/6
f 1494/4260/5 1488/4340/5 1486/4336/5
f 1488/4341/106 1490/4342/107 1489/4343/107 1487/4344/106
f 1493/4257/6 1487/4339/6 1489/4345/6
f 1494/4260/5 1490/4346/5 1488/4340/5
f 1490/4342/107 1492/4347/108 1491/4348/108 1489/4343/107
f 1493/4257/6 1489/4345/6 1491/4349/6
f 1494/4260/5 1492/4350/5 1490/4346/5
f 1492/4347/108 1450/4253/87 1449/4256/87 1491/4348/108
f 1493/4257/6 1491/4349/6 1449/4258/6
f 1494/4260/5 1450/4262/5 1492/4350/5
f 1496/4351/109 1498/4352/110 1497/4353/110 1495/4354/109
f 1531/4355/6 1495/4356/6 1497/4357/6
f 1532/4358/5 1498/4359/5 1496/4360/5
f 1498/4352/110 1500/4361/111 1499/4362/111 1497/4353/110
f 1531/4355/6 1497/4357/6 1499/4363/6
f 1532/4358/5 1500/4364/5 1498/4359/5
f 1500/4365/111 1502/4366/112 1501/4367/112 1499/4368/111
f 1531/4355/6 1499/4363/6 1501/4369/6
f 1532/4358/5 1502/4370/5 1500/4364/5
f 1502/4366/112 1504/4371/113 1503/4372/113 1501/4367/112
f 1531/4355/6 1501/4369/6 1503/4373/6
f 1532/4358/5 1504/4374/5 1502/4370/5
f 1504/4371/113 1506/4375/114 1505/4376/114 1503/4372/113
f 1531/4355/6 1503/4373/6 1505/4377/6
f 1532/4358/5 1506/4378/5 1504/4374/5
f 1506/4375/114 1508/4379/115 1507/4380/115 1505/4376/114
f 1531/4355/6 1505/4377/6 1507/4381/6
f 1532/4358/5 1508/4382/5 1506/4378/5
f 1508/4379/115 1510/4383/116 1509/4384/116 1507/4380/115
f 1531/4355/6 1507/4381/6 1509/4385/6
f 1532/4358/5 1510/4386/5 1508/4382/5
f 1510/4387/116 1512/4388/117 1511/4389/117 1509/4390/116
f 1531/4355/6 1509/4385/6 1511/4391/6
f 1532/4358/5 1512/4392/5 1510/4386/5
f 1512/4388/117 1514/4393/118 1513/4394/118 1511/4389/117
f 1531/4355/6 1511/4391/6 1513/4395/6
f 1532/4358/5 1514/4396/5 1512/4392/5
f 1514/4393/118 1516/4397/119 1515/4398/119 1513/4394/118
f 1531/4355/6 1513/4395/6 1515/4399/6
f 1532/4358/5 1516/4400/5 1514/4396/5
f 1516/4397/119 1518/4401/120 1517/4402/120 1515/4398/119
f 1531/4355/6 1515/4399/6 1517/4403/6
f 1532/4358/5 1518/4404/5 1516/4400/5
f 1518/4405/120 1520/4406/121 1519/4407/121 1517/4408/120
f 1531/4355/6 1517/4403/6 1519/4409/6
f 1532/4358/5 1520/4410/5 1518/4404/5
f 1520/4406/121 1522/4411/122 1521/4412/122 1519/4407/121
f 1531/4355/6 1519/4409/6 1521/4413/6
f 1532/4358/5 1522/4414/5 1520/4410/5
f 1522/4411/122 1524/4415/123 1523/4416/123 1521/4412/122
f 1531/4355/6 1521/4413/6 1523/4417/6
f 1532/4358/5 1524/4418/5 1522/4414/5
f 1524/4415/123 1526/4419/124 1525/4420/124 1523/4416/123
f 1531/4355/6 1523/4417/6 1525/4421/6
f 1532/4358/5 1526/4422/5 1524/4418/5
f 1526/4419/124 1528/4423/125 1527/4424/125 1525/4420/124
f 1531/4355/6 1525/4421/6 1527/4425/6
f 1532/4358/5 1528/4426/5 1526/4422/5
f 1528/4427/125 1530/4428/126 1529/4429/126 1527/4430/125
f 1531/4355/6 1527/4425/6 1529/4431/6
f 1532/4358/5 1530/4432/5 1528/4426/5
f 1530/4428/126 1496/4351/109 1495/4354/109 1529/4429/126
f 1531/4355/6 1529/4431/6 1495/4356/6
f 1532/4358/5 1496/4360/5 1530/4432/5
f 1534/4433/127 1536/4434/128 1535/4435/128 1533/4436/127
f 1567/4437/6 1533/4438/6 1535/4439/6
f 1568/4440/5 1536/4441/5 1534/4442/5
f 1536/4443/128 1538/4444/129 1537/4445/129 1535/4446/128
f 1567/4437/6 1535/4439/6 1537/4447/6
f 1568/4440/5 1538/4448/5 1536/4441/5
f 1538/4444/129 1540/4449/130 1539/4450/130 1537/4445/129
f 1567/4437/6 1537/4447/6 1539/4451/6
f 1568/4440/5 1540/4452/5 1538/4448/5
f 1540/4449/130 1542/4453/131 1541/4454/131 1539/4450/130
f 1567/4437/6 1539/4451/6 1541/4455/6
f 1568/4440/5 1542/4456/5 1540/4452/5
f 1542/4453/131 1544/4457/132 1543/4458/132 1541/4454/131
f 1567/4437/6 1541/4455/6 1543/4459/6
f 1568/4440/5 1544/4460/5 1542/4456/5
f 1544/4461/132 1546/4462/133 1545/4463/133 1543/4464/132
f 1567/4437/6 1543/4459/6 1545/4465/6
f 1568/4440/5 1546/4466/5 1544/4460/5
f 1546/4462/133 1548/4467/134 1547/4468/134 1545/4463/133
f 1567/4437/6 1545/4465/6 1547/4469/6
f 1568/4440/5 1548/4470/5 1546/4466/5
f 1548/4467/134 1550/4471/135 1549/4472/135 1547/4468/134
f 1567/4437/6 1547/4469/6 1549/4473/6
f 1568/4440/5 1550/4474/5 1548/4470/5
f 1550/4471/135 1552/4475/136 1551/4476/136 1549/4472/135
f 1567/4437/6 1549/4473/6 1551/4477/6
f 1568/4440/5 1552/4478/5 1550/4474/5
f 1552/4479/136 1554/4480/137 1553/4481/137 1551/4482/136
f 1567/4437/6 1551/4477/6 1553/4483/6
f 1568/4440/5 1554/4484/5 1552/4478/5
f 1554/4480/137 1556/4485/138 1555/4486/138 1553/4481/137
f 1567/4437/6 1553/4483/6 1555/4487/6
f 1568/4440/5 1556/4488/5 1554/4484/5
f 1556/4485/138 1558/4489/139 1557/4490/139 1555/4486/138
f 1567/4437/6 1555/4487/6 1557/4491/6
f 1568/4440/5 1558/4492/5 1556/4488/5
f 1558/4489/139 1560/4493/140 1559/4494/140 1557/4490/139
f 1567/4437/6 1557/4491/6 1559/4495/6
f 1568/4440/5 1560/4496/5 1558/4492/5
f 1560/4493/140 1562/4497/141 1561/4498/141 1559/4494/140
f 1567/4437/6 1559/4495/6 1561/4499/6
f 1568/4440/5 1562/4500/5 1560/4496/5
f 1562/4501/141 1564/4502/142 1563/4503/142 1561/4504/141
f 1567/4437/6 1561/4499/6 1563/4505/6
f 1568/4440/5 1564/4506/5 1562/4500/5
f 1564/4502/142 1566/4507/143 1565/4508/143 1563/4503/142
f 1567/4437/6 1563/4505/6 1565/4509/6
f 1568/4440/5 1566/4510/5 1564/4506/5
f 1567/4511/144 1568/4512/144 1534/4513/144 1533/4514/144
f 1567/4515/145 1565/4516/145 1566/4517/145 1568/4518/145
f 1570/4519/146 1572/4520/147 1571/4521/147 1569/4522/146
f 1605/4523/6 1569/4522/6 1571/4521/6
f 1606/4524/5 1572/4525/5 1570/4526/5
f 1572/4520/147 1574/4527/148 1573/4528/148 1571/4521/147
f 1605/4523/6 1571/4521/6 1573/4528/6
f 1606/4524/5 1574/4529/5 1572/4525/5
f 1574/4527/148 1576/4530/149 1575/4531/149 1573/4528/148
f 1605/4523/6 1573/4528/6 1575/4531/6
f 1606/4524/5 1576/4532/5 1574/4529/5
f 1576/4530/149 1578/4533/150 1577/4534/150 1575/4531/149
f 1605/4523/6 1575/4531/6 1577/4534/6
f 1606/4524/5 1578/4535/5 1576/4532/5
f 1578/4533/150 1580/4536/151 1579/4537/151 1577/4534/150
f 1605/4523/6 1577/4534/6 1579/4537/6
f 1606/4524/5 1580/4538/5 1578/4535/5
f 1580/4536/151 1582/4539/152 1581/4540/152 1579/4537/151
f 1605/4523/6 1579/4537/6 1581/4540/6
f 1606/4524/5 1582/4541/5 1580/4538/5
f 1582/4539/152 1584/4542/153 1583/4543/153 1581/4540/152
f 1605/4523/6 1581/4540/6 1583/4543/6
f 1606/4524/5 1584/4544/5 1582/4541/5
f 1584/4542/153 1586/4545/154 1585/4546/154 1583/4543/153
f 1605/4523/6 1583/4543/6 1585/4546/6
f 1606/4524/5 1586/4547/5 1584/4544/5
f 1586/4545/154 1588/4548/155 1587/4549/155 1585/4546/154
f 1605/4523/6 1585/4546/6 1587/4549/6
f 1606/4524/5 1588/4550/5 1586/4547/5
f 1588/4548/155 1590/4551/156 1589/4552/156 1587/4549/155
f 1605/4523/6 1587/4549/6 1589/4552/6
f 1606/4524/5 1590/4553/5 1588/4550/5
f 1590/4551/156 1592/4554/157 1591/4555/157 1589/4552/156
f 1605/4523/6 1589/4552/6 1591/4555/6
f 1606/4524/5 1592/4556/5 1590/4553/5
f 1592/4554/157 1594/4557/158 1593/4558/158 1591/4555/157
f 1605/4523/6 1591/4555/6 1593/4558/6
f 1606/4524/5 1594/4559/5 1592/4556/5
f 1594/4557/158 1596/4560/159 1595/4561/159 1593/4558/158
f 1605/4523/6 1593/4558/6 1595/4561/6
f 1606/4524/5 1596/4562/5 1594/4559/5
f 1596/4560/159 1598/4563/160 1597/4564/160 1595/4561/159
f 1605/4523/6 1595/4561/6 1597/4564/6
f 1606/4524/5 1598/4565/5 1596/4562/5
f 1598/4563/160 1600/4566/161 1599/4567/161 1597/4564/160
f 1605/4523/6 1597/4564/6 1599/4567/6
f 1606/4524/5 1600/4568/5 1598/4565/5
f 1600/4566/161 1602/4569/162 1601/4570/162 1599/4567/161
f 1605/4523/6 1599/4567/6 1601/4570/6
f 1606/4524/5 1602/4571/5 1600/4568/5
f 1602/4569/162 1604/4572/163 1603/4573/163 1601/4570/162
f 1605/4523/6 1601/4570/6 1603/4573/6
f 1606/4524/5 1604/4574/5 1602/4571/5
f 1604/4572/163 1570/4519/146 1569/4522/146 1603/4573/163
f 1605/4523/6 1603/4573/6 1569/4522/6
f 1606/4524/5 1570/4526/5 1604/4574/5
f 1714/4575/164 1716/4576/165 1715/4577/165 1713/4578/164
f 1740/4579/5 1706/4580/5 1704/4581/5
f 1609/4582/2 1610/4583/2 1612/4584/166 1611/4585/166
f 1677/4586/4 1678/4587/4 1680/4588/167 1679/4589/167
f 1663/4590/168 1664/4591/168 1666/4592/169 1665/4593/169
f 1611/4585/166 1612/4584/166 1614/4594/170 1613/4595/170
f 1675/4596/171 1676/4597/171 1678/4587/4 1677/4586/4
f 1739/4598/6 1717/4599/6 1719/4600/6
f 1613/4601/170 1614/4602/170 1616/4603/168 1615/4604/168
f 1739/4598/6 1713/4605/6 1715/4606/6
f 1706/4607/172 1708/4608/173 1707/4609/173 1705/4610/172
f 1615/4604/168 1616/4603/168 1618/4611/169 1617/4612/169
f 1702/4613/174 1704/4614/175 1703/4615/175 1701/4616/174
f 1661/4617/170 1662/4618/170 1664/4591/168 1663/4590/168
f 1617/4612/169 1618/4611/169 1620/4619/3 1619/4620/3
f 1673/4621/176 1674/4622/176 1676/4597/171 1675/4596/171
f 1740/4579/5 1720/4623/5 1718/4624/5
f 1619/4620/3 1620/4619/3 1622/4625/177 1621/4626/177
f 1740/4579/5 1716/4627/5 1714/4628/5
f 1739/4598/6 1705/4629/6 1707/4630/6
f 1621/4626/177 1622/4625/177 1624/4631/178 1623/4632/178
f 1739/4598/6 1701/4633/6 1703/4634/6
f 1659/4635/166 1660/4636/166 1662/4637/170 1661/4638/170
f 1623/4639/178 1624/4640/178 1626/4641/176 1625/4642/176
f 1671/4643/178 1672/4644/178 1674/4622/176 1673/4621/176
f 1720/4645/179 1722/4646/180 1721/4647/180 1719/4648/179
f 1625/4642/176 1626/4641/176 1628/4649/171 1627/4650/171
f 1716/4576/165 1718/4651/1 1717/4652/1 1715/4577/165
f 1739/4598/6 1707/4630/6 1709/4653/6
f 1627/4650/171 1628/4649/171 1630/4654/4 1629/4655/4
f 1740/4579/5 1704/4581/5 1702/4656/5
f 1657/4657/2 1658/4658/2 1660/4636/166 1659/4635/166
f 1629/4655/4 1630/4654/4 1632/4659/167 1631/4660/167
f 1669/4661/177 1670/4662/177 1672/4663/178 1671/4664/178
f 1739/4598/6 1719/4600/6 1721/4665/6
f 1631/4660/167 1632/4659/167 1634/4666/181 1633/4667/181
f 1739/4598/6 1715/4606/6 1717/4599/6
f 1708/4608/173 1710/4668/182 1709/4669/182 1707/4609/173
f 1633/4670/181 1634/4671/181 1636/4672/183 1635/4673/183
f 1704/4614/175 1706/4607/172 1705/4610/172 1703/4615/175
f 1654/4674/6 1650/4675/6 1607/4676/6 1652/4677/6
f 1635/4673/183 1636/4672/183 1638/4678/184 1637/4679/184
f 1667/4680/3 1668/4681/3 1670/4662/177 1669/4661/177
f 1649/4682/5 1653/4683/5 1651/4684/5 1608/4685/5
f 1637/4679/184 1638/4678/184 1640/4686/1 1639/4687/1
f 1740/4579/5 1718/4624/5 1716/4627/5
f 1651/4688/86 1652/4689/86 1607/4690/86 1608/4691/86
f 1639/4687/1 1640/4686/1 1642/4692/185 1641/4693/185
f 1739/4598/6 1703/4634/6 1705/4629/6
f 1653/4694/85 1654/4695/85 1652/4696/85 1651/4697/85
f 1641/4693/185 1642/4692/185 1644/4698/186 1643/4699/186
f 1665/4593/169 1666/4592/169 1668/4681/3 1667/4680/3
f 1649/4700/84 1650/4701/84 1654/4702/84 1653/4703/84
f 1643/4704/186 1644/4705/186 1646/4706/187 1645/4707/187
f 1612/4708/6 1610/4709/6 1648/4710/6 1646/4711/6 1644/4712/6 1642/4713/6 1640/4714/6 1638/4715/6 1636/4716/6 1634/4717/6 1632/4718/6 1630/4719/6 1628/4720/6 1626/4721/6 1624/4722/6 1622/4723/6 1620/4724/6 1618/4725/6 1616/4726/6 1614/4727/6
f 1608/4728/83 1607/4729/83 1650/4730/83 1649/4731/83
f 1645/4707/187 1646/4706/187 1648/4732/188 1647/4733/188
f 1740/4579/5 1702/4656/5 1700/4734/5
f 1718/4651/1 1720/4645/179 1719/4648/179 1717/4652/1
f 1647/4733/188 1648/4732/188 1610/4583/2 1609/4582/2
f 1609/4735/5 1611/4736/5 1613/4737/5 1615/4738/5 1617/4739/5 1619/4740/5 1621/4741/5 1623/4742/5 1625/4743/5 1627/4744/5 1629/4745/5 1631/4746/5 1633/4747/5 1635/4748/5 1637/4749/5 1639/4750/5 1641/4751/5 1643/4752/5 1645/4753/5 1647/4754/5
f 1739/4598/6 1699/4755/6 1701/4633/6
f 1740/4579/5 1714/4628/5 1712/4756/5
f 1679/4589/167 1680/4588/167 1682/4757/181 1681/4758/181
f 1700/4759/189 1702/4760/174 1701/4761/174 1699/4762/189
f 1739/4598/6 1711/4763/6 1713/4605/6
f 1681/4764/181 1682/4765/181 1684/4766/183 1683/4767/183
f 1740/4579/5 1700/4734/5 1698/4768/5
f 1712/4769/190 1714/4575/164 1713/4578/164 1711/4770/190
f 1683/4767/183 1684/4766/183 1686/4771/184 1685/4772/184
f 1739/4598/6 1697/4773/6 1699/4755/6
f 1740/4579/5 1712/4756/5 1710/4774/5
f 1685/4772/184 1686/4771/184 1688/4775/1 1687/4776/1
f 1698/4777/191 1700/4759/189 1699/4762/189 1697/4778/191
f 1739/4598/6 1709/4653/6 1711/4763/6
f 1687/4776/1 1688/4775/1 1690/4779/185 1689/4780/185
f 1740/4579/5 1698/4768/5 1656/4781/5
f 1710/4668/182 1712/4782/190 1711/4783/190 1709/4669/182
f 1689/4780/185 1690/4779/185 1692/4784/186 1691/4785/186
f 1739/4598/6 1655/4786/6 1697/4773/6
f 1740/4579/5 1710/4774/5 1708/4787/5
f 1691/4788/186 1692/4789/186 1694/4790/187 1693/4791/187
f 1656/4792/3 1698/4777/191 1697/4778/191 1655/4793/3
f 1665/4794/5 1667/4795/5 1669/4796/5 1671/4797/5 1673/4798/5 1675/4799/5 1677/4800/5 1679/4801/5 1681/4802/5 1683/4803/5 1685/4804/5 1687/4805/5 1689/4806/5 1691/4807/5 1693/4808/5 1695/4809/5 1657/4810/5 1659/4811/5 1661/4812/5 1663/4813/5
f 1693/4791/187 1694/4790/187 1696/4814/188 1695/4815/188
f 1740/4579/5 1708/4787/5 1706/4580/5
f 1740/4579/5 1722/4816/5 1720/4623/5
f 1695/4815/188 1696/4814/188 1658/4658/2 1657/4657/2
f 1680/4817/6 1678/4818/6 1676/4819/6 1674/4820/6 1672/4821/6 1670/4822/6 1668/4823/6 1666/4824/6 1664/4825/6 1662/4826/6 1660/4827/6 1658/4828/6 1696/4829/6 1694/4830/6 1692/4831/6 1690/4832/6 1688/4833/6 1686/4834/6 1684/4835/6 1682/4836/6
f 1722/4646/180 1724/4837/192 1723/4838/192 1721/4647/180
f 1739/4598/6 1721/4665/6 1723/4839/6
f 1740/4579/5 1724/4840/5 1722/4816/5
f 1724/4841/192 1726/4842/193 1725/4843/193 1723/4844/192
f 1739/4598/6 1723/4839/6 1725/4845/6
f 1740/4579/5 1726/4846/5 1724/4840/5
f 1726/4842/193 1728/4847/194 1727/4848/194 1725/4843/193
f 1739/4598/6 1725/4845/6 1727/4849/6
f 1740/4579/5 1728/4850/5 1726/4846/5
f 1728/4847/194 1730/4851/195 1729/4852/195 1727/4848/194
f 1739/4598/6 1727/4849/6 1729/4853/6
f 1740/4579/5 1730/4854/5 1728/4850/5
f 1730/4851/195 1732/4855/196 1731/4856/196 1729/4852/195
f 1739/4598/6 1729/4853/6 1731/4857/6
f 1740/4579/5 1732/4858/5 1730/4854/5
f 1732/4855/196 1734/4859/197 1733/4860/197 1731/4856/196
f 1739/4598/6 1731/4857/6 1733/4861/6
f 1740/4579/5 1734/4862/5 1732/4858/5
f 1734/4863/197 1736/4864/198 1735/4865/198 1733/4866/197
f 1739/4598/6 1733/4861/6 1735/4867/6
f 1740/4579/5 1736/4868/5 1734/4862/5
f 1736/4864/198 1738/4869/199 1737/4870/199 1735/4865/198
f 1739/4598/6 1735/4867/6 1737/4871/6
f 1740/4579/5 1738/4872/5 1736/4868/5
f 1738/4869/199 1656/4792/3 1655/4793/3 1737/4870/199
f 1739/4598/6 1737/4871/6 1655/4786/6
f 1740/4579/5 1656/4781/5 1738/4872/5
f 1841/4873/200 1842/4874/200 1838/4875/200 1837/4876/200
f 1813/4877/1 1814/4878/1 1816/4879/1 1815/4880/1
f 1743/4881/2 1744/4882/2 1746/4883/201 1745/4884/201
f 1839/4885/202 1843/4886/202 1841/4887/202 1837/4888/202
f 1812/4889/203 1808/4890/203 1806/4891/203 1810/4892/203
f 1745/4884/201 1746/4883/201 1748/4893/204 1747/4894/204
f 1839/4895/205 1840/4896/205 1844/4897/205 1843/4898/205
f 1788/4899/6 1798/4900/6 1796/4901/6 1794/4902/6 1792/4903/6 1790/4904/6
f 1747/4894/204 1748/4893/204 1750/4905/206 1749/4906/206
f 1837/4907/1 1838/4908/1 1840/4909/1 1839/4910/1
f 1797/4911/207 1798/4912/207 1788/4913/207 1787/4914/207
f 1749/4915/206 1750/4916/206 1752/4917/208 1751/4918/208
f 1836/4919/203 1832/4920/203 1830/4921/203 1834/4922/203
f 1807/4923/202 1811/4924/202 1809/4925/202 1805/4926/202
f 1751/4918/208 1752/4917/208 1754/4927/209 1753/4928/209
f 1831/4929/202 1835/4930/202 1833/4931/202 1829/4932/202
f 1801/4933/4 1802/4934/4 1741/4935/4 1742/4936/4
f 1753/4928/209 1754/4927/209 1756/4937/210 1755/4938/210
f 1833/4939/200 1834/4940/200 1830/4941/200 1829/4942/200
f 1795/4943/1 1796/4944/1 1798/4945/1 1797/4946/1
f 1755/4938/210 1756/4937/210 1758/4947/211 1757/4948/211
f 1835/4949/3 1836/4950/3 1834/4951/3 1833/4952/3
f 1797/4953/5 1787/4954/5 1789/4955/5 1791/4956/5 1793/4957/5 1795/4958/5
f 1757/4948/211 1758/4947/211 1760/4959/212 1759/4960/212
f 1831/4961/205 1832/4962/205 1836/4963/205 1835/4964/205
f 1742/4965/1 1741/4966/1 1800/4967/1 1799/4968/1
f 1759/4969/212 1760/4970/212 1762/4971/213 1761/4972/213
f 1829/4973/1 1830/4974/1 1832/4975/1 1831/4976/1
f 1793/4977/214 1794/4978/214 1796/4979/214 1795/4980/214
f 1761/4972/213 1762/4971/213 1764/4981/215 1763/4982/215
f 1828/4983/203 1824/4984/203 1822/4985/203 1826/4986/203
f 1805/4987/1 1806/4988/1 1808/4989/1 1807/4990/1
f 1763/4982/215 1764/4981/215 1766/4991/4 1765/4992/4
f 1823/4993/202 1827/4994/202 1825/4995/202 1821/4996/202
f 1799/4997/2 1800/4998/2 1804/4999/2 1803/5000/2
f 1765/4992/4 1766/4991/4 1768/5001/216 1767/5002/216
f 1825/5003/200 1826/5004/200 1822/5005/200 1821/5006/200
f 1791/5007/217 1792/5008/217 1794/4978/217 1793/4977/217
f 1767/5002/216 1768/5001/216 1770/5009/218 1769/5010/218
f 1827/5011/3 1828/5012/3 1826/5013/3 1825/5014/3
f 1807/5015/205 1808/5016/205 1812/5017/205 1811/5018/205
f 1769/5010/218 1770/5009/218 1772/5019/219 1771/5020/219
f 1823/5021/205 1824/5022/205 1828/5023/205 1827/5024/205
f 1803/5025/3 1804/5026/3 1802/5027/3 1801/5028/3
f 1771/5029/219 1772/5030/219 1774/5031/220 1773/5032/220
f 1821/5033/1 1822/5034/1 1824/5035/1 1823/5036/1
f 1789/5037/3 1790/5038/3 1792/5039/3 1791/5040/3
f 1773/5032/220 1774/5031/220 1776/5041/221 1775/5042/221
f 1820/5043/203 1816/5044/203 1814/5045/203 1818/5046/203
f 1811/5047/3 1812/5048/3 1810/5049/3 1809/5050/3
f 1775/5042/221 1776/5041/221 1778/5051/222 1777/5052/222
f 1815/5053/202 1819/5054/202 1817/5055/202 1813/5056/202
f 1804/5057/6 1800/5058/6 1741/5059/6 1802/5060/6
f 1777/5052/222 1778/5051/222 1780/5061/223 1779/5062/223
f 1817/5063/200 1818/5064/200 1814/5065/200 1813/5066/200
f 1787/4914/224 1788/4913/224 1790/5067/224 1789/5068/224
f 1779/5062/223 1780/5061/223 1782/5069/225 1781/5070/225
f 1819/5071/3 1820/5072/3 1818/5073/3 1817/5074/3
f 1809/5075/200 1810/5076/200 1806/5077/200 1805/5078/200
f 1781/5079/225 1782/5080/225 1784/5081/226 1783/5082/226
f 1746/5083/6 1744/5084/6 1786/5085/6 1784/5086/6 1782/5087/6 1780/5088/6 1778/5089/6 1776/5090/6 1774/5091/6 1772/5092/6 1770/5093/6 1768/5094/6 1766/5095/6 1764/5096/6 1762/5097/6 1760/5098/6 1758/5099/6 1756/5100/6 1754/5101/6 1752/5102/6 1750/5103/6 1748/5104/6
f 1799/5105/5 1803/5106/5 1801/5107/5 1742/5108/5
f 1783/5082/226 1784/5081/226 1786/5109/227 1785/5110/227
f 1843/5111/3 1844/5112/3 1842/5113/3 1841/5114/3
f 1815/5115/205 1816/5116/205 1820/5117/205 1819/5118/205
f 1785/5110/227 1786/5109/227 1744/4882/2 1743/4881/2
f 1743/5119/5 1745/5120/5 1747/5121/5 1749/5122/5 1751/5123/5 1753/5124/5 1755/5125/5 1757/5126/5 1759/5127/5 1761/5128/5 1763/5129/5 1765/5130/5 1767/5131/5 1769/5132/5 1771/5133/5 1773/5134/5 1775/5135/5 1777/5136/5 1779/5137/5 1781/5138/5 1783/5139/5 1785/5140/5
f 1844/5141/203 1840/5142/203 1838/5143/203 1842/5144/203
f 1845/5145/1 1846/5146/1 1848/5147/1 1847/5148/1
f 1847/5149/205 1848/5150/205 1852/5151/205 1851/5152/205
f 1851/5153/3 1852/5154/3 1850/5155/3 1849/5156/3
f 1849/5157/200 1850/5158/200 1846/5159/200 1845/5160/200
f 1847/5161/202 1851/5162/202 1849/5163/202 1845/5164/202
f 1852/5165/203 1848/5166/203 1846/5167/203 1850/5168/203
f 1853/5169/1 1854/5170/1 1856/5171/1 1855/5172/1
f 1855/5173/205 1856/5174/205 1860/5175/205 1859/5176/205
f 1859/5177/3 1860/5178/3 1858/5179/3 1857/5180/3
f 1857/5181/200 1858/5182/200 1854/5183/200 1853/5184/200
f 1855/5185/202 1859/5186/202 1857/5187/202 1853/5188/202
f 1860/5189/203 1856/5190/203 1854/5191/203 1858/5192/203
f 1861/5193/1 1862/5194/1 1864/5195/1 1863/5196/1
f 1863/5197/205 1864/5198/205 1868/5199/205 1867/5200/205
f 1867/5201/3 1868/5202/3 1866/5203/3 1865/5204/3
f 1865/5205/200 1866/5206/200 1862/5207/200 1861/5208/200
f 1863/5209/202 1867/5210/202 1865/5211/202 1861/5212/202
f 1868/5213/203 1864/5214/203 1862/5215/203 1866/5216/203
f 1869/5217/1 1870/5218/1 1872/5219/1 1871/5220/1
f 1871/5221/205 1872/5222/205 1876/5223/205 1875/5224/205
f 1875/5225/3 1876/5226/3 1874/5227/3 1873/5228/3
f 1873/5229/200 1874/5230/200 1870/5231/200 1869/5232/200
f 1871/5233/202 1875/5234/202 1873/5235/202 1869/5236/202
f 1876/5237/203 1872/5238/203 1870/5239/203 1874/5240/203
f 1877/5241/1 1878/5242/1 1880/5243/1 1879/5244/1
f 1879/5245/205 1880/5246/205 1884/5247/205 1883/5248/205
f 1883/5249/3 1884/5250/3 1882/5251/3 1881/5252/3
f 1881/5253/200 1882/5254/200 1878/5255/200 1877/5256/200
f 1879/5257/202 1883/5258/202 1881/5259/202 1877/5260/202
f 1884/5261/203 1880/5262/203 1878/5263/203 1882/5264/203
f 1885/5265/1 1886/5266/1 1888/5267/1 1887/5268/1
f 1887/5269/205 1888/5270/205 1892/5271/205 1891/5272/205
f 1891/5273/3 1892/5274/3 1890/5275/3 1889/5276/3
f 1889/5277/200 1890/5278/200 1886/5279/200 1885/5280/200
f 1887/5281/202 1891/5282/202 1889/5283/202 1885/5284/202
f 1892/5285/203 1888/5286/203 1886/5287/203 1890/5288/203
f 1893/5289/1 1894/5290/1 1896/5291/1 1895/5292/1
f 1895/5293/205 1896/5294/205 1900/5295/205 1899/5296/205
f 1899/5297/3 1900/5298/3 1898/5299/3 1897/5300/3
f 1897/5301/200 1898/5302/200 1894/5303/200 1893/5304/200
f 1895/5305/202 1899/5306/202 1897/5307/202 1893/5308/202
f 1900/5309/203 1896/5310/203 1894/5311/203 1898/5312/203
f 1901/5313/1 1902/5314/1 1904/5315/1 1903/5316/1
f 1903/5317/205 1904/5318/205 1908/5319/205 1907/5320/205
f 1907/5321/3 1908/5322/3 1906/5323/3 1905/5324/3
f 1905/5325/200 1906/5326/200 1902/5327/200 1901/5328/200
f 1903/5329/202 1907/5330/202 1905/5331/202 1901/5332/202
f 1908/5333/203 1904/5334/203 1902/5335/203 1906/5336/203
f 1909/5337/1 1910/5338/1 1912/5339/1 1911/5340/1
f 1911/5341/205 1912/5342/205 1916/5343/205 1915/5344/205
f 1915/5345/3 1916/5346/3 1914/5347/3 1913/5348/3
f 1913/5349/200 1914/5350/200 1910/5351/200 1909/5352/200
f 1911/5353/202 1915/5354/202 1913/5355/202 1909/5356/202
f 1916/5357/203 1912/5358/203 1910/5359/203 1914/5360/203
f 1917/5361/1 1918/5362/1 1920/5363/1 1919/5364/1
f 1919/5365/2 1920/5366/2 1924/5367/2 1923/5368/2
f 1923/5369/3 1924/5370/3 1922/5371/3 1921/5372/3
f 1921/5373/4 1922/5374/4 1918/5375/4 1917/5376/4
f 1919/5377/5 1923/5378/5 1921/5379/5 1917/5380/5
f 1924/5381/6 1920/5382/6 1918/5383/6 1922/5384/6
f 1925/5385/1 1926/5386/1 1928/5387/1 1927/5388/1
f 1927/5389/2 1928/5390/2 1932/5391/2 1931/5392/2
f 1931/5393/3 1932/5394/3 1930/5395/3 1929/5396/3
f 1929/5397/4 1930/5398/4 1926/5399/4 1925/5400/4
f 1927/5401/5 1931/5402/5 1929/5403/5 1925/5404/5
f 1932/5405/6 1928/5406/6 1926/5407/6 1930/5408/6
f 1933/5409/1 1934/5410/1 1936/5411/1 1935/5412/1
f 1935/5413/2 1936/5414/2 1940/5415/2 1939/5416/2
f 1939/5417/3 1940/5418/3 1938/5419/3 1937/5420/3
f 1937/5421/4 1938/5422/4 1934/5423/4 1933/5424/4
f 1935/5425/5 1939/5426/5 1937/5427/5 1933/5428/5
f 1940/5429/6 1936/5430/6 1934/5431/6 1938/5432/6
f 1941/5433/1 1942/5434/1 1944/5435/1 1943/5436/1
f 1943/5437/2 1944/5438/2 1948/5439/2 1947/5440/2
f 1947/5441/3 1948/5442/3 1946/5443/3 1945/5444/3
f 1945/5445/4 1946/5446/4 1942/5447/4 1941/5448/4
f 1943/5449/5 1947/5450/5 1945/5451/5 1941/5452/5
f 1948/5453/6 1944/5454/6 1942/5455/6 1946/5456/6
f 1949/5457/1 1950/5458/1 1952/5459/1 1951/5460/1
f 1951/5461/2 1952/5462/2 1956/5463/2 1955/5464/2
f 1955/5465/3 1956/5466/3 1954/5467/3 1953/5468/3
f 1953/5469/4 1954/5470/4 1950/5471/4 1949/5472/4
f 1951/5473/5 1955/5474/5 1953/5475/5 1949/5476/5
f 1956/5477/6 1952/5478/6 1950/5479/6 1954/5480/6
f 1957/5481/1 1958/5482/1 1960/5483/1 1959/5484/1
f 1959/5485/2 1960/5486/2 1964/5487/2 1963/5488/2
f 1963/5489/3 1964/5490/3 1962/5491/3 1961/5492/3
f 1961/5493/4 1962/5494/4 1958/5495/4 1957/5496/4
f 1959/5497/5 1963/5498/5 1961/5499/5 1957/5500/5
f 1964/5501/6 1960/5502/6 1958/5503/6 1962/5504/6
f 1965/5505/1 1966/5506/1 1968/5507/1 1967/5508/1
f 1967/5509/2 1968/5510/2 1972/5511/2 1971/5512/2
f 1971/5513/3 1972/5514/3 1970/5515/3 1969/5516/3
f 1969/5517/4 1970/5518/4 1966/5519/4 1965/5520/4
f 1967/5521/5 1971/5522/5 1969/5523/5 1965/5524/5
f 1972/5525/6 1968/5526/6 1966/5527/6 1970/5528/6
f 1973/5529/1 1974/5530/1 1976/5531/1 1975/5532/1
f 1975/5533/2 1976/5534/2 1980/5535/2 1979/5536/2
f 1979/5537/3 1980/5538/3 1978/5539/3 1977/5540/3
f 1977/5541/4 1978/5542/4 1974/5543/4 1973/5544/4
f 1975/5545/5 1979/5546/5 1977/5547/5 1973/5548/5
f 1980/5549/6 1976/5550/6 1974/5551/6 1978/5552/6
f 1981/5553/1 1982/5554/1 1984/5555/1 1983/5556/1
f 1983/5557/2 1984/5558/2 1988/5559/2 1987/5560/2
f 1987/5561/3 1988/5562/3 1986/5563/3 1985/5564/3
f 1985/5565/4 1986/5566/4 1982/5567/4 1981/5568/4
f 1983/5569/5 1987/5570/5 1985/5571/5 1981/5572/5
f 1988/5573/6 1984/5574/6 1982/5575/6 1986/5576/6
f 1989/5577/1 1990/5578/1 1992/5579/1 1991/5580/1
f 1991/5581/2 1992/5582/2 1996/5583/2 1995/5584/2
f 1995/5585/3 1996/5586/3 1994/5587/3 1993/5588/3
f 1993/5589/4 1994/5590/4 1990/5591/4 1989/5592/4
f 1991/5593/5 1995/5594/5 1993/5595/5 1989/5596/5
f 1996/5597/6 1992/5598/6 1990/5599/6 1994/5600/6
f 1997/5601/1 1998/5602/1 2000/5603/1 1999/5604/1
f 1999/5605/2 2000/5606/2 2004/5607/2 2003/5608/2
f 2003/5609/3 2004/5610/3 2002/5611/3 2001/5612/3
f 2001/5613/4 2002/5614/4 1998/5615/4 1997/5616/4
f 1999/5617/5 2003/5618/5 2001/5619/5 1997/5620/5
f 2004/5621/6 2000/5622/6 1998/5623/6 2002/5624/6
f 2005/5625/1 2006/5626/1 2008/5627/1 2007/5628/1
f 2007/5629/2 2008/5630/2 2012/5631/2 2011/5632/2
f 2011/5633/3 2012/5634/3 2010/5635/3 2009/5636/3
f 2009/5637/4 2010/5638/4 2006/5639/4 2005/5640/4
f 2007/5641/5 2011/5642/5 2009/5643/5 2005/5644/5
f 2012/5645/6 2008/5646/6 2006/5647/6 2010/5648/6
f 2013/5649/1 2014/5650/1 2016/5651/1 2015/5652/1
f 2015/5653/2 2016/5654/2 2020/5655/2 2019/5656/2
f 2019/5657/3 2020/5658/3 2018/5659/3 2017/5660/3
f 2017/5661/4 2018/5662/4 2014/5663/4 2013/5664/4
f 2015/5665/5 2019/5666/5 2017/5667/5 2013/5668/5
f 2020/5669/6 2016/5670/6 2014/5671/6 2018/5672/6
f 2021/5673/1 2022/5674/1 2024/5675/1 2023/5676/1
f 2023/5677/2 2024/5678/2 2028/5679/2 2027/5680/2
f 2027/5681/3 2028/5682/3 2026/5683/3 2025/5684/3
f 2025/5685/4 2026/5686/4 2022/5687/4 2021/5688/4
f 2023/5689/5 2027/5690/5 2025/5691/5 2021/5692/5
f 2028/5693/6 2024/5694/6 2022/5695/6 2026/5696/6
f 2029/5697/1 2030/5698/1 2032/5699/1 2031/5700/1
f 2031/5701/2 2032/5702/2 2036/5703/2 2035/5704/2
f 2035/5705/3 2036/5706/3 2034/5707/3 2033/5708/3
f 2033/5709/4 2034/5710/4 2030/5711/4 2029/5712/4
f 2031/5713/5 2035/5714/5 2033/5715/5 2029/5716/5
f 2036/5717/6 2032/5718/6 2030/5719/6 2034/5720/6
f 2037/5721/1 2038/5722/1 2040/5723/1 2039/5724/1
f 2039/5725/2 2040/5726/2 2044/5727/2 2043/5728/2
f 2043/5729/3 2044/5730/3 2042/5731/3 2041/5732/3
f 2041/5733/4 2042/5734/4 2038/5735/4 2037/5736/4
f 2039/5737/5 2043/5738/5 2041/5739/5 2037/5740/5
f 2044/5741/6 2040/5742/6 2038/5743/6 2042/5744/6
f 2045/5745/1 2046/5746/1 2048/5747/1 2047/5748/1
f 2047/5749/2 2048/5750/2 2052/5751/2 2051/5752/2
f 2051/5753/3 2052/5754/3 2050/5755/3 2049/5756/3
f 2049/5757/4 2050/5758/4 2046/5759/4 2045/5760/4
f 2047/5761/5 2051/5762/5 2049/5763/5 2045/5764/5
f 2052/5765/6 2048/5766/6 2046/5767/6 2050/5768/6
f 2053/5769/1 2054/5770/1 2056/5771/1 2055/5772/1
f 2055/5773/2 2056/5774/2 2060/5775/2 2059/5776/2
f 2059/5777/3 2060/5778/3 2058/5779/3 2057/5780/3
f 2057/5781/4 2058/5782/4 2054/5783/4 2053/5784/4
f 2055/5785/5 2059/5786/5 2057/5787/5 2053/5788/5
f 2060/5789/6 2056/5790/6 2054/5791/6 2058/5792/6
f 2061/5793/1 2062/5794/1 2064/5795/1 2063/5796/1
f 2063/5797/2 2064/5798/2 2068/5799/2 2067/5800/2
f 2067/5801/3 2068/5802/3 2066/5803/3 2065/5804/3
f 2065/5805/4 2066/5806/4 2062/5807/4 2061/5808/4
f 2063/5809/5 2067/5810/5 2065/5811/5 2061/5812/5
f 2068/5813/6 2064/5814/6 2062/5815/6 2066/5816/6
f 2069/5817/1 2070/5818/1 2072/5819/1 2071/5820/1
f 2071/5821/2 2072/5822/2 2076/5823/2 2075/5824/2
f 2075/5825/3 2076/5826/3 2074/5827/3 2073/5828/3
f 2073/5829/4 2074/5830/4 2070/5831/4 2069/5832/4
f 2071/5833/5 2075/5834/5 2073/5835/5 2069/5836/5
f 2076/5837/6 2072/5838/6 2070/5839/6 2074/5840/6
f 2078/5841/228 2080/5842/229 2079/5843/229 2077/5844/228
f 2099/5845/6 2077/5846/6 2079/5847/6
f 2100/5848/5 2080/5849/5 2078/5850/5
f 2080/5851/229 2082/5852/230 2081/5853/230 2079/5854/229
f 2099/5845/6 2079/5847/6 2081/5855/6
f 2100/5848/5 2082/5856/5 2080/5849/5
f 2082/5852/230 2084/5857/231 2083/5858/231 2081/5853/230
f 2099/5845/6 2081/5855/6 2083/5859/6
f 2100/5848/5 2084/5860/5 2082/5856/5
f 2084/5857/231 2086/5861/232 2085/5862/232 2083/5858/231
f 2099/5845/6 2083/5859/6 2085/5863/6
f 2100/5848/5 2086/5864/5 2084/5860/5
f 2086/5865/232 2088/5866/233 2087/5867/233 2085/5868/232
f 2099/5845/6 2085/5863/6 2087/5869/6
f 2100/5848/5 2088/5870/5 2086/5864/5
f 2088/5866/233 2090/5871/234 2089/5872/234 2087/5867/233
f 2099/5845/6 2087/5869/6 2089/5873/6
f 2100/5848/5 2090/5874/5 2088/5870/5
f 2090/5875/234 2092/5876/235 2091/5877/235 2089/5878/234
f 2099/5845/6 2089/5873/6 2091/5879/6
f 2100/5848/5 2092/5880/5 2090/5874/5
f 2092/5876/235 2094/5881/236 2093/5882/236 2091/5877/235
f 2099/5845/6 2091/5879/6 2093/5883/6
f 2100/5848/5 2094/5884/5 2092/5880/5
f 2094/5881/236 2096/5885/237 2095/5886/237 2093/5882/236
f 2099/5845/6 2093/5883/6 2095/5887/6
f 2100/5848/5 2096/5888/5 2094/5884/5
f 2096/5889/237 2098/5890/238 2097/5891/238 2095/5892/237
f 2099/5845/6 2095/5887/6 2097/5893/6
f 2100/5848/5 2098/5894/5 2096/5888/5
f 2099/5895/239 2100/5896/239 2078/5897/239 2077/5898/239
f 2099/5899/240 2097/5900/240 2098/5901/240 2100/5902/240
f 2102/5903/3 2104/5904/241 2103/5905/241 2101/5906/3
f 2125/5907/6 2101/5908/6 2103/5909/6
f 2126/5910/5 2104/5911/5 2102/5912/5
f 2104/5904/241 2106/5913/224 2105/5914/224 2103/5905/241
f 2125/5907/6 2103/5909/6 2105/5915/6
f 2126/5910/5 2106/5916/5 2104/5911/5
f 2106/5917/224 2108/5918/2 2107/5919/2 2105/5920/224
f 2125/5907/6 2105/5915/6 2107/5921/6
f 2126/5910/5 2108/5922/5 2106/5916/5
f 2108/5918/2 2110/5923/207 2109/5924/207 2107/5919/2
f 2125/5907/6 2107/5921/6 2109/5925/6
f 2126/5910/5 2110/5926/5 2108/5922/5
f 2110/5923/207 2112/5927/242 2111/5928/242 2109/5924/207
f 2125/5907/6 2109/5925/6 2111/5929/6
f 2126/5910/5 2112/5930/5 2110/5926/5
f 2112/5931/242 2114/5932/1 2113/5933/1 2111/5934/242
f 2125/5907/6 2111/5929/6 2113/5935/6
f 2126/5910/5 2114/5936/5 2112/5930/5
f 2114/5932/1 2116/5937/243 2115/5938/243 2113/5933/1
f 2125/5907/6 2113/5935/6 2115/5939/6
f 2126/5910/5 2116/5940/5 2114/5936/5
f 2116/5937/243 2118/5941/214 2117/5942/214 2115/5938/243
f 2125/5907/6 2115/5939/6 2117/5943/6
f 2126/5910/5 2118/5944/5 2116/5940/5
f 2118/5945/214 2120/5946/4 2119/5947/4 2117/5948/214
f 2125/5907/6 2117/5943/6 2119/5949/6
f 2126/5910/5 2120/5950/5 2118/5944/5
f 2120/5946/4 2122/5951/217 2121/5952/217 2119/5947/4
f 2125/5907/6 2119/5949/6 2121/5953/6
f 2126/5910/5 2122/5954/5 2120/5950/5
f 2122/5951/217 2124/5955/244 2123/5956/244 2121/5952/217
f 2125/5907/6 2121/5953/6 2123/5957/6
f 2126/5910/5 2124/5958/5 2122/5954/5
f 2124/5959/244 2102/5903/3 2101/5906/3 2123/5960/244
f 2125/5907/6 2123/5957/6 2101/5908/6
f 2126/5910/5 2102/5912/5 2124/5958/5
f 2128/5961/3 2130/5962/241 2129/5963/241 2127/5964/3
f 2151/5965/6 2127/5966/6 2129/5967/6
f 2152/5968/5 2130/5969/5 2128/5970/5
f 2130/5962/241 2132/5971/224 2131/5972/224 2129/5963/241
f 2151/5965/6 2129/5967/6 2131/5973/6
f 2152/5968/5 2132/5974/5 2130/5969/5
f 2132/5975/224 2134/5976/2 2133/5977/2 2131/5978/224
f 2151/5965/6 2131/5973/6 2133/5979/6
f 2152/5968/5 2134/5980/5 2132/5974/5
f 2134/5976/2 2136/5981/207 2135/5982/207 2133/5977/2
f 2151/5965/6 2133/5979/6 2135/5983/6
f 2152/5968/5 2136/5984/5 2134/5980/5
f 2136/5981/207 2138/5985/242 2137/5986/242 2135/5982/207
f 2151/5965/6 2135/5983/6 2137/5987/6
f 2152/5968/5 2138/5988/5 2136/5984/5
f 2138/5989/242 2140/5990/1 2139/5991/1 2137/5992/242
f 2151/5965/6 2137/5987/6 2139/5993/6
f 2152/5968/5 2140/5994/5 2138/5988/5
f 2140/5990/1 2142/5995/243 2141/5996/243 2139/5991/1
f 2151/5965/6 2139/5993/6 2141/5997/6
f 2152/5968/5 2142/5998/5 2140/5994/5
f 2142/5995/243 2144/5999/214 2143/6000/214 2141/5996/243
f 2151/5965/6 2141/5997/6 2143/6001/6
f 2152/5968/5 2144/6002/5 2142/5998/5
f 2144/6003/214 2146/6004/4 2145/6005/4 2143/6006/214
f 2151/5965/6 2143/6001/6 2145/6007/6
f 2152/5968/5 2146/6008/5 2144/6002/5
f 2146/6004/4 2148/6009/217 2147/6010/217 2145/6005/4
f 2151/5965/6 2145/6007/6 2147/6011/6
f 2152/5968/5 2148/6012/5 2146/6008/5
f 2148/6009/217 2150/6013/244 2149/6014/244 2147/6010/217
f 2151/5965/6 2147/6011/6 2149/6015/6
f 2152/5968/5 2150/6016/5 2148/6012/5
f 2150/6017/244 2128/5961/3 2127/5964/3 2149/6018/244
f 2151/5965/6 2149/6015/6 2127/5966/6
f 2152/5968/5 2128/5970/5 2150/6016/5
f 2153/6019/245 2154/6020/245 2156/6021/245 2155/6022/245
f 2155/6023/246 2156/6024/246 2160/6025/246 2159/6026/246
f 2159/6027/247 2160/6028/247 2158/6029/247 2157/6030/247
f 2157/6031/248 2158/6032/248 2154/6033/248 2153/6034/248
f 2155/6035/5 2159/6036/5 2157/6037/5 2153/6038/5
f 2160/6039/6 2156/6040/6 2154/6041/6 2158/6042/6
f 2162/6043/3 2164/6044/241 2163/6045/241 2161/6046/3
f 2185/6047/6 2161/6048/6 2163/6049/6
f 2186/6050/5 2164/6051/5 2162/6052/5
f 2164/6044/241 2166/6053/224 2165/6054/224 2163/6045/241
f 2185/6047/6 2163/6049/6 2165/6055/6
f 2186/6050/5 2166/6056/5 2164/6051/5
f 2166/6057/224 2168/6058/2 2167/6059/2 2165/6060/224
f 2185/6047/6 2165/6055/6 2167/6061/6
f 2186/6050/5 2168/6062/5 2166/6056/5
f 2168/6058/2 2170/6063/207 2169/6064/207 2167/6059/2
f 2185/6047/6 2167/6061/6 2169/6065/6
f 2186/6050/5 2170/6066/5 2168/6062/5
f 2170/6063/207 2172/6067/242 2171/6068/242 2169/6064/207
f 2185/6047/6 2169/6065/6 2171/6069/6
f 2186/6050/5 2172/6070/5 2170/6066/5
f 2172/6071/242 2174/6072/1 2173/6073/1 2171/6074/242
f 2185/6047/6 2171/6069/6 2173/6075/6
f 2186/6050/5 2174/6076/5 2172/6070/5
f 2174/6072/1 2176/6077/243 2175/6078/243 2173/6073/1
f 2185/6047/6 2173/6075/6 2175/6079/6
f 2186/6050/5 2176/6080/5 2174/6076/5
f 2176/6077/243 2178/6081/214 2177/6082/214 2175/6078/243
f 2185/6047/6 2175/6079/6 2177/6083/6
f 2186/6050/5 2178/6084/5 2176/6080/5
f 2178/6085/214 2180/6086/4 2179/6087/4 2177/6088/214
f 2185/6047/6 2177/6083/6 2179/6089/6
f 2186/6050/5 2180/6090/5 2178/6084/5
f 2180/6086/4 2182/6091/217 2181/6092/217 2179/6087/4
f 2185/6047/6 2179/6089/6 2181/6093/6
f 2186/6050/5 2182/6094/5 2180/6090/5
f 2182/6091/217 2184/6095/244 2183/6096/244 2181/6092/217
f 2185/6047/6 2181/6093/6 2183/6097/6
f 2186/6050/5 2184/6098/5 2182/6094/5
f 2184/6099/244 2162/6043/3 2161/6046/3 2183/6100/244
f 2185/6047/6 2183/6097/6 2161/6048/6
f 2186/6050/5 2162/6052/5 2184/6098/5
f 2245/6101/244 2246/6102/244 2248/6103/217 2247/6104/217
f 2565/6105/5 2569/6106/5 2567/6107/5 2563/6108/5
f 2189/6109/2 2190/6110/2 2192/6111/224 2191/6112/224
f 2267/6113/3 2268/6114/3 2270/6115/244 2269/6116/244
f 2297/6117/4 2298/6118/4 2300/6119/214 2299/6120/214
f 2191/6121/224 2192/6122/224 2194/6123/241 2193/6124/241
f 2273/6125/4 2274/6126/4 2276/6127/214 2275/6128/214
f 2217/6129/241 2218/6130/241 2220/6131/3 2219/6132/3
f 2193/6124/241 2194/6123/241 2196/6133/3 2195/6134/3
f 2263/6135/224 2264/6136/224 2266/6137/241 2265/6138/241
f 2241/6139/241 2242/6140/241 2244/6141/3 2243/6142/3
f 2195/6134/3 2196/6133/3 2198/6143/244 2197/6144/244
f 2223/6145/217 2224/6146/217 2226/6147/4 2225/6148/4
f 2287/6149/224 2288/6150/224 2290/6151/241 2289/6152/241
f 2197/6153/244 2198/6154/244 2200/6155/217 2199/6156/217
f 2239/6157/224 2240/6158/224 2242/6140/241 2241/6139/241
f 2215/6159/224 2216/6160/224 2218/6130/241 2217/6129/241
f 2199/6156/217 2200/6155/217 2202/6161/4 2201/6162/4
f 2311/6163/224 2312/6164/224 2314/6165/241 2313/6166/241
f 2345/6167/4 2346/6168/4 2348/6169/214 2347/6170/214
f 2201/6162/4 2202/6161/4 2204/6171/214 2203/6172/214
f 2221/6173/244 2222/6174/244 2224/6146/217 2223/6145/217
f 2269/6175/244 2270/6176/244 2272/6177/217 2271/6178/217
f 2203/6179/214 2204/6180/214 2206/6181/243 2205/6182/243
f 2265/6138/241 2266/6137/241 2268/6114/3 2267/6113/3
f 2213/6183/2 2214/6184/2 2216/6185/224 2215/6186/224
f 2205/6182/243 2206/6181/243 2208/6187/1 2207/6188/1
f 2247/6104/217 2248/6103/217 2250/6189/4 2249/6190/4
f 2407/6191/224 2408/6192/224 2410/6193/241 2409/6194/241
f 2207/6188/1 2208/6187/1 2210/6195/242 2209/6196/242
f 2192/6197/6 2190/6198/6 2212/6199/6 2210/6200/6 2208/6201/6 2206/6202/6 2204/6203/6 2202/6204/6 2200/6205/6 2198/6206/6 2196/6207/6 2194/6208/6
f 2291/6209/3 2292/6210/3 2294/6211/244 2293/6212/244
f 2209/6213/242 2210/6214/242 2212/6215/207 2211/6216/207
f 2225/6148/4 2226/6147/4 2228/6217/214 2227/6218/214
f 2219/6132/3 2220/6131/3 2222/6219/244 2221/6220/244
f 2211/6216/207 2212/6215/207 2190/6110/2 2189/6109/2
f 2189/6221/5 2191/6222/5 2193/6223/5 2195/6224/5 2197/6225/5 2199/6226/5 2201/6227/5 2203/6228/5 2205/6229/5 2207/6230/5 2209/6231/5 2211/6232/5
f 2227/6233/214 2228/6234/214 2230/6235/243 2229/6236/243
f 2271/6178/217 2272/6177/217 2274/6126/4 2273/6125/4
f 2237/6237/2 2238/6238/2 2240/6239/224 2239/6240/224
f 2229/6236/243 2230/6235/243 2232/6241/1 2231/6242/1
f 2289/6152/241 2290/6151/241 2292/6210/3 2291/6209/3
f 2341/6243/244 2342/6244/244 2344/6245/217 2343/6246/217
f 2231/6242/1 2232/6241/1 2234/6247/242 2233/6248/242
f 2222/6249/6 2220/6250/6 2218/6251/6 2216/6252/6 2214/6253/6 2236/6254/6 2234/6255/6 2232/6256/6 2230/6257/6 2228/6258/6 2226/6259/6 2224/6260/6
f 2335/6261/224 2336/6262/224 2338/6263/241 2337/6264/241
f 2233/6265/242 2234/6266/242 2236/6267/207 2235/6268/207
f 2249/6190/4 2250/6189/4 2252/6269/214 2251/6270/214
f 2243/6142/3 2244/6141/3 2246/6271/244 2245/6272/244
f 2235/6268/207 2236/6267/207 2214/6184/2 2213/6183/2
f 2227/6273/5 2229/6274/5 2231/6275/5 2233/6276/5 2235/6277/5 2213/6278/5 2215/6279/5 2217/6280/5 2219/6281/5 2221/6282/5 2223/6283/5 2225/6284/5
f 2251/6285/214 2252/6286/214 2254/6287/243 2253/6288/243
f 2261/6289/2 2262/6290/2 2264/6291/224 2263/6292/224
f 2295/6293/217 2296/6294/217 2298/6118/4 2297/6117/4
f 2253/6288/243 2254/6287/243 2256/6295/1 2255/6296/1
f 2317/6297/244 2318/6298/244 2320/6299/217 2319/6300/217
f 2359/6301/224 2360/6302/224 2362/6303/241 2361/6304/241
f 2255/6296/1 2256/6295/1 2258/6305/242 2257/6306/242
f 2383/6307/224 2384/6308/224 2386/6309/241 2385/6310/241
f 2239/6311/5 2241/6312/5 2243/6313/5 2245/6314/5 2247/6315/5 2249/6316/5 2251/6317/5 2253/6318/5 2255/6319/5 2257/6320/5 2259/6321/5 2237/6322/5
f 2257/6323/242 2258/6324/242 2260/6325/207 2259/6326/207
f 2313/6166/241 2314/6165/241 2316/6327/3 2315/6328/3
f 2293/6329/244 2294/6330/244 2296/6294/217 2295/6293/217
f 2259/6326/207 2260/6325/207 2238/6238/2 2237/6237/2
f 2244/6331/6 2242/6332/6 2240/6333/6 2238/6334/6 2260/6335/6 2258/6336/6 2256/6337/6 2254/6338/6 2252/6339/6 2250/6340/6 2248/6341/6 2246/6342/6
f 2275/6343/214 2276/6344/214 2278/6345/243 2277/6346/243
f 2285/6347/2 2286/6348/2 2288/6349/224 2287/6350/224
f 2337/6264/241 2338/6263/241 2340/6351/3 2339/6352/3
f 2277/6346/243 2278/6345/243 2280/6353/1 2279/6354/1
f 2393/6355/4 2394/6356/4 2396/6357/214 2395/6358/214
f 2319/6300/217 2320/6299/217 2322/6359/4 2321/6360/4
f 2279/6354/1 2280/6353/1 2282/6361/242 2281/6362/242
f 2363/6363/3 2364/6364/3 2366/6365/244 2365/6366/244
f 2271/6367/5 2273/6368/5 2275/6369/5 2277/6370/5 2279/6371/5 2281/6372/5 2283/6373/5 2261/6374/5 2263/6375/5 2265/6376/5 2267/6377/5 2269/6378/5
f 2281/6379/242 2282/6380/242 2284/6381/207 2283/6382/207
f 2369/6383/4 2370/6384/4 2372/6385/214 2371/6386/214
f 2339/6352/3 2340/6351/3 2342/6387/244 2341/6388/244
f 2283/6382/207 2284/6381/207 2262/6290/2 2261/6289/2
f 2276/6389/6 2274/6390/6 2272/6391/6 2270/6392/6 2268/6393/6 2266/6394/6 2264/6395/6 2262/6396/6 2284/6397/6 2282/6398/6 2280/6399/6 2278/6400/6
f 2299/6401/214 2300/6402/214 2302/6403/243 2301/6404/243
f 2343/6246/217 2344/6245/217 2346/6168/4 2345/6167/4
f 2309/6405/2 2310/6406/2 2312/6407/224 2311/6408/224
f 2301/6404/243 2302/6403/243 2304/6409/1 2303/6410/1
f 2361/6304/241 2362/6303/241 2364/6364/3 2363/6363/3
f 2387/6411/3 2388/6412/3 2390/6413/244 2389/6414/244
f 2303/6410/1 2304/6409/1 2306/6415/242 2305/6416/242
f 2298/6417/6 2296/6418/6 2294/6419/6 2292/6420/6 2290/6421/6 2288/6422/6 2286/6423/6 2308/6424/6 2306/6425/6 2304/6426/6 2302/6427/6 2300/6428/6
f 2417/6429/4 2418/6430/4 2420/6431/214 2419/6432/214
f 2305/6433/242 2306/6434/242 2308/6435/207 2307/6436/207
f 2321/6360/4 2322/6359/4 2324/6437/214 2323/6438/214
f 2315/6328/3 2316/6327/3 2318/6439/244 2317/6440/244
f 2307/6436/207 2308/6435/207 2286/6348/2 2285/6347/2
f 2295/6441/5 2297/6442/5 2299/6443/5 2301/6444/5 2303/6445/5 2305/6446/5 2307/6447/5 2285/6448/5 2287/6449/5 2289/6450/5 2291/6451/5 2293/6452/5
f 2323/6453/214 2324/6454/214 2326/6455/243 2325/6456/243
f 2333/6457/2 2334/6458/2 2336/6459/224 2335/6460/224
f 2367/6461/217 2368/6462/217 2370/6384/4 2369/6383/4
f 2325/6456/243 2326/6455/243 2328/6463/1 2327/6464/1
f 2411/6465/3 2412/6466/3 2414/6467/244 2413/6468/244
f 2385/6310/241 2386/6309/241 2388/6412/3 2387/6411/3
f 2327/6464/1 2328/6463/1 2330/6469/242 2329/6470/242
f 2441/6471/4 2442/6472/4 2444/6473/214 2443/6474/214
f 2315/6475/5 2317/6476/5 2319/6477/5 2321/6478/5 2323/6479/5 2325/6480/5 2327/6481/5 2329/6482/5 2331/6483/5 2309/6484/5 2311/6485/5 2313/6486/5
f 2329/6487/242 2330/6488/242 2332/6489/207 2331/6490/207
f 2431/6491/224 2432/6492/224 2434/6493/241 2433/6494/241
f 2365/6495/244 2366/6496/244 2368/6462/217 2367/6461/217
f 2331/6490/207 2332/6489/207 2310/6406/2 2309/6405/2
f 2322/6497/6 2320/6498/6 2318/6499/6 2316/6500/6 2314/6501/6 2312/6502/6 2310/6503/6 2332/6504/6 2330/6505/6 2328/6506/6 2326/6507/6 2324/6508/6
f 2347/6509/214 2348/6510/214 2350/6511/243 2349/6512/243
f 2357/6513/2 2358/6514/2 2360/6515/224 2359/6516/224
f 2391/6517/217 2392/6518/217 2394/6356/4 2393/6355/4
f 2349/6512/243 2350/6511/243 2352/6519/1 2351/6520/1
f 2435/6521/3 2436/6522/3 2438/6523/244 2437/6524/244
f 2409/6194/241 2410/6193/241 2412/6466/3 2411/6465/3
f 2351/6520/1 2352/6519/1 2354/6525/242 2353/6526/242
f 2465/6527/4 2466/6528/4 2468/6529/214 2467/6530/214
f 2343/6531/5 2345/6532/5 2347/6533/5 2349/6534/5 2351/6535/5 2353/6536/5 2355/6537/5 2333/6538/5 2335/6539/5 2337/6540/5 2339/6541/5 2341/6542/5
f 2353/6543/242 2354/6544/242 2356/6545/207 2355/6546/207
f 2455/6547/224 2456/6548/224 2458/6549/241 2457/6550/241
f 2389/6551/244 2390/6552/244 2392/6518/217 2391/6517/217
f 2355/6546/207 2356/6545/207 2334/6458/2 2333/6457/2
f 2346/6553/6 2344/6554/6 2342/6555/6 2340/6556/6 2338/6557/6 2336/6558/6 2334/6559/6 2356/6560/6 2354/6561/6 2352/6562/6 2350/6563/6 2348/6564/6
f 2371/6565/214 2372/6566/214 2374/6567/243 2373/6568/243
f 2381/6569/2 2382/6570/2 2384/6571/224 2383/6572/224
f 2415/6573/217 2416/6574/217 2418/6430/4 2417/6429/4
f 2373/6568/243 2374/6567/243 2376/6575/1 2375/6576/1
f 2459/6577/3 2460/6578/3 2462/6579/244 2461/6580/244
f 2433/6494/241 2434/6493/241 2436/6522/3 2435/6521/3
f 2375/6576/1 2376/6575/1 2378/6581/242 2377/6582/242
f 2489/6583/4 2490/6584/4 2492/6585/214 2491/6586/214
f 2367/6587/5 2369/6588/5 2371/6589/5 2373/6590/5 2375/6591/5 2377/6592/5 2379/6593/5 2357/6594/5 2359/6595/5 2361/6596/5 2363/6597/5 2365/6598/5
f 2377/6599/242 2378/6600/242 2380/6601/207 2379/6602/207
f 2479/6603/224 2480/6604/224 2482/6605/241 2481/6606/241
f 2413/6607/244 2414/6608/244 2416/6574/217 2415/6573/217
f 2379/6602/207 2380/6601/207 2358/6514/2 2357/6513/2
f 2370/6609/6 2368/6610/6 2366/6611/6 2364/6612/6 2362/6613/6 2360/6614/6 2358/6615/6 2380/6616/6 2378/6617/6 2376/6618/6 2374/6619/6 2372/6620/6
f 2395/6621/214 2396/6622/214 2398/6623/243 2397/6624/243
f 2405/6625/2 2406/6626/2 2408/6627/224 2407/6628/224
f 2439/6629/217 2440/6630/217 2442/6472/4 2441/6471/4
f 2397/6624/243 2398/6623/243 2400/6631/1 2399/6632/1
f 2483/6633/3 2484/6634/3 2486/6635/244 2485/6636/244
f 2457/6550/241 2458/6549/241 2460/6578/3 2459/6577/3
f 2399/6632/1 2400/6631/1 2402/6637/242 2401/6638/242
f 2513/6639/4 2514/6640/4 2516/6641/214 2515/6642/214
f 2391/6643/5 2393/6644/5 2395/6645/5 2397/6646/5 2399/6647/5 2401/6648/5 2403/6649/5 2381/6650/5 2383/6651/5 2385/6652/5 2387/6653/5 2389/6654/5
f 2401/6655/242 2402/6656/242 2404/6657/207 2403/6658/207
f 2503/6659/224 2504/6660/224 2506/6661/241 2505/6662/241
f 2437/6663/244 2438/6664/244 2440/6630/217 2439/6629/217
f 2403/6658/207 2404/6657/207 2382/6570/2 2381/6569/2
f 2394/6665/6 2392/6666/6 2390/6667/6 2388/6668/6 2386/6669/6 2384/6670/6 2382/6671/6 2404/6672/6 2402/6673/6 2400/6674/6 2398/6675/6 2396/6676/6
f 2419/6677/214 2420/6678/214 2422/6679/243 2421/6680/243
f 2429/6681/2 2430/6682/2 2432/6683/224 2431/6684/224
f 2463/6685/217 2464/6686/217 2466/6528/4 2465/6527/4
f 2421/6680/243 2422/6679/243 2424/6687/1 2423/6688/1
f 2507/6689/3 2508/6690/3 2510/6691/244 2509/6692/244
f 2481/6606/241 2482/6605/241 2484/6634/3 2483/6633/3
f 2423/6688/1 2424/6687/1 2426/6693/242 2425/6694/242
f 2537/6695/4 2538/6696/4 2540/6697/214 2539/6698/214
f 2415/6699/5 2417/6700/5 2419/6701/5 2421/6702/5 2423/6703/5 2425/6704/5 2427/6705/5 2405/6706/5 2407/6707/5 2409/6708/5 2411/6709/5 2413/6710/5
f 2425/6711/242 2426/6712/242 2428/6713/207 2427/6714/207
f 2527/6715/224 2528/6716/224 2530/6717/241 2529/6718/241
f 2461/6719/244 2462/6720/244 2464/6686/217 2463/6685/217
f 2427/6714/207 2428/6713/207 2406/6626/2 2405/6625/2
f 2418/6721/6 2416/6722/6 2414/6723/6 2412/6724/6 2410/6725/6 2408/6726/6 2406/6727/6 2428/6728/6 2426/6729/6 2424/6730/6 2422/6731/6 2420/6732/6
f 2443/6733/214 2444/6734/214 2446/6735/243 2445/6736/243
f 2453/6737/2 2454/6738/2 2456/6739/224 2455/6740/224
f 2487/6741/217 2488/6742/217 2490/6584/4 2489/6583/4
f 2445/6736/243 2446/6735/243 2448/6743/1 2447/6744/1
f 2531/6745/3 2532/6746/3 2534/6747/244 2533/6748/244
f 2505/6662/241 2506/6661/241 2508/6690/3 2507/6689/3
f 2447/6744/1 2448/6743/1 2450/6749/242 2449/6750/242
f 2577/6751/249 2578/6752/249 2576/6753/249 2575/6754/249
f 2439/6755/5 2441/6756/5 2443/6757/5 2445/6758/5 2447/6759/5 2449/6760/5 2451/6761/5 2429/6762/5 2431/6763/5 2433/6764/5 2435/6765/5 2437/6766/5
f 2449/6767/242 2450/6768/242 2452/6769/207 2451/6770/207
f 2554/6771/6 2550/6772/6 2187/6773/6 2552/6774/6
f 2485/6775/244 2486/6776/244 2488/6742/217 2487/6741/217
f 2451/6770/207 2452/6769/207 2430/6682/2 2429/6681/2
f 2442/6777/6 2440/6778/6 2438/6779/6 2436/6780/6 2434/6781/6 2432/6782/6 2430/6783/6 2452/6784/6 2450/6785/6 2448/6786/6 2446/6787/6 2444/6788/6
f 2467/6789/214 2468/6790/214 2470/6791/243 2469/6792/243
f 2477/6793/2 2478/6794/2 2480/6795/224 2479/6796/224
f 2511/6797/217 2512/6798/217 2514/6640/4 2513/6639/4
f 2469/6792/243 2470/6791/243 2472/6799/1 2471/6800/1
f 2562/6801/6 2558/6802/6 2556/6803/6 2560/6804/6
f 2529/6718/241 2530/6717/241 2532/6746/3 2531/6745/3
f 2471/6800/1 2472/6799/1 2474/6805/242 2473/6806/242
f 2549/6807/5 2553/6808/5 2551/6809/5 2188/6810/5
f 2463/6811/5 2465/6812/5 2467/6813/5 2469/6814/5 2471/6815/5 2473/6816/5 2475/6817/5 2453/6818/5 2455/6819/5 2457/6820/5 2459/6821/5 2461/6822/5
f 2473/6823/242 2474/6824/242 2476/6825/207 2475/6826/207
f 2567/6827/86 2568/6828/86 2564/6829/86 2563/6830/86
f 2509/6831/244 2510/6832/244 2512/6798/217 2511/6797/217
f 2475/6826/207 2476/6825/207 2454/6738/2 2453/6737/2
f 2466/6833/6 2464/6834/6 2462/6835/6 2460/6836/6 2458/6837/6 2456/6838/6 2454/6839/6 2476/6840/6 2474/6841/6 2472/6842/6 2470/6843/6 2468/6844/6
f 2491/6845/214 2492/6846/214 2494/6847/243 2493/6848/243
f 2501/6849/2 2502/6850/2 2504/6851/224 2503/6852/224
f 2535/6853/217 2536/6854/217 2538/6696/4 2537/6695/4
f 2493/6848/243 2494/6847/243 2496/6855/1 2495/6856/1
f 2551/6857/86 2552/6858/86 2187/6859/86 2188/6860/86
f 2561/6861/85 2562/6862/85 2560/6863/85 2559/6864/85
f 2495/6856/1 2496/6855/1 2498/6865/242 2497/6866/242
f 2571/6867/250 2572/6868/250 2574/6869/250 2573/6870/250
f 2487/6871/5 2489/6872/5 2491/6873/5 2493/6874/5 2495/6875/5 2497/6876/5 2499/6877/5 2477/6878/5 2479/6879/5 2481/6880/5 2483/6881/5 2485/6882/5
f 2497/6883/242 2498/6884/242 2500/6885/207 2499/6886/207
f 2573/6887/251 2574/6888/251 2578/6889/251 2577/6890/251
f 2533/6891/244 2534/6892/244 2536/6854/217 2535/6853/217
f 2499/6886/207 2500/6885/207 2478/6794/2 2477/6793/2
f 2490/6893/6 2488/6894/6 2486/6895/6 2484/6896/6 2482/6897/6 2480/6898/6 2478/6899/6 2500/6900/6 2498/6901/6 2496/6902/6 2494/6903/6 2492/6904/6
f 2515/6905/214 2516/6906/214 2518/6907/243 2517/6908/243
f 2525/6909/2 2526/6910/2 2528/6911/224 2527/6912/224
f 2570/6913/6 2566/6914/6 2564/6915/6 2568/6916/6
f 2517/6908/243 2518/6907/243 2520/6917/1 2519/6918/1
f 2575/6919/252 2576/6920/252 2572/6921/252 2571/6922/252
f 2555/6923/83 2556/6924/83 2558/6925/83 2557/6926/83
f 2519/6918/1 2520/6917/1 2522/6927/242 2521/6928/242
f 2557/6929/5 2561/6930/5 2559/6931/5 2555/6932/5
f 2511/6933/5 2513/6934/5 2515/6935/5 2517/6936/5 2519/6937/5 2521/6938/5 2523/6939/5 2501/6940/5 2503/6941/5 2505/6942/5 2507/6943/5 2509/6944/5
f 2521/6945/242 2522/6946/242 2524/6947/207 2523/6948/207
f 2557/6949/84 2558/6950/84 2562/6951/84 2561/6952/84
f 2569/6953/85 2570/6954/85 2568/6955/85 2567/6956/85
f 2523/6948/207 2524/6947/207 2502/6850/2 2501/6849/2
f 2514/6957/6 2512/6958/6 2510/6959/6 2508/6960/6 2506/6961/6 2504/6962/6 2502/6963/6 2524/6964/6 2522/6965/6 2520/6966/6 2518/6967/6 2516/6968/6
f 2539/6969/214 2540/6970/214 2542/6971/243 2541/6972/243
f 2553/6973/85 2554/6974/85 2552/6975/85 2551/6976/85
f 2565/6977/84 2566/6978/84 2570/6979/84 2569/6980/84
f 2541/6972/243 2542/6971/243 2544/6981/1 2543/6982/1
f 2549/6983/84 2550/6984/84 2554/6985/84 2553/6986/84
f 2563/6987/83 2564/6988/83 2566/6989/83 2565/6990/83
f 2543/6982/1 2544/6981/1 2546/6991/242 2545/6992/242
f 2188/6993/83 2187/6994/83 2550/6995/83 2549/6996/83
f 2535/6997/5 2537/6998/5 2539/6999/5 2541/7000/5 2543/7001/5 2545/7002/5 2547/7003/5 2525/7004/5 2527/7005/5 2529/7006/5 2531/7007/5 2533/7008/5
f 2545/7009/242 2546/7010/242 2548/7011/207 2547/7012/207
f 2559/7013/86 2560/7014/86 2556/7015/86 2555/7016/86
f 2573/7017/5 2577/7018/5 2575/7019/5 2571/7020/5
f 2547/7012/207 2548/7011/207 2526/6910/2 2525/6909/2
f 2538/7021/6 2536/7022/6 2534/7023/6 2532/7024/6 2530/7025/6 2528/7026/6 2526/7027/6 2548/7028/6 2546/7029/6 2544/7030/6 2542/7031/6 2540/7032/6
f 2578/7033/6 2574/7034/6 2572/7035/6 2576/7036/6
f 2579/7037/250 2580/7038/250 2582/7039/250 2581/7040/250
f 2581/7041/251 2582/7042/251 2586/7043/251 2585/7044/251
f 2585/7045/249 2586/7046/249 2584/7047/249 2583/7048/249
f 2583/7049/252 2584/7050/252 2580/7051/252 2579/7052/252
f 2581/7053/5 2585/7054/5 2583/7055/5 2579/7056/5
f 2586/7057/6 2582/7058/6 2580/7059/6 2584/7060/6
f 2587/7061/250 2588/7062/250 2590/7063/250 2589/7064/250
f 2589/7065/251 2590/7066/251 2594/7067/251 2593/7068/251
f 2593/7069/249 2594/7070/249 2592/7071/249 2591/7072/249
f 2591/7073/252 2592/7074/252 2588/7075/252 2587/7076/252
f 2589/7077/5 2593/7078/5 2591/7079/5 2587/7080/5
f 2594/7081/6 2590/7082/6 2588/7083/6 2592/7084/6
f 2595/7085/253 2596/7086/253 2598/7087/253 2597/7088/253
f 2597/7089/254 2598/7090/254 2602/7091/254 2601/7092/254
f 2601/7093/255 2602/7094/255 2600/7095/255 2599/7096/255
f 2599/7097/256 2600/7098/256 2596/7099/256 2595/7100/256
f 2597/7101/5 2601/7102/5 2599/7103/5 2595/7104/5
f 2602/7105/6 2598/7106/6 2596/7107/6 2600/7108/6
f 2603/7109/253 2604/7110/253 2606/7111/253 2605/7112/253
f 2605/7113/254 2606/7114/254 2610/7115/254 2609/7116/254
f 2609/7117/255 2610/7118/255 2608/7119/255 2607/7120/255
f 2607/7121/256 2608/7122/256 2604/7123/256 2603/7124/256
f 2605/7125/5 2609/7126/5 2607/7127/5 2603/7128/5
f 2610/7129/6 2606/7130/6 2604/7131/6 2608/7132/6
f 2611/7133/253 2612/7134/253 2614/7135/253 2613/7136/253
f 2613/7137/254 2614/7138/254 2618/7139/254 2617/7140/254
f 2617/7141/255 2618/7142/255 2616/7143/255 2615/7144/255
f 2615/7145/256 2616/7146/256 2612/7147/256 2611/7148/256
f 2613/7149/5 2617/7150/5 2615/7151/5 2611/7152/5
f 2618/7153/6 2614/7154/6 2612/7155/6 2616/7156/6
f 2620/7157/3 2622/7158/241 2621/7159/241 2619/7160/3
f 2643/7161/6 2619/7162/6 2621/7163/6
f 2644/7164/5 2622/7165/5 2620/7166/5
f 2622/7158/241 2624/7167/224 2623/7168/224 2621/7159/241
f 2643/7161/6 2621/7163/6 2623/7169/6
f 2644/7164/5 2624/7170/5 2622/7165/5
f 2624/7171/224 2626/7172/2 2625/7173/2 2623/7174/224
f 2643/7161/6 2623/7169/6 2625/7175/6
f 2644/7164/5 2626/7176/5 2624/7170/5
f 2626/7172/2 2628/7177/207 2627/7178/207 2625/7173/2
f 2643/7161/6 2625/7175/6 2627/7179/6
f 2644/7164/5 2628/7180/5 2626/7176/5
f 2628/7177/207 2630/7181/242 2629/7182/242 2627/7178/207
f 2643/7161/6 2627/7179/6 2629/7183/6
f 2644/7164/5 2630/7184/5 2628/7180/5
f 2630/7185/242 2632/7186/1 2631/7187/1 2629/7188/242
f 2643/7161/6 2629/7183/6 2631/7189/6
f 2644/7164/5 2632/7190/5 2630/7184/5
f 2632/7186/1 2634/7191/243 2633/7192/243 2631/7187/1
f 2643/7161/6 2631/7189/6 2633/7193/6
f 2644/7164/5 2634/7194/5 2632/7190/5
f 2634/7191/243 2636/7195/214 2635/7196/214 2633/7192/243
f 2643/7161/6 2633/7193/6 2635/7197/6
f 2644/7164/5 2636/7198/5 2634/7194/5
f 2636/7199/214 2638/7200/4 2637/7201/4 2635/7202/214
f 2643/7161/6 2635/7197/6 2637/7203/6
f 2644/7164/5 2638/7204/5 2636/7198/5
f 2638/7200/4 2640/7205/217 2639/7206/217 2637/7201/4
f 2643/7161/6 2637/7203/6 2639/7207/6
f 2644/7164/5 2640/7208/5 2638/7204/5
f 2640/7205/217 2642/7209/244 2641/7210/244 2639/7206/217
f 2643/7161/6 2639/7207/6 2641/7211/6
f 2644/7164/5 2642/7212/5 2640/7208/5
f 2642/7213/244 2620/7157/3 2619/7160/3 2641/7214/244
f 2643/7161/6 2641/7211/6 2619/7162/6
f 2644/7164/5 2620/7166/5 2642/7212/5
f 2646/7215/257 2648/7216/258 2647/7217/258 2645/7218/257
f 2667/7219/6 2645/7220/6 2647/7221/6
f 2668/7222/5 2648/7223/5 2646/7224/5
f 2648/7225/258 2650/7226/259 2649/7227/259 2647/7228/258
f 2667/7219/6 2647/7221/6 2649/7229/6
f 2668/7222/5 2650/7230/5 2648/7223/5
f 2650/7226/259 2652/7231/260 2651/7232/260 2649/7227/259
f 2667/7219/6 2649/7229/6 2651/7233/6
f 2668/7222/5 2652/7234/5 2650/7230/5
f 2652/7231/260 2654/7235/261 2653/7236/261 2651/7232/260
f 2667/7219/6 2651/7233/6 2653/7237/6
f 2668/7222/5 2654/7238/5 2652/7234/5
f 2654/7239/261 2656/7240/233 2655/7241/233 2653/7242/261
f 2667/7219/6 2653/7237/6 2655/7243/6
f 2668/7222/5 2656/7244/5 2654/7238/5
f 2656/7240/233 2658/7245/262 2657/7246/262 2655/7241/233
f 2667/7219/6 2655/7243/6 2657/7247/6
f 2668/7222/5 2658/7248/5 2656/7244/5
f 2658/7245/262 2660/7249/263 2659/7250/263 2657/7246/262
f 2667/7219/6 2657/7247/6 2659/7251/6
f 2668/7222/5 2660/7252/5 2658/7248/5
f 2660/7253/263 2662/7254/264 2661/7255/264 2659/7256/263
f 2667/7219/6 2659/7251/6 2661/7257/6
f 2668/7222/5 2662/7258/5 2660/7252/5
f 2662/7254/264 2664/7259/265 2663/7260/265 2661/7255/264
f 2667/7219/6 2661/7257/6 2663/7261/6
f 2668/7222/5 2664/7262/5 2662/7258/5
f 2664/7263/265 2666/7264/266 2665/7265/266 2663/7266/265
f 2667/7219/6 2663/7261/6 2665/7267/6
f 2668/7222/5 2666/7268/5 2664/7262/5
f 2667/7269/267 2668/7270/267 2646/7271/267 2645/7272/267
f 2667/7273/268 2665/7274/268 2666/7275/268 2668/7276/268
f 2670/7277/3 2672/7278/241 2671/7279/241 2669/7280/3
f 2693/7281/6 2669/7282/6 2671/7283/6
f 2694/7284/5 2672/7285/5 2670/7286/5
f 2672/7278/241 2674/7287/224 2673/7288/224 2671/7279/241
f 2693/7281/6 2671/7283/6 2673/7289/6
f 2694/7284/5 2674/7290/5 2672/7285/5
f 2674/7291/224 2676/7292/2 2675/7293/2 2673/7294/224
f 2693/7281/6 2673/7289/6 2675/7295/6
f 2694/7284/5 2676/7296/5 2674/7290/5
f 2676/7292/2 2678/7297/207 2677/7298/207 2675/7293/2
f 2693/7281/6 2675/7295/6 2677/7299/6
f 2694/7284/5 2678/7300/5 2676/7296/5
f 2678/7297/207 2680/7301/242 2679/7302/242 2677/7298/207
f 2693/7281/6 2677/7299/6 2679/7303/6
f 2694/7284/5 2680/7304/5 2678/7300/5
f 2680/7305/242 2682/7306/1 2681/7307/1 2679/7308/242
f 2693/7281/6 2679/7303/6 2681/7309/6
f 2694/7284/5 2682/7310/5 2680/7304/5
f 2682/7306/1 2684/7311/243 2683/7312/243 2681/7307/1
f 2693/7281/6 2681/7309/6 2683/7313/6
f 2694/7284/5 2684/7314/5 2682/7310/5
f 2684/7311/243 2686/7315/214 2685/7316/214 2683/7312/243
f 2693/7281/6 2683/7313/6 2685/7317/6
f 2694/7284/5 2686/7318/5 2684/7314/5
f 2686/7319/214 2688/7320/4 2687/7321/4 2685/7322/214
f 2693/7281/6 2685/7317/6 2687/7323/6
f 2694/7284/5 2688/7324/5 2686/7318/5
f 2688/7320/4 2690/7325/217 2689/7326/217 2687/7321/4
f 2693/7281/6 2687/7323/6 2689/7327/6
f 2694/7284/5 2690/7328/5 2688/7324/5
f 2690/7325/217 2692/7329/244 2691/7330/244 2689/7326/217
f 2693/7281/6 2689/7327/6 2691/7331/6
f 2694/7284/5 2692/7332/5 2690/7328/5
f 2692/7333/244 2670/7277/3 2669/7280/3 2691/7334/244
f 2693/7281/6 2691/7331/6 2669/7282/6
f 2694/7284/5 2670/7286/5 2692/7332/5
f 2695/7335/269 2696/7336/269 2698/7337/269 2697/7338/269
f 2697/7339/270 2698/7340/270 2702/7341/270 2701/7342/270
f 2701/7343/271 2702/7344/271 2700/7345/271 2699/7346/271
f 2699/7347/272 2700/7348/272 2696/7349/272 2695/7350/272
f 2697/7351/5 2701/7352/5 2699/7353/5 2695/7354/5
f 2702/7355/6 2698/7356/6 2696/7357/6 2700/7358/6
f 2703/7359/273 2704/7360/273 2706/7361/273 2705/7362/273
f 2705/7363/274 2706/7364/274 2710/7365/274 2709/7366/274
f 2709/7367/275 2710/7368/275 2708/7369/275 2707/7370/275
f 2707/7371/276 2708/7372/276 2704/7373/276 2703/7374/276
f 2705/7375/5 2709/7376/5 2707/7377/5 2703/7378/5
f 2710/7379/6 2706/7380/6 2704/7381/6 2708/7382/6
f 2711/7383/277 2712/7384/277 2714/7385/277 2713/7386/277
f 2713/7387/278 2714/7388/278 2718/7389/278 2717/7390/278
f 2717/7391/279 2718/7392/279 2716/7393/279 2715/7394/279
f 2715/7395/280 2716/7396/280 2712/7397/280 2711/7398/280
f 2713/7399/5 2717/7400/5 2715/7401/5 2711/7402/5
f 2718/7403/6 2714/7404/6 2712/7405/6 2716/7406/6
f 2753/7407/2 2754/7408/2 2758/7409/2 2757/7410/2
f 2743/7411/1 2744/7412/1 2746/7413/1 2745/7414/1
f 2721/7415/281 2722/7416/281 2724/7417/281 2723/7418/281
f 2757/7419/3 2758/7420/3 2756/7421/3 2755/7422/3
f 2742/7423/6 2738/7424/6 2719/7425/6 2740/7426/6
f 2723/7427/282 2724/7428/282 2726/7429/282 2725/7430/282
f 2750/7431/6 2746/7432/6 2744/7433/6 2748/7434/6
f 2737/7435/5 2741/7436/5 2739/7437/5 2720/7438/5
f 2725/7430/283 2726/7429/283 2728/7439/283 2727/7440/283
f 2745/7441/5 2749/7442/5 2747/7443/5 2743/7444/5
f 2739/7445/4 2740/7446/4 2719/7447/4 2720/7448/4
f 2727/7449/284 2728/7450/284 2730/7451/284 2729/7452/284
f 2747/7453/4 2748/7454/4 2744/7455/4 2743/7456/4
f 2741/7457/3 2742/7458/3 2740/7459/3 2739/7460/3
f 2729/7452/285 2730/7451/285 2732/7461/285 2731/7462/285
f 2749/7463/3 2750/7464/3 2748/7465/3 2747/7466/3
f 2737/7467/2 2738/7468/2 2742/7469/2 2741/7470/2
f 2731/7471/286 2732/7472/286 2734/7473/286 2733/7474/286
f 2724/7475/6 2722/7476/6 2736/7477/6 2734/7478/6 2732/7479/6 2730/7480/6 2728/7481/6 2726/7482/6
f 2720/7483/1 2719/7484/1 2738/7485/1 2737/7486/1
f 2733/7474/287 2734/7473/287 2736/7487/287 2735/7488/287
f 2751/7489/1 2752/7490/1 2754/7491/1 2753/7492/1
f 2745/7493/2 2746/7494/2 2750/7495/2 2749/7496/2
f 2735/7497/288 2736/7498/288 2722/7416/288 2721/7415/288
f 2721/7499/5 2723/7500/5 2725/7501/5 2727/7502/5 2729/7503/5 2731/7504/5 2733/7505/5 2735/7506/5
f 2755/7507/4 2756/7508/4 2752/7509/4 2751/7510/4
f 2753/7511/5 2757/7512/5 2755/7513/5 2751/7514/5
f 2758/7515/6 2754/7516/6 2752/7517/6 2756/7518/6
f 2793/7519/2 2794/7520/2 2798/7521/2 2797/7522/2
f 2783/7523/1 2784/7524/1 2786/7525/1 2785/7526/1
f 2761/7527/281 2762/7528/281 2764/7529/281 2763/7530/281
f 2797/7531/3 2798/7532/3 2796/7533/3 2795/7534/3
f 2782/7535/6 2778/7536/6 2759/7537/6 2780/7538/6
f 2763/7539/282 2764/7540/282 2766/7541/282 2765/7542/282
f 2790/7543/6 2786/7544/6 2784/7545/6 2788/7546/6
f 2777/7547/5 2781/7548/5 2779/7549/5 2760/7550/5
f 2765/7542/283 2766/7541/283 2768/7551/283 2767/7552/283
f 2785/7553/5 2789/7554/5 2787/7555/5 2783/7556/5
f 2779/7557/4 2780/7558/4 2759/7559/4 2760/7560/4
f 2767/7561/284 2768/7562/284 2770/7563/284 2769/7564/284
f 2787/7565/4 2788/7566/4 2784/7567/4 2783/7568/4
f 2781/7569/3 2782/7570/3 2780/7571/3 2779/7572/3
f 2769/7564/285 2770/7563/285 2772/7573/285 2771/7574/285
f 2789/7575/3 2790/7576/3 2788/7577/3 2787/7578/3
f 2777/7579/2 2778/7580/2 2782/7581/2 2781/7582/2
f 2771/7583/286 2772/7584/286 2774/7585/286 2773/7586/286
f 2764/7587/6 2762/7588/6 2776/7589/6 2774/7590/6 2772/7591/6 2770/7592/6 2768/7593/6 2766/7594/6
f 2760/7595/1 2759/7596/1 2778/7597/1 2777/7598/1
f 2773/7586/287 2774/7585/287 2776/7599/287 2775/7600/287
f 2791/7601/1 2792/7602/1 2794/7603/1 2793/7604/1
f 2785/7605/2 2786/7606/2 2790/7607/2 2789/7608/2
f 2775/7609/288 2776/7610/288 2762/7528/288 2761/7527/288
f 2761/7611/5 2763/7612/5 2765/7613/5 2767/7614/5 2769/7615/5 2771/7616/5 2773/7617/5 2775/7618/5
f 2795/7619/4 2796/7620/4 2792/7621/4 2791/7622/4
f 2793/7623/5 2797/7624/5 2795/7625/5 2791/7626/5
f 2798/7627/6 2794/7628/6 2792/7629/6 2796/7630/6
f 2799/7631/289 2800/7632/289 2802/7633/289 2801/7634/289
f 2801/7635/290 2802/7636/290 2806/7637/290 2805/7638/290
f 2805/7639/291 2806/7640/291 2804/7641/291 2803/7642/291
f 2803/7643/292 2804/7644/292 2800/7645/292 2799/7646/292
f 2801/7647/5 2805/7648/5 2803/7649/5 2799/7650/5
f 2806/7651/6 2802/7652/6 2800/7653/6 2804/7654/6
f 2880/7655/5 2866/7656/5 2864/7657/5
f 2879/7658/6 2859/7659/6 2861/7660/6
f 2809/7661/290 2810/7662/290 2812/7663/293 2811/7664/293
f 2858/7665/241 2860/7666/224 2859/7667/224 2857/7668/241
f 2868/7669/1 2870/7670/243 2869/7671/243 2867/7672/1
f 2811/7673/293 2812/7674/293 2814/7675/294 2813/7676/294
f 2879/7658/6 2857/7677/6 2859/7659/6
f 2837/7678/294 2838/7679/294 2840/7680/5 2839/7681/5
f 2813/7676/294 2814/7675/294 2816/7682/5 2815/7683/5
f 2866/7684/242 2868/7669/1 2867/7672/1 2865/7685/242
f 2880/7655/5 2862/7686/5 2860/7687/5
f 2815/7683/5 2816/7682/5 2818/7688/295 2817/7689/295
f 2843/7690/296 2844/7691/296 2846/7692/292 2845/7693/292
f 2879/7658/6 2867/7694/6 2869/7695/6
f 2817/7689/295 2818/7688/295 2820/7696/296 2819/7697/296
f 2880/7655/5 2860/7687/5 2858/7698/5
f 2835/7699/293 2836/7700/293 2838/7679/294 2837/7678/294
f 2819/7701/296 2820/7702/296 2822/7703/292 2821/7704/292
f 2879/7658/6 2865/7705/6 2867/7694/6
f 2862/7706/2 2864/7707/207 2863/7708/207 2861/7709/2
f 2821/7704/292 2822/7703/292 2824/7710/297 2823/7711/297
f 2841/7712/295 2842/7713/295 2844/7714/296 2843/7715/296
f 2879/7658/6 2869/7695/6 2871/7716/6
f 2823/7717/297 2824/7718/297 2826/7719/298 2825/7720/298
f 2860/7721/224 2862/7706/2 2861/7709/2 2859/7722/224
f 2833/7723/290 2834/7724/290 2836/7725/293 2835/7726/293
f 2825/7720/298 2826/7719/298 2828/7727/6 2827/7728/6
f 2880/7655/5 2868/7729/5 2866/7656/5
f 2879/7658/6 2861/7660/6 2863/7730/6
f 2827/7728/6 2828/7727/6 2830/7731/299 2829/7732/299
f 2812/7733/291 2810/7734/291 2832/7735/291 2830/7736/291 2828/7737/291 2826/7738/291 2824/7739/291 2822/7740/291 2820/7741/291 2818/7742/291 2816/7743/291 2814/7744/291
f 2870/7670/243 2872/7745/214 2871/7746/214 2869/7671/243
f 2829/7732/299 2830/7731/299 2832/7747/300 2831/7748/300
f 2845/7693/292 2846/7692/292 2848/7749/297 2847/7750/297
f 2839/7681/5 2840/7680/5 2842/7713/295 2841/7712/295
f 2831/7751/300 2832/7752/300 2810/7662/290 2809/7661/290
f 2809/7753/289 2811/7754/289 2813/7755/289 2815/7756/289 2817/7757/289 2819/7758/289 2821/7759/289 2823/7760/289 2825/7761/289 2827/7762/289 2829/7763/289 2831/7764/289
f 2847/7765/297 2848/7766/297 2850/7767/298 2849/7768/298
f 2879/7658/6 2863/7730/6 2865/7705/6
f 2880/7655/5 2858/7698/5 2808/7769/5
f 2849/7768/298 2850/7767/298 2852/7770/6 2851/7771/6
f 2864/7707/207 2866/7772/242 2865/7773/242 2863/7708/207
f 2879/7658/6 2807/7774/6 2857/7677/6
f 2851/7771/6 2852/7770/6 2854/7775/299 2853/7776/299
f 2842/7777/291 2840/7778/291 2838/7779/291 2836/7780/291 2834/7781/291 2856/7782/291 2854/7783/291 2852/7784/291 2850/7785/291 2848/7786/291 2846/7787/291 2844/7788/291
f 2808/7789/3 2858/7665/241 2857/7668/241 2807/7790/3
f 2853/7776/299 2854/7775/299 2856/7791/300 2855/7792/300
f 2880/7655/5 2870/7793/5 2868/7729/5
f 2880/7655/5 2864/7657/5 2862/7686/5
f 2855/7794/300 2856/7795/300 2834/7724/290 2833/7723/290
f 2847/7796/289 2849/7797/289 2851/7798/289 2853/7799/289 2855/7800/289 2833/7801/289 2835/7802/289 2837/7803/289 2839/7804/289 2841/7805/289 2843/7806/289 2845/7807/289
f 2880/7655/5 2872/7808/5 2870/7793/5
f 2872/7809/214 2874/7810/4 2873/7811/4 2871/7812/214
f 2879/7658/6 2871/7716/6 2873/7813/6
f 2880/7655/5 2874/7814/5 2872/7808/5
f 2874/7810/4 2876/7815/217 2875/7816/217 2873/7811/4
f 2879/7658/6 2873/7813/6 2875/7817/6
f 2880/7655/5 2876/7818/5 2874/7814/5
f 2876/7815/217 2878/7819/244 2877/7820/244 2875/7816/217
f 2879/7658/6 2875/7817/6 2877/7821/6
f 2880/7655/5 2878/7822/5 2876/7818/5
f 2878/7823/244 2808/7789/3 2807/7790/3 2877/7824/244
f 2879/7658/6 2877/7821/6 2807/7774/6
f 2880/7655/5 2808/7769/5 2878/7822/5
f 2881/7825/1 2882/7826/1 2884/7827/1 2883/7828/1
f 2883/7829/2 2884/7830/2 2888/7831/2 2887/7832/2
f 2887/7833/3 2888/7834/3 2886/7835/3 2885/7836/3
f 2885/7837/4 2886/7838/4 2882/7839/4 2881/7840/4
f 2883/7841/5 2887/7842/5 2885/7843/5 2881/7844/5
f 2888/7845/6 2884/7846/6 2882/7847/6 2886/7848/6
f 2889/7849/1 2890/7850/1 2892/7851/1 2891/7852/1
f 2891/7853/2 2892/7854/2 2896/7855/2 2895/7856/2
f 2895/7857/3 2896/7858/3 2894/7859/3 2893/7860/3
f 2893/7861/4 2894/7862/4 2890/7863/4 2889/7864/4
f 2891/7865/5 2895/7866/5 2893/7867/5 2889/7868/5
f 2896/7869/6 2892/7870/6 2890/7871/6 2894/7872/6
f 2897/7873/1 2898/7874/1 2900/7875/1 2899/7876/1
f 2899/7877/2 2900/7878/2 2904/7879/2 2903/7880/2
f 2903/7881/3 2904/7882/3 2902/7883/3 2901/7884/3
f 2901/7885/4 2902/7886/4 2898/7887/4 2897/7888/4
f 2899/7889/5 2903/7890/5 2901/7891/5 2897/7892/5
f 2904/7893/6 2900/7894/6 2898/7895/6 2902/7896/6
f 2905/7897/1 2906/7898/1 2908/7899/1 2907/7900/1
f 2907/7901/2 2908/7902/2 2912/7903/2 2911/7904/2
f 2911/7905/3 2912/7906/3 2910/7907/3 2909/7908/3
f 2909/7909/4 2910/7910/4 2906/7911/4 2905/7912/4
f 2907/7913/5 2911/7914/5 2909/7915/5 2905/7916/5
f 2912/7917/6 2908/7918/6 2906/7919/6 2910/7920/6
f 2913/7921/1 2914/7922/1 2916/7923/1 2915/7924/1
f 2915/7925/2 2916/7926/2 2920/7927/2 2919/7928/2
f 2919/7929/3 2920/7930/3 2918/7931/3 2917/7932/3
f 2917/7933/4 2918/7934/4 2914/7935/4 2913/7936/4
f 2915/7937/5 2919/7938/5 2917/7939/5 2913/7940/5
f 2920/7941/6 2916/7942/6 2914/7943/6 2918/7944/6
f 2921/7945/224 2922/7946/224 2924/7947/224 2923/7948/224
f 2923/7949/3 2924/7950/3 2926/7951/3 2925/7952/3
f 2933/7953/224 2934/7954/224 2936/7955/224 2935/7956/224
f 2925/7957/217 2926/7958/217 2928/7959/217 2927/7960/217
f 2927/7960/214 2928/7959/214 2930/7961/214 2929/7962/214
f 2924/7963/6 2922/7964/6 2932/7965/6 2930/7966/6 2928/7967/6 2926/7968/6
f 2929/7969/1 2930/7970/1 2932/7971/1 2931/7972/1
f 2937/7973/217 2938/7974/217 2940/7975/217 2939/7976/217
f 2935/7977/3 2936/7978/3 2938/7979/3 2937/7980/3
f 2931/7981/207 2932/7982/207 2922/7946/207 2921/7945/207
f 2921/7983/5 2923/7984/5 2925/7985/5 2927/7986/5 2929/7987/5 2931/7988/5
f 2939/7976/214 2940/7975/214 2942/7989/214 2941/7990/214
f 2938/7991/6 2936/7992/6 2934/7993/6 2944/7994/6 2942/7995/6 2940/7996/6
f 2941/7997/1 2942/7998/1 2944/7999/1 2943/8000/1
f 2943/8001/207 2944/8002/207 2934/7954/207 2933/7953/207
f 2939/8003/5 2941/8004/5 2943/8005/5 2933/8006/5 2935/8007/5 2937/8008/5
f 2946/8009/3 2945/8010/3 2948/8011/3
f 2948/8011/3 2947/8012/3 2946/8009/3
f 2957/8013/3 2954/8014/3 2953/8015/3
f 2958/8016/3 2957/8013/3 2953/8015/3
f 2953/8015/3 2950/8017/3 2958/8016/3
f 2950/8017/3 2949/8018/3 2958/8016/3
f 2954/8014/3 2957/8013/3 2956/8019/3
f 2956/8019/3 2955/8020/3 2954/8014/3
f 2950/8017/3 2953/8015/3 2952/8021/3
f 2952/8021/3 2951/8022/3 2950/8017/3
f 2960/8023/3 2959/8024/3 2949/8018/3
f 2958/8016/3 2949/8018/3 2959/8024/3
f 2972/8025/3 2971/8026/3 2970/8027/3
f 2968/8028/3 2973/8029/3 2969/8030/3
f 2972/8025/3 2970/8027/3 2969/8030/3
f 2969/8030/3 2973/8029/3 2972/8025/3
f 2976/8031/3 2964/8032/3 2977/8033/3
f 2978/8034/3 2977/8033/3 2964/8032/3
f 2964/8032/3 2963/8035/3 2978/8034/3
f 2975/8036/3 2967/8037/3 2966/8038/3
f 2967/8037/3 2975/8036/3 2974/8039/3
f 2975/8036/3 2966/8038/3 2965/8040/3
f 2982/8041/3 2981/8042/3 2961/8043/3
f 2981/8042/3 2980/8044/3 2961/8043/3
f 2962/8045/3 2961/8043/3 2980/8044/3
f 2979/8046/3 2962/8045/3 2980/8044/3
f 2967/8037/3 2974/8039/3 2968/8028/3
f 2973/8029/3 2968/8028/3 2974/8039/3
f 2975/8036/3 2965/8040/3 2976/8031/3
f 2964/8032/3 2976/8031/3 2965/8040/3
f 2962/8045/3 2979/8046/3 2963/8035/3
f 2978/8034/3 2963/8035/3 2979/8046/3
f 2987/8047/3 2986/8048/3 2985/8049/3
f 2985/8049/3 2993/8050/3 2987/8047/3
f 2993/8050/3 2988/8051/3 2987/8047/3
f 2989/8052/3 2992/8053/3 2991/8054/3
f 2984/8055/3 2983/8056/3 2990/8057/3
f 2984/8055/3 2990/8057/3 2991/8054/3
f 2989/8052/3 2991/8054/3 2990/8057/3
f 2984/8055/3 2991/8054/3 2985/8049/3
f 2993/8050/3 2985/8049/3 2991/8054/3
f 2988/8051/3 2993/8050/3 2992/8053/3
f 2992/8053/3 2989/8052/3 2988/8051/3
f 3006/8058/3 3005/8059/3 2997/8060/3
f 2997/8060/3 3007/8061/3 3006/8058/3
f 2995/8062/3 3008/8063/3 2996/8064/3
f 3004/8065/3 2998/8066/3 3005/8059/3
f 2997/8060/3 3005/8059/3 2998/8066/3
f 3007/8061/3 2997/8060/3 2996/8064/3
f 2996/8064/3 3008/8063/3 3007/8061/3
f 3000/8067/3 2999/8068/3 3003/8069/3
f 3003/8069/3 3002/8070/3 3000/8067/3
f 3002/8070/3 3001/8071/3 3000/8067/3
f 3011/8072/3 3010/8073/3 2994/8074/3
f 3009/8075/3 2994/8074/3 3010/8073/3
f 3003/8069/3 2999/8068/3 3004/8065/3
f 2998/8066/3 3004/8065/3 2999/8068/3
f 2994/8074/3 3009/8075/3 2995/8062/3
f 3008/8063/3 2995/8062/3 3009/8075/3
f 3023/8076/3 3022/8077/3 3021/8078/3
f 3019/8079/3 3024/8080/3 3020/8081/3
f 3023/8076/3 3021/8078/3 3020/8081/3
f 3020/8081/3 3024/8080/3 3023/8076/3
f 3027/8082/3 3015/8083/3 3028/8084/3
f 3029/8085/3 3028/8084/3 3015/8083/3
f 3015/8083/3 3014/8086/3 3029/8085/3
f 3026/8087/3 3018/8088/3 3017/8089/3
f 3018/8088/3 3026/8087/3 3025/8090/3
f 3026/8087/3 3017/8089/3 3016/8091/3
f 3033/8092/3 3032/8093/3 3012/8094/3
f 3032/8093/3 3031/8095/3 3012/8094/3
f 3013/8096/3 3012/8094/3 3031/8095/3
f 3030/8097/3 3013/8096/3 3031/8095/3
f 3018/8088/3 3025/8090/3 3019/8079/3
f 3024/8080/3 3019/8079/3 3025/8090/3
f 3026/8087/3 3016/8091/3 3027/8082/3
f 3015/8083/3 3027/8082/3 3016/8091/3
f 3013/8096/3 3030/8097/3 3014/8086/3
f 3029/8085/3 3014/8086/3 3030/8097/3
f 3035/8098/3 3034/8099/3 3037/8100/3
f 3037/8100/3 3036/8101/3 3035/8098/3
f 3052/8102/3 3051/8103/3 3050/8104/3
f 3050/8104/3 3061/8105/3 3052/8102/3
f 3053/8106/3 3052/8102/3 3061/8105/3
f 3061/8105/3 3060/8107/3 3053/8106/3
f 3055/8108/3 3049/8109/3 3048/8110/3
f 3058/8111/3 3054/8112/3 3059/8113/3
f 3061/8105/3 3050/8104/3 3049/8109/3
f 3049/8109/3 3055/8108/3 3061/8105/3
f 3059/8113/3 3054/8112/3 3060/8107/3
f 3053/8106/3 3060/8107/3 3054/8112/3
f 3045/8114/3 3044/8115/3 3046/8116/3
f 3044/8115/3 3043/8117/3 3046/8116/3
f 3046/8116/3 3043/8117/3 3047/8118/3
f 3042/8119/3 3047/8118/3 3043/8117/3
f 3056/8120/3 3041/8121/3 3040/8122/3
f 3057/8123/3 3056/8120/3 3040/8122/3
f 3040/8122/3 3039/8124/3 3057/8123/3
f 3038/8125/3 3057/8123/3 3039/8124/3
f 3047/8118/3 3042/8119/3 3048/8110/3
f 3042/8119/3 3041/8121/3 3048/8110/3
f 3055/8108/3 3048/8110/3 3041/8121/3
f 3041/8121/3 3056/8120/3 3055/8108/3
f 3057/8123/3 3038/8125/3 3058/8111/3
f 3054/8112/3 3058/8111/3 3038/8125/3
f 3076/8126/3 3075/8127/3 3074/8128/3
f 3074/8128/3 3085/8129/3 3076/8126/3
f 3077/8130/3 3076/8126/3 3085/8129/3
f 3085/8129/3 3084/8131/3 3077/8130/3
f 3079/8132/3 3073/8133/3 3072/8134/3
f 3082/8135/3 3078/8136/3 3083/8137/3
f 3085/8129/3 3074/8128/3 3073/8133/3
f 3073/8133/3 3079/8132/3 3085/8129/3
f 3083/8137/3 3078/8136/3 3084/8131/3
f 3077/8130/3 3084/8131/3 3078/8136/3
f 3069/8138/3 3068/8139/3 3070/8140/3
f 3068/8139/3 3067/8141/3 3070/8140/3
f 3070/8140/3 3067/8141/3 3071/8142/3
f 3066/8143/3 3071/8142/3 3067/8141/3
f 3080/8144/3 3065/8145/3 3064/8146/3
f 3081/8147/3 3080/8144/3 3064/8146/3
f 3064/8146/3 3063/8148/3 3081/8147/3
f 3062/8149/3 3081/8147/3 3063/8148/3
f 3071/8142/3 3066/8143/3 3072/8134/3
f 3066/8143/3 3065/8145/3 3072/8134/3
f 3079/8132/3 3072/8134/3 3065/8145/3
f 3065/8145/3 3080/8144/3 3079/8132/3
f 3081/8147/3 3062/8149/3 3082/8135/3
f 3078/8136/3 3082/8135/3 3062/8149/3
f 3090/8150/3 3089/8151/3 3092/8152/3
f 3087/8153/3 3095/8154/3 3088/8155/3
f 3095/8154/3 3094/8156/3 3088/8155/3
f 3094/8156/3 3093/8157/3 3088/8155/3
f 3089/8151/3 3088/8155/3 3093/8157/3
f 3092/8152/3 3089/8151/3 3093/8157/3
f 3090/8150/3 3092/8152/3 3091/8158/3
f 3103/8159/3 3102/8160/3 3100/8161/3
f 3101/8162/3 3100/8161/3 3102/8160/3
f 3098/8163/3 3097/8164/3 3086/8165/3
f 3099/8166/3 3098/8163/3 3086/8165/3
f 3086/8165/3 3103/8159/3 3099/8166/3
f 3103/8159/3 3100/8161/3 3099/8166/3
f 3086/8165/3 3097/8164/3 3087/8153/3
f 3097/8164/3 3096/8167/3 3087/8153/3
f 3095/8154/3 3087/8153/3 3096/8167/3
f 3109/8168/3 3108/8169/3 3107/8170/3
f 3111/8171/3 3110/8172/3 3104/8173/3
f 3107/8170/3 3106/8174/3 3105/8175/3
f 3105/8175/3 3104/8173/3 3107/8170/3
f 3104/8173/3 3110/8172/3 3107/8170/3
f 3109/8168/3 3107/8170/3 3110/8172/3
f 3113/8176/1 3115/8177/1 3112/8178/1
f 3115/8177/1 3113/8176/1 3114/8179/1
f 3124/8180/1 3120/8181/1 3121/8182/1
f 3125/8183/1 3120/8181/1 3124/8180/1
f 3120/8181/1 3125/8183/1 3117/8184/1
f 3117/8184/1 3125/8183/1 3116/8185/1
f 3121/8182/1 3123/8186/1 3124/8180/1
f 3123/8186/1 3121/8182/1 3122/8187/1
f 3117/8184/1 3119/8188/1 3120/8181/1
f 3119/8188/1 3117/8184/1 3118/8189/1
f 3127/8190/1 3116/8185/1 3126/8191/1
f 3125/8183/1 3126/8191/1 3116/8185/1
f 3139/8192/1 3137/8193/1 3138/8194/1
f 3135/8195/1 3136/8196/1 3140/8197/1
f 3139/8192/1 3136/8196/1 3137/8193/1
f 3136/8196/1 3139/8192/1 3140/8197/1
f 3143/8198/1 3144/8199/1 3131/8200/1
f 3145/8201/1 3131/8200/1 3144/8199/1
f 3131/8200/1 3145/8201/1 3130/8202/1
f 3142/8203/1 3133/8204/1 3134/8205/1
f 3134/8205/1 3141/8206/1 3142/8203/1
f 3142/8203/1 3132/8207/1 3133/8204/1
f 3149/8208/1 3128/8209/1 3148/8210/1
f 3148/8210/1 3128/8209/1 3147/8211/1
f 3129/8212/1 3147/8211/1 3128/8209/1
f 3146/8213/1 3147/8211/1 3129/8212/1
f 3134/8205/1 3135/8195/1 3141/8206/1
f 3140/8197/1 3141/8206/1 3135/8195/1
f 3142/8203/1 3143/8198/1 3132/8207/1
f 3131/8200/1 3132/8207/1 3143/8198/1
f 3129/8212/1 3130/8202/1 3146/8213/1
f 3145/8201/1 3146/8213/1 3130/8202/1
f 3154/8214/1 3152/8215/1 3153/8216/1
f 3152/8215/1 3154/8214/1 3160/8217/1
f 3160/8217/1 3154/8214/1 3155/8218/1
f 3156/8219/1 3158/8220/1 3159/8221/1
f 3151/8222/1 3157/8223/1 3150/8224/1
f 3151/8222/1 3158/8220/1 3157/8223/1
f 3156/8219/1 3157/8223/1 3158/8220/1
f 3151/8222/1 3152/8215/1 3158/8220/1
f 3160/8217/1 3158/8220/1 3152/8215/1
f 3155/8218/1 3159/8221/1 3160/8217/1
f 3159/8221/1 3155/8218/1 3156/8219/1
f 3173/8225/1 3164/8226/1 3172/8227/1
f 3164/8226/1 3173/8225/1 3174/8228/1
f 3162/8229/1 3163/8230/1 3175/8231/1
f 3171/8232/1 3172/8227/1 3165/8233/1
f 3164/8226/1 3165/8233/1 3172/8227/1
f 3174/8228/1 3163/8230/1 3164/8226/1
f 3163/8230/1 3174/8228/1 3175/8231/1
f 3167/8234/1 3170/8235/1 3166/8236/1
f 3170/8235/1 3167/8234/1 3169/8237/1
f 3169/8237/1 3167/8234/1 3168/8238/1
f 3178/8239/1 3161/8240/1 3177/8241/1
f 3176/8242/1 3177/8241/1 3161/8240/1
f 3170/8235/1 3171/8232/1 3166/8236/1
f 3165/8233/1 3166/8236/1 3171/8232/1
f 3161/8240/1 3162/8229/1 3176/8242/1
f 3175/8231/1 3176/8242/1 3162/8229/1
f 3190/8243/1 3188/8244/1 3189/8245/1
f 3186/8246/1 3187/8247/1 3191/8248/1
f 3190/8243/1 3187/8247/1 3188/8244/1
f 3187/8247/1 3190/8243/1 3191/8248/1
f 3194/8249/1 3195/8250/1 3182/8251/1
f 3196/8252/1 3182/8251/1 3195/8250/1
f 3182/8251/1 3196/8252/1 3181/8253/1
f 3193/8254/1 3184/8255/1 3185/8256/1
f 3185/8256/1 3192/8257/1 3193/8254/1
f 3193/8254/1 3183/8258/1 3184/8255/1
f 3200/8259/1 3179/8260/1 3199/8261/1
f 3199/8261/1 3179/8260/1 3198/8262/1
f 3180/8263/1 3198/8262/1 3179/8260/1
f 3197/8264/1 3198/8262/1 3180/8263/1
f 3185/8256/1 3186/8246/1 3192/8257/1
f 3191/8248/1 3192/8257/1 3186/8246/1
f 3193/8254/1 3194/8249/1 3183/8258/1
f 3182/8251/1 3183/8258/1 3194/8249/1
f 3180/8263/1 3181/8253/1 3197/8264/1
f 3196/8252/1 3197/8264/1 3181/8253/1
f 3202/8265/1 3204/8266/1 3201/8267/1
f 3204/8266/1 3202/8265/1 3203/8268/1
f 3219/8269/1 3217/8270/1 3218/8271/1
f 3217/8270/1 3219/8269/1 3228/8272/1
f 3220/8273/1 3228/8272/1 3219/8269/1
f 3228/8272/1 3220/8273/1 3227/8274/1
f 3222/8275/1 3215/8276/1 3216/8277/1
f 3225/8278/1 3226/8279/1 3221/8280/1
f 3228/8272/1 3216/8277/1 3217/8270/1
f 3216/8277/1 3228/8272/1 3222/8275/1
f 3226/8279/1 3227/8274/1 3221/8280/1
f 3220/8273/1 3221/8280/1 3227/8274/1
f 3212/8281/1 3213/8282/1 3211/8283/1
f 3211/8283/1 3213/8282/1 3210/8284/1
f 3213/8282/1 3214/8285/1 3210/8284/1
f 3209/8286/1 3210/8284/1 3214/8285/1
f 3223/8287/1 3207/8288/1 3208/8289/1
f 3224/8290/1 3207/8288/1 3223/8287/1
f 3207/8288/1 3224/8290/1 3206/8291/1
f 3205/8292/1 3206/8291/1 3224/8290/1
f 3214/8285/1 3215/8276/1 3209/8286/1
f 3209/8286/1 3215/8276/1 3208/8289/1
f 3222/8275/1 3208/8289/1 3215/8276/1
f 3208/8289/1 3222/8275/1 3223/8287/1
f 3224/8290/1 3225/8278/1 3205/8292/1
f 3221/8280/1 3205/8292/1 3225/8278/1
f 3243/8293/1 3241/8294/1 3242/8295/1
f 3241/8294/1 3243/8293/1 3252/8296/1
f 3244/8297/1 3252/8296/1 3243/8293/1
f 3252/8296/1 3244/8297/1 3251/8298/1
f 3246/8299/1 3239/8300/1 3240/8301/1
f 3249/8302/1 3250/8303/1 3245/8304/1
f 3252/8296/1 3240/8301/1 3241/8294/1
f 3240/8301/1 3252/8296/1 3246/8299/1
f 3250/8303/1 3251/8298/1 3245/8304/1
f 3244/8297/1 3245/8304/1 3251/8298/1
f 3236/8305/1 3237/8306/1 3235/8307/1
f 3235/8307/1 3237/8306/1 3234/8308/1
f 3237/8306/1 3238/8309/1 3234/8308/1
f 3233/8310/1 3234/8308/1 3238/8309/1
f 3247/8311/1 3231/8312/1 3232/8313/1
f 3248/8314/1 3231/8312/1 3247/8311/1
f 3231/8312/1 3248/8314/1 3230/8315/1
f 3229/8316/1 3230/8315/1 3248/8314/1
f 3238/8309/1 3239/8300/1 3233/8310/1
f 3233/8310/1 3239/8300/1 3232/8313/1
f 3246/8299/1 3232/8313/1 3239/8300/1
f 3232/8313/1 3246/8299/1 3247/8311/1
f 3248/8314/1 3249/8302/1 3229/8316/1
f 3245/8304/1 3229/8316/1 3249/8302/1
f 3257/8317/1 3259/8318/1 3256/8319/1
f 3254/8320/1 3255/8321/1 3262/8322/1
f 3262/8322/1 3255/8321/1 3261/8323/1
f 3261/8323/1 3255/8321/1 3260/8324/1
f 3256/8319/1 3260/8324/1 3255/8321/1
f 3259/8318/1 3260/8324/1 3256/8319/1
f 3257/8317/1 3258/8325/1 3259/8318/1
f 3270/8326/1 3267/8327/1 3269/8328/1
f 3268/8329/1 3269/8328/1 3267/8327/1
f 3265/8330/1 3253/8331/1 3264/8332/1
f 3266/8333/1 3253/8331/1 3265/8330/1
f 3253/8331/1 3266/8333/1 3270/8326/1
f 3270/8326/1 3266/8333/1 3267/8327/1
f 3253/8331/1 3254/8320/1 3264/8332/1
f 3264/8332/1 3254/8320/1 3263/8334/1
f 3262/8322/1 3263/8334/1 3254/8320/1
f 3276/8335/1 3274/8336/1 3275/8337/1
f 3278/8338/1 3271/8339/1 3277/8340/1
f 3274/8336/1 3272/8341/1 3273/8342/1
f 3272/8341/1 3274/8336/1 3271/8339/1
f 3271/8339/1 3274/8336/1 3277/8340/1
f 3276/8335/1 3277/8340/1 3274/8336/1
f 3280/8343/2 3282/8344/2 3281/8345/2 3279/8346/2
f 3282/8347/5 3284/8348/5 3283/8349/5 3281/8350/5
f 3284/8351/4 3286/8352/4 3285/8353/4 3283/8354/4
f 3286/8355/5 3288/8356/5 3287/8357/5 3285/8358/5
f 3288/8359/4 3290/8360/4 3289/8361/4 3287/8362/4
f 3290/8363/6 3292/8364/6 3291/8365/6 3289/8366/6
f 3292/8367/2 3294/8368/2 3293/8369/2 3291/8370/2
f 3294/8371/5 3280/8372/5 3279/8373/5 3293/8374/5
f 3296/8375/301 3298/8376/301 3297/8377/301 3295/8378/301
f 3298/8376/302 3300/8379/302 3299/8380/302 3297/8377/302
f 3300/8381/303 3302/8382/304 3301/8383/304 3299/8384/303
f 3302/8382/304 3304/8385/4 3303/8386/4 3301/8383/304
f 3304/8387/6 3306/8388/6 3305/8389/6 3303/8390/6
f 3306/8391/2 3308/8392/305 3307/8393/305 3305/8394/2
f 3308/8392/305 3310/8395/306 3309/8396/306 3307/8393/305
f 3310/8395/306 3312/8397/307 3311/8398/307 3309/8396/306
f 3312/8399/307 3314/8400/308 3313/8401/308 3311/8402/307
f 3314/8400/308 3316/8403/309 3315/8404/309 3313/8401/308
f 3316/8403/309 3318/8405/310 3317/8406/310 3315/8404/309
f 3318/8405/310 3320/8407/311 3319/8408/311 3317/8406/310
f 3320/8409/311 3322/8410/312 3321/8411/312 3319/8412/311
f 3322/8410/312 3324/8413/313 3323/8414/313 3321/8411/312
f 3324/8413/313 3326/8415/4 3325/8416/4 3323/8414/313
f 3326/8417/6 3328/8418/6 3327/8419/6 3325/8420/6
f 3328/8421/2 3330/8422/314 3329/8423/314 3327/8424/2
f 3330/8422/314 3296/8425/315 3295/8426/315 3329/8423/314
f 3332/8427/316 3334/8428/316 3333/8429/316 3331/8430/316
f 3334/8428/317 3336/8431/317 3335/8432/317 3333/8429/317
f 3336/8433/318 3338/8434/318 3337/8435/318 3335/8436/318
f 3338/8437/319 3340/8438/320 3339/8439/320 3337/8440/319
f 3340/8441/320 3342/8442/321 3341/8443/321 3339/8444/320
f 3342/8442/321 3344/8445/322 3343/8446/322 3341/8443/321
f 3344/8445/322 3346/8447/323 3345/8448/323 3343/8446/322
f 3346/8449/5 3348/8450/5 3347/8451/5 3345/8452/5
f 3348/8453/324 3350/8454/325 3349/8455/325 3347/8456/324
f 3350/8454/325 3352/8457/326 3351/8458/326 3349/8455/325
f 3352/8459/326 3354/8460/327 3353/8461/327 3351/8462/326
f 3354/8460/327 3356/8463/5 3355/8464/5 3353/8461/327
f 3356/8465/2 3358/8466/2 3357/8467/2 3355/8468/2
f 3358/8469/5 3360/8470/5 3359/8471/5 3357/8472/5
f 3360/8473/4 3362/8474/4 3361/8475/4 3359/8476/4
f 3362/8477/6 3364/8478/328 3363/8479/328 3361/8480/6
f 3364/8478/328 3332/8481/329 3331/8482/329 3363/8479/328
f 3366/8483/330 3368/8484/331 3367/8485/331 3365/8486/330
f 3368/8487/332 3370/8488/332 3369/8489/332 3367/8490/332
f 3370/8488/333 3372/8491/333 3371/8492/333 3369/8489/333
f 3372/8493/334 3374/8494/335 3373/8495/335 3371/8496/334
f 3374/8494/335 3376/8497/5 3375/8498/5 3373/8495/335
f 3376/8499/2 3378/8500/2 3377/8501/2 3375/8502/2
f 3378/8503/6 3366/8483/330 3365/8486/330 3377/8504/6
f 3380/8505/316 3382/8506/316 3381/8507/316 3379/8508/316
f 3382/8506/317 3384/8509/317 3383/8510/317 3381/8507/317
f 3384/8511/318 3386/8512/318 3385/8513/318 3383/8514/318
f 3386/8515/319 3388/8516/320 3387/8517/320 3385/8518/319
f 3388/8519/320 3390/8520/321 3389/8521/321 3387/8522/320
f 3390/8520/321 3392/8523/322 3391/8524/322 3389/8521/321
f 3392/8523/322 3394/8525/323 3393/8526/323 3391/8524/322
f 3394/8527/5 3396/8528/5 3395/8529/5 3393/8530/5
f 3396/8531/324 3398/8532/325 3397/8533/325 3395/8534/324
f 3398/8532/325 3400/8535/326 3399/8536/326 3397/8533/325
f 3400/8537/326 3402/8538/327 3401/8539/327 3399/8540/326
f 3402/8538/327 3404/8541/5 3403/8542/5 3401/8539/327
f 3404/8543/2 3406/8544/2 3405/8545/2 3403/8546/2
f 3406/8547/5 3408/8548/5 3407/8549/5 3405/8550/5
f 3408/8551/4 3410/8552/4 3409/8553/4 3407/8554/4
f 3410/8555/6 3412/8556/328 3411/8557/328 3409/8558/6
f 3412/8556/328 3380/8559/329 3379/8560/329 3411/8557/328
f 3414/8561/330 3416/8562/331 3415/8563/331 3413/8564/330
f 3416/8565/332 3418/8566/332 3417/8567/332 3415/8568/332
f 3418/8566/333 3420/8569/333 3419/8570/333 3417/8567/333
f 3420/8571/334 3422/8572/335 3421/8573/335 3419/8574/334
f 3422/8572/335 3424/8575/5 3423/8576/5 3421/8573/335
f 3424/8577/2 3426/8578/2 3425/8579/2 3423/8580/2
f 3426/8581/6 3414/8561/330 3413/8564/330 3425/8582/6
f 3428/8583/4 3430/8584/4 3429/8585/4 3427/8586/4
f 3430/8587/6 3432/8588/6 3431/8589/6 3429/8590/6
f 3432/8591/2 3434/8592/2 3433/8593/2 3431/8594/2
f 3434/8595/5 3428/8596/5 3427/8597/5 3433/8598/5
f 3436/8599/336 3438/8600/337 3437/8601/337 3435/8602/336
f 3438/8600/337 3440/8603/338 3439/8604/338 3437/8601/337
f 3440/8605/339 3442/8606/339 3441/8607/339 3439/8608/339
f 3442/8609/340 3444/8610/341 3443/8611/341 3441/8612/340
f 3444/8613/341 3446/8614/342 3445/8615/342 3443/8616/341
f 3446/8614/343 3448/8617/343 3447/8618/343 3445/8615/343
f 3448/8619/344 3450/8620/345 3449/8621/345 3447/8622/344
f 3450/8620/345 3452/8623/346 3451/8624/346 3449/8621/345
f 3452/8623/346 3454/8625/347 3453/8626/347 3451/8624/346
f 3454/8627/4 3456/8628/4 3455/8629/4 3453/8630/4
f 3456/8631/348 3458/8632/349 3457/8633/349 3455/8634/348
f 3458/8632/349 3460/8635/350 3459/8636/350 3457/8633/349
f 3460/8635/350 3462/8637/351 3461/8638/351 3459/8636/350
f 3462/8639/352 3464/8640/352 3463/8641/352 3461/8642/352
f 3464/8640/353 3466/8643/354 3465/8644/354 3463/8641/353
f 3466/8643/354 3468/8645/355 3467/8646/355 3465/8644/354
f 3468/8645/356 3470/8647/356 3469/8648/356 3467/8646/356
f 3470/8649/357 3472/8650/358 3471/8651/358 3469/8652/357
f 3472/8650/358 3474/8653/359 3473/8654/359 3471/8651/358
f 3474/8653/359 3476/8655/360 3475/8656/360 3473/8654/359
f 3476/8657/2 3478/8658/2 3477/8659/2 3475/8660/2
f 3478/8661/361 3436/8599/336 3435/8602/336 3477/8662/361
f 3480/8663/362 3482/8664/363 3481/8665/363 3479/8666/362
f 3482/8664/363 3484/8667/364 3483/8668/364 3481/8665/363
f 3484/8669/365 3486/8670/365 3485/8671/365 3483/8672/365
f 3486/8670/366 3488/8673/366 3487/8674/366 3485/8671/366
f 3488/8675/367 3490/8676/368 3489/8677/368 3487/8678/367
f 3490/8676/368 3492/8679/369 3491/8680/369 3489/8677/368
f 3492/8679/369 3494/8681/370 3493/8682/370 3491/8680/369
f 3494/8683/2 3496/8684/2 3495/8685/2 3493/8686/2
f 3496/8687/371 3498/8688/372 3497/8689/372 3495/8690/371
f 3498/8688/372 3500/8691/373 3499/8692/373 3497/8689/372
f 3500/8691/373 3502/8693/374 3501/8694/374 3499/8692/373
f 3502/8695/375 3504/8696/375 3503/8697/375 3501/8698/375
f 3504/8696/376 3506/8699/376 3505/8700/376 3503/8697/376
f 3506/8701/377 3508/8702/378 3507/8703/378 3505/8704/377
f 3508/8702/378 3510/8705/379 3509/8706/379 3507/8703/378
f 3510/8705/379 3512/8707/380 3511/8708/380 3509/8706/379
f 3512/8709/2 3514/8710/2 3513/8711/2 3511/8712/2
f 3514/8713/381 3480/8663/362 3479/8666/362 3513/8714/381
f 3516/8715/382 3518/8716/382 3517/8717/382 3515/8718/382
f 3518/8719/5 3520/8720/5 3519/8721/5 3517/8722/5
f 3520/8723/383 3522/8724/383 3521/8725/383 3519/8726/383
f 3522/8727/5 3524/8728/5 3523/8729/5 3521/8730/5
f 3524/8731/384 3526/8732/384 3525/8733/384 3523/8734/384
f 3526/8735/6 3528/8736/6 3527/8737/6 3525/8738/6
f 3528/8739/385 3530/8740/385 3529/8741/385 3527/8742/385
f 3530/8743/5 3516/8744/5 3515/8745/5 3529/8746/5
f 3532/8747/386 3534/8748/386 3533/8749/386 3531/8750/386
f 3534/8751/387 3536/8752/387 3535/8753/387 3533/8754/387
f 3536/8755/6 3532/8756/6 3531/8757/6 3535/8758/6
f 3538/8759/336 3540/8760/337 3539/8761/337 3537/8762/336
f 3540/8760/337 3542/8763/338 3541/8764/338 3539/8761/337
f 3542/8765/339 3544/8766/339 3543/8767/339 3541/8768/339
f 3544/8769/340 3546/8770/341 3545/8771/341 3543/8772/340
f 3546/8773/341 3548/8774/342 3547/8775/342 3545/8776/341
f 3548/8774/343 3550/8777/343 3549/8778/343 3547/8775/343
f 3550/8779/388 3552/8780/345 3551/8781/345 3549/8782/388
f 3552/8780/345 3554/8783/346 3553/8784/346 3551/8781/345
f 3554/8783/346 3556/8785/347 3555/8786/347 3553/8784/346
f 3556/8787/4 3558/8788/4 3557/8789/4 3555/8790/4
f 3558/8791/348 3560/8792/349 3559/8793/349 3557/8794/348
f 3560/8792/349 3562/8795/350 3561/8796/350 3559/8793/349
f 3562/8795/350 3564/8797/351 3563/8798/351 3561/8796/350
f 3564/8799/389 3566/8800/389 3565/8801/389 3563/8802/389
f 3566/8800/353 3568/8803/354 3567/8804/354 3565/8801/353
f 3568/8803/354 3570/8805/355 3569/8806/355 3567/8804/354
f 3570/8805/356 3572/8807/356 3571/8808/356 3569/8806/356
f 3572/8809/357 3574/8810/358 3573/8811/358 3571/8812/357
f 3574/8810/358 3576/8813/359 3575/8814/359 3573/8811/358
f 3576/8813/359 3578/8815/360 3577/8816/360 3575/8814/359
f 3578/8817/2 3580/8818/2 3579/8819/2 3577/8820/2
f 3580/8821/361 3538/8759/336 3537/8762/336 3579/8822/361
f 3582/8823/2 3584/8824/2 3583/8825/2 3581/8826/2
f 3584/8827/6 3586/8828/6 3585/8829/6 3583/8830/6
f 3586/8831/2 3588/8832/2 3587/8833/2 3585/8834/2
f 3588/8835/5 3590/8836/5 3589/8837/5 3587/8838/5
f 3590/8839/2 3592/8840/2 3591/8841/2 3589/8842/2
f 3592/8843/6 3594/8844/6 3593/8845/6 3591/8846/6
f 3594/8847/2 3596/8848/2 3595/8849/2 3593/8850/2
f 3596/8851/5 3598/8852/5 3597/8853/5 3595/8854/5
f 3598/8855/4 3600/8856/4 3599/8857/4 3597/8858/4
f 3600/8859/6 3602/8860/6 3601/8861/6 3599/8862/6
f 3602/8863/2 3604/8864/2 3603/8865/2 3601/8866/2
f 3604/8867/5 3582/8868/5 3581/8869/5 3603/8870/5
f 3606/8871/4 3608/8872/4 3607/8873/4 3605/8874/4
f 3608/8875/6 3610/8876/6 3609/8877/6 3607/8878/6
f 3610/8879/2 3612/8880/2 3611/8881/2 3609/8882/2
f 3612/8883/5 3606/8884/5 3605/8885/5 3611/8886/5
